2026-10-06T21:00:22.6332376Z Current runner version: '2.337.0'
2026-10-06T21:00:22.6358436Z ##[group]Runner Image Provisioner
2026-10-06T21:00:22.6359394Z Hosted Compute Agent
2026-10-06T21:00:22.6360070Z Version: 20261002.596
2026-10-06T21:00:22.6360694Z Commit: c3d12f3313a95f25162a1503be624f3b0617f8c0
2026-10-06T21:00:22.6361492Z Build Date: 2026-10-02T22:28:27Z
2026-10-06T21:00:22.6362197Z Worker ID: {25759617-b8a2-4ec3-ba45-4ffacfdad989}
2026-10-06T21:00:22.6362941Z Region: eastus
2026-10-06T21:00:22.6363545Z Cloud: Azure
2026-10-06T21:00:22.6364087Z ##[endgroup]
2026-10-06T21:00:22.6365858Z ##[group]Operating System
2026-10-06T21:00:22.6366518Z Ubuntu
2026-10-06T21:00:22.6367143Z 24.04.5
2026-10-06T21:00:22.6367717Z LTS
2026-10-06T21:00:22.6368244Z ##[endgroup]
2026-10-06T21:00:22.6368863Z ##[group]Runner Image
2026-10-06T21:00:22.6369502Z Image: ubuntu-24.04
2026-10-06T21:00:22.6370071Z Version: 20261004.327.1
2026-10-06T21:00:22.6371462Z Included Software: https://github.com/actions/runner-images/blob/ubuntu24/20261004.327/images/ubuntu/Ubuntu2404-Readme.md
2026-10-06T21:00:22.6373097Z Image Release: https://github.com/actions/runner-images/releases/tag/ubuntu24%2F20261004.327
2026-10-06T21:00:22.6374083Z ##[endgroup]
2026-10-06T21:00:22.6376110Z ##[group]GITHUB_TOKEN Permissions
2026-10-06T21:00:22.6378294Z Contents: read
2026-10-06T21:00:22.6378965Z Metadata: read
2026-10-06T21:00:22.6379560Z Packages: read
2026-10-06T21:00:22.6380121Z ##[endgroup]
2026-10-06T21:00:22.6382763Z Secret source: Actions
2026-10-06T21:00:22.6383762Z Cache mode: write
2026-10-06T21:00:22.6385036Z Prepare workflow directory
2026-10-06T21:00:22.6720475Z Prepare all required actions
2026-10-06T21:00:22.6768990Z Getting action download info
2026-10-06T21:00:22.9311134Z Download action repository 'actions/checkout@v6' (SHA:d23441a48e516b6c34aea4fa41551a30e30af803)
2026-10-06T21:00:23.0717261Z Download action repository 'actions/setup-node@v6' (SHA:249970729cb0ef3589644e2896645e5dc5ba9c38)
2026-10-06T21:00:23.2889525Z Complete job name: targeted
2026-10-06T21:00:23.3670486Z ##[group]Run actions/checkout@v6
2026-10-06T21:00:23.3671388Z with:
2026-10-06T21:00:23.3671942Z   repository: BradleyGleavePortfolio/growth-project-mobile
2026-10-06T21:00:23.3676104Z   token: ***
2026-10-06T21:00:23.3676561Z   ssh-strict: true
2026-10-06T21:00:23.3677014Z   ssh-user: git
2026-10-06T21:00:23.3677475Z   persist-credentials: true
2026-10-06T21:00:23.3677973Z   clean: true
2026-10-06T21:00:23.3678428Z   sparse-checkout-cone-mode: true
2026-10-06T21:00:23.3678953Z   fetch-depth: 1
2026-10-06T21:00:23.3679382Z   fetch-tags: false
2026-10-06T21:00:23.3679835Z   show-progress: true
2026-10-06T21:00:23.3680294Z   lfs: false
2026-10-06T21:00:23.3680716Z   submodules: false
2026-10-06T21:00:23.3681173Z   set-safe-directory: true
2026-10-06T21:00:23.3681685Z   allow-unsafe-pr-checkout: false
2026-10-06T21:00:23.3682472Z ##[endgroup]
2026-10-06T21:00:23.4678929Z Syncing repository: BradleyGleavePortfolio/growth-project-mobile
2026-10-06T21:00:23.4680968Z ##[group]Getting Git version info
2026-10-06T21:00:23.4681869Z Working directory is '/home/runner/work/growth-project-mobile/growth-project-mobile'
2026-10-06T21:00:23.4683037Z [command]/usr/bin/git version
2026-10-06T21:00:23.4804859Z git version 2.55.0
2026-10-06T21:00:23.4828320Z ##[endgroup]
2026-10-06T21:00:23.4843127Z Temporarily overriding HOME='/home/runner/work/_temp/64bdd2c5-4783-43e2-bff7-7c6220831563' before making global git config changes
2026-10-06T21:00:23.4845611Z Adding repository directory to the temporary git global config as a safe directory
2026-10-06T21:00:23.4849173Z [command]/usr/bin/git config --global --add safe.directory /home/runner/work/growth-project-mobile/growth-project-mobile
2026-10-06T21:00:23.4904818Z Deleting the contents of '/home/runner/work/growth-project-mobile/growth-project-mobile'
2026-10-06T21:00:23.4909055Z ##[group]Determining repository object format
2026-10-06T21:00:23.4911712Z ##[endgroup]
2026-10-06T21:00:23.4912451Z ##[group]Initializing the repository
2026-10-06T21:00:23.4916594Z [command]/usr/bin/git init /home/runner/work/growth-project-mobile/growth-project-mobile
2026-10-06T21:00:23.5055668Z hint: Using 'master' as the name for the initial branch. This default branch name
2026-10-06T21:00:23.5057373Z hint: will change to "main" in Git 3.0. To configure the initial branch name
2026-10-06T21:00:23.5059069Z hint: to use in all of your new repositories, which will suppress this warning,
2026-10-06T21:00:23.5060308Z hint: call:
2026-10-06T21:00:23.5060941Z hint:
2026-10-06T21:00:23.5061484Z hint: 	git config --global init.defaultBranch <name>
2026-10-06T21:00:23.5062111Z hint:
2026-10-06T21:00:23.5062707Z hint: Names commonly chosen instead of 'master' are 'main', 'trunk' and
2026-10-06T21:00:23.5063658Z hint: 'development'. The just-created branch can be renamed via this command:
2026-10-06T21:00:23.5064394Z hint:
2026-10-06T21:00:23.5065095Z hint: 	git branch -m <name>
2026-10-06T21:00:23.5065602Z hint:
2026-10-06T21:00:23.5066498Z hint: Disable this message with "git config set advice.defaultBranchName false"
2026-10-06T21:00:23.5068008Z Initialized empty Git repository in /home/runner/work/growth-project-mobile/growth-project-mobile/.git/
2026-10-06T21:00:23.5071888Z [command]/usr/bin/git remote add origin https://github.com/BradleyGleavePortfolio/growth-project-mobile
2026-10-06T21:00:23.5124388Z ##[endgroup]
2026-10-06T21:00:23.5125466Z ##[group]Disabling automatic garbage collection
2026-10-06T21:00:23.5128079Z [command]/usr/bin/git config --local gc.auto 0
2026-10-06T21:00:23.5157556Z ##[endgroup]
2026-10-06T21:00:23.5158914Z ##[group]Setting up auth
2026-10-06T21:00:23.5159705Z Removing SSH command configuration
2026-10-06T21:00:23.5165564Z [command]/usr/bin/git config --local --name-only --get-regexp core\.sshCommand
2026-10-06T21:00:23.5196702Z [command]/usr/bin/git submodule foreach --recursive sh -c "git config --local --name-only --get-regexp 'core\.sshCommand' && git config --local --unset-all 'core.sshCommand' || :"
2026-10-06T21:00:23.5560309Z Removing HTTP extra header
2026-10-06T21:00:23.5567166Z [command]/usr/bin/git config --local --name-only --get-regexp http\.https\:\/\/github\.com\/\.extraheader
2026-10-06T21:00:23.5600593Z [command]/usr/bin/git submodule foreach --recursive sh -c "git config --local --name-only --get-regexp 'http\.https\:\/\/github\.com\/\.extraheader' && git config --local --unset-all 'http.https://github.com/.extraheader' || :"
2026-10-06T21:00:23.5821964Z Removing includeIf entries pointing to credentials config files
2026-10-06T21:00:23.5823052Z [command]/usr/bin/git config --local --name-only --get-regexp ^includeIf\.gitdir:
2026-10-06T21:00:23.5855758Z [command]/usr/bin/git submodule foreach --recursive git config --local --show-origin --name-only --get-regexp remote.origin.url
2026-10-06T21:00:23.6096397Z [command]/usr/bin/git config --file /home/runner/work/_temp/git-credentials-62e5fccf-fb29-4568-9a38-82f08df182e1.config http.https://github.com/.extraheader AUTHORIZATION: basic ***
2026-10-06T21:00:23.6134395Z [command]/usr/bin/git config --local includeIf.gitdir:/home/runner/work/growth-project-mobile/growth-project-mobile/.git.path /home/runner/work/_temp/git-credentials-62e5fccf-fb29-4568-9a38-82f08df182e1.config
2026-10-06T21:00:23.6165202Z [command]/usr/bin/git config --local includeIf.gitdir:/home/runner/work/growth-project-mobile/growth-project-mobile/.git/worktrees/*.path /home/runner/work/_temp/git-credentials-62e5fccf-fb29-4568-9a38-82f08df182e1.config
2026-10-06T21:00:23.6198261Z [command]/usr/bin/git config --local includeIf.gitdir:/github/workspace/.git.path /github/runner_temp/git-credentials-62e5fccf-fb29-4568-9a38-82f08df182e1.config
2026-10-06T21:00:23.6229651Z [command]/usr/bin/git config --local includeIf.gitdir:/github/workspace/.git/worktrees/*.path /github/runner_temp/git-credentials-62e5fccf-fb29-4568-9a38-82f08df182e1.config
2026-10-06T21:00:23.6271143Z ##[endgroup]
2026-10-06T21:00:23.6272872Z ##[group]Fetching the repository
2026-10-06T21:00:23.6281958Z [command]/usr/bin/git -c protocol.version=2 fetch --no-tags --prune --no-recurse-submodules --depth=1 origin +aa25c59472ab24c78f52683fd4551e3f9ea5370e:refs/remotes/origin/ci/AUDIT-20-125-baseline
2026-10-06T21:00:24.6927004Z From https://github.com/BradleyGleavePortfolio/growth-project-mobile
2026-10-06T21:00:24.6929413Z  * [new ref]         aa25c59472ab24c78f52683fd4551e3f9ea5370e -> origin/ci/AUDIT-20-125-baseline
2026-10-06T21:00:24.6938764Z [command]/usr/bin/git branch --list --remote origin/ci/AUDIT-20-125-baseline
2026-10-06T21:00:24.6984051Z   origin/ci/AUDIT-20-125-baseline
2026-10-06T21:00:24.6997399Z [command]/usr/bin/git rev-parse refs/remotes/origin/ci/AUDIT-20-125-baseline
2026-10-06T21:00:24.7024020Z aa25c59472ab24c78f52683fd4551e3f9ea5370e
2026-10-06T21:00:24.7030654Z ##[endgroup]
2026-10-06T21:00:24.7032585Z ##[group]Determining the checkout info
2026-10-06T21:00:24.7034459Z ##[endgroup]
2026-10-06T21:00:24.7040889Z [command]/usr/bin/git sparse-checkout disable
2026-10-06T21:00:24.7095408Z [command]/usr/bin/git config --local --unset-all extensions.worktreeConfig
2026-10-06T21:00:24.7127809Z ##[group]Checking out the ref
2026-10-06T21:00:24.7132373Z [command]/usr/bin/git checkout --progress --force -B ci/AUDIT-20-125-baseline refs/remotes/origin/ci/AUDIT-20-125-baseline
2026-10-06T21:00:24.8419287Z Switched to a new branch 'ci/AUDIT-20-125-baseline'
2026-10-06T21:00:24.8425325Z branch 'ci/AUDIT-20-125-baseline' set up to track 'origin/ci/AUDIT-20-125-baseline'.
2026-10-06T21:00:24.8434504Z ##[endgroup]
2026-10-06T21:00:24.8480853Z [command]/usr/bin/git log -1 --format=%H
2026-10-06T21:00:24.8507137Z aa25c59472ab24c78f52683fd4551e3f9ea5370e
2026-10-06T21:00:24.8852837Z ##[group]Run actions/setup-node@v6
2026-10-06T21:00:24.8853690Z with:
2026-10-06T21:00:24.8854181Z   node-version: 22.13
2026-10-06T21:00:24.8854966Z   cache: npm
2026-10-06T21:00:24.8855504Z   check-latest: false
2026-10-06T21:00:24.8864852Z   token: ***
2026-10-06T21:00:24.8865446Z   package-manager-cache: true
2026-10-06T21:00:24.8866156Z ##[endgroup]
2026-10-06T21:00:25.0569613Z Attempting to download 22.13...
2026-10-06T21:00:25.5550465Z Acquiring 22.13.1 - x64 from https://github.com/actions/node-versions/releases/download/22.13.1-12900459766/node-22.13.1-linux-x64.tar.gz
2026-10-06T21:00:25.9917372Z Extracting ...
2026-10-06T21:00:26.0055755Z [command]/usr/bin/tar xz --strip 1 --warning=no-unknown-keyword --overwrite -C /home/runner/work/_temp/83b2c468-7511-4012-bb7e-186de556400a -f /home/runner/work/_temp/663d40c5-fe5c-4d00-9970-a8427bfd39b5
2026-10-06T21:00:27.2175848Z Adding to the cache ...
2026-10-06T21:00:29.9344881Z ##[group]Environment details
2026-10-06T21:00:30.2555230Z node: v22.13.1
2026-10-06T21:00:30.2555806Z npm: 10.9.2
2026-10-06T21:00:30.2556200Z yarn: 1.22.22
2026-10-06T21:00:30.2556969Z ##[endgroup]
2026-10-06T21:00:30.2577524Z [command]/opt/hostedtoolcache/node/22.13.1/x64/bin/npm config get cache
2026-10-06T21:00:30.3560106Z /home/runner/.npm
2026-10-06T21:00:30.4926376Z Cache hit for: node-cache-Linux-x64-npm-73b8c5392fe66c132d819fae91e82c2568aa0bf72eece35e2bb64b643944e426
2026-10-06T21:00:31.5566003Z Received 230686720 of 242722566 (95.0%), 219.8 MBs/sec
2026-10-06T21:00:31.6501768Z Received 242722566 of 242722566 (100.0%), 211.0 MBs/sec
2026-10-06T21:00:31.6503089Z Cache Size: ~231 MB (242722566 B)
2026-10-06T21:00:31.6540496Z [command]/usr/bin/tar -xf /home/runner/work/_temp/e85354f9-e165-4ad1-bcf5-a8008f50d03f/cache.tzst -P -C /home/runner/work/growth-project-mobile/growth-project-mobile --use-compress-program unzstd
2026-10-06T21:00:32.4581025Z Cache restored successfully
2026-10-06T21:00:32.4693622Z Cache restored from key: node-cache-Linux-x64-npm-73b8c5392fe66c132d819fae91e82c2568aa0bf72eece35e2bb64b643944e426
2026-10-06T21:00:32.4940040Z ##[group]Run npm ci
2026-10-06T21:00:32.4940403Z [36;1mnpm ci[0m
2026-10-06T21:00:32.5252640Z shell: /usr/bin/bash -e {0}
2026-10-06T21:00:32.5253029Z ##[endgroup]
2026-10-06T21:00:37.9683822Z npm warn deprecated inflight@1.0.6: This module is not supported, and leaks memory. Do not use it. Check out lru-cache if you want a good and tested way to coalesce async requests by a key value, which is much more comprehensive and powerful.
2026-10-06T21:00:38.2026401Z npm warn deprecated @humanwhocodes/config-array@0.13.0: Use @eslint/config-array instead
2026-10-06T21:00:38.2186885Z npm warn deprecated whatwg-encoding@2.0.0: Use @exodus/bytes instead for a more spec-conformant and faster implementation
2026-10-06T21:00:38.2237956Z npm warn deprecated rimraf@3.0.2: Rimraf versions prior to v4 are no longer supported
2026-10-06T21:00:38.2467939Z npm warn deprecated abab@2.0.6: Use your platform's native atob() and btoa() methods instead
2026-10-06T21:00:38.3938415Z npm warn deprecated @humanwhocodes/object-schema@2.0.3: Use @eslint/object-schema instead
2026-10-06T21:00:38.3986066Z npm warn deprecated glob@7.2.3: Old versions of glob are not supported, and contain widely publicized security vulnerabilities, which have been fixed in the current version. Please update. Support for old versions may be purchased (at exorbitant rates) by contacting i@izs.me
2026-10-06T21:00:38.3991957Z npm warn deprecated glob@7.2.3: Old versions of glob are not supported, and contain widely publicized security vulnerabilities, which have been fixed in the current version. Please update. Support for old versions may be purchased (at exorbitant rates) by contacting i@izs.me
2026-10-06T21:00:38.4016652Z npm warn deprecated glob@7.2.3: Old versions of glob are not supported, and contain widely publicized security vulnerabilities, which have been fixed in the current version. Please update. Support for old versions may be purchased (at exorbitant rates) by contacting i@izs.me
2026-10-06T21:00:38.4025485Z npm warn deprecated glob@7.2.3: Old versions of glob are not supported, and contain widely publicized security vulnerabilities, which have been fixed in the current version. Please update. Support for old versions may be purchased (at exorbitant rates) by contacting i@izs.me
2026-10-06T21:00:38.4048166Z npm warn deprecated glob@7.2.3: Old versions of glob are not supported, and contain widely publicized security vulnerabilities, which have been fixed in the current version. Please update. Support for old versions may be purchased (at exorbitant rates) by contacting i@izs.me
2026-10-06T21:00:38.4427711Z npm warn deprecated glob@7.1.6: Old versions of glob are not supported, and contain widely publicized security vulnerabilities, which have been fixed in the current version. Please update. Support for old versions may be purchased (at exorbitant rates) by contacting i@izs.me
2026-10-06T21:00:38.4979316Z npm warn deprecated domexception@4.0.0: Use your platform's native DOMException instead
2026-10-06T21:00:38.9702239Z npm warn deprecated @xmldom/xmldom@0.7.13: this version has critical issues, please update to the latest version
2026-10-06T21:00:39.6985520Z npm warn deprecated uuid@7.0.3: uuid@10 and below is no longer supported.  For ESM codebases, update to uuid@latest.  For CommonJS codebases, use uuid@11 (but be aware this version will likely be deprecated in 2028).
2026-10-06T21:00:43.7522955Z npm warn deprecated eslint@8.57.1: This version is no longer supported. Please see https://eslint.org/version-support for other options.
2026-10-06T21:00:50.5869871Z 
2026-10-06T21:00:50.5870638Z > growth-project-app@1.0.0 postinstall
2026-10-06T21:00:50.5871379Z > node scripts/patch-react-native-health.js
2026-10-06T21:00:50.5871758Z 
2026-10-06T21:00:50.6305759Z Applied react-native-health RN 0.85 compatibility patch
2026-10-06T21:00:50.6491762Z 
2026-10-06T21:00:50.6492687Z added 1109 packages, and audited 1110 packages in 18s
2026-10-06T21:00:50.6493147Z 
2026-10-06T21:00:50.6493427Z 187 packages are looking for funding
2026-10-06T21:00:51.0503646Z   run `npm fund` for details
2026-10-06T21:00:51.0504018Z 
2026-10-06T21:00:51.0505268Z 92 vulnerabilities (1 low, 18 moderate, 72 high, 1 critical)
2026-10-06T21:00:51.0505880Z 
2026-10-06T21:00:51.0506322Z To address issues that do not require attention, run:
2026-10-06T21:00:51.0507005Z   npm audit fix
2026-10-06T21:00:51.0507265Z 
2026-10-06T21:00:51.0508186Z To address all issues (including breaking changes), run:
2026-10-06T21:00:51.0508986Z   npm audit fix --force
2026-10-06T21:00:51.0509313Z 
2026-10-06T21:00:51.0509583Z Run `npm audit` for details.
2026-10-06T21:00:51.2236279Z ##[group]Run set -euo pipefail
2026-10-06T21:00:51.2236646Z [36;1mset -euo pipefail[0m
2026-10-06T21:00:51.2237048Z [36;1mtest -s .ci-lane-specs || { echo "missing .ci-lane-specs"; exit 2; }[0m
2026-10-06T21:00:51.2237560Z [36;1mmapfile -t SPECS < <(grep -vE '^\s*(#|$)' .ci-lane-specs)[0m
2026-10-06T21:00:51.2237923Z [36;1mecho "specs: ${SPECS[*]}"[0m
2026-10-06T21:00:51.2238198Z [36;1mnpx jest --ci "${SPECS[@]}"[0m
2026-10-06T21:00:51.2304945Z shell: /usr/bin/bash --noprofile --norc -e -o pipefail {0}
2026-10-06T21:00:51.2305323Z ##[endgroup]
2026-10-06T21:00:51.2413182Z specs: src/components/__tests__/HapticPressable.accessibility125.test.tsx src/components/home/__tests__/HomeHeaderActions.test.tsx src/navigation/__tests__/tabBarPolish125.test.ts src/screens/client/__tests__/ExerciseLibraryPolish125.test.tsx
2026-10-06T21:00:57.5181958Z FAIL src/components/home/__tests__/HomeHeaderActions.test.tsx
2026-10-06T21:00:57.5186279Z   ● HomeHeaderActions › lets the message action label wrap at larger text sizes
2026-10-06T21:00:57.5186890Z 
2026-10-06T21:00:57.5187132Z     expect(received).toBeUndefined()
2026-10-06T21:00:57.5187346Z 
2026-10-06T21:00:57.5187447Z     Received: 1
2026-10-06T21:00:57.5187578Z 
2026-10-06T21:00:57.5188251Z     [0m [90m 41 |[39m     [36mconst[39m view [33m=[39m [36mawait[39m render([33m<[39m[33mHomeHeaderActions[39m [33m/[39m[33m>[39m)[33m;[39m
2026-10-06T21:00:57.5189297Z      [90m 42 |[39m     [36mconst[39m label [33m=[39m view[33m.[39mgetByText([32m'Message your coach'[39m)[33m;[39m
2026-10-06T21:00:57.5190247Z     [31m[1m>[22m[39m[90m 43 |[39m     expect(label[33m.[39mprops[33m.[39mnumberOfLines)[33m.[39mtoBeUndefined()[33m;[39m
2026-10-06T21:00:57.5190967Z      [90m    |[39m                                       [31m[1m^[22m[39m
2026-10-06T21:00:57.5191756Z      [90m 44 |[39m     expect(label[33m.[39mprops[33m.[39mallowFontScaling)[33m.[39mnot[33m.[39mtoBe([36mfalse[39m)[33m;[39m
2026-10-06T21:00:57.5192380Z      [90m 45 |[39m   })[33m;[39m
2026-10-06T21:00:57.5192674Z      [90m 46 |[39m[0m
2026-10-06T21:00:57.5192823Z 
2026-10-06T21:00:57.5193178Z       at Object.toBeUndefined (src/components/home/__tests__/HomeHeaderActions.test.tsx:43:39)
2026-10-06T21:00:57.5193866Z       at asyncGeneratorStep (node_modules/@babel/runtime/helpers/asyncToGenerator.js:3:17)
2026-10-06T21:00:57.5194461Z       at _next (node_modules/@babel/runtime/helpers/asyncToGenerator.js:17:9)
2026-10-06T21:00:57.5197077Z 
2026-10-06T21:00:57.7283103Z FAIL src/navigation/__tests__/tabBarPolish125.test.ts
2026-10-06T21:00:57.7292811Z   ● primary tab-bar appearance and safe-area contracts › uses semantic tokens for client tab foreground, surface and border
2026-10-06T21:00:57.7293555Z 
2026-10-06T21:00:57.7293861Z     expect(received).toMatch(expected)
2026-10-06T21:00:57.7294181Z 
2026-10-06T21:00:57.7294472Z     Expected pattern: /semanticColors:\s*sc/
2026-10-06T21:00:57.7295370Z     Received string:  "/**
2026-10-06T21:00:57.7296303Z      * ClientNavigator — Wave 3: 4-tab bar, icons-only, hairline divider.
2026-10-06T21:00:57.7296972Z      *
2026-10-06T21:00:57.7297549Z      * Tabs: Home / Train (Workout) / Coach (Log+Plan) / Profile (More)
2026-10-06T21:00:57.7298408Z      * - `tabBarShowLabel: false` — no labels
2026-10-06T21:00:57.7299029Z      * - Hairline 0.5px top divider (stone color)
2026-10-06T21:00:57.7299604Z      * - Height 64, bone background
2026-10-06T21:00:57.7300145Z      * - Ionicons outline, size 24, no badges
2026-10-06T21:00:57.7300627Z      *
2026-10-06T21:00:57.7301211Z      * Nav structure preserved: all existing screen names remain valid.
2026-10-06T21:00:57.7301883Z      *
2026-10-06T21:00:57.7302445Z      * Phase 7B: TimelineScreen added to MoreStackNavigator as 'Timeline'.
2026-10-06T21:00:57.7303834Z      * Accessible from MoreScreen; no new tab added (avoids 5-tab crowding).
2026-10-06T21:00:57.7305630Z      * Phase 7C: LeaderboardScreen + LeaderboardSettingsScreen added to MoreStack.
2026-10-06T21:00:57.7306768Z      * Bloodwork: BloodworkEntryScreen added to MoreStack (flag OFF by default).
2026-10-06T21:00:57.7307824Z      * Wave 11: ClientPathCopilotScreen + PrivateCommunityHubScreen added to MoreStack.
2026-10-06T21:00:57.7308881Z      * Phase 11 Track 9: SupportInboxScreen added to MoreStack (Crisp support inbox).
2026-10-06T21:00:57.7309892Z      * Sessions: SessionsUpcoming, SessionRequest, SessionPrepare added to MoreStack.
2026-10-06T21:00:57.7310938Z      * Phase 9: Bell icon in HomeStack header routes to NotificationCenter.
2026-10-06T21:00:57.7312020Z      *   NotificationCenter and NotificationPreferences added to HomeStackParamList.
2026-10-06T21:00:57.7312808Z      */
2026-10-06T21:00:57.7313235Z     import React from 'react';
2026-10-06T21:00:57.7313784Z     import { View } from 'react-native';
2026-10-06T21:00:57.7314424Z     import { StyleSheet } from 'react-native';
2026-10-06T21:00:57.7315620Z     import { createBottomTabNavigator } from '@react-navigation/bottom-tabs';
2026-10-06T21:00:57.7317298Z     import { createNativeStackNavigator } from '@react-navigation/native-stack';
2026-10-06T21:00:57.7318186Z     import { Ionicons } from '@expo/vector-icons';
2026-10-06T21:00:57.7318904Z     import HomeScreen from '../screens/client/HomeScreen';
2026-10-06T21:00:57.7319697Z     import HabitsScreen from '../screens/client/HabitsScreen';
2026-10-06T21:00:57.7320477Z     import LogScreen from '../screens/client/LogScreen';
2026-10-06T21:00:57.7321215Z     import PlanScreen from '../screens/client/PlanScreen';
2026-10-06T21:00:57.7322026Z     import RecipesScreen from '../screens/client/RecipesScreen';
2026-10-06T21:00:57.7322958Z     import RecipeDetailScreen from '../screens/client/RecipeDetailScreen';
2026-10-06T21:00:57.7323957Z     import GroceryListScreen from '../screens/client/GroceryListScreen';
2026-10-06T21:00:57.7325367Z     import ShoppingListScreen from '../screens/client/ShoppingListScreen';
2026-10-06T21:00:57.7326415Z     import PrepGuideScreen from '../screens/client/PrepGuideScreen';
2026-10-06T21:00:57.7327352Z     import ProgressScreen from '../screens/client/ProgressScreen';
2026-10-06T21:00:57.7328255Z     import FastingScreen from '../screens/client/FastingScreen';
2026-10-06T21:00:57.7329153Z     import ProfileScreen from '../screens/client/ProfileScreen';
2026-10-06T21:00:57.7330069Z     import EditProfileScreen from '../screens/client/EditProfileScreen';
2026-10-06T21:00:57.7331000Z     import SettingsScreen from '../screens/client/SettingsScreen';
2026-10-06T21:00:57.7332003Z     import DeleteAccountScreen from '../screens/settings/DeleteAccountScreen';
2026-10-06T21:00:57.7333134Z     import RomanAiConsentScreen from '../screens/settings/RomanAiConsentScreen';
2026-10-06T21:00:57.7334604Z     import RomanConversationsScreen, { type RomanConversationParams } from '../screens/settings/RomanConversationsScreen';
2026-10-06T21:00:57.7336260Z     import RomanConversationScreen from '../screens/settings/RomanConversationScreen';
2026-10-06T21:00:57.7337209Z     import ReportScreen from '../screens/client/ReportScreen';
2026-10-06T21:00:57.7338035Z     import WidgetsScreen from '../screens/client/WidgetsScreen';
2026-10-06T21:00:57.7338843Z     import WorkoutScreen from '../screens/client/WorkoutScreen';
2026-10-06T21:00:57.7339714Z     import ActiveWorkoutScreen from '../screens/client/ActiveWorkoutScreen';
2026-10-06T21:00:57.7340770Z     import WorkoutHistoryEditScreen from '../screens/client/WorkoutHistoryEditScreen';
2026-10-06T21:00:57.7341864Z     import RoutineBuilderScreen from '../screens/client/RoutineBuilderScreen';
2026-10-06T21:00:57.7342902Z     import CoachGuidelinesScreen from '../screens/client/CoachGuidelinesScreen';
2026-10-06T21:00:57.7343885Z     // Mux video + exercise library v1 (feat/video-library-v1-mobile).
2026-10-06T21:00:57.7345447Z     // Library lists from /exercise-catalog; Detail mints a signed Mux HLS URL.
2026-10-06T21:00:57.7346472Z     import ExerciseLibraryScreen from '../screens/client/ExerciseLibraryScreen';
2026-10-06T21:00:57.7347748Z     import ExerciseDetailScreen from '../screens/client/ExerciseDetailScreen';
2026-10-06T21:00:57.7348760Z     import NotificationsScreen from '../screens/client/NotificationsScreen';
2026-10-06T21:00:57.7349666Z     import MessagesScreen from '../screens/client/MessagesScreen';
2026-10-06T21:00:57.7350514Z     import EducationScreen from '../screens/client/EducationScreen';
2026-10-06T21:00:57.7351376Z     import CommunityScreen from '../screens/client/CommunityScreen';
2026-10-06T21:00:57.7352359Z     import CommunitySafetyScreen from '../screens/community/CommunitySafetyScreen';
2026-10-06T21:00:57.7353311Z     import MoreScreen from '../screens/client/MoreScreen';
2026-10-06T21:00:57.7354108Z     import TrustCenterScreen from '../screens/TrustCenterScreen';
2026-10-06T21:00:57.7355204Z     import PreferencesScreen from '../screens/client/PreferencesScreen';
2026-10-06T21:00:57.7356037Z     import AIGuideScreen from '../screens/client/AIGuideScreen';
2026-10-06T21:00:57.7356911Z     import MembershipScreen from '../screens/client/MembershipScreen';
2026-10-06T21:00:57.7357860Z     // Phase 7B — Transformation Timeline
2026-10-06T21:00:57.7358574Z     import TimelineScreen from '../screens/client/TimelineScreen';
2026-10-06T21:00:57.7359314Z     // Phase 7C — Peer Leaderboard
2026-10-06T21:00:57.7360022Z     import LeaderboardScreen from '../screens/client/LeaderboardScreen';
2026-10-06T21:00:57.7361067Z     import LeaderboardSettingsScreen from '../screens/client/LeaderboardSettingsScreen';
2026-10-06T21:00:57.7362148Z     // Bloodwork — client-entered labs (flag OFF by default)
2026-10-06T21:00:57.7363038Z     import BloodworkEntryScreen from '../screens/client/BloodworkEntryScreen';
2026-10-06T21:00:57.7364177Z     // Wave 11 — runtime scaffolding (flag-gated; the screen registrations below
2026-10-06T21:00:57.7365464Z     // only mount when the matching feature flag is explicitly true so the stub
2026-10-06T21:00:57.7366354Z     // \"Coming soon\" surfaces never reach production).
2026-10-06T21:00:57.7367326Z     import ClientPathCopilotScreen from '../screens/client/ClientPathCopilotScreen';
2026-10-06T21:00:57.7368629Z     import PrivateCommunityHubScreen from '../screens/client/PrivateCommunityHubScreen';
2026-10-06T21:00:57.7369682Z     import RomanChatScreen from '../screens/roman/RomanChatScreen';
2026-10-06T21:00:57.7370523Z     import { featureFlags } from '../config/featureFlags';
2026-10-06T21:00:57.7371342Z     import { HapticService } from '../ui/haptics/haptics.service';
2026-10-06T21:00:57.7372080Z     // Phase 11 — Share Card
2026-10-06T21:00:57.7372749Z     import ShareCardScreen from '../screens/share/ShareCardScreen';
2026-10-06T21:00:57.7373720Z     import type { ShareCardMilestone } from '../screens/share/ShareCardScreen';
2026-10-06T21:00:57.7375196Z     // Phase 11 — Notification Preferences (category-level: settings/)
2026-10-06T21:00:57.7376496Z     import NotificationCategoryPreferencesScreen from '../screens/settings/NotificationPreferencesScreen';
2026-10-06T21:00:57.7377679Z     // Phase 11 Track 9 — Support Inbox (Crisp)
2026-10-06T21:00:57.7378570Z     import SupportInboxScreen from '../screens/support/SupportInboxScreen';
2026-10-06T21:00:57.7379642Z     // Sprint B-2 — client surfaces from PR #130 wired here.
2026-10-06T21:00:57.7380592Z     import ClientMacrosScreen from '../screens/client/ClientMacrosScreen';
2026-10-06T21:00:57.7381628Z     // Concierge Phase 1 — scheduling client surfaces.
2026-10-06T21:00:57.7382676Z     import ClientUpcomingSessionsScreen from '../screens/client/ClientUpcomingSessionsScreen';
2026-10-06T21:00:57.7383957Z     // Payments — checkout surface for a coach's package share link.
2026-10-06T21:00:57.7385298Z     import PackageCheckoutScreen from '../screens/client/PackageCheckoutScreen';
2026-10-06T21:00:57.7386547Z     import ClientDailyMealPlanScreen from '../screens/client/ClientDailyMealPlanScreen';
2026-10-06T21:00:57.7388089Z     import ClientWorkoutViewerScreen from '../screens/client/ClientWorkoutViewerScreen';
2026-10-06T21:00:57.7388960Z     import WorkoutAssignmentDetailScreen from '../screens/client/WorkoutAssignmentDetailScreen';
2026-10-06T21:00:57.7389585Z     // Phase 9 — Notification center
2026-10-06T21:00:57.7390102Z     import NotificationCenterScreen from '../screens/notifications/NotificationCenterScreen';
2026-10-06T21:00:57.7390848Z     import NotificationPreferencesScreen from '../screens/notifications/NotificationPreferencesScreen';
2026-10-06T21:00:57.7391466Z     // Phase 10 — GDPR Article 20 data portability
2026-10-06T21:00:57.7391914Z     import DataExportScreen from '../screens/settings/DataExportScreen';
2026-10-06T21:00:57.7392509Z     // Payments — client-facing packages + checkout return (backend PR #215).
2026-10-06T21:00:57.7393088Z     import ClientPackagesScreen from '../screens/client/ClientPackagesScreen';
2026-10-06T21:00:57.7393656Z     import UpdateCardScreen from '../entitlements/dunning/UpdateCardScreen';
2026-10-06T21:00:57.7394216Z     import CheckoutReturnScreen from '../screens/client/CheckoutReturnScreen';
2026-10-06T21:00:57.7395171Z     // PR-13 — buyer-facing Deliverables timeline (drip engine consumer surface,
2026-10-06T21:00:57.7395682Z     // master plan §3 ScheduledDrop rows).
2026-10-06T21:00:57.7396122Z     import DeliverablesScreen from '../screens/client/DeliverablesScreen';
2026-10-06T21:00:57.7396740Z     // PR-15B — post-purchase \"here's what you just got\" unpack moment.
2026-10-06T21:00:57.7397257Z     // Reachable only from CheckoutReturnScreen on a successful confirm; the
2026-10-06T21:00:57.7397747Z     // Deliverables screen above remains the persistent surface.
2026-10-06T21:00:57.7398290Z     import PurchaseUnpackScreen from '../screens/client/PurchaseUnpackScreen';
2026-10-06T21:00:57.7398821Z     import BrandedCheckoutWebViewScreen, {
2026-10-06T21:00:57.7399215Z       type BrandedCheckoutWebViewParams,
2026-10-06T21:00:57.7399628Z     } from '../screens/client/BrandedCheckoutWebViewScreen';
2026-10-06T21:00:57.7400273Z     // iMessage-grade DM rebuild — Apple App Review 1.2 compliance: ContactView for
2026-10-06T21:00:57.7400906Z     // the \"tap the contact\" surface, BlockedUsersScreen for Settings undo. Both
2026-10-06T21:00:57.7401466Z     // are reachable from the Messages thread and from the Settings hub.
2026-10-06T21:00:57.7401977Z     import ContactView from '../screens/messaging/ContactView';
2026-10-06T21:00:57.7402491Z     import BlockedUsersScreen from '../screens/settings/BlockedUsersScreen';
2026-10-06T21:00:57.7403140Z     // PR-HK-1-mobile — Wearable Connections Hub (manage health data sources).
2026-10-06T21:00:57.7403777Z     // Additive registration only; mounts under MoreStack at AppTabs/Settings/Connections.
2026-10-06T21:00:57.7404432Z     import ConnectionsScreen from '../screens/client/wearables/ConnectionsScreen';
2026-10-06T21:00:57.7405418Z     import WearablesShell from '../screens/client/wearables/WearablesShell';
2026-10-06T21:00:57.7406039Z     import MetricDetailScreen from '../screens/client/wearables/MetricDetailScreen';
2026-10-06T21:00:57.7406746Z     import type { WearableMetricBucket, WearableMetricType } from '../api/wearablesSamplesApi';
2026-10-06T21:00:57.7407295Z     import { colors } from '../theme/tokens';
2026-10-06T21:00:57.7407706Z     // v1-5 Community client tab. The whole stack + tab are gated behind
2026-10-06T21:00:57.7408297Z     // featureFlags.communityTab (default OFF). When the flag is OFF the tab is not
2026-10-06T21:00:57.7408907Z     // rendered and the deep-link route is not registered (see CommunityTabBarIcon
2026-10-06T21:00:57.7409378Z     // and the flag-gated <Tab.Screen> below).
2026-10-06T21:00:57.7409792Z     import CommunityNavigator from './CommunityNavigator';
2026-10-06T21:00:57.7410282Z     import { useCommunityBadge } from '../hooks/useCommunity';
2026-10-06T21:00:57.7410747Z     import { useCurrentUser } from '../hooks/useCurrentUser';
2026-10-06T21:00:57.7411426Z     import UnreadBadge from '../components/community/UnreadBadge';
2026-10-06T21:00:57.7412052Z     // Defense-in-depth client paywall (Option B): paid screens are wrapped so
2026-10-06T21:00:57.7412595Z     // the entitlement gate runs before the screen body. Server-side
2026-10-06T21:00:57.7413085Z     // ClientEntitlementGuard remains canonical (Rule 20).
2026-10-06T21:00:57.7413575Z     import { withProtectedScreen } from '../entitlements/withProtectedScreen';
2026-10-06T21:00:57.7414206Z     import { withCommunityTerms } from '../components/community/CommunityTermsGate';
2026-10-06T21:00:57.7415226Z     // Clinic launch — Roman-led client tutorial (C09). The host is a pass-through
2026-10-06T21:00:57.7415730Z     // unless featureFlags.clientTutorial is on.
2026-10-06T21:00:57.7416238Z     import TutorialHost from '../components/tutorial/TutorialHost';
2026-10-06T21:00:57.7416746Z     import { useAiWithdrawalDrain } from '../hooks/useAiWithdrawalDrain';
2026-10-06T21:00:57.7417290Z     import { setTutorialRoute } from '../tutorial/tutorialStore';
2026-10-06T21:00:57.7417919Z     import { focusedRoutePath, withInitialLeaf, type NavStateLike } from '../tutorial/navigationFocus';
2026-10-06T21:00:57.7418545Z     import type { TutorialNavTarget } from '../tutorial/tutorialSteps';
2026-10-06T21:00:57.7419008Z     import { logger } from '../utils/logger';
2026-10-06T21:00:57.7419612Z     // S-SCHED — client Calendar tab (featureFlags.clientCalendar, default OFF).
2026-10-06T21:00:57.7420208Z     import CalendarHomeScreen from '../screens/client/calendar/CalendarHomeScreen';
2026-10-06T21:00:57.7420897Z     import CalendarBookScreen from '../screens/client/calendar/CalendarBookScreen';
2026-10-06T21:00:57.7421544Z     import CalendarSessionScreen from '../screens/client/calendar/CalendarSessionScreen';
2026-10-06T21:00:57.7422239Z     import type { CalendarStackParamList } from './calendarRoutes';·
2026-10-06T21:00:57.7422749Z     const ProtectedWorkoutScreen = withProtectedScreen(WorkoutScreen);
2026-10-06T21:00:57.7423383Z     const ProtectedActiveWorkoutScreen = withProtectedScreen(ActiveWorkoutScreen);
2026-10-06T21:00:57.7424088Z     const ProtectedWorkoutHistoryEditScreen = withProtectedScreen(WorkoutHistoryEditScreen);
2026-10-06T21:00:57.7425155Z     const ProtectedClientWorkoutViewerScreen = withProtectedScreen(ClientWorkoutViewerScreen);
2026-10-06T21:00:57.7425944Z     const ProtectedWorkoutAssignmentDetailScreen = withProtectedScreen(WorkoutAssignmentDetailScreen);
2026-10-06T21:00:57.7426643Z     const ProtectedPlanScreen = withProtectedScreen(PlanScreen);
2026-10-06T21:00:57.7427254Z     const ProtectedClientDailyMealPlanScreen = withProtectedScreen(ClientDailyMealPlanScreen);
2026-10-06T21:00:57.7427906Z     const ProtectedFastingScreen = withProtectedScreen(FastingScreen);
2026-10-06T21:00:57.7428425Z     const ProtectedLogScreen = withProtectedScreen(LogScreen);
2026-10-06T21:00:57.7428997Z     const ProtectedClientMacrosScreen = withProtectedScreen(ClientMacrosScreen);
2026-10-06T21:00:57.7429614Z     // Apple 1.2 (B-IOSREV-2): the wins feed is community content, so it sits
2026-10-06T21:00:57.7430081Z     // behind the one-time community terms agreement too.
2026-10-06T21:00:57.7430679Z     const ProtectedCommunityScreen = withProtectedScreen(withCommunityTerms(CommunityScreen));
2026-10-06T21:00:57.7431321Z     const ProtectedAIGuideScreen = withProtectedScreen(AIGuideScreen);
2026-10-06T21:00:57.7431884Z     // Messages is deliberately NOT wrapped (audit #304 B1). Basic text DM with
2026-10-06T21:00:57.7432443Z     // the assigned coach is free server-side (client-messaging.controller.ts:
2026-10-06T21:00:57.7432970Z     // GET/POST /messages, /messages/read, /messages/unread-count carry no
2026-10-06T21:00:57.7433552Z     // ClientEntitlementGuard; only voice-upload is paid and still 402s into the
2026-10-06T21:00:57.7434110Z     // paywall). It is also the one action the iOS coach-managed gate offers, so
2026-10-06T21:00:57.7435058Z     // gating it here would trap an unentitled client in a loop.
2026-10-06T21:00:57.7435708Z     const ProtectedClientUpcomingSessionsScreen = withProtectedScreen(ClientUpcomingSessionsScreen);
2026-10-06T21:00:57.7436563Z     // Scheduling endpoints sit behind ClientEntitlementGuard server-side, so the
2026-10-06T21:00:57.7437168Z     // Calendar screens take the same client-side gate as the booking screens.
2026-10-06T21:00:57.7437777Z     const ProtectedCalendarHomeScreen = withProtectedScreen(CalendarHomeScreen);
2026-10-06T21:00:57.7438380Z     const ProtectedCalendarBookScreen = withProtectedScreen(CalendarBookScreen);
2026-10-06T21:00:57.7439046Z     const ProtectedCalendarSessionScreen = withProtectedScreen(CalendarSessionScreen);
2026-10-06T21:00:57.7439811Z     // ─── Param lists ──────────────────────────────────────────────────────────────·
2026-10-06T21:00:57.7440222Z     export type HomeStackParamList = {
2026-10-06T21:00:57.7440504Z       HomeMain: undefined;
2026-10-06T21:00:57.7440754Z       Habits: undefined;
2026-10-06T21:00:57.7441259Z       /** Legacy stub — kept for backward-compat; routes resolve to NotificationCenter. */
2026-10-06T21:00:57.7441716Z       Notifications: undefined;
2026-10-06T21:00:57.7441981Z       Messages: undefined;
2026-10-06T21:00:57.7442318Z       /** Phase 9 — Global notification center. */
2026-10-06T21:00:57.7442651Z       NotificationCenter: undefined;
2026-10-06T21:00:57.7443168Z       /** Phase 9 — Notification preferences. */
2026-10-06T21:00:57.7443552Z       NotificationPreferences: undefined;
2026-10-06T21:00:57.7443853Z     };·
2026-10-06T21:00:57.7444163Z     // Wave 3: 4 tabs — Home / Train / Coach / Profile
2026-10-06T21:00:57.7444534Z     export type ClientTabParamList = {
2026-10-06T21:00:57.7445036Z       Home:       undefined;
2026-10-06T21:00:57.7445317Z       WorkoutTab: undefined;  // Train
2026-10-06T21:00:57.7445855Z       Log:        undefined;  // Coach (Log+Plan hub — keeps Log screen for food logging)
2026-10-06T21:00:57.7446339Z       MoreTab:    undefined;  // Profile / More
2026-10-06T21:00:57.7446867Z       // S-SCHED — only mounted when featureFlags.clientCalendar is true.
2026-10-06T21:00:57.7447489Z       CalendarTab: { screen?: keyof CalendarStackParamList; params?: object } | undefined;
2026-10-06T21:00:57.7448193Z       // v1-5 Community tab — only mounted when featureFlags.communityTab is true.
2026-10-06T21:00:57.7448620Z       CommunityTab: undefined;
2026-10-06T21:00:57.7448869Z     };·
2026-10-06T21:00:57.7449159Z     export type WorkoutStackParamList = {
2026-10-06T21:00:57.7449441Z       /**
2026-10-06T21:00:57.7449837Z        * `justCompletedId` is a one-shot signal set ONLY when ActiveWorkoutScreen
2026-10-06T21:00:57.7450428Z        * returns here after a real finish-workout save succeeds. It is the DURABLE
2026-10-06T21:00:57.7451007Z        * server id of the workout that was just saved (the same id used to sync the
2026-10-06T21:00:57.7451546Z        * session), NOT a transient boolean. WorkoutScreen reads it once to render
2026-10-06T21:00:57.7452759Z        * Roman's §2.8 \"Workout complete\" line, records that this specific id has been
2026-10-06T21:00:57.7453502Z        * consumed in AsyncStorage, then clears the param. Keying the one-shot on the
2026-10-06T21:00:57.7454109Z        * concrete workout id (rather than a boolean) means a re-delivered or
2026-10-06T21:00:57.7454916Z        * duplicated navigation — e.g. a remount, a back-then-forward, or a param that
2026-10-06T21:00:57.7455709Z        * survives a fast refresh — cannot re-trigger the celebration for a workout
2026-10-06T21:00:57.7456302Z        * that was already acknowledged, and a genuinely new workout (a new id) is
2026-10-06T21:00:57.7456756Z        * always honoured (P1-C-01).
2026-10-06T21:00:57.7457052Z        */
2026-10-06T21:00:57.7457352Z       WorkoutMain: { justCompletedId?: string } | undefined;
2026-10-06T21:00:57.7457912Z       ActiveWorkout: { routineId?: string; routineName: string; exercises: string };
2026-10-06T21:00:57.7458395Z       WorkoutHistoryEdit: { workout: string };
2026-10-06T21:00:57.7458963Z       RoutineBuilder: { routineId?: string } | undefined;
2026-10-06T21:00:57.7459319Z       CoachGuidelines: undefined;
2026-10-06T21:00:57.7459772Z       /**
2026-10-06T21:00:57.7460030Z        * Mux video + exercise library v1.
2026-10-06T21:00:57.7460436Z        * Library is a regular push; Detail is registered with a modal
2026-10-06T21:00:57.7460963Z        * presentation so it can be presented either from the library
2026-10-06T21:00:57.7461493Z        * (push-feel via the stack's default) or from in-workout (modal).
2026-10-06T21:00:57.7461858Z        */
2026-10-06T21:00:57.7462082Z       ExerciseLibrary: undefined;
2026-10-06T21:00:57.7462423Z       ExerciseDetail: { idOrSlug: string };
2026-10-06T21:00:57.7462762Z     };·
2026-10-06T21:00:57.7463125Z     // MoreStack: all non-tab screens live here. Screen names preserved.
2026-10-06T21:00:57.7463522Z     // Phase 7B: Timeline added.
2026-10-06T21:00:57.7463902Z     // Phase 7C: Leaderboard + LeaderboardSettings added.
2026-10-06T21:00:57.7464341Z     // Bloodwork: BloodworkEntry added (flag OFF by default).
2026-10-06T21:00:57.7464962Z     // Wave 11: Copilot + PrivateCommunityHub added (flag-gated).
2026-10-06T21:00:57.7465357Z     export type MoreStackParamList = {
2026-10-06T21:00:57.7465644Z       MoreIndex:   undefined;
2026-10-06T21:00:57.7465938Z       Recipes:     undefined;
2026-10-06T21:00:57.7466232Z       RecipeDetail: { recipeId: string };
2026-10-06T21:00:57.7466542Z       Fast:        undefined;
2026-10-06T21:00:57.7466780Z       Community:   undefined;
2026-10-06T21:00:57.7467145Z       // B-314-4: Community safety opens from member wins even when the
2026-10-06T21:00:57.7467748Z       // flag-gated Community tab (which has its own CommunitySafety route) is off.
2026-10-06T21:00:57.7468221Z       CommunitySafety: undefined;
2026-10-06T21:00:57.7468488Z       Progress:    undefined;
2026-10-06T21:00:57.7468765Z       ProfileMain: undefined;
2026-10-06T21:00:57.7469028Z       EditProfile: undefined;
2026-10-06T21:00:57.7469271Z       Settings:    undefined;
2026-10-06T21:00:57.7469549Z       Widgets:     undefined;
2026-10-06T21:00:57.7469793Z       Report:      undefined;
2026-10-06T21:00:57.7470028Z       Learn:       undefined;
2026-10-06T21:00:57.7470312Z       GroceryList: undefined;
2026-10-06T21:00:57.7470590Z       ShoppingList: undefined;
2026-10-06T21:00:57.7470875Z       PrepGuide:   undefined;
2026-10-06T21:00:57.7471122Z       Plan:        undefined;
2026-10-06T21:00:57.7471361Z       TrustCenter: undefined;
2026-10-06T21:00:57.7471651Z       DeleteAccount: undefined;
2026-10-06T21:00:57.7472117Z       /** D2: Settings > Privacy > Roman and AI (box 2 allow / withdraw). */
2026-10-06T21:00:57.7472555Z       RomanAiConsent: undefined;
2026-10-06T21:00:57.7473116Z       /** Your conversations with Roman: list, open, delete (backend #635). Not behind the Roman chat flag. */
2026-10-06T21:00:57.7499830Z       RomanConversations: undefined;
2026-10-06T21:00:57.7500338Z       RomanConversation: RomanConversationParams;
2026-10-06T21:00:57.7500727Z       Preferences: undefined;
2026-10-06T21:00:57.7501045Z       AIGuide:     undefined;
2026-10-06T21:00:57.7501324Z       Membership:  undefined;
2026-10-06T21:00:57.7501747Z       /** Phase 7B — Transformation Timeline */
2026-10-06T21:00:57.7502091Z       Timeline:    undefined;
2026-10-06T21:00:57.7502573Z       /** Phase 7C — Peer Leaderboard (opt-in) */
2026-10-06T21:00:57.7503004Z       Leaderboard:         undefined;
2026-10-06T21:00:57.7503346Z       LeaderboardSettings: undefined;
2026-10-06T21:00:57.7503840Z       /** Bloodwork — client-entered labs (flag OFF by default) */
2026-10-06T21:00:57.7504205Z       Bloodwork:   undefined;
2026-10-06T21:00:57.7505089Z       /** Wave 11 — gated routes; screens render a preview-only empty state when flag is OFF. */
2026-10-06T21:00:57.7505597Z       Copilot:           undefined;
2026-10-06T21:00:57.7505930Z       PrivateCommunityHub: undefined;
2026-10-06T21:00:57.7506581Z       /** Roman P1 chat — client surface. Registered ONLY behind featureFlags.romanChat (default OFF). */
2026-10-06T21:00:57.7507327Z       RomanChat:         undefined;
2026-10-06T21:00:57.7508017Z       /** Phase 11 — Share Card. Entry point: milestone/streak detection adds a Share button. */
2026-10-06T21:00:57.7508578Z       ShareCard: { milestone: ShareCardMilestone };
2026-10-06T21:00:57.7509270Z       /** Phase 11 — Notification category preferences. Entry: Settings > Notifications > Categories. */
2026-10-06T21:00:57.7509820Z       NotificationPreferences: undefined;
2026-10-06T21:00:57.7510219Z       /** Phase 11 Track 9 — Crisp support inbox. */
2026-10-06T21:00:57.7510555Z       SupportInbox:      undefined;
2026-10-06T21:00:57.7511105Z       /** Sprint B-2 — client-facing read surfaces over Sprint B v2 backend. */
2026-10-06T21:00:57.7511542Z       ClientMacros:        undefined;
2026-10-06T21:00:57.7511933Z       ClientDailyMealPlan: { date?: string } | undefined;
2026-10-06T21:00:57.7512330Z       ClientWorkoutViewer: { assignmentId: string };
2026-10-06T21:00:57.7512775Z       WorkoutAssignmentDetail: { assignmentId: string };
2026-10-06T21:00:57.7513240Z       /** Concierge Phase 1 — scheduling client surfaces. */
2026-10-06T21:00:57.7513601Z       ClientUpcomingSessions:  undefined;
2026-10-06T21:00:57.7514040Z       /** Phase 10 — GDPR Article 20 data portability */
2026-10-06T21:00:57.7514365Z       DataExport: undefined;
2026-10-06T21:00:57.7515054Z       /** Payments — client-facing packages list (backend PR #215). */
2026-10-06T21:00:57.7515526Z       ClientPackages: undefined;
2026-10-06T21:00:57.7516009Z       /** OR-110-2 native card update; `autostart` opens the card form on arrival. */
2026-10-06T21:00:57.7516495Z       UpdateCard: { autostart?: boolean } | undefined;
2026-10-06T21:00:57.7516836Z       /**
2026-10-06T21:00:57.7517272Z        * PR-13 — buyer-facing Deliverables timeline for one ClientPurchase.
2026-10-06T21:00:57.7517832Z        * Renders the buyer's ScheduledDrops (delivered + upcoming) and routes
2026-10-06T21:00:57.7518354Z        * delivered taps to the existing per-asset_type viewer.
2026-10-06T21:00:57.7518710Z        *
2026-10-06T21:00:57.7519099Z        * `purchaseId` is required; `packageName` is optional and used purely
2026-10-06T21:00:57.7519621Z        * for the screen header so the caller does not have to refetch a label
2026-10-06T21:00:57.7520091Z        * it already has.
2026-10-06T21:00:57.7520317Z        */
2026-10-06T21:00:57.7520632Z       Deliverables: { purchaseId: string; packageName?: string };
2026-10-06T21:00:57.7521031Z       /**
2026-10-06T21:00:57.7521469Z        * PR-15B — post-checkout \"what you just got + what's coming\" unpack
2026-10-06T21:00:57.7521965Z        * screen. Navigated from `CheckoutReturnScreen` on a successful
2026-10-06T21:00:57.7522506Z        * confirm when the deliverables flag is enabled and a purchase id is
2026-10-06T21:00:57.7522918Z        * available.
2026-10-06T21:00:57.7523128Z        */
2026-10-06T21:00:57.7523471Z       PurchaseUnpack: { purchaseId: string; packageName?: string };
2026-10-06T21:00:57.7523818Z       /**
2026-10-06T21:00:57.7524095Z        * Payments — Stripe Checkout return.
2026-10-06T21:00:57.7524408Z        *   outcome: 'success' | 'cancel'
2026-10-06T21:00:57.7524987Z        *   session_id: present when outcome === 'success' (Stripe template token).
2026-10-06T21:00:57.7525363Z        */
2026-10-06T21:00:57.7525701Z       CheckoutReturn: { outcome?: 'success' | 'cancel'; session_id?: string };
2026-10-06T21:00:57.7526131Z       /**
2026-10-06T21:00:57.7526566Z        * Payments — branded in-app Stripe Checkout webview. See screen docstring
2026-10-06T21:00:57.7527141Z        * (basis for 1:1 packages: Guideline 3.1.3(d); the webview is not an exemption).
2026-10-06T21:00:57.7527590Z        */
2026-10-06T21:00:57.7527918Z       BrandedCheckoutWebView: BrandedCheckoutWebViewParams;
2026-10-06T21:00:57.7528480Z       /** iMessage-grade DM — Apple 1.2 compliance contact details surface. */
2026-10-06T21:00:57.7529135Z       ContactView: {
2026-10-06T21:00:57.7529400Z         contactId: string;
2026-10-06T21:00:57.7529664Z         displayName: string;
2026-10-06T21:00:57.7530127Z         role?: 'coach' | 'client' | 'student' | 'other';
2026-10-06T21:00:57.7530465Z         avatarUrl?: string | null;
2026-10-06T21:00:57.7530763Z       };
2026-10-06T21:00:57.7531175Z       /** iMessage-grade DM — manage blocked users from Settings. */
2026-10-06T21:00:57.7531558Z       BlockedUsers: undefined;
2026-10-06T21:00:57.7531926Z       /** Client-facing checkout for a coach's package share link. */
2026-10-06T21:00:57.7532389Z       PackageCheckout: { shareToken: string };
2026-10-06T21:00:57.7532936Z       /** PR-HK-1-mobile — Wearable Connections Hub (manage health data sources). */
2026-10-06T21:00:57.7533360Z       Connections: undefined;
2026-10-06T21:00:57.7533920Z       /** PR-HK-3a — Wearables bucket shell (Fitness | Recovery segmented switcher). */
2026-10-06T21:00:57.7534429Z       Health: { bucket?: 'fitness' | 'recovery' } | undefined;
2026-10-06T21:00:57.7535133Z       /** PR-HK-3a — shared metric drill-down (compare sources + glow-drag chart). */
2026-10-06T21:00:57.7535614Z       WearableMetricDetail: {
2026-10-06T21:00:57.7535921Z         metric: WearableMetricType;
2026-10-06T21:00:57.7536241Z         bucket: WearableMetricBucket;
2026-10-06T21:00:57.7536531Z         clientId?: string;
2026-10-06T21:00:57.7536790Z       };
2026-10-06T21:00:57.7537005Z     };·
2026-10-06T21:00:57.7537463Z     // ─── Stack navigators ─────────────────────────────────────────────────────────·
2026-10-06T21:00:57.7537830Z     /**
2026-10-06T21:00:57.7538187Z      * S-REACH: screens that used to be tabs (Plan, Progress) or had no menu entry
2026-10-06T21:00:57.7538800Z      * (ClientMacros, Habits, Timeline) draw their own title but no back control.
2026-10-06T21:00:57.7539349Z      * Opened from More they get a native header with only the back chevron, so
2026-10-06T21:00:57.7539845Z      * the way back is always visible and the safe area is respected.
2026-10-06T21:00:57.7540201Z      */
2026-10-06T21:00:57.7540484Z     function backOnlyHeader(title = '') {
2026-10-06T21:00:57.7540775Z       return {
2026-10-06T21:00:57.7541017Z         headerShown: true,
2026-10-06T21:00:57.7541259Z         title,
2026-10-06T21:00:57.7541489Z         headerBackTitle: 'Back',
2026-10-06T21:00:57.7541813Z         headerShadowVisible: false,
2026-10-06T21:00:57.7542171Z         headerStyle: { backgroundColor: colors.bone },
2026-10-06T21:00:57.7542509Z         headerTintColor: colors.ink,
2026-10-06T21:00:57.7542767Z       } as const;
2026-10-06T21:00:57.7543026Z     }·
2026-10-06T21:00:57.7543365Z     const Tab           = createBottomTabNavigator<ClientTabParamList>();
2026-10-06T21:00:57.7543900Z     const HomeStackNav  = createNativeStackNavigator<HomeStackParamList>();
2026-10-06T21:00:57.7544486Z     const WorkoutStackNav = createNativeStackNavigator<WorkoutStackParamList>();
2026-10-06T21:00:57.7545218Z     const MoreStackNav  = createNativeStackNavigator<MoreStackParamList>();
2026-10-06T21:00:57.7545900Z     const CalendarStackNav = createNativeStackNavigator<CalendarStackParamList>();·
2026-10-06T21:00:57.7546410Z     function CalendarStackNavigator() {
2026-10-06T21:00:57.7546696Z       return (
2026-10-06T21:00:57.7546947Z         <CalendarStackNav.Navigator
2026-10-06T21:00:57.7547229Z           screenOptions={{
2026-10-06T21:00:57.7547489Z             headerShown: true,
2026-10-06T21:00:57.7547775Z             headerTitle: '',
2026-10-06T21:00:57.7548068Z             headerShadowVisible: false,
2026-10-06T21:00:57.7548426Z             headerStyle: { backgroundColor: colors.bone },
2026-10-06T21:00:57.7548785Z             headerTintColor: colors.ink,
2026-10-06T21:00:57.7549133Z             contentStyle: { backgroundColor: colors.bone },
2026-10-06T21:00:57.7549497Z           }}
2026-10-06T21:00:57.7549708Z         >
2026-10-06T21:00:57.7550299Z           <CalendarStackNav.Screen name=\"CalendarHome\" component={ProtectedCalendarHomeScreen} options={{ headerShown: false }} />
2026-10-06T21:00:57.7551339Z           <CalendarStackNav.Screen name=\"CalendarBook\" component={ProtectedCalendarBookScreen} />
2026-10-06T21:00:57.7552180Z           <CalendarStackNav.Screen name=\"CalendarSession\" component={ProtectedCalendarSessionScreen} />
2026-10-06T21:00:57.7552758Z         </CalendarStackNav.Navigator>
2026-10-06T21:00:57.7553037Z       );
2026-10-06T21:00:57.7553265Z     }·
2026-10-06T21:00:57.7553520Z     function HomeStackNavigator() {
2026-10-06T21:00:57.7553938Z       // The Home stack runs headerShown:false, so a headerRight bell here never
2026-10-06T21:00:57.7554505Z       // rendered (dead UI). The bell + \"Message your coach\" entry now live in the
2026-10-06T21:00:57.7555369Z       // Home screen body (components/home/HomeHeaderActions).
2026-10-06T21:00:57.7555751Z       return (
2026-10-06T21:00:57.7555991Z         <HomeStackNav.Navigator
2026-10-06T21:00:57.7556268Z           screenOptions={{
2026-10-06T21:00:57.7556525Z             headerShown: false,
2026-10-06T21:00:57.7556866Z             contentStyle: { backgroundColor: colors.bone },
2026-10-06T21:00:57.7557251Z           }}
2026-10-06T21:00:57.7557465Z         >
2026-10-06T21:00:57.7557858Z           <HomeStackNav.Screen name=\"HomeMain\"              component={HomeScreen} />
2026-10-06T21:00:57.7558533Z           <HomeStackNav.Screen name=\"Habits\"                component={HabitsScreen} options={backOnlyHeader()} />
2026-10-06T21:00:57.7559282Z           <HomeStackNav.Screen name=\"Notifications\"         component={NotificationsScreen} />
2026-10-06T21:00:57.7559943Z           <HomeStackNav.Screen name=\"Messages\"              component={MessagesScreen} />
2026-10-06T21:00:57.7560517Z           {/* Phase 9 — Notification center screens */}
2026-10-06T21:00:57.7560850Z           <HomeStackNav.Screen
2026-10-06T21:00:57.7561135Z             name=\"NotificationCenter\"
2026-10-06T21:00:57.7561517Z             component={NotificationCenterScreen}
2026-10-06T21:00:57.7561874Z             options={{ headerShown: false }}
2026-10-06T21:00:57.7562147Z           />
2026-10-06T21:00:57.7562368Z           <HomeStackNav.Screen
2026-10-06T21:00:57.7562716Z             name=\"NotificationPreferences\"
2026-10-06T21:00:57.7563086Z             component={NotificationPreferencesScreen}
2026-10-06T21:00:57.7563432Z             options={{ headerShown: false }}
2026-10-06T21:00:57.7563704Z           />
2026-10-06T21:00:57.7563932Z         </HomeStackNav.Navigator>
2026-10-06T21:00:57.7564229Z       );
2026-10-06T21:00:57.7564471Z     }·
2026-10-06T21:00:57.7564891Z     function WorkoutStackNavigator() {
2026-10-06T21:00:57.7565169Z       return (
2026-10-06T21:00:57.7565459Z         <WorkoutStackNav.Navigator
2026-10-06T21:00:57.7565740Z           screenOptions={{
2026-10-06T21:00:57.7566021Z             headerShown: false,
2026-10-06T21:00:57.7566353Z             contentStyle: { backgroundColor: colors.bone },
2026-10-06T21:00:57.7566672Z           }}
2026-10-06T21:00:57.7566857Z         >
2026-10-06T21:00:57.7567354Z           <WorkoutStackNav.Screen name=\"WorkoutMain\"     component={ProtectedWorkoutScreen} />
2026-10-06T21:00:57.7568078Z           <WorkoutStackNav.Screen name=\"ActiveWorkout\"   component={ProtectedActiveWorkoutScreen} />
2026-10-06T21:00:57.7568885Z           <WorkoutStackNav.Screen name=\"WorkoutHistoryEdit\" component={ProtectedWorkoutHistoryEditScreen} />
2026-10-06T21:00:57.7569643Z           <WorkoutStackNav.Screen name=\"RoutineBuilder\"  component={RoutineBuilderScreen} />
2026-10-06T21:00:57.7570312Z           <WorkoutStackNav.Screen name=\"CoachGuidelines\" component={CoachGuidelinesScreen} />
2026-10-06T21:00:57.7570815Z           {/* Mux video + exercise library v1. */}
2026-10-06T21:00:57.7571180Z           <WorkoutStackNav.Screen
2026-10-06T21:00:57.7571481Z             name=\"ExerciseLibrary\"
2026-10-06T21:00:57.7571798Z             component={ExerciseLibraryScreen}
2026-10-06T21:00:57.7572210Z             options={{ headerShown: true, title: 'Exercise Library' }}
2026-10-06T21:00:57.7572759Z           />
2026-10-06T21:00:57.7572996Z           <WorkoutStackNav.Screen
2026-10-06T21:00:57.7573281Z             name=\"ExerciseDetail\"
2026-10-06T21:00:57.7573737Z             component={ExerciseDetailScreen}
2026-10-06T21:00:57.7574049Z             options={{
2026-10-06T21:00:57.7574304Z               headerShown: true,
2026-10-06T21:00:57.7574577Z               title: 'Exercise',
2026-10-06T21:00:57.7575095Z               // Modal presentation makes this screen usable both as a push
2026-10-06T21:00:57.7575578Z               // from the library AND as an in-workout overlay from
2026-10-06T21:00:57.7576062Z               // ActiveWorkoutScreen without re-registering it elsewhere.
2026-10-06T21:00:57.7576451Z               presentation: 'modal',
2026-10-06T21:00:57.7576778Z             }}
2026-10-06T21:00:57.7576982Z           />
2026-10-06T21:00:57.7577211Z         </WorkoutStackNav.Navigator>
2026-10-06T21:00:57.7577469Z       );
2026-10-06T21:00:57.7577687Z     }·
2026-10-06T21:00:57.7578077Z     // MoreStack: Profile + every ex-tab screen. Keeps existing navigate() calls valid.
2026-10-06T21:00:57.7578607Z     // Phase 7B: Timeline screen registered here.
2026-10-06T21:00:57.7578991Z     // Phase 7C: Leaderboard screens registered here.
2026-10-06T21:00:57.7579407Z     // Bloodwork: BloodworkEntry screen registered here.
2026-10-06T21:00:57.7579899Z     // Wave 11: Copilot + CommunityHub registered here (flags default OFF in prod).
2026-10-06T21:00:57.7580336Z     function MoreStackNavigator() {
2026-10-06T21:00:57.7580592Z       return (
2026-10-06T21:00:57.7580821Z         <MoreStackNav.Navigator
2026-10-06T21:00:57.7581119Z           screenOptions={{
2026-10-06T21:00:57.7581399Z             headerShown: false,
2026-10-06T21:00:57.7581724Z             contentStyle: { backgroundColor: colors.bone },
2026-10-06T21:00:57.7582033Z           }}
2026-10-06T21:00:57.7582224Z         >
2026-10-06T21:00:57.7582606Z           <MoreStackNav.Screen name=\"MoreIndex\"    component={MoreScreen} />
2026-10-06T21:00:57.7583171Z           <MoreStackNav.Screen name=\"ProfileMain\"  component={ProfileScreen} />
2026-10-06T21:00:57.7583746Z           <MoreStackNav.Screen name=\"EditProfile\"  component={EditProfileScreen} />
2026-10-06T21:00:57.7584348Z           <MoreStackNav.Screen name=\"Recipes\"      component={RecipesScreen} />
2026-10-06T21:00:57.7585038Z           <MoreStackNav.Screen name=\"RecipeDetail\" component={RecipeDetailScreen} />
2026-10-06T21:00:57.7585671Z           <MoreStackNav.Screen name=\"GroceryList\"  component={GroceryListScreen} />
2026-10-06T21:00:57.7586244Z           <MoreStackNav.Screen name=\"ShoppingList\" component={ShoppingListScreen} />
2026-10-06T21:00:57.7586822Z           <MoreStackNav.Screen name=\"PrepGuide\"    component={PrepGuideScreen} />
2026-10-06T21:00:57.7587396Z           <MoreStackNav.Screen name=\"Fast\"         component={ProtectedFastingScreen} />
2026-10-06T21:00:57.7588075Z           <MoreStackNav.Screen name=\"Community\"    component={ProtectedCommunityScreen} />
2026-10-06T21:00:57.7588743Z           <MoreStackNav.Screen name=\"CommunitySafety\" component={CommunitySafetyScreen} />
2026-10-06T21:00:57.7589440Z           <MoreStackNav.Screen name=\"Progress\"     component={ProgressScreen} options={backOnlyHeader()} />
2026-10-06T21:00:57.7590077Z           <MoreStackNav.Screen name=\"Settings\"     component={SettingsScreen} />
2026-10-06T21:00:57.7590686Z           <MoreStackNav.Screen name=\"Widgets\"      component={WidgetsScreen} />
2026-10-06T21:00:57.7591236Z           <MoreStackNav.Screen name=\"Report\"       component={ReportScreen} />
2026-10-06T21:00:57.7591773Z           <MoreStackNav.Screen name=\"Learn\"        component={EducationScreen} />
2026-10-06T21:00:57.7592493Z           <MoreStackNav.Screen name=\"Plan\"         component={ProtectedPlanScreen} options={backOnlyHeader()} />
2026-10-06T21:00:57.7593157Z           <MoreStackNav.Screen name=\"TrustCenter\"  component={TrustCenterScreen} />
2026-10-06T21:00:57.7593950Z           <MoreStackNav.Screen name=\"DeleteAccount\" component={DeleteAccountScreen} />
2026-10-06T21:00:57.7594885Z           <MoreStackNav.Screen name=\"RomanAiConsent\" component={RomanAiConsentScreen} />
2026-10-06T21:00:57.7595608Z           {/* Roman chat history (backend #635): always registered, like the backend
2026-10-06T21:00:57.7596171Z               routes, so finding and deleting chats never depends on the chat flag. */}
2026-10-06T21:00:57.7596846Z           <MoreStackNav.Screen name=\"RomanConversations\" component={RomanConversationsScreen} />
2026-10-06T21:00:57.7597544Z           <MoreStackNav.Screen name=\"RomanConversation\" component={RomanConversationScreen} />
2026-10-06T21:00:57.7598224Z           <MoreStackNav.Screen name=\"Preferences\"  component={PreferencesScreen} />
2026-10-06T21:00:57.7598824Z           <MoreStackNav.Screen name=\"AIGuide\"      component={ProtectedAIGuideScreen} />
2026-10-06T21:00:57.7599416Z           <MoreStackNav.Screen name=\"Membership\"   component={MembershipScreen} />
2026-10-06T21:00:57.7599959Z           {/* Phase 7B — Transformation Timeline */}
2026-10-06T21:00:57.7600571Z           <MoreStackNav.Screen name=\"Timeline\"     component={TimelineScreen} options={backOnlyHeader()} />
2026-10-06T21:00:57.7601182Z           {/* Phase 7C — Peer Leaderboard (opt-in) */}
2026-10-06T21:00:57.7601717Z           <MoreStackNav.Screen name=\"Leaderboard\"          component={LeaderboardScreen} />
2026-10-06T21:00:57.7602398Z           <MoreStackNav.Screen name=\"LeaderboardSettings\"  component={LeaderboardSettingsScreen} />
2026-10-06T21:00:57.7603031Z           {/* Bloodwork: personal training only, no lab surfaces in v1.0. Registered
2026-10-06T21:00:57.7603632Z               only behind featureFlags.bloodwork (OFF), so no deep link reaches it. */}
2026-10-06T21:00:57.7604080Z           {featureFlags.bloodwork && (
2026-10-06T21:00:57.7604544Z             <MoreStackNav.Screen name=\"Bloodwork\"    component={BloodworkEntryScreen} />
2026-10-06T21:00:57.7605186Z           )}
2026-10-06T21:00:57.7605611Z           {/* Wave 11 — gated routes. Only registered when the matching feature
2026-10-06T21:00:57.7606138Z               flag is explicitly true, so stub/coming-soon copy never ships to
2026-10-06T21:00:57.7606685Z               production binaries (the screens still render an empty state if
2026-10-06T21:00:57.7607084Z               they ever do mount). */}
2026-10-06T21:00:57.7607411Z           {featureFlags.clientPathCopilot && (
2026-10-06T21:00:57.7607956Z             <MoreStackNav.Screen name=\"Copilot\"           component={ClientPathCopilotScreen} />
2026-10-06T21:00:57.7608392Z           )}
2026-10-06T21:00:57.7608664Z           {featureFlags.privateCommunityHub && (
2026-10-06T21:00:57.7609221Z             <MoreStackNav.Screen name=\"PrivateCommunityHub\" component={PrivateCommunityHubScreen} />
2026-10-06T21:00:57.7609732Z           )}
2026-10-06T21:00:57.7610117Z           {/* Roman P1 chat (client surface). Only registered when featureFlags.romanChat
2026-10-06T21:00:57.7610706Z               is explicitly true (default OFF), mirroring the Wave 11 gated-route pattern.
2026-10-06T21:00:57.7611324Z               The screen receives surface='client' so the backend @IsIn(ROMAN_SURFACES)
2026-10-06T21:00:57.7611858Z               value is fixed at the navigator, never guessed client-side. */}
2026-10-06T21:00:57.7612268Z           {featureFlags.romanChat && (
2026-10-06T21:00:57.7612613Z             <MoreStackNav.Screen name=\"RomanChat\">
2026-10-06T21:00:57.7613021Z               {() => <RomanChatScreen surface=\"client\" />}
2026-10-06T21:00:57.7613374Z             </MoreStackNav.Screen>
2026-10-06T21:00:57.7613635Z           )}
2026-10-06T21:00:57.7614138Z           {/* Phase 11 — Share Card. Rendered off-screen; captureRef then opens native share sheet. */}
2026-10-06T21:00:57.7614915Z           <MoreStackNav.Screen name=\"ShareCard\" component={ShareCardScreen} />
2026-10-06T21:00:57.7615633Z           {/* Phase 11 — Notification category preferences (push taxonomy). */}
2026-10-06T21:00:57.7616536Z           <MoreStackNav.Screen name=\"NotificationPreferences\" component={NotificationCategoryPreferencesScreen} />
2026-10-06T21:00:57.7617278Z           {/* Phase 11 Track 9 — Support Inbox */}
2026-10-06T21:00:57.7617829Z           <MoreStackNav.Screen name=\"SupportInbox\"      component={SupportInboxScreen} />
2026-10-06T21:00:57.7618434Z           {/* Sprint B-2 final wave — client read surfaces. The screens
2026-10-06T21:00:57.7618923Z               themselves shipped in PR #130 (this PR adds the wiring).
2026-10-06T21:00:57.7619410Z               Reachable via deep-link and from MoreScreen entries (added
2026-10-06T21:00:57.7619862Z               in a follow-up; route registration first so deep-links
2026-10-06T21:00:57.7620216Z               work today). */}
2026-10-06T21:00:57.7620911Z           <MoreStackNav.Screen name=\"ClientMacros\"        component={ProtectedClientMacrosScreen} options={backOnlyHeader('Macro targets')} />
2026-10-06T21:00:57.7621816Z           <MoreStackNav.Screen name=\"ClientDailyMealPlan\" component={ProtectedClientDailyMealPlanScreen} />
2026-10-06T21:00:57.7622662Z           <MoreStackNav.Screen name=\"ClientWorkoutViewer\" component={ProtectedClientWorkoutViewerScreen} />
2026-10-06T21:00:57.7623523Z           <MoreStackNav.Screen name=\"WorkoutAssignmentDetail\" component={ProtectedWorkoutAssignmentDetailScreen} />
2026-10-06T21:00:57.7624234Z           {/* Concierge Phase 1 — scheduling client surfaces. The old
2026-10-06T21:00:57.7624910Z               ClientBookingRequest route (no entry point, superseded by the
2026-10-06T21:00:57.7625452Z               Calendar tab's booking) was removed in S-SCHED-4. */}
2026-10-06T21:00:57.7625823Z           <MoreStackNav.Screen
2026-10-06T21:00:57.7626134Z             name=\"ClientUpcomingSessions\"
2026-10-06T21:00:57.7626518Z             component={ProtectedClientUpcomingSessionsScreen}
2026-10-06T21:00:57.7626888Z           />
2026-10-06T21:00:57.7627237Z           {/* Phase 10 — GDPR Article 20 data portability */}
2026-10-06T21:00:57.7627736Z           <MoreStackNav.Screen name=\"DataExport\" component={DataExportScreen} />
2026-10-06T21:00:57.7628382Z           {/* Payments — client-facing packages list + Stripe Checkout return
2026-10-06T21:00:57.7628901Z               (backend PR #215). The return screen is the deep-link target for
2026-10-06T21:00:57.7629400Z               tgp://checkout/{success,cancel}; see RootNavigator.linking. */}
2026-10-06T21:00:57.7630026Z           <MoreStackNav.Screen name=\"ClientPackages\"  component={ClientPackagesScreen} />
2026-10-06T21:00:57.7630670Z           {/* OR-110-2 — native card update (dunning banner, lockout, emails). */}
2026-10-06T21:00:57.7631245Z           <MoreStackNav.Screen name=\"UpdateCard\"      component={UpdateCardScreen} />
2026-10-06T21:00:57.7631865Z           <MoreStackNav.Screen name=\"CheckoutReturn\"  component={CheckoutReturnScreen} />
2026-10-06T21:00:57.7632517Z           {/* PR-13 — buyer-facing Deliverables timeline (drip engine surface). */}
2026-10-06T21:00:57.7633137Z           <MoreStackNav.Screen name=\"Deliverables\"    component={DeliverablesScreen} />
2026-10-06T21:00:57.7633707Z           {/* PR-15B — post-checkout unpack moment. Reachable from
2026-10-06T21:00:57.7634131Z               CheckoutReturnScreen on a successful confirm. */}
2026-10-06T21:00:57.7634828Z           <MoreStackNav.Screen name=\"PurchaseUnpack\"  component={PurchaseUnpackScreen} />
2026-10-06T21:00:57.7635671Z           {/* Branded in-app webview checkout (1:1 packages, Guideline 3.1.3(d); see screen docstring). */}
2026-10-06T21:00:57.7636170Z           <MoreStackNav.Screen
2026-10-06T21:00:57.7636463Z             name=\"BrandedCheckoutWebView\"
2026-10-06T21:00:57.7636869Z             component={BrandedCheckoutWebViewScreen}
2026-10-06T21:00:57.7637378Z             options={{ presentation: 'modal', headerShown: false, gestureEnabled: false }}
2026-10-06T21:00:57.7637783Z           />
2026-10-06T21:00:57.7638213Z           {/* iMessage-grade DM — Apple App Review 1.2 compliance surfaces. */}
2026-10-06T21:00:57.7638950Z           <MoreStackNav.Screen name=\"ContactView\" component={ContactView} />
2026-10-06T21:00:57.7639625Z           <MoreStackNav.Screen name=\"BlockedUsers\" component={BlockedUsersScreen} />
2026-10-06T21:00:57.7640302Z           {/* PR-HK-1-mobile — Wearable Connections Hub. Reachable from Settings;
2026-10-06T21:00:57.7640820Z               the bucket UI + segmented switcher land in PR-HK-3a/3b. */}
2026-10-06T21:00:57.7641345Z           <MoreStackNav.Screen name=\"Connections\" component={ConnectionsScreen} />
2026-10-06T21:00:57.7641991Z           {/* PR-HK-3a — wearables bucket shell + shared metric detail. The shell
2026-10-06T21:00:57.7642494Z               mounts the Health & Fitness overview (and, post-HK-3b, Sleep &
2026-10-06T21:00:57.7643122Z               Recovery). This is the single nav edit point per UNIFIED_BUILD_PLAN §6. */}
2026-10-06T21:00:57.7643729Z           <MoreStackNav.Screen name=\"Health\" component={WearablesShell} />
2026-10-06T21:00:57.7644140Z           <MoreStackNav.Screen
2026-10-06T21:00:57.7644442Z             name=\"WearableMetricDetail\"
2026-10-06T21:00:57.7644973Z             component={MetricDetailScreen}
2026-10-06T21:00:57.7645280Z           />
2026-10-06T21:00:57.7645631Z           {/* Client-facing checkout for a coach's package share link. Reachable
2026-10-06T21:00:57.7646240Z               via deep-link (tgp://p/:token, https://app.trygrowthproject.com/p/:token)
2026-10-06T21:00:57.7646724Z               and from the MembershipScreen. */}
2026-10-06T21:00:57.7647038Z           <MoreStackNav.Screen
2026-10-06T21:00:57.7647322Z             name=\"PackageCheckout\"
2026-10-06T21:00:57.7647683Z             component={PackageCheckoutScreen}
2026-10-06T21:00:57.7648044Z             options={{ presentation: 'modal' }}
2026-10-06T21:00:57.7648346Z           />
2026-10-06T21:00:57.7648574Z         </MoreStackNav.Navigator>
2026-10-06T21:00:57.7648820Z       );
2026-10-06T21:00:57.7649030Z     }·
2026-10-06T21:00:57.7649507Z     // ─── Main tab navigator ───────────────────────────────────────────────────────·
2026-10-06T21:00:57.7649891Z     /**
2026-10-06T21:00:57.7650322Z      * CommunityTabBarIcon — the Community tab icon with a LIVE unread badge. The
2026-10-06T21:00:57.7651139Z      * badge count comes from useCommunityBadge, which is driven by the Supabase
2026-10-06T21:00:57.7652084Z      * Realtime subscription (a broadcast ping invalidates community/me and the
2026-10-06T21:00:57.7653225Z      * authoritative unread counts refetch over REST) — NOT polling. Rendered only
2026-10-06T21:00:57.7654292Z      * when featureFlags.communityTab is true, since the tab itself is flag-gated.
2026-10-06T21:00:57.7655221Z      */
2026-10-06T21:00:57.7655795Z     function CommunityTabBarIcon({ color }: { color: string }) {
2026-10-06T21:00:57.7656449Z       const client = useCurrentUser();
2026-10-06T21:00:57.7656997Z       const badge = useCommunityBadge(client?.id);
2026-10-06T21:00:57.7657564Z       return (
2026-10-06T21:00:57.7658018Z         <View style={styles.communityIconWrap}>
2026-10-06T21:00:57.7658783Z           <Ionicons name=\"chatbubbles-outline\" size={24} color={color} />
2026-10-06T21:00:57.7659721Z           <UnreadBadge count={badge.total} corner testID=\"community-tab-badge\" />
2026-10-06T21:00:57.7660456Z         </View>
2026-10-06T21:00:57.7660674Z       );
2026-10-06T21:00:57.7660931Z     }·
2026-10-06T21:00:57.7661293Z     // Order must match the rendered <Tab.Screen> order (the overlay spotlights
2026-10-06T21:00:57.7661690Z     // tab N of this list).
2026-10-06T21:00:57.7661978Z     const TUTORIAL_TABS = [
2026-10-06T21:00:57.7662243Z       'Home',
2026-10-06T21:00:57.7662460Z       'WorkoutTab',
2026-10-06T21:00:57.7662676Z       'Log',
2026-10-06T21:00:57.7662984Z       ...(featureFlags.clientCalendar ? ['CalendarTab'] : []),
2026-10-06T21:00:57.7663322Z       'MoreTab',
2026-10-06T21:00:57.7663625Z       ...(featureFlags.communityTab ? ['CommunityTab'] : []),
2026-10-06T21:00:57.7664225Z     ];·
2026-10-06T21:00:57.7664498Z     export default function ClientNavigator() {
2026-10-06T21:00:57.7665500Z       // Sol B-310-5: a Roman and AI withdrawal from onboarding that the ledger
2026-10-06T21:00:57.7665996Z       // has not confirmed yet is sent when the app opens.
2026-10-06T21:00:57.7666340Z       useAiWithdrawalDrain();
2026-10-06T21:00:57.7666753Z       // Latest tab-screen navigation object, captured from screenListeners, so
2026-10-06T21:00:57.7667365Z       // the tutorial overlay (which sits outside the navigator) can offer
2026-10-06T21:00:57.7667799Z       // \"Take me there\" for screens behind a menu.
2026-10-06T21:00:57.7668393Z       const tabNavRef = React.useRef<{ navigate: (name: string, params?: object) => void } | null>(null);
2026-10-06T21:00:57.7669035Z       const onTutorialNavigate = React.useCallback((t: TutorialNavTarget) => {
2026-10-06T21:00:57.7669434Z         try {
2026-10-06T21:00:57.7669672Z           tabNavRef.current?.navigate(
2026-10-06T21:00:57.7669943Z             t.tab,
2026-10-06T21:00:57.7670389Z             t.screen ? { screen: t.screen, ...(t.params ? { params: t.params } : {}) } : undefined,
2026-10-06T21:00:57.7670821Z           );
2026-10-06T21:00:57.7671026Z         } catch (err) {
2026-10-06T21:00:57.7671419Z           logger.warn('ClientNavigator', 'tutorial navigate failed', err);
2026-10-06T21:00:57.7671779Z         }
2026-10-06T21:00:57.7671964Z       }, []);
2026-10-06T21:00:57.7672160Z       return (
2026-10-06T21:00:57.7672508Z         <TutorialHost tabs={TUTORIAL_TABS} onNavigate={onTutorialNavigate}>
2026-10-06T21:00:57.7672915Z         <Tab.Navigator
2026-10-06T21:00:57.7673175Z           screenOptions={{
2026-10-06T21:00:57.7673444Z             headerShown: false,
2026-10-06T21:00:57.7673727Z             tabBarShowLabel: false,
2026-10-06T21:00:57.7674028Z             tabBarHideOnKeyboard: true,
2026-10-06T21:00:57.7674416Z             tabBarActiveTintColor:   colors.ink,
2026-10-06T21:00:57.7675364Z             tabBarInactiveTintColor: colors.stone,
2026-10-06T21:00:57.7675750Z             tabBarStyle: {
2026-10-06T21:00:57.7676060Z               backgroundColor: colors.bone,
2026-10-06T21:00:57.7676380Z               borderTopWidth: 0.5,
2026-10-06T21:00:57.7676684Z               borderTopColor: colors.stone,
2026-10-06T21:00:57.7676978Z               height: 64,
2026-10-06T21:00:57.7677245Z             },
2026-10-06T21:00:57.7677462Z           }}
2026-10-06T21:00:57.7677741Z           screenListeners={({ navigation }) => {
2026-10-06T21:00:57.7678213Z             if (featureFlags.clientTutorial) tabNavRef.current = navigation;
2026-10-06T21:00:57.7678612Z             return {
2026-10-06T21:00:57.7678864Z               tabPress: () => {
2026-10-06T21:00:57.7679240Z                 // Phase 11 / Track 3: haptic selection feedback on tab switch
2026-10-06T21:00:57.7679643Z                 HapticService.selection();
2026-10-06T21:00:57.7679916Z               },
2026-10-06T21:00:57.7680262Z               // Clinic tutorial: report the focused route path so route gates
2026-10-06T21:00:57.7680746Z               // (e.g. \"tap Train\") are satisfied by real navigation only.
2026-10-06T21:00:57.7681104Z               state: (e) => {
2026-10-06T21:00:57.7681432Z                 if (!featureFlags.clientTutorial) return;
2026-10-06T21:00:57.7681868Z                 const data = e.data as { state?: NavStateLike } | undefined;
2026-10-06T21:00:57.7682387Z                 setTutorialRoute(withInitialLeaf(focusedRoutePath(data?.state)));
2026-10-06T21:00:57.7682766Z               },
2026-10-06T21:00:57.7682968Z             };
2026-10-06T21:00:57.7683160Z           }}
2026-10-06T21:00:57.7683354Z         >
2026-10-06T21:00:57.7683542Z           <Tab.Screen
2026-10-06T21:00:57.7683761Z             name=\"Home\"
2026-10-06T21:00:57.7684039Z             component={HomeStackNavigator}
2026-10-06T21:00:57.7684318Z             options={{
2026-10-06T21:00:57.7684591Z               tabBarAccessibilityLabel: 'Home',
2026-10-06T21:00:57.7685378Z               tabBarIcon: ({ color }) => (
2026-10-06T21:00:57.7685989Z                 <Ionicons name=\"home-outline\" size={24} color={color} />
2026-10-06T21:00:57.7686336Z               ),
2026-10-06T21:00:57.7686643Z             }}
2026-10-06T21:00:57.7686848Z           />
2026-10-06T21:00:57.7687043Z           <Tab.Screen
2026-10-06T21:00:57.7687285Z             name=\"WorkoutTab\"
2026-10-06T21:00:57.7687592Z             component={WorkoutStackNavigator}
2026-10-06T21:00:57.7687882Z             options={{
2026-10-06T21:00:57.7688153Z               tabBarAccessibilityLabel: 'Train',
2026-10-06T21:00:57.7688484Z               tabBarIcon: ({ color }) => (
2026-10-06T21:00:57.7688874Z                 <Ionicons name=\"fitness-outline\" size={24} color={color} />
2026-10-06T21:00:57.7689222Z               ),
2026-10-06T21:00:57.7689427Z             }}
2026-10-06T21:00:57.7689618Z           />
2026-10-06T21:00:57.7689812Z           <Tab.Screen
2026-10-06T21:00:57.7690030Z             name=\"Log\"
2026-10-06T21:00:57.7690309Z             component={ProtectedLogScreen}
2026-10-06T21:00:57.7690584Z             options={{
2026-10-06T21:00:57.7690875Z               tabBarAccessibilityLabel: 'Log food',
2026-10-06T21:00:57.7691216Z               tabBarIcon: ({ color }) => (
2026-10-06T21:00:57.7691620Z                 <Ionicons name=\"restaurant-outline\" size={24} color={color} />
2026-10-06T21:00:57.7691982Z               ),
2026-10-06T21:00:57.7692187Z             }}
2026-10-06T21:00:57.7692375Z           />
2026-10-06T21:00:57.7692855Z           {/* S-SCHED Calendar tab — gated by featureFlags.clientCalendar (default
2026-10-06T21:00:57.7693404Z               OFF). Off: the tab, its routes and deep links do not register. */}
2026-10-06T21:00:57.7693818Z           {featureFlags.clientCalendar && (
2026-10-06T21:00:57.7694110Z             <Tab.Screen
2026-10-06T21:00:57.7694367Z               name=\"CalendarTab\"
2026-10-06T21:00:57.7694957Z               component={CalendarStackNavigator}
2026-10-06T21:00:57.7695272Z               options={{
2026-10-06T21:00:57.7695590Z                 tabBarAccessibilityLabel: 'Calendar',
2026-10-06T21:00:57.7695936Z                 tabBarIcon: ({ color }) => (
2026-10-06T21:00:57.7696344Z                   <Ionicons name=\"calendar-outline\" size={24} color={color} />
2026-10-06T21:00:57.7696708Z                 ),
2026-10-06T21:00:57.7696909Z               }}
2026-10-06T21:00:57.7697102Z             />
2026-10-06T21:00:57.7697292Z           )}
2026-10-06T21:00:57.7697489Z           <Tab.Screen
2026-10-06T21:00:57.7697708Z             name=\"MoreTab\"
2026-10-06T21:00:57.7697992Z             component={MoreStackNavigator}
2026-10-06T21:00:57.7698446Z             options={{
2026-10-06T21:00:57.7698986Z               tabBarAccessibilityLabel: 'Profile and more',
2026-10-06T21:00:57.7699614Z               tabBarIcon: ({ color }) => (
2026-10-06T21:00:57.7700332Z                 <Ionicons name=\"person-outline\" size={24} color={color} />
2026-10-06T21:00:57.7700966Z               ),
2026-10-06T21:00:57.7701323Z             }}
2026-10-06T21:00:57.7701664Z           />
2026-10-06T21:00:57.7702487Z           {/* v1-5 Community tab — gated by featureFlags.communityTab (default OFF).
2026-10-06T21:00:57.7703491Z               When the flag is OFF this <Tab.Screen> is not rendered, so the tab does
2026-10-06T21:00:57.7704448Z               not appear and the CommunityTab route (and its deep link) never
2026-10-06T21:00:57.7705366Z               registers. */}
2026-10-06T21:00:57.7705885Z           {featureFlags.communityTab && (
2026-10-06T21:00:57.7706391Z             <Tab.Screen
2026-10-06T21:00:57.7706840Z               name=\"CommunityTab\"
2026-10-06T21:00:57.7707377Z               component={CommunityNavigator}
2026-10-06T21:00:57.7707871Z               options={{
2026-10-06T21:00:57.7708398Z                 tabBarAccessibilityLabel: 'Community',
2026-10-06T21:00:57.7709174Z                 tabBarIcon: ({ color }) => <CommunityTabBarIcon color={color} />,
2026-10-06T21:00:57.7709810Z               }}
2026-10-06T21:00:57.7710388Z             />
2026-10-06T21:00:57.7710708Z           )}
2026-10-06T21:00:57.7711043Z         </Tab.Navigator>
2026-10-06T21:00:57.7711452Z         </TutorialHost>
2026-10-06T21:00:57.7711985Z       );
2026-10-06T21:00:57.7712360Z     }·
2026-10-06T21:00:57.7713133Z     // ─── Styles ───────────────────────────────────────────────────────────────────·
2026-10-06T21:00:57.7713848Z     const styles = StyleSheet.create({
2026-10-06T21:00:57.7714341Z       communityIconWrap: {
2026-10-06T21:00:57.7715029Z         position: 'relative',
2026-10-06T21:00:57.7715473Z         width: 28,
2026-10-06T21:00:57.7715829Z         height: 28,
2026-10-06T21:00:57.7716264Z         justifyContent: 'center',
2026-10-06T21:00:57.7716720Z         alignItems: 'center',
2026-10-06T21:00:57.7717123Z       },
2026-10-06T21:00:57.7717433Z     });
2026-10-06T21:00:57.7717738Z     "
2026-10-06T21:00:57.7717924Z 
2026-10-06T21:00:57.7718165Z     [0m [90m  9 |[39m
2026-10-06T21:00:57.7719359Z      [90m 10 |[39m   it([32m'uses semantic tokens for client tab foreground, surface and border'[39m[33m,[39m () [33m=>[39m {
2026-10-06T21:00:57.7721015Z     [31m[1m>[22m[39m[90m 11 |[39m     expect(client)[33m.[39mtoMatch([35m/semanticColors:\s*sc/[39m)[33m;[39m
2026-10-06T21:00:57.7722072Z      [90m    |[39m                    [31m[1m^[22m[39m
2026-10-06T21:00:57.7723298Z      [90m 12 |[39m     expect(client)[33m.[39mtoMatch([35m/tabBarActiveTintColor:\s*sc\.textPrimary/[39m)[33m;[39m
2026-10-06T21:00:57.7725147Z      [90m 13 |[39m     expect(client)[33m.[39mtoMatch([35m/tabBarInactiveTintColor:\s*sc\.textMuted/[39m)[33m;[39m
2026-10-06T21:00:57.7726704Z      [90m 14 |[39m     expect(client)[33m.[39mtoMatch([35m/backgroundColor:\s*sc\.bgPrimary/[39m)[33m;[39m[0m
2026-10-06T21:00:57.7727415Z 
2026-10-06T21:00:57.7727876Z       at Object.toMatch (src/navigation/__tests__/tabBarPolish125.test.ts:11:20)
2026-10-06T21:00:57.7728420Z 
2026-10-06T21:00:57.7729409Z   ● primary tab-bar appearance and safe-area contracts › uses readable semantic foregrounds for coach tabs in both appearances
2026-10-06T21:00:57.7730262Z 
2026-10-06T21:00:57.7730494Z     expect(received).toMatch(expected)
2026-10-06T21:00:57.7730818Z 
2026-10-06T21:00:57.7731069Z     Expected pattern: /semanticColors:\s*sc/
2026-10-06T21:00:57.7731915Z     Received string:  "// Phase 9: Bell icon + NotificationCenter added to CoachNavigator.
2026-10-06T21:00:57.7732700Z     // All existing routes preserved.
2026-10-06T21:00:57.7733314Z     import React, { useEffect, useState } from 'react';
2026-10-06T21:00:57.7734177Z     import { AppState, TouchableOpacity, View, StyleSheet } from 'react-native';
2026-10-06T21:00:57.7735414Z     import { createBottomTabNavigator } from '@react-navigation/bottom-tabs';
2026-10-06T21:00:57.7736460Z     import { createNativeStackNavigator } from '@react-navigation/native-stack';
2026-10-06T21:00:57.7737462Z     import type { NavigatorScreenParams } from '@react-navigation/native';
2026-10-06T21:00:57.7738266Z     import { Ionicons } from '@expo/vector-icons';
2026-10-06T21:00:57.7738884Z     import { coachApi } from '../services/api';
2026-10-06T21:00:57.7739478Z     import { logger } from '../utils/logger';
2026-10-06T21:00:57.7740238Z     import ClientsListScreen from '../screens/coach/ClientsListScreen';
2026-10-06T21:00:57.7741138Z     import CoachHomeScreen from '../screens/coach/CoachHomeScreen';
2026-10-06T21:00:57.7741991Z     import MessagesScreen from '../screens/coach/MessagesScreen';
2026-10-06T21:00:57.7742837Z     import SettingsScreen from '../screens/coach/SettingsScreen';
2026-10-06T21:00:57.7743674Z     import RomanChatScreen from '../screens/roman/RomanChatScreen';
2026-10-06T21:00:57.7744598Z     import ClientDetailScreen from '../screens/coach/ClientDetailScreen';
2026-10-06T21:00:57.7745884Z     import ProgramTemplatesScreen from '../screens/coach/ProgramTemplatesScreen';
2026-10-06T21:00:57.7746892Z     import ProgramsStackNavigator from './ProgramsStackNavigator';
2026-10-06T21:00:57.7748319Z     // Codes: the b#658 Codes screen when the server has code tools on, else the legacy InviteCodesScreen.
2026-10-06T21:00:57.7749626Z     import CoachCodesEntry from '../screens/coach/CoachCodesEntry';
2026-10-06T21:00:57.7750627Z     import ClientMessagesScreen from '../screens/coach/ClientMessagesScreen';
2026-10-06T21:00:57.7751605Z     import RiskBoardScreen from '../screens/coach/RiskBoardScreen';
2026-10-06T21:00:57.7752625Z     import ClientRiskDetailScreen from '../screens/coach/ClientRiskDetailScreen';
2026-10-06T21:00:57.7753676Z     import CoachBillingScreen from '../screens/coach/CoachBillingScreen';
2026-10-06T21:00:57.7755155Z     // Payments — coach Stripe Connect onboarding/dashboard, packages CRUD,
2026-10-06T21:00:57.7756172Z     // per-package subscribers, and net earnings. All wired to real backend
2026-10-06T21:00:57.7757158Z     // endpoints; surfaces a config-required state when backend modules aren't
2026-10-06T21:00:57.7757932Z     // deployed in the environment.
2026-10-06T21:00:57.7758734Z     import CoachConnectScreen from '../screens/coach/payments/CoachConnectScreen';
2026-10-06T21:00:57.7759933Z     import CoachPackagesListScreen from '../screens/coach/payments/CoachPackagesListScreen';
2026-10-06T21:00:57.7761185Z     import CoachPackageEditScreen from '../screens/coach/payments/CoachPackageEditScreen';
2026-10-06T21:00:57.7762525Z     import CoachPackageSubscribersScreen from '../screens/coach/payments/CoachPackageSubscribersScreen';
2026-10-06T21:00:57.7763927Z     import CoachPackageContentsScreen from '../screens/coach/payments/CoachPackageContentsScreen';
2026-10-06T21:00:57.7765312Z     // The `CoachEarnings` route redirects to TGP Money (screens/coach/money),
2026-10-06T21:00:57.7766286Z     // the production money surface (the old earnings screens are deleted).
2026-10-06T21:00:57.7767476Z     import BloodworkReviewQueueScreen from '../screens/coach/BloodworkReviewQueueScreen';
2026-10-06T21:00:57.7768550Z     import TrustCenterScreen from '../screens/TrustCenterScreen';
2026-10-06T21:00:57.7769669Z     // Wave 11 — runtime scaffolding. The screen registrations below only mount
2026-10-06T21:00:57.7770649Z     // when the matching feature flag is explicitly true, so stub surfaces never
2026-10-06T21:00:57.7771097Z     // reach production binaries.
2026-10-06T21:00:57.7771502Z     import CoachBriefScreen from '../screens/coach/CoachBriefScreen';
2026-10-06T21:00:57.7772073Z     import AdminControlRoomScreen from '../screens/coach/AdminControlRoomScreen';
2026-10-06T21:00:57.7772580Z     import { featureFlags } from '../config/featureFlags';
2026-10-06T21:00:57.7773140Z     // Community v1-6 — coach community sub-stack (six screens). Mounted as a
2026-10-06T21:00:57.7773692Z     // bottom-tab ONLY when `featureFlags.coachCommunity` is true; when the flag is
2026-10-06T21:00:57.7774241Z     // OFF the tab does not render and none of the six routes register.
2026-10-06T21:00:57.7775071Z     import CoachCommunityNavigator from './CoachCommunityNavigator';
2026-10-06T21:00:57.7775766Z     import CommunityWearablePromptsScreen from '../screens/community/CommunityWearablePromptsScreen';
2026-10-06T21:00:57.7776487Z     // Stage 3 — cross-pillar federated coach surface. Mounted as a nested
2026-10-06T21:00:57.7777013Z     // navigator so the practice-selection picker, dashboard, roster, detail
2026-10-06T21:00:57.7777531Z     // view, messages, and assignments all live under one settings entry.
2026-10-06T21:00:57.7778108Z     import CrossPillarNavigator from '../screens/coach/cross-pillar/CrossPillarNavigator';
2026-10-06T21:00:57.7778662Z     // Phase 11 Track 9 — Support Inbox (Crisp)
2026-10-06T21:00:57.7779125Z     import SupportInboxScreen from '../screens/support/SupportInboxScreen';
2026-10-06T21:00:57.7779774Z     // Phase 11 / Track 7 — sub-coach team management (Scale+ tier gate enforced in-screen)
2026-10-06T21:00:57.7780359Z     import TeamManagementScreen from '../screens/coach/TeamManagementScreen';
2026-10-06T21:00:57.7780916Z     import SubCoachDetailScreen from '../screens/coach/SubCoachDetailScreen';
2026-10-06T21:00:57.7781681Z     import ClientReassignModal from '../screens/coach/ClientReassignModal';
2026-10-06T21:00:57.7782347Z     // Sprint B-2 — coach surfaces. Macros review (PR #130), workout
2026-10-06T21:00:57.7782781Z     // builder + meal templates + bulk invite (this PR).
2026-10-06T21:00:57.7783282Z     import CoachMacrosReviewScreen from '../screens/coach/CoachMacrosReviewScreen';
2026-10-06T21:00:57.7783845Z     // S-REACH: coach read of a client's consultation answers (backend #607).
2026-10-06T21:00:57.7784416Z     import ClientConsultationScreen from '../screens/coach/ClientConsultationScreen';
2026-10-06T21:00:57.7785209Z     import CoachWorkoutBuilderScreen from '../screens/coach/CoachWorkoutBuilderScreen';
2026-10-06T21:00:57.7785837Z     import CoachMealTemplatesScreen from '../screens/coach/CoachMealTemplatesScreen';
2026-10-06T21:00:57.7786426Z     import CoachBulkInviteScreen from '../screens/coach/CoachBulkInviteScreen';
2026-10-06T21:00:57.7787073Z     // Email Pipeline v1 — bulk-invite + invites list (per-recipient delivery view).
2026-10-06T21:00:57.7787630Z     // These complement the legacy CoachBulkInviteScreen / InviteCodesScreen;
2026-10-06T21:00:57.7788102Z     // the v1 surfaces target the email-delivery contract on
2026-10-06T21:00:57.7788465Z     // feat/email-pipeline-v1-backend.
2026-10-06T21:00:57.7788876Z     import BulkInviteScreen from '../screens/coach/BulkInviteScreen';
2026-10-06T21:00:57.7789380Z     import CoachInvitesScreen from '../screens/coach/CoachInvitesScreen';
2026-10-06T21:00:57.7789870Z     // Concierge Phase 1 — scheduling coach surfaces.
2026-10-06T21:00:57.7790435Z     import CoachAvailabilityEditorScreen from '../screens/coach/CoachAvailabilityEditorScreen';
2026-10-06T21:00:57.7791094Z     import CoachBookingInboxScreen from '../screens/coach/CoachBookingInboxScreen';
2026-10-06T21:00:57.7791721Z     // S-SCHED — appointment types manager + time off, next to Availability.
2026-10-06T21:00:57.7792339Z     import CoachAppointmentTypesScreen from '../screens/coach/CoachAppointmentTypesScreen';
2026-10-06T21:00:57.7792943Z     import CoachTimeOffScreen from '../screens/coach/CoachTimeOffScreen';
2026-10-06T21:00:57.7793548Z     // S-AVAIL-122 — booking options (notice, window, buffers, daily maximum).
2026-10-06T21:00:57.7794864Z     import CoachBookingOptionsScreen from '../screens/coach/CoachBookingOptionsScreen';
2026-10-06T21:00:57.7796100Z     import CoachBroadcastsScreen from '../screens/coach/broadcasts/CoachBroadcastsScreen';
2026-10-06T21:00:57.7797280Z     // M-FEATURED-123 — owner-only featured coach editor (Settings > Owner).
2026-10-06T21:00:57.7797947Z     import FeaturedCoachEditorScreen from '../screens/coach/featured/FeaturedCoachEditorScreen';
2026-10-06T21:00:57.7798820Z     import BroadcastComposerScreen from '../screens/coach/broadcasts/BroadcastComposerScreen';
2026-10-06T21:00:57.7799710Z     // Coach AI v1 — generate/edit/approve workout, meal, insight drafts per client.
2026-10-06T21:00:57.7800576Z     import AIWorkoutDraftScreen from '../screens/coach/AIWorkoutDraftScreen';
2026-10-06T21:00:57.7801254Z     import AIMealPlanDraftScreen from '../screens/coach/AIMealPlanDraftScreen';
2026-10-06T21:00:57.7801964Z     import ClientInsightScreen from '../screens/coach/ClientInsightScreen';
2026-10-06T21:00:57.7802631Z     // Phase 10 — GDPR right to erasure.
2026-10-06T21:00:57.7803151Z     import DeleteAccountScreen from '../screens/settings/DeleteAccountScreen';
2026-10-06T21:00:57.7803940Z     // Importer v0.3 — coach-facing extension import entry. Registered ONLY behind
2026-10-06T21:00:57.7805047Z     // featureFlags.extensionImport (default OFF); the kill switch removes the route.
2026-10-06T21:00:57.7805981Z     import ImportDataScreen from '../screens/coach/ImportDataScreen';
2026-10-06T21:00:57.7806958Z     // Stream 1 — AI credit-pack checkout (Stripe webview). Not a 1:1 service: hidden on iOS by the non-P2P purchase gate.
2026-10-06T21:00:57.7807861Z     import CreditPackCheckoutScreen from '../screens/coach/CreditPackCheckoutScreen';
2026-10-06T21:00:57.7808897Z     import { withNonP2PPurchaseGate } from '../components/purchases/withNonP2PPurchaseGate';·
2026-10-06T21:00:57.7809717Z     // AI credit packs are not a 1:1 person-to-person service; hidden on iOS
2026-10-06T21:00:57.7810469Z     // builds with EXPO_PUBLIC_FF_IOS_HIDE_NON_P2P_PURCHASES (purchaseSurfaces.ts).
2026-10-06T21:00:57.7811190Z     const GatedCreditPackCheckoutScreen = withNonP2PPurchaseGate(CreditPackCheckoutScreen);
2026-10-06T21:00:57.7812047Z     // Roman P4 / ED.3 — First Payment Wow overlay host. Wraps the whole coach tab
2026-10-06T21:00:57.7812749Z     // shell so the §2.6 celebration can overlay any tab when the coach's first
2026-10-06T21:00:57.7813369Z     // payment INSERT lands (flag-gated; MMKV once-only).
2026-10-06T21:00:57.7813991Z     import FirstPaymentWowHost from '../screens/coach/ed/FirstPaymentWowHost';
2026-10-06T21:00:57.7814907Z     import CoachSetupScreen from '../screens/coach/setup/CoachSetupScreen';
2026-10-06T21:00:57.7815807Z     // Stream 2 — Coach AI execution drafts inbox (draft.client_message,
2026-10-06T21:00:57.7816433Z     // draft.assign_workout, draft.assign_meal_plan, draft.send_notification).
2026-10-06T21:00:57.7817152Z     import PendingAiDraftsScreen from '../screens/coach/PendingAiDraftsScreen';
2026-10-06T21:00:57.7817952Z     // TestFlight coach SaaS — new business & team surfaces + invite redeemer drilldown.
2026-10-06T21:00:57.7818635Z     // Payments — earnings/payouts (backend PR #216). Package CRUD is the
2026-10-06T21:00:57.7819317Z     // `CoachPackagesList`/`CoachPackageEdit`/`CoachPackageSubscribers` family
2026-10-06T21:00:57.7819914Z     // from `screens/coach/payments/*`, imported above.
2026-10-06T21:00:57.7820504Z     import MoneyScreen from '../screens/coach/money/MoneyScreen';
2026-10-06T21:00:57.7821105Z     import MoneyChargesScreen from '../screens/coach/money/MoneyChargesScreen';
2026-10-06T21:00:57.7821809Z     import MoneyChargeScreen from '../screens/coach/money/MoneyChargeScreen';
2026-10-06T21:00:57.7837721Z     import MoneyRedirect from '../screens/coach/money/MoneyRedirect';
2026-10-06T21:00:57.7838703Z     import type { ChargeFilter } from '../api/coachMoneyApi';
2026-10-06T21:00:57.7839686Z     import CoachTeamProfileScreen from '../screens/coach/CoachTeamProfileScreen';
2026-10-06T21:00:57.7840825Z     import InviteCodeRedeemersScreen from '../screens/coach/InviteCodeRedeemersScreen';
2026-10-06T21:00:57.7841806Z     // Phase 9 — Notification center
2026-10-06T21:00:57.7842736Z     import NotificationCenterScreen from '../screens/notifications/NotificationCenterScreen';
2026-10-06T21:00:57.7844094Z     import NotificationPreferencesScreen from '../screens/notifications/NotificationPreferencesScreen';
2026-10-06T21:00:57.7845550Z     import NotificationBadge from '../components/NotificationBadge';
2026-10-06T21:00:57.7846470Z     import { fetchUnreadCount } from '../services/notificationsApi';
2026-10-06T21:00:57.7847565Z     // Phase 8 — Coach Command Center. This is the new top-level coach landing.
2026-10-06T21:00:57.7848613Z     // The legacy CoachHomeScreen is preserved in the Clients stack as a sub-screen
2026-10-06T21:00:57.7849632Z     // so existing deep links and navigation.navigate() calls keep working.
2026-10-06T21:00:57.7850690Z     import CommandCenterScreen from '../screens/coach/command-center/CommandCenterScreen';
2026-10-06T21:00:57.7851738Z     import { __USING_MOCK_DATA } from '../services/commandCenterApi';
2026-10-06T21:00:57.7852614Z     // Phase 10 — GDPR Article 20 data portability
2026-10-06T21:00:57.7853420Z     import DataExportScreen from '../screens/settings/DataExportScreen';
2026-10-06T21:00:57.7854540Z     // iMessage-grade DM — Apple App Review 1.2 compliance. ContactView lives in
2026-10-06T21:00:57.7855845Z     // the Clients stack (reachable from ClientMessagesScreen header); BlockedUsers
2026-10-06T21:00:57.7856784Z     // lives in the Settings stack (reachable from coach Settings).
2026-10-06T21:00:57.7857900Z     import ContactView from '../screens/messaging/ContactView';
2026-10-06T21:00:57.7858830Z     import BlockedUsersScreen from '../screens/settings/BlockedUsersScreen';
2026-10-06T21:00:57.7859769Z     import RomanConversationsScreen, { type RomanConversationParams } from '../screens/settings/RomanConversationsScreen';
2026-10-06T21:00:57.7860567Z     import RomanConversationScreen from '../screens/settings/RomanConversationScreen';
2026-10-06T21:00:57.7861070Z     import { Colors } from '../constants/colors';
2026-10-06T21:00:57.7861559Z     import { useCoachRoleType } from '../hooks/useCoachRoleType';·
2026-10-06T21:00:57.7861959Z     export type CoachTabParamList = {
2026-10-06T21:00:57.7862377Z       // Phase 8: Command Center replaces the old top-level Dashboard tab.
2026-10-06T21:00:57.7862872Z       // The 'Dashboard' name is kept in the param list so any existing
2026-10-06T21:00:57.7863355Z       // navigate('Dashboard') calls in the codebase don't break.
2026-10-06T21:00:57.7863734Z       CommandCenter: undefined;
2026-10-06T21:00:57.7864159Z       // R27: typed nested nav so navigate('ClientsStack', { screen: 'ClientsList' })
2026-10-06T21:00:57.7865096Z       // type-checks against ClientsStackParamList (mirrors SettingsStack below).
2026-10-06T21:00:57.7865710Z       // `| undefined` preserves existing no-arg navigate('ClientsStack') callers.
2026-10-06T21:00:57.7866296Z       ClientsStack: NavigatorScreenParams<ClientsStackParamList> | undefined;
2026-10-06T21:00:57.7866745Z       Templates: undefined;
2026-10-06T21:00:57.7867008Z       Messages: undefined;
2026-10-06T21:00:57.7867416Z       // R27: typed nested nav so navigate('SettingsStack', { screen: 'Billing' })
2026-10-06T21:00:57.7867955Z       // type-checks against SettingsStackParamList. Plain `undefined` left
2026-10-06T21:00:57.7868499Z       // navigate('SettingsStack', ... as never) as the only way to deep-link
2026-10-06T21:00:57.7869020Z       // into a settings sub-screen, which silently broke when names changed.
2026-10-06T21:00:57.7869581Z       SettingsStack: NavigatorScreenParams<SettingsStackParamList> | undefined;
2026-10-06T21:00:57.7869995Z       TeamStack: undefined;
2026-10-06T21:00:57.7870459Z       // Community v1-6 — only present in the param list / tab bar when
2026-10-06T21:00:57.7870998Z       // `featureFlags.coachCommunity` is true (registered conditionally below).
2026-10-06T21:00:57.7871425Z       CommunityStack: undefined;
2026-10-06T21:00:57.7871703Z     };·
2026-10-06T21:00:57.7871961Z     export type ClientsStackParamList = {
2026-10-06T21:00:57.7872268Z       ClientsList: undefined;
2026-10-06T21:00:57.7872671Z       /** initialTab: opens on that tab (the daily brief opens Workouts). */
2026-10-06T21:00:57.7873224Z       ClientDetail: { clientId: string; clientName: string; initialTab?: 'workouts' };
2026-10-06T21:00:57.7873636Z       /**
2026-10-06T21:00:57.7873980Z        * S14 round 3: the coach-only wearable coaching prompts for one client,
2026-10-06T21:00:57.7874466Z        * opened from the client's Health tab. Registered only behind
2026-10-06T21:00:57.7875152Z        * `featureFlags.communityWearablePrompts` (the screen also re-checks the
2026-10-06T21:00:57.7875699Z        * server flag `coach_community_wearable_prompts` and the coach role).
2026-10-06T21:00:57.7876053Z        */
2026-10-06T21:00:57.7876390Z       ClientWearablePrompts: { clientId: string; clientName?: string };
2026-10-06T21:00:57.7876759Z       /**
2026-10-06T21:00:57.7877090Z        * `initialDraft` is consumed by ClientMessagesScreen to prefill the
2026-10-06T21:00:57.7877659Z        * composer — used by Coach AI v1's \"Send check-in\" action on the
2026-10-06T21:00:57.7878156Z        * weekly insight screen. Optional and ignored on screens that don't
2026-10-06T21:00:57.7878515Z        * support it.
2026-10-06T21:00:57.7878723Z        */
2026-10-06T21:00:57.7879101Z       ClientMessages: { clientId: string; clientName: string; initialDraft?: string };
2026-10-06T21:00:57.7879544Z       InviteCodes: undefined;
2026-10-06T21:00:57.7879989Z       RiskBoard: undefined;
2026-10-06T21:00:57.7880345Z       ClientRiskDetail: { userId: string; clientName?: string };
2026-10-06T21:00:57.7880845Z       BloodworkReviewQueue: undefined;
2026-10-06T21:00:57.7881249Z       // Sprint B-2 coach surfaces — closed by this PR.
2026-10-06T21:00:57.7881681Z       CoachMacrosReview:    { clientId: string; clientName: string };
2026-10-06T21:00:57.7882173Z       /** S-REACH: consultation answers, from client detail > Summary. */
2026-10-06T21:00:57.7883025Z       ClientConsultation:   { clientId: string; clientName?: string };
2026-10-06T21:00:57.7883893Z       CoachWorkoutBuilder:  { planId?: string } | undefined;
2026-10-06T21:00:57.7884580Z       CoachMealTemplates:   undefined;
2026-10-06T21:00:57.7885386Z       CoachBulkInvite:      undefined;
2026-10-06T21:00:57.7886346Z       /** Email Pipeline v1 — bulk invite v2 surface (per-recipient delivery). */
2026-10-06T21:00:57.7887151Z       BulkInvite:           undefined;
2026-10-06T21:00:57.7888040Z       /** Email Pipeline v1 — invites list with delivery + resend / revoke. */
2026-10-06T21:00:57.7888789Z       CoachInvites:         undefined;
2026-10-06T21:00:57.7889542Z       /** Concierge Phase 1 — scheduling coach surfaces. */
2026-10-06T21:00:57.7890256Z       CoachAvailabilityEditor:  { coachId: string };
2026-10-06T21:00:57.7890873Z       CoachBookingInbox:        undefined;
2026-10-06T21:00:57.7891762Z       /** S-SCHED — appointment types (create / edit / archive) and time off. */
2026-10-06T21:00:57.7892663Z       CoachAppointmentTypes:    { coachId?: string } | undefined;
2026-10-06T21:00:57.7893477Z       CoachTimeOff:             undefined;
2026-10-06T21:00:57.7894193Z       /** S-AVAIL-122 — the coach's booking options. */
2026-10-06T21:00:57.7895157Z       CoachBookingOptions:      undefined;
2026-10-06T21:00:57.7896281Z       /** M-BCAST-123 — coach broadcasts list and composer (server flag FEATURE_COACH_BROADCASTS). */
2026-10-06T21:00:57.7897194Z       CoachBroadcasts:          undefined;
2026-10-06T21:00:57.7897801Z       CoachBroadcastComposer:   undefined;
2026-10-06T21:00:57.7898622Z       /** M-FEATURED-123 — owner-only featured coach editor. */
2026-10-06T21:00:57.7899342Z       FeaturedCoachEditor:      undefined;
2026-10-06T21:00:57.7900303Z       /** Coach AI v1 — review/edit/approve AI-generated workout program draft. */
2026-10-06T21:00:57.7901370Z       AIWorkoutDraft:  { draftId: string; clientId: string; clientName: string };
2026-10-06T21:00:57.7902487Z       /** Coach AI v1 — review/edit/approve AI-generated meal plan draft. */
2026-10-06T21:00:57.7903454Z       AIMealPlanDraft: { draftId: string; clientId: string; clientName: string };
2026-10-06T21:00:57.7904572Z       /** Coach AI v1 — render an AI-generated weekly insight for a client. */
2026-10-06T21:00:57.7905845Z       ClientInsight:   { draftId: string; clientId: string; clientName: string };
2026-10-06T21:00:57.7906896Z       /** Stream 2 — inbox of pending AI execution drafts (messages,
2026-10-06T21:00:57.7907663Z        *  workouts, meal plans, notifications). */
2026-10-06T21:00:57.7908268Z       PendingAiDrafts: undefined;
2026-10-06T21:00:57.7908790Z       /** Phase 9 — Global notification center. */
2026-10-06T21:00:57.7909150Z       NotificationCenter: undefined;
2026-10-06T21:00:57.7909518Z       /** Phase 9 — Notification preferences. */
2026-10-06T21:00:57.7909855Z       NotificationPreferences: undefined;
2026-10-06T21:00:57.7910407Z       // Phase 8 — Legacy landing — kept so existing navigate('Dashboard') calls resolve.
2026-10-06T21:00:57.7910829Z       Dashboard: undefined;
2026-10-06T21:00:57.7911240Z       /** TestFlight coach SaaS — invite code redeemer drilldown. */
2026-10-06T21:00:57.7911718Z       InviteCodeRedeemers: { inviteCodeId: string; code: string };
2026-10-06T21:00:57.7912065Z       /**
2026-10-06T21:00:57.7912461Z        * iMessage-grade DM — Apple 1.2 compliance contact details surface.
2026-10-06T21:00:57.7913206Z        * Reachable from ClientMessagesScreen header tap.
2026-10-06T21:00:57.7914102Z        */
2026-10-06T21:00:57.7914449Z       ContactView: {
2026-10-06T21:00:57.7915052Z         contactId: string;
2026-10-06T21:00:57.7915450Z         displayName: string;
2026-10-06T21:00:57.7916167Z         role?: 'coach' | 'client' | 'student' | 'other';
2026-10-06T21:00:57.7916748Z         avatarUrl?: string | null;
2026-10-06T21:00:57.7917181Z       };
2026-10-06T21:00:57.7917548Z     };·
2026-10-06T21:00:57.7917909Z     export type SettingsStackParamList = {
2026-10-06T21:00:57.7918392Z       SettingsHome: undefined;
2026-10-06T21:00:57.7918777Z       Billing: undefined;
2026-10-06T21:00:57.7919144Z       TrustCenter: undefined;
2026-10-06T21:00:57.7919804Z       // Wave 11 — runtime scaffolding (flag-gated; safe to mount).
2026-10-06T21:00:57.7920343Z       CoachBrief: undefined;
2026-10-06T21:00:57.7920767Z       AdminControlRoom: undefined;
2026-10-06T21:00:57.7921318Z       // Phase 11 Track 9 — Crisp support inbox.
2026-10-06T21:00:57.7921803Z       SupportInbox: undefined;
2026-10-06T21:00:57.7922742Z       /** Roman P1 chat — coach surface. Registered ONLY behind featureFlags.romanChat (default OFF). */
2026-10-06T21:00:57.7923524Z       RomanChat: undefined;
2026-10-06T21:00:57.7924250Z       // Stage 3 — cross-pillar coach view. Now hosts the full nested navigator.
2026-10-06T21:00:57.7925168Z       BothPillars: undefined;
2026-10-06T21:00:57.7925713Z       // Phase 10 — GDPR right to erasure.
2026-10-06T21:00:57.7926199Z       DeleteAccount: undefined;
2026-10-06T21:00:57.7926773Z       /** Phase 10 — GDPR Article 20 data portability */
2026-10-06T21:00:57.7927314Z       DataExport: undefined;
2026-10-06T21:00:57.7928182Z       /** Importer v0.3 — coach-facing extension import entry (flag-gated, default OFF). */
2026-10-06T21:00:57.7928944Z       ImportData: undefined;
2026-10-06T21:00:57.7929766Z       /** TestFlight coach SaaS — business metrics / Stripe Connect surface. */
2026-10-06T21:00:57.7930707Z       /** Retired: redirects to CoachMoney (Business metrics live in Money). */
2026-10-06T21:00:57.7931442Z       CoachBusinessMetrics: undefined;
2026-10-06T21:00:57.7932242Z       /** TestFlight coach SaaS — team/gym profile and team code. */
2026-10-06T21:00:57.7932929Z       CoachTeamProfile: undefined;
2026-10-06T21:00:57.7933651Z       // Payments — Stripe Connect + coach package marketplace.
2026-10-06T21:00:57.7934294Z       CoachConnect: undefined;
2026-10-06T21:00:57.7935391Z       /** S-COACH — wizard \"Get paid\" / \"Invite\" steps, reachable after setup. */
2026-10-06T21:00:57.7936240Z       CoachSetup: { section: 'get_paid' | 'invite' } | undefined;
2026-10-06T21:00:57.7936462Z       CoachPackagesList: undefined;
2026-10-06T21:00:57.7936760Z       CoachPackageEdit: { packageId: string | null };
2026-10-06T21:00:57.7937149Z       CoachPackageSubscribers: { packageId: string; title: string };
2026-10-06T21:00:57.7937591Z       /** PR-17 M2 — coach package content-authoring screen. */
2026-10-06T21:00:57.7937965Z       CoachPackageContents: { packageId: string; title?: string };
2026-10-06T21:00:57.7938649Z       /** Payments — earnings, payout readiness, reconciliation, refunds (backend PR #216). */
2026-10-06T21:00:57.7938977Z       /** Retired: redirects to CoachMoney (S-COACH-MOB-2). */
2026-10-06T21:00:57.7939190Z       CoachEarnings: undefined;
2026-10-06T21:00:57.7939652Z       /** TGP Money (Home card -> Money page). `from: \"home\"`: Back returns to Home. */
2026-10-06T21:00:57.7939917Z       CoachMoney: { from?: \"home\" } | undefined;
2026-10-06T21:00:57.7940259Z       CoachMoneyCharges: { filter?: ChargeFilter } | undefined;
2026-10-06T21:00:57.7940520Z       CoachMoneyCharge: { chargeId: string };
2026-10-06T21:00:57.7941041Z       /** iMessage-grade DM — manage blocked users from coach Settings. */
2026-10-06T21:00:57.7941236Z       BlockedUsers: undefined;
2026-10-06T21:00:57.7941808Z       /** Your conversations with Roman: list, open, delete (backend #635). Not behind the Roman chat flag. */
2026-10-06T21:00:57.7942012Z       RomanConversations: undefined;
2026-10-06T21:00:57.7942505Z       RomanConversation: RomanConversationParams;
2026-10-06T21:00:57.7942970Z       /** Stream 1 — AI credit-pack checkout. `preselect` lets callers route
2026-10-06T21:00:57.7943495Z        *  the coach into a pre-selected tier or the custom-amount flow. */
2026-10-06T21:00:57.7943872Z       CreditPackCheckout: { preselect?: number | 'custom' } | undefined;
2026-10-06T21:00:57.7944038Z     };·
2026-10-06T21:00:57.7944426Z     /** Phase 11 / Track 7 — team management stack param list. */
2026-10-06T21:00:57.7944892Z     export type TeamStackParamList = {
2026-10-06T21:00:57.7945105Z       TeamManagement: undefined;
2026-10-06T21:00:57.7945447Z       SubCoachDetail: { subCoachId: string; subCoachName: string };
2026-10-06T21:00:57.7945898Z       ClientReassign: { clientId: string; clientName: string; fromSubCoachId: string };
2026-10-06T21:00:57.7946061Z     };·
2026-10-06T21:00:57.7946396Z     const Tab = createBottomTabNavigator<CoachTabParamList>();
2026-10-06T21:00:57.7946824Z     const ClientsStack = createNativeStackNavigator<ClientsStackParamList>();
2026-10-06T21:00:57.7947299Z     const SettingsStack = createNativeStackNavigator<SettingsStackParamList>();
2026-10-06T21:00:57.7947822Z     const TeamStack = createNativeStackNavigator<TeamStackParamList>();·
2026-10-06T21:00:57.7948399Z     // ─── Phase 9: unread count polling for the coach bell icon ───────────────────·
2026-10-06T21:00:57.7948712Z     function useCoachNotificationUnreadCount(): number {
2026-10-06T21:00:57.7948927Z       const [count, setCount] = useState(0);
2026-10-06T21:00:57.7949074Z       useEffect(() => {
2026-10-06T21:00:57.7949227Z         let mounted = true;
2026-10-06T21:00:57.7949429Z         const refresh = async () => {
2026-10-06T21:00:57.7949571Z           try {
2026-10-06T21:00:57.7949802Z             const n = await fetchUnreadCount();
2026-10-06T21:00:57.7949989Z             if (mounted) setCount(n);
2026-10-06T21:00:57.7950148Z           } catch (err) {
2026-10-06T21:00:57.7950586Z             // Non-fatal: the badge keeps its prior count until the next poll. Never
2026-10-06T21:00:57.7951061Z             // swallow silently (Law #36) — log so the failure is observable.
2026-10-06T21:00:57.7951453Z             logger.warn('coach.notifications.unread_count_refresh', { err });
2026-10-06T21:00:57.7951587Z           }
2026-10-06T21:00:57.7951723Z         };
2026-10-06T21:00:57.7951865Z         refresh();
2026-10-06T21:00:57.7952148Z         const interval = setInterval(refresh, 30000);
2026-10-06T21:00:57.7952539Z         const sub = AppState.addEventListener('change', (state) => {
2026-10-06T21:00:57.7952772Z           if (state === 'active') refresh();
2026-10-06T21:00:57.7952921Z         });
2026-10-06T21:00:57.7953084Z         return () => {
2026-10-06T21:00:57.7953255Z           mounted = false;
2026-10-06T21:00:57.7953471Z           clearInterval(interval);
2026-10-06T21:00:57.7953639Z           sub.remove();
2026-10-06T21:00:57.7953788Z         };
2026-10-06T21:00:57.7953928Z       }, []);
2026-10-06T21:00:57.7954101Z       return count;
2026-10-06T21:00:57.7954281Z     }·
2026-10-06T21:00:57.7954518Z     function ClientsStackNavigator() {
2026-10-06T21:00:57.7955127Z       const notifUnread = useCoachNotificationUnreadCount();
2026-10-06T21:00:57.7955294Z       return (
2026-10-06T21:00:57.7955512Z         <ClientsStack.Navigator
2026-10-06T21:00:57.7955765Z           screenOptions={({ navigation }) => ({
2026-10-06T21:00:57.7955966Z             headerShown: false,
2026-10-06T21:00:57.7956315Z             contentStyle: { backgroundColor: Colors.background },
2026-10-06T21:00:57.7956667Z             // Phase 9: bell icon in every screen in the Clients stack.
2026-10-06T21:00:57.7956861Z             headerRight: () => (
2026-10-06T21:00:57.7957042Z               <TouchableOpacity
2026-10-06T21:00:57.7957383Z                 onPress={() => navigation.navigate('NotificationCenter')}
2026-10-06T21:00:57.7957589Z                 style={styles.bellButton}
2026-10-06T21:00:57.7957798Z                 accessibilityRole=\"button\"
2026-10-06T21:00:57.7958244Z                 accessibilityLabel={
2026-10-06T21:00:57.7958460Z                   notifUnread > 0
2026-10-06T21:00:57.7958909Z                     ? `Notifications, ${notifUnread > 99 ? '99+' : notifUnread} unread`
2026-10-06T21:00:57.7959052Z                     : 'Notifications'
2026-10-06T21:00:57.7959143Z                 }
2026-10-06T21:00:57.7959226Z               >
2026-10-06T21:00:57.7959375Z                 <View style={styles.bellWrap}>
2026-10-06T21:00:57.7959694Z                   <Ionicons name=\"notifications-outline\" size={24} color={Colors.textPrimary} />
2026-10-06T21:00:57.7959865Z                   <NotificationBadge count={notifUnread} />
2026-10-06T21:00:57.7959963Z                 </View>
2026-10-06T21:00:57.7960088Z               </TouchableOpacity>
2026-10-06T21:00:57.7960175Z             ),
2026-10-06T21:00:57.7960255Z           })}
2026-10-06T21:00:57.7960340Z         >
2026-10-06T21:00:57.7960633Z           <ClientsStack.Screen name=\"ClientsList\"       component={ClientsListScreen} />
2026-10-06T21:00:57.7960930Z           <ClientsStack.Screen name=\"ClientDetail\"      component={ClientDetailScreen} />
2026-10-06T21:00:57.7961108Z           {featureFlags.communityWearablePrompts ? (
2026-10-06T21:00:57.7961231Z             <ClientsStack.Screen
2026-10-06T21:00:57.7961375Z               name=\"ClientWearablePrompts\"
2026-10-06T21:00:57.7961547Z               component={CommunityWearablePromptsScreen}
2026-10-06T21:00:57.7961688Z               options={{ headerShown: false }}
2026-10-06T21:00:57.7961772Z             />
2026-10-06T21:00:57.7961856Z           ) : null}
2026-10-06T21:00:57.7962170Z           <ClientsStack.Screen name=\"ClientMessages\"    component={ClientMessagesScreen} />
2026-10-06T21:00:57.7962445Z           <ClientsStack.Screen name=\"InviteCodes\"       component={CoachCodesEntry} />
2026-10-06T21:00:57.7962712Z           <ClientsStack.Screen name=\"RiskBoard\"         component={RiskBoardScreen} />
2026-10-06T21:00:57.7963022Z           <ClientsStack.Screen name=\"ClientRiskDetail\"  component={ClientRiskDetailScreen} />
2026-10-06T21:00:57.7963284Z           {/* Lab review: personal training only, no lab surfaces in v1.0. Registered
2026-10-06T21:00:57.7963545Z               only behind featureFlags.bloodwork (OFF), like the client entry. */}
2026-10-06T21:00:57.7963779Z           {featureFlags.bloodwork && (
2026-10-06T21:00:57.7964415Z             <ClientsStack.Screen name=\"BloodworkReviewQueue\" component={BloodworkReviewQueueScreen} />
2026-10-06T21:00:57.7964570Z           )}
2026-10-06T21:00:57.7965214Z           {/* Phase 8: legacy CoachHomeScreen demoted to sub-screen so existing
2026-10-06T21:00:57.7965623Z               navigate('Dashboard') deep links keep resolving. The home tab is
2026-10-06T21:00:57.7965829Z               now CommandCenter. */}
2026-10-06T21:00:57.7966329Z           <ClientsStack.Screen name=\"Dashboard\"         component={CoachHomeScreen} />
2026-10-06T21:00:57.7966915Z           {/* Sprint B-2 final wave — register coach surfaces under
2026-10-06T21:00:57.7967336Z               ClientsStack so navigation.navigate('CoachMacrosReview', {...})
2026-10-06T21:00:57.7967729Z               works from ClientDetailScreen and ClientsListScreen. */}
2026-10-06T21:00:57.7967946Z           <ClientsStack.Screen
2026-10-06T21:00:57.7968171Z             name=\"CoachMacrosReview\"
2026-10-06T21:00:57.7968443Z             component={CoachMacrosReviewScreen}
2026-10-06T21:00:57.7968594Z           />
2026-10-06T21:00:57.7969116Z           {/* S-REACH: consultation answers (GET /coach/clients/:clientId/consultation). */}
2026-10-06T21:00:57.7969324Z           <ClientsStack.Screen
2026-10-06T21:00:57.7969547Z             name=\"ClientConsultation\"
2026-10-06T21:00:57.7969819Z             component={ClientConsultationScreen}
2026-10-06T21:00:57.7970331Z             options={{ headerShown: true, title: 'Consultation', headerBackTitle: 'Back' }}
2026-10-06T21:00:57.7970482Z           />
2026-10-06T21:00:57.7970924Z           <ClientsStack.Screen
2026-10-06T21:00:57.7971159Z             name=\"CoachWorkoutBuilder\"
2026-10-06T21:00:57.7971441Z             component={CoachWorkoutBuilderScreen}
2026-10-06T21:00:57.7971785Z           />
2026-10-06T21:00:57.7971946Z           <ClientsStack.Screen
2026-10-06T21:00:57.7972090Z             name=\"CoachMealTemplates\"
2026-10-06T21:00:57.7972241Z             component={CoachMealTemplatesScreen}
2026-10-06T21:00:57.7972327Z           />
2026-10-06T21:00:57.7972447Z           <ClientsStack.Screen
2026-10-06T21:00:57.7972567Z             name=\"CoachBulkInvite\"
2026-10-06T21:00:57.7972716Z             component={CoachBulkInviteScreen}
2026-10-06T21:00:57.7972805Z           />
2026-10-06T21:00:57.7973149Z           {/* Email Pipeline v1 — v2 bulk invite surface + invites list. */}
2026-10-06T21:00:57.7973262Z           <ClientsStack.Screen
2026-10-06T21:00:57.7973380Z             name=\"BulkInvite\"
2026-10-06T21:00:57.7973512Z             component={BulkInviteScreen}
2026-10-06T21:00:57.7973599Z           />
2026-10-06T21:00:57.7973714Z           <ClientsStack.Screen
2026-10-06T21:00:57.7973840Z             name=\"CoachInvites\"
2026-10-06T21:00:57.7973983Z             component={CoachInvitesScreen}
2026-10-06T21:00:57.7974062Z           />
2026-10-06T21:00:57.7974306Z           {/* Concierge Phase 1 — scheduling coach surfaces. */}
2026-10-06T21:00:57.7974424Z           <ClientsStack.Screen
2026-10-06T21:00:57.7974563Z             name=\"CoachAvailabilityEditor\"
2026-10-06T21:00:57.7975049Z             component={CoachAvailabilityEditorScreen}
2026-10-06T21:00:57.7975144Z           />
2026-10-06T21:00:57.7975258Z           <ClientsStack.Screen
2026-10-06T21:00:57.7975391Z             name=\"CoachBookingInbox\"
2026-10-06T21:00:57.7975547Z             component={CoachBookingInboxScreen}
2026-10-06T21:00:57.7975638Z           />
2026-10-06T21:00:57.7975751Z           <ClientsStack.Screen
2026-10-06T21:00:57.7975892Z             name=\"CoachAppointmentTypes\"
2026-10-06T21:00:57.7976061Z             component={CoachAppointmentTypesScreen}
2026-10-06T21:00:57.7976141Z           />
2026-10-06T21:00:57.7976258Z           <ClientsStack.Screen
2026-10-06T21:00:57.7976382Z             name=\"CoachTimeOff\"
2026-10-06T21:00:57.7976517Z             component={CoachTimeOffScreen}
2026-10-06T21:00:57.7976596Z           />
2026-10-06T21:00:57.7976712Z           <ClientsStack.Screen
2026-10-06T21:00:57.7976842Z             name=\"CoachBookingOptions\"
2026-10-06T21:00:57.7976989Z             component={CoachBookingOptionsScreen}
2026-10-06T21:00:57.7977078Z           />
2026-10-06T21:00:57.7977197Z           <ClientsStack.Screen
2026-10-06T21:00:57.7977325Z             name=\"FeaturedCoachEditor\"
2026-10-06T21:00:57.7977467Z             component={FeaturedCoachEditorScreen}
2026-10-06T21:00:57.7977760Z             options={{ headerShown: true, title: 'Featured coach', headerBackTitle: 'Back' }}
2026-10-06T21:00:57.7977843Z           />
2026-10-06T21:00:57.7978257Z           {/* M-BCAST-123 — broadcasts; the Messages entry shows only when the server offers them. */}
2026-10-06T21:00:57.7978378Z           <ClientsStack.Screen
2026-10-06T21:00:57.7978509Z             name=\"CoachBroadcasts\"
2026-10-06T21:00:57.7978653Z             component={CoachBroadcastsScreen}
2026-10-06T21:00:57.7978921Z             options={{ headerShown: true, title: 'Broadcasts', headerBackTitle: 'Back' }}
2026-10-06T21:00:57.7979006Z           />
2026-10-06T21:00:57.7979120Z           <ClientsStack.Screen
2026-10-06T21:00:57.7979251Z             name=\"CoachBroadcastComposer\"
2026-10-06T21:00:57.7979400Z             component={BroadcastComposerScreen}
2026-10-06T21:00:57.7979677Z             options={{ headerShown: true, title: 'New broadcast', headerBackTitle: 'Back' }}
2026-10-06T21:00:57.7979763Z           />
2026-10-06T21:00:57.7980136Z           {/* Coach AI v1 — companion routes for the per-client generate/edit/approve flow. */}
2026-10-06T21:00:57.7980255Z           <ClientsStack.Screen
2026-10-06T21:00:57.7980535Z             name=\"AIWorkoutDraft\"
2026-10-06T21:00:57.7980670Z             component={AIWorkoutDraftScreen}
2026-10-06T21:00:57.7980755Z           />
2026-10-06T21:00:57.7980978Z           <ClientsStack.Screen
2026-10-06T21:00:57.7981109Z             name=\"AIMealPlanDraft\"
2026-10-06T21:00:57.7981251Z             component={AIMealPlanDraftScreen}
2026-10-06T21:00:57.7981341Z           />
2026-10-06T21:00:57.7981456Z           <ClientsStack.Screen
2026-10-06T21:00:57.7981577Z             name=\"ClientInsight\"
2026-10-06T21:00:57.7981708Z             component={ClientInsightScreen}
2026-10-06T21:00:57.7981794Z           />
2026-10-06T21:00:57.7982038Z           {/* Stream 2 — pending AI execution drafts inbox. */}
2026-10-06T21:00:57.7982148Z           <ClientsStack.Screen
2026-10-06T21:00:57.7982272Z             name=\"PendingAiDrafts\"
2026-10-06T21:00:57.7982417Z             component={PendingAiDraftsScreen}
2026-10-06T21:00:57.7982504Z           />
2026-10-06T21:00:57.7982705Z           {/* Phase 9 — Notification center screens */}
2026-10-06T21:00:57.7982825Z           <ClientsStack.Screen
2026-10-06T21:00:57.7982955Z             name=\"NotificationCenter\"
2026-10-06T21:00:57.7983101Z             component={NotificationCenterScreen}
2026-10-06T21:00:57.7983237Z             options={{ headerShown: false }}
2026-10-06T21:00:57.7983331Z           />
2026-10-06T21:00:57.7983449Z           <ClientsStack.Screen
2026-10-06T21:00:57.7983583Z             name=\"NotificationPreferences\"
2026-10-06T21:00:57.7983751Z             component={NotificationPreferencesScreen}
2026-10-06T21:00:57.7983883Z             options={{ headerShown: false }}
2026-10-06T21:00:57.7983963Z           />
2026-10-06T21:00:57.7984243Z           {/* TestFlight coach SaaS — invite code redeemer drilldown. */}
2026-10-06T21:00:57.7984358Z           <ClientsStack.Screen
2026-10-06T21:00:57.7984488Z             name=\"InviteCodeRedeemers\"
2026-10-06T21:00:57.7984892Z             component={InviteCodeRedeemersScreen}
2026-10-06T21:00:57.7985000Z           />
2026-10-06T21:00:57.7985294Z           {/* iMessage-grade DM — Apple 1.2 contact details surface. */}
2026-10-06T21:00:57.7985550Z           <ClientsStack.Screen name=\"ContactView\" component={ContactView} />
2026-10-06T21:00:57.7985679Z         </ClientsStack.Navigator>
2026-10-06T21:00:57.7985766Z       );
2026-10-06T21:00:57.7985868Z     }·
2026-10-06T21:00:57.7985999Z     function SettingsStackNavigator() {
2026-10-06T21:00:57.7986091Z       return (
2026-10-06T21:00:57.7986213Z         <SettingsStack.Navigator
2026-10-06T21:00:57.7986307Z           screenOptions={{
2026-10-06T21:00:57.7986427Z             headerShown: false,
2026-10-06T21:00:57.7986625Z             contentStyle: { backgroundColor: Colors.background },
2026-10-06T21:00:57.7986711Z           }}
2026-10-06T21:00:57.7986791Z         >
2026-10-06T21:00:57.7987062Z           <SettingsStack.Screen name=\"SettingsHome\" component={SettingsScreen} />
2026-10-06T21:00:57.7987335Z           <SettingsStack.Screen name=\"Billing\"      component={CoachBillingScreen} />
2026-10-06T21:00:57.7987604Z           <SettingsStack.Screen name=\"TrustCenter\"  component={TrustCenterScreen} />
2026-10-06T21:00:57.7987906Z           {/* Wave 11 — gated routes. Only registered when the matching feature
2026-10-06T21:00:57.7988143Z               flag is explicitly true, so stub/coming-soon surfaces never reach
2026-10-06T21:00:57.7988276Z               production binaries. */}
2026-10-06T21:00:57.7988403Z           {featureFlags.coachBrief && (
2026-10-06T21:00:57.7988668Z             <SettingsStack.Screen name=\"CoachBrief\" component={CoachBriefScreen} />
2026-10-06T21:00:57.7988755Z           )}
2026-10-06T21:00:57.7988898Z           {featureFlags.adminControlRoom && (
2026-10-06T21:00:57.7989218Z             <SettingsStack.Screen name=\"AdminControlRoom\" component={AdminControlRoomScreen} />
2026-10-06T21:00:57.7989304Z           )}
2026-10-06T21:00:57.7989569Z           {/* Roman P1 chat (coach surface). Only registered when featureFlags.romanChat
2026-10-06T21:00:57.7989954Z               is explicitly true (default OFF). surface='coach' is fixed here so the
2026-10-06T21:00:57.7990306Z               backend @IsIn(ROMAN_SURFACES) value is never guessed client-side. */}
2026-10-06T21:00:57.7990460Z           {featureFlags.romanChat && (
2026-10-06T21:00:57.7990621Z             <SettingsStack.Screen name=\"RomanChat\">
2026-10-06T21:00:57.7990790Z               {() => <RomanChatScreen surface=\"coach\" />}
2026-10-06T21:00:57.7990915Z             </SettingsStack.Screen>
2026-10-06T21:00:57.7991002Z           )}
2026-10-06T21:00:57.7991195Z           {/* Phase 11 Track 9 — Support Inbox */}
2026-10-06T21:00:57.7991479Z           <SettingsStack.Screen name=\"SupportInbox\" component={SupportInboxScreen} />
2026-10-06T21:00:57.7991749Z           {/* Stage 3 — cross-pillar federated coach surface. The nested
2026-10-06T21:00:57.7991983Z               navigator handles practice-selection, dashboard, roster, detail,
2026-10-06T21:00:57.7992195Z               messages, and assignments under one settings entry. */}
2026-10-06T21:00:57.7992480Z           <SettingsStack.Screen name=\"BothPillars\" component={CrossPillarNavigator} />
2026-10-06T21:00:57.7992680Z           {/* Phase 10 — GDPR right to erasure. */}
2026-10-06T21:00:57.7992960Z           <SettingsStack.Screen name=\"DeleteAccount\" component={DeleteAccountScreen} />
2026-10-06T21:00:57.7993201Z           {/* Roman chat history (backend #635): always registered, like the backend
2026-10-06T21:00:57.7993450Z               routes, so finding and deleting chats never depends on the chat flag. */}
2026-10-06T21:00:57.7993782Z           <SettingsStack.Screen name=\"RomanConversations\" component={RomanConversationsScreen} />
2026-10-06T21:00:57.7994094Z           <SettingsStack.Screen name=\"RomanConversation\" component={RomanConversationScreen} />
2026-10-06T21:00:57.7994318Z           {/* Phase 10 — GDPR Article 20 data portability */}
2026-10-06T21:00:57.7994578Z           <SettingsStack.Screen name=\"DataExport\" component={DataExportScreen} />
2026-10-06T21:00:57.7995253Z           {/* Importer v0.3 — coach-facing extension import entry. Registered ONLY
2026-10-06T21:00:57.7995492Z               when featureFlags.extensionImport is true (default OFF). */}
2026-10-06T21:00:57.7995643Z           {featureFlags.extensionImport && (
2026-10-06T21:00:57.7995910Z             <SettingsStack.Screen name=\"ImportData\" component={ImportDataScreen} />
2026-10-06T21:00:57.7995995Z           )}
2026-10-06T21:00:57.7996290Z           {/* S-COACH-MOB-2 — Business metrics folded into Money; the old route
2026-10-06T21:00:57.7996508Z               redirects so every existing entry point lands on Money. */}
2026-10-06T21:00:57.7996630Z           <SettingsStack.Screen
2026-10-06T21:00:57.7996759Z             name=\"CoachBusinessMetrics\"
2026-10-06T21:00:57.7996890Z             component={MoneyRedirect}
2026-10-06T21:00:57.7996974Z           />
2026-10-06T21:00:57.7997258Z           {/* TestFlight coach SaaS — team / gym / organization profile. */}
2026-10-06T21:00:57.7997379Z           <SettingsStack.Screen
2026-10-06T21:00:57.7997502Z             name=\"CoachTeamProfile\"
2026-10-06T21:00:57.7997655Z             component={CoachTeamProfileScreen}
2026-10-06T21:00:57.7997735Z           />
2026-10-06T21:00:57.7997980Z           {/* Payments — Connect, packages, subscribers, earnings.
2026-10-06T21:00:57.7998272Z               Package CRUD lives in the CoachPackagesList → CoachPackageEdit →
2026-10-06T21:00:57.7998439Z               CoachPackageSubscribers family below. */}
2026-10-06T21:00:57.7998707Z           <SettingsStack.Screen name=\"CoachConnect\" component={CoachConnectScreen} />
2026-10-06T21:00:57.7998969Z           <SettingsStack.Screen name=\"CoachSetup\" component={CoachSetupScreen} />
2026-10-06T21:00:57.7999285Z           <SettingsStack.Screen name=\"CoachPackagesList\" component={CoachPackagesListScreen} />
2026-10-06T21:00:57.7999591Z           <SettingsStack.Screen name=\"CoachPackageEdit\" component={CoachPackageEditScreen} />
2026-10-06T21:00:57.7999857Z           <SettingsStack.Screen
2026-10-06T21:00:57.8000001Z             name=\"CoachPackageSubscribers\"
2026-10-06T21:00:57.8000273Z             component={CoachPackageSubscribersScreen}
2026-10-06T21:00:57.8000357Z           />
2026-10-06T21:00:57.8000681Z           {/* PR-17 M2 — content-authoring screen, reached from CoachPackageEdit. */}
2026-10-06T21:00:57.8000801Z           <SettingsStack.Screen
2026-10-06T21:00:57.8000937Z             name=\"CoachPackageContents\"
2026-10-06T21:00:57.8001089Z             component={CoachPackageContentsScreen}
2026-10-06T21:00:57.8001174Z           />
2026-10-06T21:00:57.8001457Z           {/* S-COACH-MOB-2 — TGP Money replaces the retired Earnings screen
2026-10-06T21:00:57.8001657Z               (which called six routes that never shipped). The old route
2026-10-06T21:00:57.8001785Z               redirects to Money. */}
2026-10-06T21:00:57.8002026Z           <SettingsStack.Screen name=\"CoachMoney\" component={MoneyScreen} />
2026-10-06T21:00:57.8002153Z           <SettingsStack.Screen
2026-10-06T21:00:57.8002275Z             name=\"CoachMoneyCharges\"
2026-10-06T21:00:57.8002417Z             component={MoneyChargesScreen}
2026-10-06T21:00:57.8002506Z           />
2026-10-06T21:00:57.8002616Z           <SettingsStack.Screen
2026-10-06T21:00:57.8002739Z             name=\"CoachMoneyCharge\"
2026-10-06T21:00:57.8002870Z             component={MoneyChargeScreen}
2026-10-06T21:00:57.8002955Z           />
2026-10-06T21:00:57.8003066Z           <SettingsStack.Screen
2026-10-06T21:00:57.8003186Z             name=\"CoachEarnings\"
2026-10-06T21:00:57.8003309Z             component={MoneyRedirect}
2026-10-06T21:00:57.8003390Z           />
2026-10-06T21:00:57.8003708Z           {/* iMessage-grade DM — Apple 1.2 compliance blocked-users management. */}
2026-10-06T21:00:57.8003981Z           <SettingsStack.Screen name=\"BlockedUsers\" component={BlockedUsersScreen} />
2026-10-06T21:00:57.8004332Z           {/* Stream 1 — AI credit pack checkout (Stripe webview). Gated on iOS (non-P2P). */}
2026-10-06T21:00:57.8004447Z           <SettingsStack.Screen
2026-10-06T21:00:57.8004576Z             name=\"CreditPackCheckout\"
2026-10-06T21:00:57.8005039Z             component={GatedCreditPackCheckoutScreen}
2026-10-06T21:00:57.8005135Z           />
2026-10-06T21:00:57.8005265Z         </SettingsStack.Navigator>
2026-10-06T21:00:57.8005350Z       );
2026-10-06T21:00:57.8005460Z     }·
2026-10-06T21:00:57.8005543Z     /**
2026-10-06T21:00:57.8005653Z      * TeamStackNavigator
2026-10-06T21:00:57.8005736Z      *
2026-10-06T21:00:57.8005993Z      * Phase 11 / Track 7. Scale+ tier gate is enforced inside TeamManagementScreen
2026-10-06T21:00:57.8006291Z      * so it is safe to mount for all coaches — non-Scale coaches see an upgrade
2026-10-06T21:00:57.8006422Z      * prompt rather than the roster.
2026-10-06T21:00:57.8006508Z      */
2026-10-06T21:00:57.8006633Z     function TeamStackNavigator() {
2026-10-06T21:00:57.8006721Z       return (
2026-10-06T21:00:57.8006832Z         <TeamStack.Navigator
2026-10-06T21:00:57.8006928Z           screenOptions={{
2026-10-06T21:00:57.8007043Z             headerShown: false,
2026-10-06T21:00:57.8007248Z             contentStyle: { backgroundColor: Colors.background },
2026-10-06T21:00:57.8007330Z           }}
2026-10-06T21:00:57.8007416Z         >
2026-10-06T21:00:57.8007689Z           <TeamStack.Screen name=\"TeamManagement\" component={TeamManagementScreen} />
2026-10-06T21:00:57.8007960Z           <TeamStack.Screen name=\"SubCoachDetail\" component={SubCoachDetailScreen} />
2026-10-06T21:00:57.8008051Z           <TeamStack.Screen
2026-10-06T21:00:57.8008170Z             name=\"ClientReassign\"
2026-10-06T21:00:57.8008307Z             component={ClientReassignModal}
2026-10-06T21:00:57.8008444Z             options={{ presentation: 'modal' }}
2026-10-06T21:00:57.8008527Z           />
2026-10-06T21:00:57.8008644Z         </TeamStack.Navigator>
2026-10-06T21:00:57.8008727Z       );
2026-10-06T21:00:57.8008959Z     }·
2026-10-06T21:00:57.8009115Z     function useCoachUnreadPolling(): number {
2026-10-06T21:00:57.8009256Z       const [total, setTotal] = useState(0);
2026-10-06T21:00:57.8009495Z       useEffect(() => {
2026-10-06T21:00:57.8009597Z         let mounted = true;
2026-10-06T21:00:57.8009723Z         const refresh = async () => {
2026-10-06T21:00:57.8009811Z           try {
2026-10-06T21:00:57.8009980Z             const res = await coachApi.getUnreadCounts();
2026-10-06T21:00:57.8010097Z             if (!mounted) return;
2026-10-06T21:00:57.8010244Z             setTotal(Number(res.data?.total ?? 0));
2026-10-06T21:00:57.8010333Z           } catch (err) {
2026-10-06T21:00:57.8010567Z             // Non-fatal: the unread total holds and the next 30s tick retries.
2026-10-06T21:00:57.8010875Z             // Never swallow silently (Law #36) — log so the failure is observable.
2026-10-06T21:00:57.8011120Z             logger.warn('coach.notifications.unread_polling_refresh', { err });
2026-10-06T21:00:57.8011206Z           }
2026-10-06T21:00:57.8011294Z         };
2026-10-06T21:00:57.8011386Z         refresh();
2026-10-06T21:00:57.8011523Z         const id = setInterval(refresh, 30000);
2026-10-06T21:00:57.8011743Z         const sub = AppState.addEventListener('change', (state) => {
2026-10-06T21:00:57.8011877Z           if (state === 'active') refresh();
2026-10-06T21:00:57.8011960Z         });
2026-10-06T21:00:57.8012047Z         return () => {
2026-10-06T21:00:57.8012143Z           mounted = false;
2026-10-06T21:00:57.8012242Z           clearInterval(id);
2026-10-06T21:00:57.8012328Z           sub.remove();
2026-10-06T21:00:57.8012497Z         };
2026-10-06T21:00:57.8012649Z       }, []);
2026-10-06T21:00:57.8012804Z       return total;
2026-10-06T21:00:57.8012969Z     }·
2026-10-06T21:00:57.8013214Z     export default function CoachNavigator() {
2026-10-06T21:00:57.8013486Z       const unreadCount = useCoachUnreadPolling();
2026-10-06T21:00:57.8013918Z       // P0-1: TeamStack must only mount for head coaches. Sub-coaches who land
2026-10-06T21:00:57.8014375Z       // on team-management surfaces hit `/sub-coaches` 403s the screen treats as
2026-10-06T21:00:57.8015143Z       // a permanent retry-error — a feature they don't own. The hook fails
2026-10-06T21:00:57.8015593Z       // closed (returns 'unknown' until a positive head-coach signal), so the
2026-10-06T21:00:57.8016000Z       // tab disappears for sub-coaches and during the initial resolution
2026-10-06T21:00:57.8016167Z       // window.
2026-10-06T21:00:57.8016440Z       const coachRoleType = useCoachRoleType();
2026-10-06T21:00:57.8016751Z       const showTeamTab = coachRoleType === 'head_coach';
2026-10-06T21:00:57.8017161Z       // Audit P0: while the Command Center API still ships only mock data
2026-10-06T21:00:57.8017599Z       // (__USING_MOCK_DATA driven by EXPO_PUBLIC_USE_MOCK_COMMAND_CENTER), the
2026-10-06T21:00:57.8018035Z       // initial tab for a real coach is ClientsStack. Mock-mode builds (demo,
2026-10-06T21:00:57.8018376Z       // screenshots) keep the CommandCenter landing surface.
2026-10-06T21:00:57.8018846Z       const initialTab = __USING_MOCK_DATA ? 'CommandCenter' : 'ClientsStack';
2026-10-06T21:00:57.8019007Z       return (
2026-10-06T21:00:57.8019202Z         <FirstPaymentWowHost>
2026-10-06T21:00:57.8019379Z         <Tab.Navigator
2026-10-06T21:00:57.8019624Z           initialRouteName={initialTab}
2026-10-06T21:00:57.8019805Z           screenOptions={{
2026-10-06T21:00:57.8020013Z             headerShown: false,
2026-10-06T21:00:57.8020302Z             tabBarActiveTintColor: Colors.primary,
2026-10-06T21:00:57.8020608Z             tabBarInactiveTintColor: Colors.textMuted,
2026-10-06T21:00:57.8020775Z             tabBarStyle: {
2026-10-06T21:00:57.8021037Z               backgroundColor: Colors.surface,
2026-10-06T21:00:57.8021291Z               borderTopColor: Colors.border,
2026-10-06T21:00:57.8021505Z               borderTopWidth: 1,
2026-10-06T21:00:57.8021712Z               paddingBottom: 4,
2026-10-06T21:00:57.8021885Z               paddingTop: 4,
2026-10-06T21:00:57.8022270Z               height: 60,
2026-10-06T21:00:57.8022414Z             },
2026-10-06T21:00:57.8022618Z             tabBarLabelStyle: {
2026-10-06T21:00:57.8022924Z               fontSize: 10,
2026-10-06T21:00:57.8023138Z               fontWeight: '600',
2026-10-06T21:00:57.8023279Z             },
2026-10-06T21:00:57.8023428Z           }}
2026-10-06T21:00:57.8023571Z         >
2026-10-06T21:00:57.8023877Z           {/* Phase 8: Command Center is the new home tab. */}
2026-10-06T21:00:57.8024037Z           <Tab.Screen
2026-10-06T21:00:57.8024253Z             name=\"CommandCenter\"
2026-10-06T21:00:57.8024494Z             component={CommandCenterScreen}
2026-10-06T21:00:57.8024897Z             options={{
2026-10-06T21:00:57.8025145Z               tabBarLabel: 'Overview',
2026-10-06T21:00:57.8025403Z               tabBarIcon: ({ color, size }) => (
2026-10-06T21:00:57.8025791Z                 <Ionicons name=\"grid-outline\" size={size} color={color} />
2026-10-06T21:00:57.8025961Z               ),
2026-10-06T21:00:57.8026110Z             }}
2026-10-06T21:00:57.8026250Z           />
2026-10-06T21:00:57.8026408Z           <Tab.Screen
2026-10-06T21:00:57.8026635Z             name=\"ClientsStack\"
2026-10-06T21:00:57.8026884Z             component={ClientsStackNavigator}
2026-10-06T21:00:57.8027041Z             options={{
2026-10-06T21:00:57.8027269Z               tabBarLabel: 'Clients',
2026-10-06T21:00:57.8027518Z               tabBarIcon: ({ color, size }) => (
2026-10-06T21:00:57.8027856Z                 <Ionicons name=\"people\" size={size} color={color} />
2026-10-06T21:00:57.8028000Z               ),
2026-10-06T21:00:57.8028149Z             }}
2026-10-06T21:00:57.8028290Z           />
2026-10-06T21:00:57.8028919Z           {/* S-MWB — EXPO_PUBLIC_FF_MWB_PROGRAMS: the Programs library (build once,
2026-10-06T21:00:57.8029350Z               assign to many, add to packages) replaces the hard-coded Templates
2026-10-06T21:00:57.8029803Z               tab. The route name stays \"Templates\" so existing links keep working;
2026-10-06T21:00:57.8030141Z               flag off renders the legacy screen unchanged. */}
2026-10-06T21:00:57.8030302Z           <Tab.Screen
2026-10-06T21:00:57.8030516Z             name=\"Templates\"
2026-10-06T21:00:57.8031147Z             component={featureFlags.mwbPrograms ? ProgramsStackNavigator : ProgramTemplatesScreen}
2026-10-06T21:00:57.8031304Z             options={{
2026-10-06T21:00:57.8031767Z               tabBarLabel: featureFlags.mwbPrograms ? 'Programs' : 'Templates',
2026-10-06T21:00:57.8032330Z               tabBarAccessibilityLabel: featureFlags.mwbPrograms ? 'Programs' : 'Templates',
2026-10-06T21:00:57.8032578Z               tabBarIcon: ({ color, size }) => (
2026-10-06T21:00:57.8032743Z                 <Ionicons
2026-10-06T21:00:57.8033170Z                   name={featureFlags.mwbPrograms ? 'barbell' : 'document-text'}
2026-10-06T21:00:57.8033339Z                   size={size}
2026-10-06T21:00:57.8033531Z                   color={color}
2026-10-06T21:00:57.8033692Z                 />
2026-10-06T21:00:57.8033839Z               ),
2026-10-06T21:00:57.8033980Z             }}
2026-10-06T21:00:57.8034125Z           />
2026-10-06T21:00:57.8034286Z           <Tab.Screen
2026-10-06T21:00:57.8034447Z             name=\"Messages\"
2026-10-06T21:00:57.8034933Z             component={MessagesScreen}
2026-10-06T21:00:57.8035098Z             options={{
2026-10-06T21:00:57.8035635Z               tabBarBadge: unreadCount > 0 ? (unreadCount > 99 ? '99+' : unreadCount) : undefined,
2026-10-06T21:00:57.8035878Z               tabBarIcon: ({ color, size }) => (
2026-10-06T21:00:57.8036251Z                 <Ionicons name=\"chatbubble\" size={size} color={color} />
2026-10-06T21:00:57.8036404Z               ),
2026-10-06T21:00:57.8036544Z             }}
2026-10-06T21:00:57.8036695Z           />
2026-10-06T21:00:57.8037211Z           {/* P0-1 + Phase 11 / Track 7 — Team tab. Scale+ tier gate enforced
2026-10-06T21:00:57.8037619Z               in-screen, role gate enforced here: sub-coaches and unresolved
2026-10-06T21:00:57.8038089Z               sessions never see the tab. */}
2026-10-06T21:00:57.8038258Z           {showTeamTab && (
2026-10-06T21:00:57.8038562Z             <Tab.Screen
2026-10-06T21:00:57.8038777Z               name=\"TeamStack\"
2026-10-06T21:00:57.8039036Z               component={TeamStackNavigator}
2026-10-06T21:00:57.8039201Z               options={{
2026-10-06T21:00:57.8039422Z                 tabBarLabel: 'Team',
2026-10-06T21:00:57.8039674Z                 tabBarIcon: ({ color, size }) => (
2026-10-06T21:00:57.8040087Z                   <Ionicons name=\"people-circle\" size={size} color={color} />
2026-10-06T21:00:57.8040239Z                 ),
2026-10-06T21:00:57.8040382Z               }}
2026-10-06T21:00:57.8040533Z             />
2026-10-06T21:00:57.8040683Z           )}
2026-10-06T21:00:57.8041231Z           {/* Community v1-6 — coach community tab. Registered ONLY when the
2026-10-06T21:00:57.8041656Z               feature flag is true; when OFF the tab is absent and none of the six
2026-10-06T21:00:57.8042129Z               CoachCommunity routes register (the flag-OFF deep-link test asserts
2026-10-06T21:00:57.8042511Z               this). The coach lands on the existing home as today. */}
2026-10-06T21:00:57.8042770Z           {featureFlags.coachCommunity && (
2026-10-06T21:00:57.8042929Z             <Tab.Screen
2026-10-06T21:00:57.8043155Z               name=\"CommunityStack\"
2026-10-06T21:00:57.8043431Z               component={CoachCommunityNavigator}
2026-10-06T21:00:57.8043588Z               options={{
2026-10-06T21:00:57.8043820Z                 tabBarLabel: 'Community',
2026-10-06T21:00:57.8044080Z                 tabBarIcon: ({ color, size }) => (
2026-10-06T21:00:57.8044541Z                   <Ionicons name=\"people-circle-outline\" size={size} color={color} />
2026-10-06T21:00:57.8044951Z                 ),
2026-10-06T21:00:57.8045120Z               }}
2026-10-06T21:00:57.8045272Z             />
2026-10-06T21:00:57.8045428Z           )}
2026-10-06T21:00:57.8045587Z           <Tab.Screen
2026-10-06T21:00:57.8045800Z             name=\"SettingsStack\"
2026-10-06T21:00:57.8046064Z             component={SettingsStackNavigator}
2026-10-06T21:00:57.8046225Z             options={{
2026-10-06T21:00:57.8046449Z               tabBarLabel: 'Settings',
2026-10-06T21:00:57.8046705Z               tabBarIcon: ({ color, size }) => (
2026-10-06T21:00:57.8047066Z                 <Ionicons name=\"settings\" size={size} color={color} />
2026-10-06T21:00:57.8047225Z               ),
2026-10-06T21:00:57.8047380Z             }}
2026-10-06T21:00:57.8047524Z           />
2026-10-06T21:00:57.8047693Z         </Tab.Navigator>
2026-10-06T21:00:57.8047905Z         </FirstPaymentWowHost>
2026-10-06T21:00:57.8048046Z       );
2026-10-06T21:00:57.8048261Z     }·
2026-10-06T21:00:57.8048502Z     const styles = StyleSheet.create({
2026-10-06T21:00:57.8048666Z       bellButton: {
2026-10-06T21:00:57.8048829Z         marginRight: 16,
2026-10-06T21:00:57.8049010Z         padding: 4,
2026-10-06T21:00:57.8049160Z       },
2026-10-06T21:00:57.8049316Z       bellWrap: {
2026-10-06T21:00:57.8049502Z         position: 'relative',
2026-10-06T21:00:57.8049681Z         width: 28,
2026-10-06T21:00:57.8049831Z         height: 28,
2026-10-06T21:00:57.8050054Z         justifyContent: 'center',
2026-10-06T21:00:57.8050224Z         alignItems: 'center',
2026-10-06T21:00:57.8050362Z       },
2026-10-06T21:00:57.8050502Z     });
2026-10-06T21:00:57.8050648Z     "
2026-10-06T21:00:57.8050663Z 
2026-10-06T21:00:57.8050894Z     [0m [90m 17 |[39m
2026-10-06T21:00:57.8051886Z      [90m 18 |[39m   it([32m'uses readable semantic foregrounds for coach tabs in both appearances'[39m[33m,[39m () [33m=>[39m {
2026-10-06T21:00:57.8052694Z     [31m[1m>[22m[39m[90m 19 |[39m     expect(coach)[33m.[39mtoMatch([35m/semanticColors:\s*sc/[39m)[33m;[39m
2026-10-06T21:00:57.8053080Z      [90m    |[39m                   [31m[1m^[22m[39m
2026-10-06T21:00:57.8053923Z      [90m 20 |[39m     expect(coach)[33m.[39mtoMatch([35m/tabBarActiveTintColor:\s*sc\.accentText/[39m)[33m;[39m
2026-10-06T21:00:57.8055511Z      [90m 21 |[39m     expect(coach)[33m.[39mtoMatch([35m/tabBarInactiveTintColor:\s*sc\.textMuted/[39m)[33m;[39m
2026-10-06T21:00:57.8056387Z      [90m 22 |[39m     expect(coach)[33m.[39mtoMatch([35m/backgroundColor:\s*sc\.bgSurface/[39m)[33m;[39m[0m
2026-10-06T21:00:57.8056406Z 
2026-10-06T21:00:57.8056887Z       at Object.toMatch (src/navigation/__tests__/tabBarPolish125.test.ts:19:19)
2026-10-06T21:00:57.8056901Z 
2026-10-06T21:00:57.8057757Z   ● primary tab-bar appearance and safe-area contracts › preserves client icon space above the bottom inset
2026-10-06T21:00:57.8057771Z 
2026-10-06T21:00:57.8058010Z     expect(received).toMatch(expected)
2026-10-06T21:00:57.8058022Z 
2026-10-06T21:00:57.8058371Z     Expected pattern: /const insets = useSafeAreaInsets\(\)/
2026-10-06T21:00:57.8058547Z     Received string:  "/**
2026-10-06T21:00:57.8059092Z      * ClientNavigator — Wave 3: 4-tab bar, icons-only, hairline divider.
2026-10-06T21:00:57.8059258Z      *
2026-10-06T21:00:57.8059662Z      * Tabs: Home / Train (Workout) / Coach (Log+Plan) / Profile (More)
2026-10-06T21:00:57.8060012Z      * - `tabBarShowLabel: false` — no labels
2026-10-06T21:00:57.8060278Z      * - Hairline 0.5px top divider (stone color)
2026-10-06T21:00:57.8060490Z      * - Height 64, bone background
2026-10-06T21:00:57.8060734Z      * - Ionicons outline, size 24, no badges
2026-10-06T21:00:57.8060885Z      *
2026-10-06T21:00:57.8061293Z      * Nav structure preserved: all existing screen names remain valid.
2026-10-06T21:00:57.8061427Z      *
2026-10-06T21:00:57.8061877Z      * Phase 7B: TimelineScreen added to MoreStackNavigator as 'Timeline'.
2026-10-06T21:00:57.8062310Z      * Accessible from MoreScreen; no new tab added (avoids 5-tab crowding).
2026-10-06T21:00:57.8062796Z      * Phase 7C: LeaderboardScreen + LeaderboardSettingsScreen added to MoreStack.
2026-10-06T21:00:57.8063293Z      * Bloodwork: BloodworkEntryScreen added to MoreStack (flag OFF by default).
2026-10-06T21:00:57.8063822Z      * Wave 11: ClientPathCopilotScreen + PrivateCommunityHubScreen added to MoreStack.
2026-10-06T21:00:57.8064337Z      * Phase 11 Track 9: SupportInboxScreen added to MoreStack (Crisp support inbox).
2026-10-06T21:00:57.8065098Z      * Sessions: SessionsUpcoming, SessionRequest, SessionPrepare added to MoreStack.
2026-10-06T21:00:57.8065514Z      * Phase 9: Bell icon in HomeStack header routes to NotificationCenter.
2026-10-06T21:00:57.8065818Z      *   NotificationCenter and NotificationPreferences added to HomeStackParamList.
2026-10-06T21:00:57.8065920Z      */
2026-10-06T21:00:57.8066043Z     import React from 'react';
2026-10-06T21:00:57.8066184Z     import { View } from 'react-native';
2026-10-06T21:00:57.8066387Z     import { StyleSheet } from 'react-native';
2026-10-06T21:00:57.8066654Z     import { createBottomTabNavigator } from '@react-navigation/bottom-tabs';
2026-10-06T21:00:57.8066930Z     import { createNativeStackNavigator } from '@react-navigation/native-stack';
2026-10-06T21:00:57.8067090Z     import { Ionicons } from '@expo/vector-icons';
2026-10-06T21:00:57.8067284Z     import HomeScreen from '../screens/client/HomeScreen';
2026-10-06T21:00:57.8067476Z     import HabitsScreen from '../screens/client/HabitsScreen';
2026-10-06T21:00:57.8067650Z     import LogScreen from '../screens/client/LogScreen';
2026-10-06T21:00:57.8067962Z     import PlanScreen from '../screens/client/PlanScreen';
2026-10-06T21:00:57.8068317Z     import RecipesScreen from '../screens/client/RecipesScreen';
2026-10-06T21:00:57.8068724Z     import RecipeDetailScreen from '../screens/client/RecipeDetailScreen';
2026-10-06T21:00:57.8069164Z     import GroceryListScreen from '../screens/client/GroceryListScreen';
2026-10-06T21:00:57.8069619Z     import ShoppingListScreen from '../screens/client/ShoppingListScreen';
2026-10-06T21:00:57.8070032Z     import PrepGuideScreen from '../screens/client/PrepGuideScreen';
2026-10-06T21:00:57.8070641Z     import ProgressScreen from '../screens/client/ProgressScreen';
2026-10-06T21:00:57.8070974Z     import FastingScreen from '../screens/client/FastingScreen';
2026-10-06T21:00:57.8071455Z     import ProfileScreen from '../screens/client/ProfileScreen';
2026-10-06T21:00:57.8071856Z     import EditProfileScreen from '../screens/client/EditProfileScreen';
2026-10-06T21:00:57.8072183Z     import SettingsScreen from '../screens/client/SettingsScreen';
2026-10-06T21:00:57.8072586Z     import DeleteAccountScreen from '../screens/settings/DeleteAccountScreen';
2026-10-06T21:00:57.8073053Z     import RomanAiConsentScreen from '../screens/settings/RomanAiConsentScreen';
2026-10-06T21:00:57.8073743Z     import RomanConversationsScreen, { type RomanConversationParams } from '../screens/settings/RomanConversationsScreen';
2026-10-06T21:00:57.8074190Z     import RomanConversationScreen from '../screens/settings/RomanConversationScreen';
2026-10-06T21:00:57.8074497Z     import ReportScreen from '../screens/client/ReportScreen';
2026-10-06T21:00:57.8089071Z     import WidgetsScreen from '../screens/client/WidgetsScreen';
2026-10-06T21:00:57.8089460Z     import WorkoutScreen from '../screens/client/WorkoutScreen';
2026-10-06T21:00:57.8089898Z     import ActiveWorkoutScreen from '../screens/client/ActiveWorkoutScreen';
2026-10-06T21:00:57.8090401Z     import WorkoutHistoryEditScreen from '../screens/client/WorkoutHistoryEditScreen';
2026-10-06T21:00:57.8090880Z     import RoutineBuilderScreen from '../screens/client/RoutineBuilderScreen';
2026-10-06T21:00:57.8091318Z     import CoachGuidelinesScreen from '../screens/client/CoachGuidelinesScreen';
2026-10-06T21:00:57.8091684Z     // Mux video + exercise library v1 (feat/video-library-v1-mobile).
2026-10-06T21:00:57.8092124Z     // Library lists from /exercise-catalog; Detail mints a signed Mux HLS URL.
2026-10-06T21:00:57.8092617Z     import ExerciseLibraryScreen from '../screens/client/ExerciseLibraryScreen';
2026-10-06T21:00:57.8093081Z     import ExerciseDetailScreen from '../screens/client/ExerciseDetailScreen';
2026-10-06T21:00:57.8093565Z     import NotificationsScreen from '../screens/client/NotificationsScreen';
2026-10-06T21:00:57.8093958Z     import MessagesScreen from '../screens/client/MessagesScreen';
2026-10-06T21:00:57.8094363Z     import EducationScreen from '../screens/client/EducationScreen';
2026-10-06T21:00:57.8095023Z     import CommunityScreen from '../screens/client/CommunityScreen';
2026-10-06T21:00:57.8095583Z     import CommunitySafetyScreen from '../screens/community/CommunitySafetyScreen';
2026-10-06T21:00:57.8095927Z     import MoreScreen from '../screens/client/MoreScreen';
2026-10-06T21:00:57.8096319Z     import TrustCenterScreen from '../screens/TrustCenterScreen';
2026-10-06T21:00:57.8096758Z     import PreferencesScreen from '../screens/client/PreferencesScreen';
2026-10-06T21:00:57.8097130Z     import AIGuideScreen from '../screens/client/AIGuideScreen';
2026-10-06T21:00:57.8097539Z     import MembershipScreen from '../screens/client/MembershipScreen';
2026-10-06T21:00:57.8097962Z     // Phase 7B — Transformation Timeline
2026-10-06T21:00:57.8098356Z     import TimelineScreen from '../screens/client/TimelineScreen';
2026-10-06T21:00:57.8098656Z     // Phase 7C — Peer Leaderboard
2026-10-06T21:00:57.8099092Z     import LeaderboardScreen from '../screens/client/LeaderboardScreen';
2026-10-06T21:00:57.8099650Z     import LeaderboardSettingsScreen from '../screens/client/LeaderboardSettingsScreen';
2026-10-06T21:00:57.8100091Z     // Bloodwork — client-entered labs (flag OFF by default)
2026-10-06T21:00:57.8100578Z     import BloodworkEntryScreen from '../screens/client/BloodworkEntryScreen';
2026-10-06T21:00:57.8101147Z     // Wave 11 — runtime scaffolding (flag-gated; the screen registrations below
2026-10-06T21:00:57.8101580Z     // only mount when the matching feature flag is explicitly true so the stub
2026-10-06T21:00:57.8101886Z     // \"Coming soon\" surfaces never reach production).
2026-10-06T21:00:57.8102417Z     import ClientPathCopilotScreen from '../screens/client/ClientPathCopilotScreen';
2026-10-06T21:00:57.8103276Z     import PrivateCommunityHubScreen from '../screens/client/PrivateCommunityHubScreen';
2026-10-06T21:00:57.8103879Z     import RomanChatScreen from '../screens/roman/RomanChatScreen';
2026-10-06T21:00:57.8104228Z     import { featureFlags } from '../config/featureFlags';
2026-10-06T21:00:57.8104611Z     import { HapticService } from '../ui/haptics/haptics.service';
2026-10-06T21:00:57.8105355Z     // Phase 11 — Share Card
2026-10-06T21:00:57.8105800Z     import ShareCardScreen from '../screens/share/ShareCardScreen';
2026-10-06T21:00:57.8106292Z     import type { ShareCardMilestone } from '../screens/share/ShareCardScreen';
2026-10-06T21:00:57.8106824Z     // Phase 11 — Notification Preferences (category-level: settings/)
2026-10-06T21:00:57.8107581Z     import NotificationCategoryPreferencesScreen from '../screens/settings/NotificationPreferencesScreen';
2026-10-06T21:00:57.8107958Z     // Phase 11 Track 9 — Support Inbox (Crisp)
2026-10-06T21:00:57.8108472Z     import SupportInboxScreen from '../screens/support/SupportInboxScreen';
2026-10-06T21:00:57.8108932Z     // Sprint B-2 — client surfaces from PR #130 wired here.
2026-10-06T21:00:57.8109393Z     import ClientMacrosScreen from '../screens/client/ClientMacrosScreen';
2026-10-06T21:00:57.8109793Z     // Concierge Phase 1 — scheduling client surfaces.
2026-10-06T21:00:57.8110437Z     import ClientUpcomingSessionsScreen from '../screens/client/ClientUpcomingSessionsScreen';
2026-10-06T21:00:57.8110936Z     // Payments — checkout surface for a coach's package share link.
2026-10-06T21:00:57.8111448Z     import PackageCheckoutScreen from '../screens/client/PackageCheckoutScreen';
2026-10-06T21:00:57.8112043Z     import ClientDailyMealPlanScreen from '../screens/client/ClientDailyMealPlanScreen';
2026-10-06T21:00:57.8112783Z     import ClientWorkoutViewerScreen from '../screens/client/ClientWorkoutViewerScreen';
2026-10-06T21:00:57.8113159Z     import WorkoutAssignmentDetailScreen from '../screens/client/WorkoutAssignmentDetailScreen';
2026-10-06T21:00:57.8113377Z     // Phase 9 — Notification center
2026-10-06T21:00:57.8113718Z     import NotificationCenterScreen from '../screens/notifications/NotificationCenterScreen';
2026-10-06T21:00:57.8114100Z     import NotificationPreferencesScreen from '../screens/notifications/NotificationPreferencesScreen';
2026-10-06T21:00:57.8114308Z     // Phase 10 — GDPR Article 20 data portability
2026-10-06T21:00:57.8114548Z     import DataExportScreen from '../screens/settings/DataExportScreen';
2026-10-06T21:00:57.8115226Z     // Payments — client-facing packages + checkout return (backend PR #215).
2026-10-06T21:00:57.8115634Z     import ClientPackagesScreen from '../screens/client/ClientPackagesScreen';
2026-10-06T21:00:57.8115910Z     import UpdateCardScreen from '../entitlements/dunning/UpdateCardScreen';
2026-10-06T21:00:57.8116172Z     import CheckoutReturnScreen from '../screens/client/CheckoutReturnScreen';
2026-10-06T21:00:57.8116522Z     // PR-13 — buyer-facing Deliverables timeline (drip engine consumer surface,
2026-10-06T21:00:57.8116703Z     // master plan §3 ScheduledDrop rows).
2026-10-06T21:00:57.8116952Z     import DeliverablesScreen from '../screens/client/DeliverablesScreen';
2026-10-06T21:00:57.8117234Z     // PR-15B — post-purchase \"here's what you just got\" unpack moment.
2026-10-06T21:00:57.8117476Z     // Reachable only from CheckoutReturnScreen on a successful confirm; the
2026-10-06T21:00:57.8117686Z     // Deliverables screen above remains the persistent surface.
2026-10-06T21:00:57.8117942Z     import PurchaseUnpackScreen from '../screens/client/PurchaseUnpackScreen';
2026-10-06T21:00:57.8118086Z     import BrandedCheckoutWebViewScreen, {
2026-10-06T21:00:57.8118226Z       type BrandedCheckoutWebViewParams,
2026-10-06T21:00:57.8118424Z     } from '../screens/client/BrandedCheckoutWebViewScreen';
2026-10-06T21:00:57.8118758Z     // iMessage-grade DM rebuild — Apple App Review 1.2 compliance: ContactView for
2026-10-06T21:00:57.8119228Z     // the \"tap the contact\" surface, BlockedUsersScreen for Settings undo. Both
2026-10-06T21:00:57.8119563Z     // are reachable from the Messages thread and from the Settings hub.
2026-10-06T21:00:57.8119766Z     import ContactView from '../screens/messaging/ContactView';
2026-10-06T21:00:57.8120024Z     import BlockedUsersScreen from '../screens/settings/BlockedUsersScreen';
2026-10-06T21:00:57.8120332Z     // PR-HK-1-mobile — Wearable Connections Hub (manage health data sources).
2026-10-06T21:00:57.8120629Z     // Additive registration only; mounts under MoreStack at AppTabs/Settings/Connections.
2026-10-06T21:00:57.8120898Z     import ConnectionsScreen from '../screens/client/wearables/ConnectionsScreen';
2026-10-06T21:00:57.8121142Z     import WearablesShell from '../screens/client/wearables/WearablesShell';
2026-10-06T21:00:57.8121419Z     import MetricDetailScreen from '../screens/client/wearables/MetricDetailScreen';
2026-10-06T21:00:57.8121764Z     import type { WearableMetricBucket, WearableMetricType } from '../api/wearablesSamplesApi';
2026-10-06T21:00:57.8121917Z     import { colors } from '../theme/tokens';
2026-10-06T21:00:57.8122151Z     // v1-5 Community client tab. The whole stack + tab are gated behind
2026-10-06T21:00:57.8122426Z     // featureFlags.communityTab (default OFF). When the flag is OFF the tab is not
2026-10-06T21:00:57.8122688Z     // rendered and the deep-link route is not registered (see CommunityTabBarIcon
2026-10-06T21:00:57.8122826Z     // and the flag-gated <Tab.Screen> below).
2026-10-06T21:00:57.8123026Z     import CommunityNavigator from './CommunityNavigator';
2026-10-06T21:00:57.8123227Z     import { useCommunityBadge } from '../hooks/useCommunity';
2026-10-06T21:00:57.8123421Z     import { useCurrentUser } from '../hooks/useCurrentUser';
2026-10-06T21:00:57.8123631Z     import UnreadBadge from '../components/community/UnreadBadge';
2026-10-06T21:00:57.8123891Z     // Defense-in-depth client paywall (Option B): paid screens are wrapped so
2026-10-06T21:00:57.8124109Z     // the entitlement gate runs before the screen body. Server-side
2026-10-06T21:00:57.8124283Z     // ClientEntitlementGuard remains canonical (Rule 20).
2026-10-06T21:00:57.8124545Z     import { withProtectedScreen } from '../entitlements/withProtectedScreen';
2026-10-06T21:00:57.8125129Z     import { withCommunityTerms } from '../components/community/CommunityTermsGate';
2026-10-06T21:00:57.8125488Z     // Clinic launch — Roman-led client tutorial (C09). The host is a pass-through
2026-10-06T21:00:57.8125649Z     // unless featureFlags.clientTutorial is on.
2026-10-06T21:00:57.8125874Z     import TutorialHost from '../components/tutorial/TutorialHost';
2026-10-06T21:00:57.8126120Z     import { useAiWithdrawalDrain } from '../hooks/useAiWithdrawalDrain';
2026-10-06T21:00:57.8126330Z     import { setTutorialRoute } from '../tutorial/tutorialStore';
2026-10-06T21:00:57.8126690Z     import { focusedRoutePath, withInitialLeaf, type NavStateLike } from '../tutorial/navigationFocus';
2026-10-06T21:00:57.8126931Z     import type { TutorialNavTarget } from '../tutorial/tutorialSteps';
2026-10-06T21:00:57.8127074Z     import { logger } from '../utils/logger';
2026-10-06T21:00:57.8127412Z     // S-SCHED — client Calendar tab (featureFlags.clientCalendar, default OFF).
2026-10-06T21:00:57.8127691Z     import CalendarHomeScreen from '../screens/client/calendar/CalendarHomeScreen';
2026-10-06T21:00:57.8127966Z     import CalendarBookScreen from '../screens/client/calendar/CalendarBookScreen';
2026-10-06T21:00:57.8128270Z     import CalendarSessionScreen from '../screens/client/calendar/CalendarSessionScreen';
2026-10-06T21:00:57.8128529Z     import type { CalendarStackParamList } from './calendarRoutes';·
2026-10-06T21:00:57.8128763Z     const ProtectedWorkoutScreen = withProtectedScreen(WorkoutScreen);
2026-10-06T21:00:57.8129055Z     const ProtectedActiveWorkoutScreen = withProtectedScreen(ActiveWorkoutScreen);
2026-10-06T21:00:57.8129395Z     const ProtectedWorkoutHistoryEditScreen = withProtectedScreen(WorkoutHistoryEditScreen);
2026-10-06T21:00:57.8129937Z     const ProtectedClientWorkoutViewerScreen = withProtectedScreen(ClientWorkoutViewerScreen);
2026-10-06T21:00:57.8130436Z     const ProtectedWorkoutAssignmentDetailScreen = withProtectedScreen(WorkoutAssignmentDetailScreen);
2026-10-06T21:00:57.8130660Z     const ProtectedPlanScreen = withProtectedScreen(PlanScreen);
2026-10-06T21:00:57.8131011Z     const ProtectedClientDailyMealPlanScreen = withProtectedScreen(ClientDailyMealPlanScreen);
2026-10-06T21:00:57.8131246Z     const ProtectedFastingScreen = withProtectedScreen(FastingScreen);
2026-10-06T21:00:57.8131444Z     const ProtectedLogScreen = withProtectedScreen(LogScreen);
2026-10-06T21:00:57.8131724Z     const ProtectedClientMacrosScreen = withProtectedScreen(ClientMacrosScreen);
2026-10-06T21:00:57.8131963Z     // Apple 1.2 (B-IOSREV-2): the wins feed is community content, so it sits
2026-10-06T21:00:57.8132141Z     // behind the one-time community terms agreement too.
2026-10-06T21:00:57.8132486Z     const ProtectedCommunityScreen = withProtectedScreen(withCommunityTerms(CommunityScreen));
2026-10-06T21:00:57.8132723Z     const ProtectedAIGuideScreen = withProtectedScreen(AIGuideScreen);
2026-10-06T21:00:57.8132982Z     // Messages is deliberately NOT wrapped (audit #304 B1). Basic text DM with
2026-10-06T21:00:57.8133226Z     // the assigned coach is free server-side (client-messaging.controller.ts:
2026-10-06T21:00:57.8133456Z     // GET/POST /messages, /messages/read, /messages/unread-count carry no
2026-10-06T21:00:57.8133722Z     // ClientEntitlementGuard; only voice-upload is paid and still 402s into the
2026-10-06T21:00:57.8133969Z     // paywall). It is also the one action the iOS coach-managed gate offers, so
2026-10-06T21:00:57.8134162Z     // gating it here would trap an unentitled client in a loop.
2026-10-06T21:00:57.8134546Z     const ProtectedClientUpcomingSessionsScreen = withProtectedScreen(ClientUpcomingSessionsScreen);
2026-10-06T21:00:57.8135108Z     // Scheduling endpoints sit behind ClientEntitlementGuard server-side, so the
2026-10-06T21:00:57.8135363Z     // Calendar screens take the same client-side gate as the booking screens.
2026-10-06T21:00:57.8135642Z     const ProtectedCalendarHomeScreen = withProtectedScreen(CalendarHomeScreen);
2026-10-06T21:00:57.8135920Z     const ProtectedCalendarBookScreen = withProtectedScreen(CalendarBookScreen);
2026-10-06T21:00:57.8136222Z     const ProtectedCalendarSessionScreen = withProtectedScreen(CalendarSessionScreen);
2026-10-06T21:00:57.8136574Z     // ─── Param lists ──────────────────────────────────────────────────────────────·
2026-10-06T21:00:57.8136707Z     export type HomeStackParamList = {
2026-10-06T21:00:57.8136812Z       HomeMain: undefined;
2026-10-06T21:00:57.8136908Z       Habits: undefined;
2026-10-06T21:00:57.8137263Z       /** Legacy stub — kept for backward-compat; routes resolve to NotificationCenter. */
2026-10-06T21:00:57.8137380Z       Notifications: undefined;
2026-10-06T21:00:57.8137476Z       Messages: undefined;
2026-10-06T21:00:57.8155693Z       /** Phase 9 — Global notification center. */
2026-10-06T21:00:57.8155937Z       NotificationCenter: undefined;
2026-10-06T21:00:57.8156574Z       /** Phase 9 — Notification preferences. */
2026-10-06T21:00:57.8156853Z       NotificationPreferences: undefined;
2026-10-06T21:00:57.8157036Z     };·
2026-10-06T21:00:57.8157428Z     // Wave 3: 4 tabs — Home / Train / Coach / Profile
2026-10-06T21:00:57.8157679Z     export type ClientTabParamList = {
2026-10-06T21:00:57.8157860Z       Home:       undefined;
2026-10-06T21:00:57.8158077Z       WorkoutTab: undefined;  // Train
2026-10-06T21:00:57.8158692Z       Log:        undefined;  // Coach (Log+Plan hub — keeps Log screen for food logging)
2026-10-06T21:00:57.8158950Z       MoreTab:    undefined;  // Profile / More
2026-10-06T21:00:57.8159475Z       // S-SCHED — only mounted when featureFlags.clientCalendar is true.
2026-10-06T21:00:57.8160011Z       CalendarTab: { screen?: keyof CalendarStackParamList; params?: object } | undefined;
2026-10-06T21:00:57.8160611Z       // v1-5 Community tab — only mounted when featureFlags.communityTab is true.
2026-10-06T21:00:57.8160821Z       CommunityTab: undefined;
2026-10-06T21:00:57.8160991Z     };·
2026-10-06T21:00:57.8161233Z     export type WorkoutStackParamList = {
2026-10-06T21:00:57.8161371Z       /**
2026-10-06T21:00:57.8161829Z        * `justCompletedId` is a one-shot signal set ONLY when ActiveWorkoutScreen
2026-10-06T21:00:57.8162272Z        * returns here after a real finish-workout save succeeds. It is the DURABLE
2026-10-06T21:00:57.8162708Z        * server id of the workout that was just saved (the same id used to sync the
2026-10-06T21:00:57.8163144Z        * session), NOT a transient boolean. WorkoutScreen reads it once to render
2026-10-06T21:00:57.8163763Z        * Roman's §2.8 \"Workout complete\" line, records that this specific id has been
2026-10-06T21:00:57.8164248Z        * consumed in AsyncStorage, then clears the param. Keying the one-shot on the
2026-10-06T21:00:57.8164925Z        * concrete workout id (rather than a boolean) means a re-delivered or
2026-10-06T21:00:57.8165724Z        * duplicated navigation — e.g. a remount, a back-then-forward, or a param that
2026-10-06T21:00:57.8166369Z        * survives a fast refresh — cannot re-trigger the celebration for a workout
2026-10-06T21:00:57.8166814Z        * that was already acknowledged, and a genuinely new workout (a new id) is
2026-10-06T21:00:57.8167042Z        * always honoured (P1-C-01).
2026-10-06T21:00:57.8167185Z        */
2026-10-06T21:00:57.8167522Z       WorkoutMain: { justCompletedId?: string } | undefined;
2026-10-06T21:00:57.8168007Z       ActiveWorkout: { routineId?: string; routineName: string; exercises: string };
2026-10-06T21:00:57.8168267Z       WorkoutHistoryEdit: { workout: string };
2026-10-06T21:00:57.8168578Z       RoutineBuilder: { routineId?: string } | undefined;
2026-10-06T21:00:57.8168791Z       CoachGuidelines: undefined;
2026-10-06T21:00:57.8168940Z       /**
2026-10-06T21:00:57.8169184Z        * Mux video + exercise library v1.
2026-10-06T21:00:57.8169561Z        * Library is a regular push; Detail is registered with a modal
2026-10-06T21:00:57.8169956Z        * presentation so it can be presented either from the library
2026-10-06T21:00:57.8170356Z        * (push-feel via the stack's default) or from in-workout (modal).
2026-10-06T21:00:57.8170505Z        */
2026-10-06T21:00:57.8170720Z       ExerciseLibrary: undefined;
2026-10-06T21:00:57.8170965Z       ExerciseDetail: { idOrSlug: string };
2026-10-06T21:00:57.8171151Z     };·
2026-10-06T21:00:57.8171555Z     // MoreStack: all non-tab screens live here. Screen names preserved.
2026-10-06T21:00:57.8171769Z     // Phase 7B: Timeline added.
2026-10-06T21:00:57.8172087Z     // Phase 7C: Leaderboard + LeaderboardSettings added.
2026-10-06T21:00:57.8172423Z     // Bloodwork: BloodworkEntry added (flag OFF by default).
2026-10-06T21:00:57.8172771Z     // Wave 11: Copilot + PrivateCommunityHub added (flag-gated).
2026-10-06T21:00:57.8173249Z     export type MoreStackParamList = {
2026-10-06T21:00:57.8173436Z       MoreIndex:   undefined;
2026-10-06T21:00:57.8173603Z       Recipes:     undefined;
2026-10-06T21:00:57.8174003Z       RecipeDetail: { recipeId: string };
2026-10-06T21:00:57.8174178Z       Fast:        undefined;
2026-10-06T21:00:57.8174356Z       Community:   undefined;
2026-10-06T21:00:57.8175038Z       // B-314-4: Community safety opens from member wins even when the
2026-10-06T21:00:57.8175524Z       // flag-gated Community tab (which has its own CommunitySafety route) is off.
2026-10-06T21:00:57.8175744Z       CommunitySafety: undefined;
2026-10-06T21:00:57.8175916Z       Progress:    undefined;
2026-10-06T21:00:57.8176081Z       ProfileMain: undefined;
2026-10-06T21:00:57.8176249Z       EditProfile: undefined;
2026-10-06T21:00:57.8176419Z       Settings:    undefined;
2026-10-06T21:00:57.8176580Z       Widgets:     undefined;
2026-10-06T21:00:57.8176747Z       Report:      undefined;
2026-10-06T21:00:57.8176913Z       Learn:       undefined;
2026-10-06T21:00:57.8177089Z       GroceryList: undefined;
2026-10-06T21:00:57.8177302Z       ShoppingList: undefined;
2026-10-06T21:00:57.8177489Z       PrepGuide:   undefined;
2026-10-06T21:00:57.8177659Z       Plan:        undefined;
2026-10-06T21:00:57.8177818Z       TrustCenter: undefined;
2026-10-06T21:00:57.8178024Z       DeleteAccount: undefined;
2026-10-06T21:00:57.8178441Z       /** D2: Settings > Privacy > Roman and AI (box 2 allow / withdraw). */
2026-10-06T21:00:57.8178659Z       RomanAiConsent: undefined;
2026-10-06T21:00:57.8179319Z       /** Your conversations with Roman: list, open, delete (backend #635). Not behind the Roman chat flag. */
2026-10-06T21:00:57.8179556Z       RomanConversations: undefined;
2026-10-06T21:00:57.8179848Z       RomanConversation: RomanConversationParams;
2026-10-06T21:00:57.8180004Z       Preferences: undefined;
2026-10-06T21:00:57.8180167Z       AIGuide:     undefined;
2026-10-06T21:00:57.8180345Z       Membership:  undefined;
2026-10-06T21:00:57.8180738Z       /** Phase 7B — Transformation Timeline */
2026-10-06T21:00:57.8180913Z       Timeline:    undefined;
2026-10-06T21:00:57.8181274Z       /** Phase 7C — Peer Leaderboard (opt-in) */
2026-10-06T21:00:57.8181499Z       Leaderboard:         undefined;
2026-10-06T21:00:57.8181719Z       LeaderboardSettings: undefined;
2026-10-06T21:00:57.8182178Z       /** Bloodwork — client-entered labs (flag OFF by default) */
2026-10-06T21:00:57.8182354Z       Bloodwork:   undefined;
2026-10-06T21:00:57.8183039Z       /** Wave 11 — gated routes; screens render a preview-only empty state when flag is OFF. */
2026-10-06T21:00:57.8183255Z       Copilot:           undefined;
2026-10-06T21:00:57.8183495Z       PrivateCommunityHub: undefined;
2026-10-06T21:00:57.8184269Z       /** Roman P1 chat — client surface. Registered ONLY behind featureFlags.romanChat (default OFF). */
2026-10-06T21:00:57.8184470Z       RomanChat:         undefined;
2026-10-06T21:00:57.8185474Z       /** Phase 11 — Share Card. Entry point: milestone/streak detection adds a Share button. */
2026-10-06T21:00:57.8185797Z       ShareCard: { milestone: ShareCardMilestone };
2026-10-06T21:00:57.8186580Z       /** Phase 11 — Notification category preferences. Entry: Settings > Notifications > Categories. */
2026-10-06T21:00:57.8186815Z       NotificationPreferences: undefined;
2026-10-06T21:00:57.8187184Z       /** Phase 11 Track 9 — Crisp support inbox. */
2026-10-06T21:00:57.8187415Z       SupportInbox:      undefined;
2026-10-06T21:00:57.8187972Z       /** Sprint B-2 — client-facing read surfaces over Sprint B v2 backend. */
2026-10-06T21:00:57.8188202Z       ClientMacros:        undefined;
2026-10-06T21:00:57.8188523Z       ClientDailyMealPlan: { date?: string } | undefined;
2026-10-06T21:00:57.8188823Z       ClientWorkoutViewer: { assignmentId: string };
2026-10-06T21:00:57.8189141Z       WorkoutAssignmentDetail: { assignmentId: string };
2026-10-06T21:00:57.8189559Z       /** Concierge Phase 1 — scheduling client surfaces. */
2026-10-06T21:00:57.8190070Z       ClientUpcomingSessions:  undefined;
2026-10-06T21:00:57.8190477Z       /** Phase 10 — GDPR Article 20 data portability */
2026-10-06T21:00:57.8190645Z       DataExport: undefined;
2026-10-06T21:00:57.8191351Z       /** Payments — client-facing packages list (backend PR #215). */
2026-10-06T21:00:57.8191581Z       ClientPackages: undefined;
2026-10-06T21:00:57.8192052Z       /** OR-110-2 native card update; `autostart` opens the card form on arrival. */
2026-10-06T21:00:57.8192351Z       UpdateCard: { autostart?: boolean } | undefined;
2026-10-06T21:00:57.8192501Z       /**
2026-10-06T21:00:57.8193046Z        * PR-13 — buyer-facing Deliverables timeline for one ClientPurchase.
2026-10-06T21:00:57.8193473Z        * Renders the buyer's ScheduledDrops (delivered + upcoming) and routes
2026-10-06T21:00:57.8193812Z        * delivered taps to the existing per-asset_type viewer.
2026-10-06T21:00:57.8193960Z        *
2026-10-06T21:00:57.8194384Z        * `purchaseId` is required; `packageName` is optional and used purely
2026-10-06T21:00:57.8195167Z        * for the screen header so the caller does not have to refetch a label
2026-10-06T21:00:57.8195352Z        * it already has.
2026-10-06T21:00:57.8195541Z        */
2026-10-06T21:00:57.8195922Z       Deliverables: { purchaseId: string; packageName?: string };
2026-10-06T21:00:57.8196070Z       /**
2026-10-06T21:00:57.8196627Z        * PR-15B — post-checkout \"what you just got + what's coming\" unpack
2026-10-06T21:00:57.8197027Z        * screen. Navigated from `CheckoutReturnScreen` on a successful
2026-10-06T21:00:57.8197444Z        * confirm when the deliverables flag is enabled and a purchase id is
2026-10-06T21:00:57.8197603Z        * available.
2026-10-06T21:00:57.8197749Z        */
2026-10-06T21:00:57.8198139Z       PurchaseUnpack: { purchaseId: string; packageName?: string };
2026-10-06T21:00:57.8198289Z       /**
2026-10-06T21:00:57.8198611Z        * Payments — Stripe Checkout return.
2026-10-06T21:00:57.8198837Z        *   outcome: 'success' | 'cancel'
2026-10-06T21:00:57.8199303Z        *   session_id: present when outcome === 'success' (Stripe template token).
2026-10-06T21:00:57.8199445Z        */
2026-10-06T21:00:57.8199897Z       CheckoutReturn: { outcome?: 'success' | 'cancel'; session_id?: string };
2026-10-06T21:00:57.8200034Z       /**
2026-10-06T21:00:57.8200599Z        * Payments — branded in-app Stripe Checkout webview. See screen docstring
2026-10-06T21:00:57.8201079Z        * (basis for 1:1 packages: Guideline 3.1.3(d); the webview is not an exemption).
2026-10-06T21:00:57.8201232Z        */
2026-10-06T21:00:57.8201594Z       BrandedCheckoutWebView: BrandedCheckoutWebViewParams;
2026-10-06T21:00:57.8202191Z       /** iMessage-grade DM — Apple 1.2 compliance contact details surface. */
2026-10-06T21:00:57.8202360Z       ContactView: {
2026-10-06T21:00:57.8202525Z         contactId: string;
2026-10-06T21:00:57.8202702Z         displayName: string;
2026-10-06T21:00:57.8202994Z         role?: 'coach' | 'client' | 'student' | 'other';
2026-10-06T21:00:57.8203231Z         avatarUrl?: string | null;
2026-10-06T21:00:57.8203367Z       };
2026-10-06T21:00:57.8203858Z       /** iMessage-grade DM — manage blocked users from Settings. */
2026-10-06T21:00:57.8204102Z       BlockedUsers: undefined;
2026-10-06T21:00:57.8204488Z       /** Client-facing checkout for a coach's package share link. */
2026-10-06T21:00:57.8235151Z       PackageCheckout: { shareToken: string };
2026-10-06T21:00:57.8235904Z       /** PR-HK-1-mobile — Wearable Connections Hub (manage health data sources). */
2026-10-06T21:00:57.8236100Z       Connections: undefined;
2026-10-06T21:00:57.8236729Z       /** PR-HK-3a — Wearables bucket shell (Fitness | Recovery segmented switcher). */
2026-10-06T21:00:57.8237080Z       Health: { bucket?: 'fitness' | 'recovery' } | undefined;
2026-10-06T21:00:57.8237686Z       /** PR-HK-3a — shared metric drill-down (compare sources + glow-drag chart). */
2026-10-06T21:00:57.8237875Z       WearableMetricDetail: {
2026-10-06T21:00:57.8238099Z         metric: WearableMetricType;
2026-10-06T21:00:57.8238628Z         bucket: WearableMetricBucket;
2026-10-06T21:00:57.8238800Z         clientId?: string;
2026-10-06T21:00:57.8238942Z       };
2026-10-06T21:00:57.8239283Z     };·
2026-10-06T21:00:57.8239917Z     // ─── Stack navigators ─────────────────────────────────────────────────────────·
2026-10-06T21:00:57.8240064Z     /**
2026-10-06T21:00:57.8240534Z      * S-REACH: screens that used to be tabs (Plan, Progress) or had no menu entry
2026-10-06T21:00:57.8241001Z      * (ClientMacros, Habits, Timeline) draw their own title but no back control.
2026-10-06T21:00:57.8241437Z      * Opened from More they get a native header with only the back chevron, so
2026-10-06T21:00:57.8241804Z      * the way back is always visible and the safe area is respected.
2026-10-06T21:00:57.8241950Z      */
2026-10-06T21:00:57.8242199Z     function backOnlyHeader(title = '') {
2026-10-06T21:00:57.8242354Z       return {
2026-10-06T21:00:57.8242523Z         headerShown: true,
2026-10-06T21:00:57.8242694Z         title,
2026-10-06T21:00:57.8242911Z         headerBackTitle: 'Back',
2026-10-06T21:00:57.8243132Z         headerShadowVisible: false,
2026-10-06T21:00:57.8243453Z         headerStyle: { backgroundColor: colors.bone },
2026-10-06T21:00:57.8243678Z         headerTintColor: colors.ink,
2026-10-06T21:00:57.8243831Z       } as const;
2026-10-06T21:00:57.8243997Z     }·
2026-10-06T21:00:57.8244407Z     const Tab           = createBottomTabNavigator<ClientTabParamList>();
2026-10-06T21:00:57.8245118Z     const HomeStackNav  = createNativeStackNavigator<HomeStackParamList>();
2026-10-06T21:00:57.8245628Z     const WorkoutStackNav = createNativeStackNavigator<WorkoutStackParamList>();
2026-10-06T21:00:57.8246084Z     const MoreStackNav  = createNativeStackNavigator<MoreStackParamList>();
2026-10-06T21:00:57.8246794Z     const CalendarStackNav = createNativeStackNavigator<CalendarStackParamList>();·
2026-10-06T21:00:57.8247129Z     function CalendarStackNavigator() {
2026-10-06T21:00:57.8247334Z       return (
2026-10-06T21:00:57.8262681Z         <CalendarStackNav.Navigator
2026-10-06T21:00:57.8262908Z           screenOptions={{
2026-10-06T21:00:57.8263149Z             headerShown: true,
2026-10-06T21:00:57.8263319Z             headerTitle: '',
2026-10-06T21:00:57.8263557Z             headerShadowVisible: false,
2026-10-06T21:00:57.8263864Z             headerStyle: { backgroundColor: colors.bone },
2026-10-06T21:00:57.8264103Z             headerTintColor: colors.ink,
2026-10-06T21:00:57.8264422Z             contentStyle: { backgroundColor: colors.bone },
2026-10-06T21:00:57.8264563Z           }}
2026-10-06T21:00:57.8264958Z         >
2026-10-06T21:00:57.8265839Z           <CalendarStackNav.Screen name=\"CalendarHome\" component={ProtectedCalendarHomeScreen} options={{ headerShown: false }} />
2026-10-06T21:00:57.8266521Z           <CalendarStackNav.Screen name=\"CalendarBook\" component={ProtectedCalendarBookScreen} />
2026-10-06T21:00:57.8267183Z           <CalendarStackNav.Screen name=\"CalendarSession\" component={ProtectedCalendarSessionScreen} />
2026-10-06T21:00:57.8267437Z         </CalendarStackNav.Navigator>
2026-10-06T21:00:57.8267584Z       );
2026-10-06T21:00:57.8267797Z     }·
2026-10-06T21:00:57.8268039Z     function HomeStackNavigator() {
2026-10-06T21:00:57.8268493Z       // The Home stack runs headerShown:false, so a headerRight bell here never
2026-10-06T21:00:57.8268930Z       // rendered (dead UI). The bell + \"Message your coach\" entry now live in the
2026-10-06T21:00:57.8269263Z       // Home screen body (components/home/HomeHeaderActions).
2026-10-06T21:00:57.8269418Z       return (
2026-10-06T21:00:57.8269630Z         <HomeStackNav.Navigator
2026-10-06T21:00:57.8269802Z           screenOptions={{
2026-10-06T21:00:57.8269998Z             headerShown: false,
2026-10-06T21:00:57.8270310Z             contentStyle: { backgroundColor: colors.bone },
2026-10-06T21:00:57.8270457Z           }}
2026-10-06T21:00:57.8270594Z         >
2026-10-06T21:00:57.8271079Z           <HomeStackNav.Screen name=\"HomeMain\"              component={HomeScreen} />
2026-10-06T21:00:57.8272126Z           <HomeStackNav.Screen name=\"Habits\"                component={HabitsScreen} options={backOnlyHeader()} />
2026-10-06T21:00:57.8272708Z           <HomeStackNav.Screen name=\"Notifications\"         component={NotificationsScreen} />
2026-10-06T21:00:57.8273220Z           <HomeStackNav.Screen name=\"Messages\"              component={MessagesScreen} />
2026-10-06T21:00:57.8273630Z           {/* Phase 9 — Notification center screens */}
2026-10-06T21:00:57.8273847Z           <HomeStackNav.Screen
2026-10-06T21:00:57.8274072Z             name=\"NotificationCenter\"
2026-10-06T21:00:57.8274347Z             component={NotificationCenterScreen}
2026-10-06T21:00:57.8274596Z             options={{ headerShown: false }}
2026-10-06T21:00:57.8288647Z           />
2026-10-06T21:00:57.8288885Z           <HomeStackNav.Screen
2026-10-06T21:00:57.8289163Z             name=\"NotificationPreferences\"
2026-10-06T21:00:57.8289500Z             component={NotificationPreferencesScreen}
2026-10-06T21:00:57.8289748Z             options={{ headerShown: false }}
2026-10-06T21:00:57.8289904Z           />
2026-10-06T21:00:57.8290142Z         </HomeStackNav.Navigator>
2026-10-06T21:00:57.8290299Z       );
2026-10-06T21:00:57.8290521Z     }·
2026-10-06T21:00:57.8290778Z     function WorkoutStackNavigator() {
2026-10-06T21:00:57.8290936Z       return (
2026-10-06T21:00:57.8291162Z         <WorkoutStackNav.Navigator
2026-10-06T21:00:57.8291352Z           screenOptions={{
2026-10-06T21:00:57.8291572Z             headerShown: false,
2026-10-06T21:00:57.8291891Z             contentStyle: { backgroundColor: colors.bone },
2026-10-06T21:00:57.8292050Z           }}
2026-10-06T21:00:57.8292197Z         >
2026-10-06T21:00:57.8292786Z           <WorkoutStackNav.Screen name=\"WorkoutMain\"     component={ProtectedWorkoutScreen} />
2026-10-06T21:00:57.8293426Z           <WorkoutStackNav.Screen name=\"ActiveWorkout\"   component={ProtectedActiveWorkoutScreen} />
2026-10-06T21:00:57.8294163Z           <WorkoutStackNav.Screen name=\"WorkoutHistoryEdit\" component={ProtectedWorkoutHistoryEditScreen} />
2026-10-06T21:00:57.8295055Z           <WorkoutStackNav.Screen name=\"RoutineBuilder\"  component={RoutineBuilderScreen} />
2026-10-06T21:00:57.8295669Z           <WorkoutStackNav.Screen name=\"CoachGuidelines\" component={CoachGuidelinesScreen} />
2026-10-06T21:00:57.8295939Z           {/* Mux video + exercise library v1. */}
2026-10-06T21:00:57.8296164Z           <WorkoutStackNav.Screen
2026-10-06T21:00:57.8296386Z             name=\"ExerciseLibrary\"
2026-10-06T21:00:57.8296649Z             component={ExerciseLibraryScreen}
2026-10-06T21:00:57.8297027Z             options={{ headerShown: true, title: 'Exercise Library' }}
2026-10-06T21:00:57.8297183Z           />
2026-10-06T21:00:57.8297399Z           <WorkoutStackNav.Screen
2026-10-06T21:00:57.8297599Z             name=\"ExerciseDetail\"
2026-10-06T21:00:57.8297858Z             component={ExerciseDetailScreen}
2026-10-06T21:00:57.8298033Z             options={{
2026-10-06T21:00:57.8298239Z               headerShown: true,
2026-10-06T21:00:57.8298448Z               title: 'Exercise',
2026-10-06T21:00:57.8298871Z               // Modal presentation makes this screen usable both as a push
2026-10-06T21:00:57.8299214Z               // from the library AND as an in-workout overlay from
2026-10-06T21:00:57.8299605Z               // ActiveWorkoutScreen without re-registering it elsewhere.
2026-10-06T21:00:57.8299828Z               presentation: 'modal',
2026-10-06T21:00:57.8299986Z             }}
2026-10-06T21:00:57.8300128Z           />
2026-10-06T21:00:57.8300370Z         </WorkoutStackNav.Navigator>
2026-10-06T21:00:57.8300517Z       );
2026-10-06T21:00:57.8300722Z     }·
2026-10-06T21:00:57.8301228Z     // MoreStack: Profile + every ex-tab screen. Keeps existing navigate() calls valid.
2026-10-06T21:00:57.8301511Z     // Phase 7B: Timeline screen registered here.
2026-10-06T21:00:57.8301814Z     // Phase 7C: Leaderboard screens registered here.
2026-10-06T21:00:57.8302377Z     // Bloodwork: BloodworkEntry screen registered here.
2026-10-06T21:00:57.8303014Z     // Wave 11: Copilot + CommunityHub registered here (flags default OFF in prod).
2026-10-06T21:00:57.8303249Z     function MoreStackNavigator() {
2026-10-06T21:00:57.8303403Z       return (
2026-10-06T21:00:57.8303613Z         <MoreStackNav.Navigator
2026-10-06T21:00:57.8303793Z           screenOptions={{
2026-10-06T21:00:57.8304010Z             headerShown: false,
2026-10-06T21:00:57.8304337Z             contentStyle: { backgroundColor: colors.bone },
2026-10-06T21:00:57.8304496Z           }}
2026-10-06T21:00:57.8304936Z         >
2026-10-06T21:00:57.8305424Z           <MoreStackNav.Screen name=\"MoreIndex\"    component={MoreScreen} />
2026-10-06T21:00:57.8305906Z           <MoreStackNav.Screen name=\"ProfileMain\"  component={ProfileScreen} />
2026-10-06T21:00:57.8306415Z           <MoreStackNav.Screen name=\"EditProfile\"  component={EditProfileScreen} />
2026-10-06T21:00:57.8306894Z           <MoreStackNav.Screen name=\"Recipes\"      component={RecipesScreen} />
2026-10-06T21:00:57.8307406Z           <MoreStackNav.Screen name=\"RecipeDetail\" component={RecipeDetailScreen} />
2026-10-06T21:00:57.8307881Z           <MoreStackNav.Screen name=\"GroceryList\"  component={GroceryListScreen} />
2026-10-06T21:00:57.8308382Z           <MoreStackNav.Screen name=\"ShoppingList\" component={ShoppingListScreen} />
2026-10-06T21:00:57.8308866Z           <MoreStackNav.Screen name=\"PrepGuide\"    component={PrepGuideScreen} />
2026-10-06T21:00:57.8309379Z           <MoreStackNav.Screen name=\"Fast\"         component={ProtectedFastingScreen} />
2026-10-06T21:00:57.8309913Z           <MoreStackNav.Screen name=\"Community\"    component={ProtectedCommunityScreen} />
2026-10-06T21:00:57.8310453Z           <MoreStackNav.Screen name=\"CommunitySafety\" component={CommunitySafetyScreen} />
2026-10-06T21:00:57.8311113Z           <MoreStackNav.Screen name=\"Progress\"     component={ProgressScreen} options={backOnlyHeader()} />
2026-10-06T21:00:57.8311590Z           <MoreStackNav.Screen name=\"Settings\"     component={SettingsScreen} />
2026-10-06T21:00:57.8312046Z           <MoreStackNav.Screen name=\"Widgets\"      component={WidgetsScreen} />
2026-10-06T21:00:57.8312506Z           <MoreStackNav.Screen name=\"Report\"       component={ReportScreen} />
2026-10-06T21:00:57.8312971Z           <MoreStackNav.Screen name=\"Learn\"        component={EducationScreen} />
2026-10-06T21:00:57.8313639Z           <MoreStackNav.Screen name=\"Plan\"         component={ProtectedPlanScreen} options={backOnlyHeader()} />
2026-10-06T21:00:57.8314125Z           <MoreStackNav.Screen name=\"TrustCenter\"  component={TrustCenterScreen} />
2026-10-06T21:00:57.8314854Z           <MoreStackNav.Screen name=\"DeleteAccount\" component={DeleteAccountScreen} />
2026-10-06T21:00:57.8315410Z           <MoreStackNav.Screen name=\"RomanAiConsent\" component={RomanAiConsentScreen} />
2026-10-06T21:00:57.8315881Z           {/* Roman chat history (backend #635): always registered, like the backend
2026-10-06T21:00:57.8316341Z               routes, so finding and deleting chats never depends on the chat flag. */}
2026-10-06T21:00:57.8316954Z           <MoreStackNav.Screen name=\"RomanConversations\" component={RomanConversationsScreen} />
2026-10-06T21:00:57.8317542Z           <MoreStackNav.Screen name=\"RomanConversation\" component={RomanConversationScreen} />
2026-10-06T21:00:57.8318033Z           <MoreStackNav.Screen name=\"Preferences\"  component={PreferencesScreen} />
2026-10-06T21:00:57.8318537Z           <MoreStackNav.Screen name=\"AIGuide\"      component={ProtectedAIGuideScreen} />
2026-10-06T21:00:57.8319020Z           <MoreStackNav.Screen name=\"Membership\"   component={MembershipScreen} />
2026-10-06T21:00:57.8319429Z           {/* Phase 7B — Transformation Timeline */}
2026-10-06T21:00:57.8320077Z           <MoreStackNav.Screen name=\"Timeline\"     component={TimelineScreen} options={backOnlyHeader()} />
2026-10-06T21:00:57.8320670Z           {/* Phase 7C — Peer Leaderboard (opt-in) */}
2026-10-06T21:00:57.8321387Z           <MoreStackNav.Screen name=\"Leaderboard\"          component={LeaderboardScreen} />
2026-10-06T21:00:57.8322026Z           <MoreStackNav.Screen name=\"LeaderboardSettings\"  component={LeaderboardSettingsScreen} />
2026-10-06T21:00:57.8322500Z           {/* Bloodwork: personal training only, no lab surfaces in v1.0. Registered
2026-10-06T21:00:57.8323002Z               only behind featureFlags.bloodwork (OFF), so no deep link reaches it. */}
2026-10-06T21:00:57.8323238Z           {featureFlags.bloodwork && (
2026-10-06T21:00:57.8323745Z             <MoreStackNav.Screen name=\"Bloodwork\"    component={BloodworkEntryScreen} />
2026-10-06T21:00:57.8323893Z           )}
2026-10-06T21:00:57.8324445Z           {/* Wave 11 — gated routes. Only registered when the matching feature
2026-10-06T21:00:57.8325098Z               flag is explicitly true, so stub/coming-soon copy never ships to
2026-10-06T21:00:57.8325541Z               production binaries (the screens still render an empty state if
2026-10-06T21:00:57.8325757Z               they ever do mount). */}
2026-10-06T21:00:57.8326048Z           {featureFlags.clientPathCopilot && (
2026-10-06T21:00:57.8326619Z             <MoreStackNav.Screen name=\"Copilot\"           component={ClientPathCopilotScreen} />
2026-10-06T21:00:57.8326768Z           )}
2026-10-06T21:00:57.8327025Z           {featureFlags.privateCommunityHub && (
2026-10-06T21:00:57.8327383Z             <MoreStackNav.Screen name=\"PrivateCommunityHub\" component={PrivateCommunityHubScreen} />
2026-10-06T21:00:57.8327475Z           )}
2026-10-06T21:00:57.8327749Z           {/* Roman P1 chat (client surface). Only registered when featureFlags.romanChat
2026-10-06T21:00:57.8328033Z               is explicitly true (default OFF), mirroring the Wave 11 gated-route pattern.
2026-10-06T21:00:57.8328309Z               The screen receives surface='client' so the backend @IsIn(ROMAN_SURFACES)
2026-10-06T21:00:57.8328547Z               value is fixed at the navigator, never guessed client-side. */}
2026-10-06T21:00:57.8328679Z           {featureFlags.romanChat && (
2026-10-06T21:00:57.8328845Z             <MoreStackNav.Screen name=\"RomanChat\">
2026-10-06T21:00:57.8329015Z               {() => <RomanChatScreen surface=\"client\" />}
2026-10-06T21:00:57.8329141Z             </MoreStackNav.Screen>
2026-10-06T21:00:57.8329223Z           )}
2026-10-06T21:00:57.8329661Z           {/* Phase 11 — Share Card. Rendered off-screen; captureRef then opens native share sheet. */}
2026-10-06T21:00:57.8329928Z           <MoreStackNav.Screen name=\"ShareCard\" component={ShareCardScreen} />
2026-10-06T21:00:57.8330216Z           {/* Phase 11 — Notification category preferences (push taxonomy). */}
2026-10-06T21:00:57.8330647Z           <MoreStackNav.Screen name=\"NotificationPreferences\" component={NotificationCategoryPreferencesScreen} />
2026-10-06T21:00:57.8330841Z           {/* Phase 11 Track 9 — Support Inbox */}
2026-10-06T21:00:57.8331143Z           <MoreStackNav.Screen name=\"SupportInbox\"      component={SupportInboxScreen} />
2026-10-06T21:00:57.8331412Z           {/* Sprint B-2 final wave — client read surfaces. The screens
2026-10-06T21:00:57.8331624Z               themselves shipped in PR #130 (this PR adds the wiring).
2026-10-06T21:00:57.8331840Z               Reachable via deep-link and from MoreScreen entries (added
2026-10-06T21:00:57.8332037Z               in a follow-up; route registration first so deep-links
2026-10-06T21:00:57.8332147Z               work today). */}
2026-10-06T21:00:57.8332659Z           <MoreStackNav.Screen name=\"ClientMacros\"        component={ProtectedClientMacrosScreen} options={backOnlyHeader('Macro targets')} />
2026-10-06T21:00:57.8333041Z           <MoreStackNav.Screen name=\"ClientDailyMealPlan\" component={ProtectedClientDailyMealPlanScreen} />
2026-10-06T21:00:57.8333413Z           <MoreStackNav.Screen name=\"ClientWorkoutViewer\" component={ProtectedClientWorkoutViewerScreen} />
2026-10-06T21:00:57.8334003Z           <MoreStackNav.Screen name=\"WorkoutAssignmentDetail\" component={ProtectedWorkoutAssignmentDetailScreen} />
2026-10-06T21:00:57.8334379Z           {/* Concierge Phase 1 — scheduling client surfaces. The old
2026-10-06T21:00:57.8334620Z               ClientBookingRequest route (no entry point, superseded by the
2026-10-06T21:00:57.8335136Z               Calendar tab's booking) was removed in S-SCHED-4. */}
2026-10-06T21:00:57.8335255Z           <MoreStackNav.Screen
2026-10-06T21:00:57.8335403Z             name=\"ClientUpcomingSessions\"
2026-10-06T21:00:57.8335610Z             component={ProtectedClientUpcomingSessionsScreen}
2026-10-06T21:00:57.8335693Z           />
2026-10-06T21:00:57.8335937Z           {/* Phase 10 — GDPR Article 20 data portability */}
2026-10-06T21:00:57.8336208Z           <MoreStackNav.Screen name=\"DataExport\" component={DataExportScreen} />
2026-10-06T21:00:57.8336498Z           {/* Payments — client-facing packages list + Stripe Checkout return
2026-10-06T21:00:57.8336722Z               (backend PR #215). The return screen is the deep-link target for
2026-10-06T21:00:57.8336974Z               tgp://checkout/{success,cancel}; see RootNavigator.linking. */}
2026-10-06T21:00:57.8337293Z           <MoreStackNav.Screen name=\"ClientPackages\"  component={ClientPackagesScreen} />
2026-10-06T21:00:57.8337597Z           {/* OR-110-2 — native card update (dunning banner, lockout, emails). */}
2026-10-06T21:00:57.8337866Z           <MoreStackNav.Screen name=\"UpdateCard\"      component={UpdateCardScreen} />
2026-10-06T21:00:57.8338157Z           <MoreStackNav.Screen name=\"CheckoutReturn\"  component={CheckoutReturnScreen} />
2026-10-06T21:00:57.8338470Z           {/* PR-13 — buyer-facing Deliverables timeline (drip engine surface). */}
2026-10-06T21:00:57.8338747Z           <MoreStackNav.Screen name=\"Deliverables\"    component={DeliverablesScreen} />
2026-10-06T21:00:57.8338984Z           {/* PR-15B — post-checkout unpack moment. Reachable from
2026-10-06T21:00:57.8339179Z               CheckoutReturnScreen on a successful confirm. */}
2026-10-06T21:00:57.8339475Z           <MoreStackNav.Screen name=\"PurchaseUnpack\"  component={PurchaseUnpackScreen} />
2026-10-06T21:00:57.8339822Z           {/* Branded in-app webview checkout (1:1 packages, Guideline 3.1.3(d); see screen docstring). */}
2026-10-06T21:00:57.8339936Z           <MoreStackNav.Screen
2026-10-06T21:00:57.8340081Z             name=\"BrandedCheckoutWebView\"
2026-10-06T21:00:57.8340250Z             component={BrandedCheckoutWebViewScreen}
2026-10-06T21:00:57.8340521Z             options={{ presentation: 'modal', headerShown: false, gestureEnabled: false }}
2026-10-06T21:00:57.8340610Z           />
2026-10-06T21:00:57.8340910Z           {/* iMessage-grade DM — Apple App Review 1.2 compliance surfaces. */}
2026-10-06T21:00:57.8341152Z           <MoreStackNav.Screen name=\"ContactView\" component={ContactView} />
2026-10-06T21:00:57.8341414Z           <MoreStackNav.Screen name=\"BlockedUsers\" component={BlockedUsersScreen} />
2026-10-06T21:00:57.8341721Z           {/* PR-HK-1-mobile — Wearable Connections Hub. Reachable from Settings;
2026-10-06T21:00:57.8341939Z               the bucket UI + segmented switcher land in PR-HK-3a/3b. */}
2026-10-06T21:00:57.8342205Z           <MoreStackNav.Screen name=\"Connections\" component={ConnectionsScreen} />
2026-10-06T21:00:57.8342487Z           {/* PR-HK-3a — wearables bucket shell + shared metric detail. The shell
2026-10-06T21:00:57.8342706Z               mounts the Health & Fitness overview (and, post-HK-3b, Sleep &
2026-10-06T21:00:57.8343030Z               Recovery). This is the single nav edit point per UNIFIED_BUILD_PLAN §6. */}
2026-10-06T21:00:57.8343261Z           <MoreStackNav.Screen name=\"Health\" component={WearablesShell} />
2026-10-06T21:00:57.8343376Z           <MoreStackNav.Screen
2026-10-06T21:00:57.8343518Z             name=\"WearableMetricDetail\"
2026-10-06T21:00:57.8343661Z             component={MetricDetailScreen}
2026-10-06T21:00:57.8344010Z           />
2026-10-06T21:00:57.8344272Z           {/* Client-facing checkout for a coach's package share link. Reachable
2026-10-06T21:00:57.8344924Z               via deep-link (tgp://p/:token, https://app.trygrowthproject.com/p/:token)
2026-10-06T21:00:57.8345140Z               and from the MembershipScreen. */}
2026-10-06T21:00:57.8345269Z           <MoreStackNav.Screen
2026-10-06T21:00:57.8345405Z             name=\"PackageCheckout\"
2026-10-06T21:00:57.8345561Z             component={PackageCheckoutScreen}
2026-10-06T21:00:57.8345700Z             options={{ presentation: 'modal' }}
2026-10-06T21:00:57.8345790Z           />
2026-10-06T21:00:57.8345921Z         </MoreStackNav.Navigator>
2026-10-06T21:00:57.8346010Z       );
2026-10-06T21:00:57.8346130Z     }·
2026-10-06T21:00:57.8346478Z     // ─── Main tab navigator ───────────────────────────────────────────────────────·
2026-10-06T21:00:57.8346573Z     /**
2026-10-06T21:00:57.8346896Z      * CommunityTabBarIcon — the Community tab icon with a LIVE unread badge. The
2026-10-06T21:00:57.8347171Z      * badge count comes from useCommunityBadge, which is driven by the Supabase
2026-10-06T21:00:57.8347440Z      * Realtime subscription (a broadcast ping invalidates community/me and the
2026-10-06T21:00:57.8347765Z      * authoritative unread counts refetch over REST) — NOT polling. Rendered only
2026-10-06T21:00:57.8348024Z      * when featureFlags.communityTab is true, since the tab itself is flag-gated.
2026-10-06T21:00:57.8348111Z      */
2026-10-06T21:00:57.8348325Z     function CommunityTabBarIcon({ color }: { color: string }) {
2026-10-06T21:00:57.8348460Z       const client = useCurrentUser();
2026-10-06T21:00:57.8348614Z       const badge = useCommunityBadge(client?.id);
2026-10-06T21:00:57.8348713Z       return (
2026-10-06T21:00:57.8348868Z         <View style={styles.communityIconWrap}>
2026-10-06T21:00:57.8349096Z           <Ionicons name=\"chatbubbles-outline\" size={24} color={color} />
2026-10-06T21:00:57.8349365Z           <UnreadBadge count={badge.total} corner testID=\"community-tab-badge\" />
2026-10-06T21:00:57.8349468Z         </View>
2026-10-06T21:00:57.8349559Z       );
2026-10-06T21:00:57.8349655Z     }·
2026-10-06T21:00:57.8349914Z     // Order must match the rendered <Tab.Screen> order (the overlay spotlights
2026-10-06T21:00:57.8350020Z     // tab N of this list).
2026-10-06T21:00:57.8350115Z     const TUTORIAL_TABS = [
2026-10-06T21:00:57.8350204Z       'Home',
2026-10-06T21:00:57.8350303Z       'WorkoutTab',
2026-10-06T21:00:57.8350394Z       'Log',
2026-10-06T21:00:57.8350599Z       ...(featureFlags.clientCalendar ? ['CalendarTab'] : []),
2026-10-06T21:00:57.8350691Z       'MoreTab',
2026-10-06T21:00:57.8350885Z       ...(featureFlags.communityTab ? ['CommunityTab'] : []),
2026-10-06T21:00:57.8350976Z     ];·
2026-10-06T21:00:57.8351131Z     export default function ClientNavigator() {
2026-10-06T21:00:57.8351364Z       // Sol B-310-5: a Roman and AI withdrawal from onboarding that the ledger
2026-10-06T21:00:57.8351545Z       // has not confirmed yet is sent when the app opens.
2026-10-06T21:00:57.8351646Z       useAiWithdrawalDrain();
2026-10-06T21:00:57.8351895Z       // Latest tab-screen navigation object, captured from screenListeners, so
2026-10-06T21:00:57.8352117Z       // the tutorial overlay (which sits outside the navigator) can offer
2026-10-06T21:00:57.8352273Z       // \"Take me there\" for screens behind a menu.
2026-10-06T21:00:57.8352615Z       const tabNavRef = React.useRef<{ navigate: (name: string, params?: object) => void } | null>(null);
2026-10-06T21:00:57.8352878Z       const onTutorialNavigate = React.useCallback((t: TutorialNavTarget) => {
2026-10-06T21:00:57.8352970Z         try {
2026-10-06T21:00:57.8353094Z           tabNavRef.current?.navigate(
2026-10-06T21:00:57.8353189Z             t.tab,
2026-10-06T21:00:57.8353483Z             t.screen ? { screen: t.screen, ...(t.params ? { params: t.params } : {}) } : undefined,
2026-10-06T21:00:57.8353571Z           );
2026-10-06T21:00:57.8353659Z         } catch (err) {
2026-10-06T21:00:57.8354019Z           logger.warn('ClientNavigator', 'tutorial navigate failed', err);
2026-10-06T21:00:57.8354105Z         }
2026-10-06T21:00:57.8354273Z       }, []);
2026-10-06T21:00:57.8354363Z       return (
2026-10-06T21:00:57.8354599Z         <TutorialHost tabs={TUTORIAL_TABS} onNavigate={onTutorialNavigate}>
2026-10-06T21:00:57.8354849Z         <Tab.Navigator
2026-10-06T21:00:57.8354949Z           screenOptions={{
2026-10-06T21:00:57.8355069Z             headerShown: false,
2026-10-06T21:00:57.8355192Z             tabBarShowLabel: false,
2026-10-06T21:00:57.8355320Z             tabBarHideOnKeyboard: true,
2026-10-06T21:00:57.8355471Z             tabBarActiveTintColor:   colors.ink,
2026-10-06T21:00:57.8355623Z             tabBarInactiveTintColor: colors.stone,
2026-10-06T21:00:57.8355719Z             tabBarStyle: {
2026-10-06T21:00:57.8355850Z               backgroundColor: colors.bone,
2026-10-06T21:00:57.8355975Z               borderTopWidth: 0.5,
2026-10-06T21:00:57.8356116Z               borderTopColor: colors.stone,
2026-10-06T21:00:57.8356206Z               height: 64,
2026-10-06T21:00:57.8356295Z             },
2026-10-06T21:00:57.8356383Z           }}
2026-10-06T21:00:57.8356523Z           screenListeners={({ navigation }) => {
2026-10-06T21:00:57.8356774Z             if (featureFlags.clientTutorial) tabNavRef.current = navigation;
2026-10-06T21:00:57.8356867Z             return {
2026-10-06T21:00:57.8356989Z               tabPress: () => {
2026-10-06T21:00:57.8357204Z                 // Phase 11 / Track 3: haptic selection feedback on tab switch
2026-10-06T21:00:57.8357344Z                 HapticService.selection();
2026-10-06T21:00:57.8357436Z               },
2026-10-06T21:00:57.8357664Z               // Clinic tutorial: report the focused route path so route gates
2026-10-06T21:00:57.8357862Z               // (e.g. \"tap Train\") are satisfied by real navigation only.
2026-10-06T21:00:57.8357960Z               state: (e) => {
2026-10-06T21:00:57.8358134Z                 if (!featureFlags.clientTutorial) return;
2026-10-06T21:00:57.8358345Z                 const data = e.data as { state?: NavStateLike } | undefined;
2026-10-06T21:00:57.8358607Z                 setTutorialRoute(withInitialLeaf(focusedRoutePath(data?.state)));
2026-10-06T21:00:57.8358697Z               },
2026-10-06T21:00:57.8358784Z             };
2026-10-06T21:00:57.8358864Z           }}
2026-10-06T21:00:57.8358950Z         >
2026-10-06T21:00:57.8359046Z           <Tab.Screen
2026-10-06T21:00:57.8359134Z             name=\"Home\"
2026-10-06T21:00:57.8359273Z             component={HomeStackNavigator}
2026-10-06T21:00:57.8359370Z             options={{
2026-10-06T21:00:57.8359518Z               tabBarAccessibilityLabel: 'Home',
2026-10-06T21:00:57.8359646Z               tabBarIcon: ({ color }) => (
2026-10-06T21:00:57.8359854Z                 <Ionicons name=\"home-outline\" size={24} color={color} />
2026-10-06T21:00:57.8359942Z               ),
2026-10-06T21:00:57.8360021Z             }}
2026-10-06T21:00:57.8360111Z           />
2026-10-06T21:00:57.8360201Z           <Tab.Screen
2026-10-06T21:00:57.8360316Z             name=\"WorkoutTab\"
2026-10-06T21:00:57.8360469Z             component={WorkoutStackNavigator}
2026-10-06T21:00:57.8360562Z             options={{
2026-10-06T21:00:57.8360711Z               tabBarAccessibilityLabel: 'Train',
2026-10-06T21:00:57.8360832Z               tabBarIcon: ({ color }) => (
2026-10-06T21:00:57.8361050Z                 <Ionicons name=\"fitness-outline\" size={24} color={color} />
2026-10-06T21:00:57.8361135Z               ),
2026-10-06T21:00:57.8361215Z             }}
2026-10-06T21:00:57.8361302Z           />
2026-10-06T21:00:57.8361391Z           <Tab.Screen
2026-10-06T21:00:57.8361479Z             name=\"Log\"
2026-10-06T21:00:57.8361613Z             component={ProtectedLogScreen}
2026-10-06T21:00:57.8361705Z             options={{
2026-10-06T21:00:57.8361858Z               tabBarAccessibilityLabel: 'Log food',
2026-10-06T21:00:57.8361977Z               tabBarIcon: ({ color }) => (
2026-10-06T21:00:57.8362331Z                 <Ionicons name=\"restaurant-outline\" size={24} color={color} />
2026-10-06T21:00:57.8362419Z               ),
2026-10-06T21:00:57.8362609Z             }}
2026-10-06T21:00:57.8362700Z           />
2026-10-06T21:00:57.8363032Z           {/* S-SCHED Calendar tab — gated by featureFlags.clientCalendar (default
2026-10-06T21:00:57.8363262Z               OFF). Off: the tab, its routes and deep links do not register. */}
2026-10-06T21:00:57.8363398Z           {featureFlags.clientCalendar && (
2026-10-06T21:00:57.8363493Z             <Tab.Screen
2026-10-06T21:00:57.8363615Z               name=\"CalendarTab\"
2026-10-06T21:00:57.8363757Z               component={CalendarStackNavigator}
2026-10-06T21:00:57.8363856Z               options={{
2026-10-06T21:00:57.8364017Z                 tabBarAccessibilityLabel: 'Calendar',
2026-10-06T21:00:57.8364156Z                 tabBarIcon: ({ color }) => (
2026-10-06T21:00:57.8364377Z                   <Ionicons name=\"calendar-outline\" size={24} color={color} />
2026-10-06T21:00:57.8364480Z                 ),
2026-10-06T21:00:57.8364567Z               }}
2026-10-06T21:00:57.8364771Z             />
2026-10-06T21:00:57.8364873Z           )}
2026-10-06T21:00:57.8364969Z           <Tab.Screen
2026-10-06T21:00:57.8365070Z             name=\"MoreTab\"
2026-10-06T21:00:57.8365201Z             component={MoreStackNavigator}
2026-10-06T21:00:57.8365292Z             options={{
2026-10-06T21:00:57.8365472Z               tabBarAccessibilityLabel: 'Profile and more',
2026-10-06T21:00:57.8365593Z               tabBarIcon: ({ color }) => (
2026-10-06T21:00:57.8365847Z                 <Ionicons name=\"person-outline\" size={24} color={color} />
2026-10-06T21:00:57.8365934Z               ),
2026-10-06T21:00:57.8366016Z             }}
2026-10-06T21:00:57.8366102Z           />
2026-10-06T21:00:57.8366434Z           {/* v1-5 Community tab — gated by featureFlags.communityTab (default OFF).
2026-10-06T21:00:57.8366679Z               When the flag is OFF this <Tab.Screen> is not rendered, so the tab does
2026-10-06T21:00:57.8366905Z               not appear and the CommunityTab route (and its deep link) never
2026-10-06T21:00:57.8367014Z               registers. */}
2026-10-06T21:00:57.8367152Z           {featureFlags.communityTab && (
2026-10-06T21:00:57.8367246Z             <Tab.Screen
2026-10-06T21:00:57.8367361Z               name=\"CommunityTab\"
2026-10-06T21:00:57.8367502Z               component={CommunityNavigator}
2026-10-06T21:00:57.8367597Z               options={{
2026-10-06T21:00:57.8367752Z                 tabBarAccessibilityLabel: 'Community',
2026-10-06T21:00:57.8367989Z                 tabBarIcon: ({ color }) => <CommunityTabBarIcon color={color} />,
2026-10-06T21:00:57.8368076Z               }}
2026-10-06T21:00:57.8368155Z             />
2026-10-06T21:00:57.8368239Z           )}
2026-10-06T21:00:57.8368334Z         </Tab.Navigator>
2026-10-06T21:00:57.8368429Z         </TutorialHost>
2026-10-06T21:00:57.8368508Z       );
2026-10-06T21:00:57.8368618Z     }·
2026-10-06T21:00:57.8368936Z     // ─── Styles ───────────────────────────────────────────────────────────────────·
2026-10-06T21:00:57.8369078Z     const styles = StyleSheet.create({
2026-10-06T21:00:57.8369182Z       communityIconWrap: {
2026-10-06T21:00:57.8369284Z         position: 'relative',
2026-10-06T21:00:57.8369373Z         width: 28,
2026-10-06T21:00:57.8369457Z         height: 28,
2026-10-06T21:00:57.8369580Z         justifyContent: 'center',
2026-10-06T21:00:57.8369675Z         alignItems: 'center',
2026-10-06T21:00:57.8369751Z       },
2026-10-06T21:00:57.8369837Z     });
2026-10-06T21:00:57.8369919Z     "
2026-10-06T21:00:57.8369929Z 
2026-10-06T21:00:57.8370047Z     [0m [90m 25 |[39m
2026-10-06T21:00:57.8370491Z      [90m 26 |[39m   it([32m'preserves client icon space above the bottom inset'[39m[33m,[39m () [33m=>[39m {
2026-10-06T21:00:57.8370999Z     [31m[1m>[22m[39m[90m 27 |[39m     expect(client)[33m.[39mtoMatch([35m/const insets = useSafeAreaInsets\(\)/[39m)[33m;[39m
2026-10-06T21:00:57.8371346Z      [90m    |[39m                    [31m[1m^[22m[39m
2026-10-06T21:00:57.8371882Z      [90m 28 |[39m     expect(client)[33m.[39mtoMatch([35m/height:\s*64\s*\+\s*insets\.bottom/[39m)[33m;[39m
2026-10-06T21:00:57.8372041Z      [90m 29 |[39m   })[33m;[39m
2026-10-06T21:00:57.8372159Z      [90m 30 |[39m[0m
2026-10-06T21:00:57.8372167Z 
2026-10-06T21:00:57.8372429Z       at Object.toMatch (src/navigation/__tests__/tabBarPolish125.test.ts:27:20)
2026-10-06T21:00:57.8372438Z 
2026-10-06T21:00:57.8372987Z   ● primary tab-bar appearance and safe-area contracts › preserves coach label/icon space and padding above the home indicator
2026-10-06T21:00:57.8372995Z 
2026-10-06T21:00:57.8373123Z     expect(received).toMatch(expected)
2026-10-06T21:00:57.8373130Z 
2026-10-06T21:00:57.8373329Z     Expected pattern: /const insets = useSafeAreaInsets\(\)/
2026-10-06T21:00:57.8373621Z     Received string:  "// Phase 9: Bell icon + NotificationCenter added to CoachNavigator.
2026-10-06T21:00:57.8373766Z     // All existing routes preserved.
2026-10-06T21:00:57.8373930Z     import React, { useEffect, useState } from 'react';
2026-10-06T21:00:57.8374200Z     import { AppState, TouchableOpacity, View, StyleSheet } from 'react-native';
2026-10-06T21:00:57.8374459Z     import { createBottomTabNavigator } from '@react-navigation/bottom-tabs';
2026-10-06T21:00:57.8374856Z     import { createNativeStackNavigator } from '@react-navigation/native-stack';
2026-10-06T21:00:57.8375094Z     import type { NavigatorScreenParams } from '@react-navigation/native';
2026-10-06T21:00:57.8375251Z     import { Ionicons } from '@expo/vector-icons';
2026-10-06T21:00:57.8375399Z     import { coachApi } from '../services/api';
2026-10-06T21:00:57.8375533Z     import { logger } from '../utils/logger';
2026-10-06T21:00:57.8375772Z     import ClientsListScreen from '../screens/coach/ClientsListScreen';
2026-10-06T21:00:57.8375995Z     import CoachHomeScreen from '../screens/coach/CoachHomeScreen';
2026-10-06T21:00:57.8376214Z     import MessagesScreen from '../screens/coach/MessagesScreen';
2026-10-06T21:00:57.8376418Z     import SettingsScreen from '../screens/coach/SettingsScreen';
2026-10-06T21:00:57.8376630Z     import RomanChatScreen from '../screens/roman/RomanChatScreen';
2026-10-06T21:00:57.8376876Z     import ClientDetailScreen from '../screens/coach/ClientDetailScreen';
2026-10-06T21:00:57.8377160Z     import ProgramTemplatesScreen from '../screens/coach/ProgramTemplatesScreen';
2026-10-06T21:00:57.8377378Z     import ProgramsStackNavigator from './ProgramsStackNavigator';
2026-10-06T21:00:57.8377728Z     // Codes: the b#658 Codes screen when the server has code tools on, else the legacy InviteCodesScreen.
2026-10-06T21:00:57.8377942Z     import CoachCodesEntry from '../screens/coach/CoachCodesEntry';
2026-10-06T21:00:57.8378201Z     import ClientMessagesScreen from '../screens/coach/ClientMessagesScreen';
2026-10-06T21:00:57.8378405Z     import RiskBoardScreen from '../screens/coach/RiskBoardScreen';
2026-10-06T21:00:57.8378683Z     import ClientRiskDetailScreen from '../screens/coach/ClientRiskDetailScreen';
2026-10-06T21:00:57.8378926Z     import CoachBillingScreen from '../screens/coach/CoachBillingScreen';
2026-10-06T21:00:57.8379220Z     // Payments — coach Stripe Connect onboarding/dashboard, packages CRUD,
2026-10-06T21:00:57.8379461Z     // per-package subscribers, and net earnings. All wired to real backend
2026-10-06T21:00:57.8379708Z     // endpoints; surfaces a config-required state when backend modules aren't
2026-10-06T21:00:57.8379834Z     // deployed in the environment.
2026-10-06T21:00:57.8380107Z     import CoachConnectScreen from '../screens/coach/payments/CoachConnectScreen';
2026-10-06T21:00:57.8380442Z     import CoachPackagesListScreen from '../screens/coach/payments/CoachPackagesListScreen';
2026-10-06T21:00:57.8380750Z     import CoachPackageEditScreen from '../screens/coach/payments/CoachPackageEditScreen';
2026-10-06T21:00:57.8381130Z     import CoachPackageSubscribersScreen from '../screens/coach/payments/CoachPackageSubscribersScreen';
2026-10-06T21:00:57.8381707Z     import CoachPackageContentsScreen from '../screens/coach/payments/CoachPackageContentsScreen';
2026-10-06T21:00:57.8381957Z     // The `CoachEarnings` route redirects to TGP Money (screens/coach/money),
2026-10-06T21:00:57.8382191Z     // the production money surface (the old earnings screens are deleted).
2026-10-06T21:00:57.8382502Z     import BloodworkReviewQueueScreen from '../screens/coach/BloodworkReviewQueueScreen';
2026-10-06T21:00:57.8382709Z     import TrustCenterScreen from '../screens/TrustCenterScreen';
2026-10-06T21:00:57.8383027Z     // Wave 11 — runtime scaffolding. The screen registrations below only mount
2026-10-06T21:00:57.8383278Z     // when the matching feature flag is explicitly true, so stub surfaces never
2026-10-06T21:00:57.8383406Z     // reach production binaries.
2026-10-06T21:00:57.8383629Z     import CoachBriefScreen from '../screens/coach/CoachBriefScreen';
2026-10-06T21:00:57.8383914Z     import AdminControlRoomScreen from '../screens/coach/AdminControlRoomScreen';
2026-10-06T21:00:57.8384095Z     import { featureFlags } from '../config/featureFlags';
2026-10-06T21:00:57.8384398Z     // Community v1-6 — coach community sub-stack (six screens). Mounted as a
2026-10-06T21:00:57.8384785Z     // bottom-tab ONLY when `featureFlags.coachCommunity` is true; when the flag is
2026-10-06T21:00:57.8385113Z     // OFF the tab does not render and none of the six routes register.
2026-10-06T21:00:57.8385361Z     import CoachCommunityNavigator from './CoachCommunityNavigator';
2026-10-06T21:00:57.8385739Z     import CommunityWearablePromptsScreen from '../screens/community/CommunityWearablePromptsScreen';
2026-10-06T21:00:57.8386023Z     // Stage 3 — cross-pillar federated coach surface. Mounted as a nested
2026-10-06T21:00:57.8386266Z     // navigator so the practice-selection picker, dashboard, roster, detail
2026-10-06T21:00:57.8386489Z     // view, messages, and assignments all live under one settings entry.
2026-10-06T21:00:57.8386802Z     import CrossPillarNavigator from '../screens/coach/cross-pillar/CrossPillarNavigator';
2026-10-06T21:00:57.8387004Z     // Phase 11 Track 9 — Support Inbox (Crisp)
2026-10-06T21:00:57.8387258Z     import SupportInboxScreen from '../screens/support/SupportInboxScreen';
2026-10-06T21:00:57.8387608Z     // Phase 11 / Track 7 — sub-coach team management (Scale+ tier gate enforced in-screen)
2026-10-06T21:00:57.8387856Z     import TeamManagementScreen from '../screens/coach/TeamManagementScreen';
2026-10-06T21:00:57.8388110Z     import SubCoachDetailScreen from '../screens/coach/SubCoachDetailScreen';
2026-10-06T21:00:57.8388351Z     import ClientReassignModal from '../screens/coach/ClientReassignModal';
2026-10-06T21:00:57.8388607Z     // Sprint B-2 — coach surfaces. Macros review (PR #130), workout
2026-10-06T21:00:57.8388774Z     // builder + meal templates + bulk invite (this PR).
2026-10-06T21:00:57.8389057Z     import CoachMacrosReviewScreen from '../screens/coach/CoachMacrosReviewScreen';
2026-10-06T21:00:57.8389300Z     // S-REACH: coach read of a client's consultation answers (backend #607).
2026-10-06T21:00:57.8389600Z     import ClientConsultationScreen from '../screens/coach/ClientConsultationScreen';
2026-10-06T21:00:57.8389897Z     import CoachWorkoutBuilderScreen from '../screens/coach/CoachWorkoutBuilderScreen';
2026-10-06T21:00:57.8390185Z     import CoachMealTemplatesScreen from '../screens/coach/CoachMealTemplatesScreen';
2026-10-06T21:00:57.8390459Z     import CoachBulkInviteScreen from '../screens/coach/CoachBulkInviteScreen';
2026-10-06T21:00:57.8390787Z     // Email Pipeline v1 — bulk-invite + invites list (per-recipient delivery view).
2026-10-06T21:00:57.8391027Z     // These complement the legacy CoachBulkInviteScreen / InviteCodesScreen;
2026-10-06T21:00:57.8391213Z     // the v1 surfaces target the email-delivery contract on
2026-10-06T21:00:57.8391348Z     // feat/email-pipeline-v1-backend.
2026-10-06T21:00:57.8395899Z     import BulkInviteScreen from '../screens/coach/BulkInviteScreen';
2026-10-06T21:00:57.8396169Z     import CoachInvitesScreen from '../screens/coach/CoachInvitesScreen';
2026-10-06T21:00:57.8396570Z     // Concierge Phase 1 — scheduling coach surfaces.
2026-10-06T21:00:57.8396946Z     import CoachAvailabilityEditorScreen from '../screens/coach/CoachAvailabilityEditorScreen';
2026-10-06T21:00:57.8397240Z     import CoachBookingInboxScreen from '../screens/coach/CoachBookingInboxScreen';
2026-10-06T21:00:57.8397561Z     // S-SCHED — appointment types manager + time off, next to Availability.
2026-10-06T21:00:57.8397902Z     import CoachAppointmentTypesScreen from '../screens/coach/CoachAppointmentTypesScreen';
2026-10-06T21:00:57.8398153Z     import CoachTimeOffScreen from '../screens/coach/CoachTimeOffScreen';
2026-10-06T21:00:57.8398456Z     // S-AVAIL-122 — booking options (notice, window, buffers, daily maximum).
2026-10-06T21:00:57.8398764Z     import CoachBookingOptionsScreen from '../screens/coach/CoachBookingOptionsScreen';
2026-10-06T21:00:57.8399081Z     import CoachBroadcastsScreen from '../screens/coach/broadcasts/CoachBroadcastsScreen';
2026-10-06T21:00:57.8399383Z     // M-FEATURED-123 — owner-only featured coach editor (Settings > Owner).
2026-10-06T21:00:57.8399723Z     import FeaturedCoachEditorScreen from '../screens/coach/featured/FeaturedCoachEditorScreen';
2026-10-06T21:00:57.8400042Z     import BroadcastComposerScreen from '../screens/coach/broadcasts/BroadcastComposerScreen';
2026-10-06T21:00:57.8400379Z     // Coach AI v1 — generate/edit/approve workout, meal, insight drafts per client.
2026-10-06T21:00:57.8400648Z     import AIWorkoutDraftScreen from '../screens/coach/AIWorkoutDraftScreen';
2026-10-06T21:00:57.8400924Z     import AIMealPlanDraftScreen from '../screens/coach/AIMealPlanDraftScreen';
2026-10-06T21:00:57.8401176Z     import ClientInsightScreen from '../screens/coach/ClientInsightScreen';
2026-10-06T21:00:57.8401349Z     // Phase 10 — GDPR right to erasure.
2026-10-06T21:00:57.8401619Z     import DeleteAccountScreen from '../screens/settings/DeleteAccountScreen';
2026-10-06T21:00:57.8401952Z     // Importer v0.3 — coach-facing extension import entry. Registered ONLY behind
2026-10-06T21:00:57.8402235Z     // featureFlags.extensionImport (default OFF); the kill switch removes the route.
2026-10-06T21:00:57.8402476Z     import ImportDataScreen from '../screens/coach/ImportDataScreen';
2026-10-06T21:00:57.8402976Z     // Stream 1 — AI credit-pack checkout (Stripe webview). Not a 1:1 service: hidden on iOS by the non-P2P purchase gate.
2026-10-06T21:00:57.8403274Z     import CreditPackCheckoutScreen from '../screens/coach/CreditPackCheckoutScreen';
2026-10-06T21:00:57.8403631Z     import { withNonP2PPurchaseGate } from '../components/purchases/withNonP2PPurchaseGate';·
2026-10-06T21:00:57.8403877Z     // AI credit packs are not a 1:1 person-to-person service; hidden on iOS
2026-10-06T21:00:57.8404146Z     // builds with EXPO_PUBLIC_FF_IOS_HIDE_NON_P2P_PURCHASES (purchaseSurfaces.ts).
2026-10-06T21:00:57.8404489Z     const GatedCreditPackCheckoutScreen = withNonP2PPurchaseGate(CreditPackCheckoutScreen);
2026-10-06T21:00:57.8404986Z     // Roman P4 / ED.3 — First Payment Wow overlay host. Wraps the whole coach tab
2026-10-06T21:00:57.8405321Z     // shell so the §2.6 celebration can overlay any tab when the coach's first
2026-10-06T21:00:57.8405509Z     // payment INSERT lands (flag-gated; MMKV once-only).
2026-10-06T21:00:57.8405769Z     import FirstPaymentWowHost from '../screens/coach/ed/FirstPaymentWowHost';
2026-10-06T21:00:57.8406011Z     import CoachSetupScreen from '../screens/coach/setup/CoachSetupScreen';
2026-10-06T21:00:57.8406285Z     // Stream 2 — Coach AI execution drafts inbox (draft.client_message,
2026-10-06T21:00:57.8406534Z     // draft.assign_workout, draft.assign_meal_plan, draft.send_notification).
2026-10-06T21:00:57.8406797Z     import PendingAiDraftsScreen from '../screens/coach/PendingAiDraftsScreen';
2026-10-06T21:00:57.8407134Z     // TestFlight coach SaaS — new business & team surfaces + invite redeemer drilldown.
2026-10-06T21:00:57.8407565Z     // Payments — earnings/payouts (backend PR #216). Package CRUD is the
2026-10-06T21:00:57.8407934Z     // `CoachPackagesList`/`CoachPackageEdit`/`CoachPackageSubscribers` family
2026-10-06T21:00:57.8408111Z     // from `screens/coach/payments/*`, imported above.
2026-10-06T21:00:57.8408315Z     import MoneyScreen from '../screens/coach/money/MoneyScreen';
2026-10-06T21:00:57.8408575Z     import MoneyChargesScreen from '../screens/coach/money/MoneyChargesScreen';
2026-10-06T21:00:57.8408823Z     import MoneyChargeScreen from '../screens/coach/money/MoneyChargeScreen';
2026-10-06T21:00:57.8409043Z     import MoneyRedirect from '../screens/coach/money/MoneyRedirect';
2026-10-06T21:00:57.8409226Z     import type { ChargeFilter } from '../api/coachMoneyApi';
2026-10-06T21:00:57.8409503Z     import CoachTeamProfileScreen from '../screens/coach/CoachTeamProfileScreen';
2026-10-06T21:00:57.8409801Z     import InviteCodeRedeemersScreen from '../screens/coach/InviteCodeRedeemersScreen';
2026-10-06T21:00:57.8409972Z     // Phase 9 — Notification center
2026-10-06T21:00:57.8410305Z     import NotificationCenterScreen from '../screens/notifications/NotificationCenterScreen';
2026-10-06T21:00:57.8410683Z     import NotificationPreferencesScreen from '../screens/notifications/NotificationPreferencesScreen';
2026-10-06T21:00:57.8410907Z     import NotificationBadge from '../components/NotificationBadge';
2026-10-06T21:00:57.8411112Z     import { fetchUnreadCount } from '../services/notificationsApi';
2026-10-06T21:00:57.8411415Z     // Phase 8 — Coach Command Center. This is the new top-level coach landing.
2026-10-06T21:00:57.8411686Z     // The legacy CoachHomeScreen is preserved in the Clients stack as a sub-screen
2026-10-06T21:00:57.8411917Z     // so existing deep links and navigation.navigate() calls keep working.
2026-10-06T21:00:57.8412220Z     import CommandCenterScreen from '../screens/coach/command-center/CommandCenterScreen';
2026-10-06T21:00:57.8412441Z     import { __USING_MOCK_DATA } from '../services/commandCenterApi';
2026-10-06T21:00:57.8412641Z     // Phase 10 — GDPR Article 20 data portability
2026-10-06T21:00:57.8412892Z     import DataExportScreen from '../screens/settings/DataExportScreen';
2026-10-06T21:00:57.8413210Z     // iMessage-grade DM — Apple App Review 1.2 compliance. ContactView lives in
2026-10-06T21:00:57.8413480Z     // the Clients stack (reachable from ClientMessagesScreen header); BlockedUsers
2026-10-06T21:00:57.8413687Z     // lives in the Settings stack (reachable from coach Settings).
2026-10-06T21:00:57.8413896Z     import ContactView from '../screens/messaging/ContactView';
2026-10-06T21:00:57.8414148Z     import BlockedUsersScreen from '../screens/settings/BlockedUsersScreen';
2026-10-06T21:00:57.8414599Z     import RomanConversationsScreen, { type RomanConversationParams } from '../screens/settings/RomanConversationsScreen';
2026-10-06T21:00:57.8415060Z     import RomanConversationScreen from '../screens/settings/RomanConversationScreen';
2026-10-06T21:00:57.8415219Z     import { Colors } from '../constants/colors';
2026-10-06T21:00:57.8415475Z     import { useCoachRoleType } from '../hooks/useCoachRoleType';·
2026-10-06T21:00:57.8415613Z     export type CoachTabParamList = {
2026-10-06T21:00:57.8415845Z       // Phase 8: Command Center replaces the old top-level Dashboard tab.
2026-10-06T21:00:57.8416057Z       // The 'Dashboard' name is kept in the param list so any existing
2026-10-06T21:00:57.8416254Z       // navigate('Dashboard') calls in the codebase don't break.
2026-10-06T21:00:57.8416382Z       CommandCenter: undefined;
2026-10-06T21:00:57.8416636Z       // R27: typed nested nav so navigate('ClientsStack', { screen: 'ClientsList' })
2026-10-06T21:00:57.8416906Z       // type-checks against ClientsStackParamList (mirrors SettingsStack below).
2026-10-06T21:00:57.8417164Z       // `| undefined` preserves existing no-arg navigate('ClientsStack') callers.
2026-10-06T21:00:57.8417424Z       ClientsStack: NavigatorScreenParams<ClientsStackParamList> | undefined;
2026-10-06T21:00:57.8417657Z       Templates: undefined;
2026-10-06T21:00:57.8417762Z       Messages: undefined;
2026-10-06T21:00:57.8418152Z       // R27: typed nested nav so navigate('SettingsStack', { screen: 'Billing' })
2026-10-06T21:00:57.8418408Z       // type-checks against SettingsStackParamList. Plain `undefined` left
2026-10-06T21:00:57.8418639Z       // navigate('SettingsStack', ... as never) as the only way to deep-link
2026-10-06T21:00:57.8418871Z       // into a settings sub-screen, which silently broke when names changed.
2026-10-06T21:00:57.8419137Z       SettingsStack: NavigatorScreenParams<SettingsStackParamList> | undefined;
2026-10-06T21:00:57.8419232Z       TeamStack: undefined;
2026-10-06T21:00:57.8419504Z       // Community v1-6 — only present in the param list / tab bar when
2026-10-06T21:00:57.8419762Z       // `featureFlags.coachCommunity` is true (registered conditionally below).
2026-10-06T21:00:57.8419886Z       CommunityStack: undefined;
2026-10-06T21:00:57.8419986Z     };·
2026-10-06T21:00:57.8420133Z     export type ClientsStackParamList = {
2026-10-06T21:00:57.8420237Z       ClientsList: undefined;
2026-10-06T21:00:57.8420477Z       /** initialTab: opens on that tab (the daily brief opens Workouts). */
2026-10-06T21:00:57.8420744Z       ClientDetail: { clientId: string; clientName: string; initialTab?: 'workouts' };
2026-10-06T21:00:57.8420830Z       /**
2026-10-06T21:00:57.8421065Z        * S14 round 3: the coach-only wearable coaching prompts for one client,
2026-10-06T21:00:57.8421266Z        * opened from the client's Health tab. Registered only behind
2026-10-06T21:00:57.8421531Z        * `featureFlags.communityWearablePrompts` (the screen also re-checks the
2026-10-06T21:00:57.8421757Z        * server flag `coach_community_wearable_prompts` and the coach role).
2026-10-06T21:00:57.8421843Z        */
2026-10-06T21:00:57.8422071Z       ClientWearablePrompts: { clientId: string; clientName?: string };
2026-10-06T21:00:57.8422161Z       /**
2026-10-06T21:00:57.8422392Z        * `initialDraft` is consumed by ClientMessagesScreen to prefill the
2026-10-06T21:00:57.8422671Z        * composer — used by Coach AI v1's \"Send check-in\" action on the
2026-10-06T21:00:57.8422891Z        * weekly insight screen. Optional and ignored on screens that don't
2026-10-06T21:00:57.8422986Z        * support it.
2026-10-06T21:00:57.8423067Z        */
2026-10-06T21:00:57.8423767Z       ClientMessages: { clientId: string; clientName: string; initialDraft?: string };
2026-10-06T21:00:57.8423882Z       InviteCodes: undefined;
2026-10-06T21:00:57.8423983Z       RiskBoard: undefined;
2026-10-06T21:00:57.8424191Z       ClientRiskDetail: { userId: string; clientName?: string };
2026-10-06T21:00:57.8424319Z       BloodworkReviewQueue: undefined;
2026-10-06T21:00:57.8424547Z       // Sprint B-2 coach surfaces — closed by this PR.
2026-10-06T21:00:57.8424963Z       CoachMacrosReview:    { clientId: string; clientName: string };
2026-10-06T21:00:57.8425372Z       /** S-REACH: consultation answers, from client detail > Summary. */
2026-10-06T21:00:57.8425778Z       ClientConsultation:   { clientId: string; clientName?: string };
2026-10-06T21:00:57.8426132Z       CoachWorkoutBuilder:  { planId?: string } | undefined;
2026-10-06T21:00:57.8426397Z       CoachMealTemplates:   undefined;
2026-10-06T21:00:57.8426635Z       CoachBulkInvite:      undefined;
2026-10-06T21:00:57.8427238Z       /** Email Pipeline v1 — bulk invite v2 surface (per-recipient delivery). */
2026-10-06T21:00:57.8427447Z       BulkInvite:           undefined;
2026-10-06T21:00:57.8427961Z       /** Email Pipeline v1 — invites list with delivery + resend / revoke. */
2026-10-06T21:00:57.8428162Z       CoachInvites:         undefined;
2026-10-06T21:00:57.8428565Z       /** Concierge Phase 1 — scheduling coach surfaces. */
2026-10-06T21:00:57.8428850Z       CoachAvailabilityEditor:  { coachId: string };
2026-10-06T21:00:57.8429074Z       CoachBookingInbox:        undefined;
2026-10-06T21:00:57.8429931Z       /** S-SCHED — appointment types (create / edit / archive) and time off. */
2026-10-06T21:00:57.8430302Z       CoachAppointmentTypes:    { coachId?: string } | undefined;
2026-10-06T21:00:57.8430762Z       CoachTimeOff:             undefined;
2026-10-06T21:00:57.8431206Z       /** S-AVAIL-122 — the coach's booking options. */
2026-10-06T21:00:57.8431486Z       CoachBookingOptions:      undefined;
2026-10-06T21:00:57.8432211Z       /** M-BCAST-123 — coach broadcasts list and composer (server flag FEATURE_COACH_BROADCASTS). */
2026-10-06T21:00:57.8432460Z       CoachBroadcasts:          undefined;
2026-10-06T21:00:57.8432709Z       CoachBroadcastComposer:   undefined;
2026-10-06T21:00:57.8433163Z       /** M-FEATURED-123 — owner-only featured coach editor. */
2026-10-06T21:00:57.8433430Z       FeaturedCoachEditor:      undefined;
2026-10-06T21:00:57.8434869Z       /** Coach AI v1 — review/edit/approve AI-generated workout program draft. */
2026-10-06T21:00:57.8435713Z       AIWorkoutDraft:  { draftId: string; clientId: string; clientName: string };
2026-10-06T21:00:57.8436389Z       /** Coach AI v1 — review/edit/approve AI-generated meal plan draft. */
2026-10-06T21:00:57.8436916Z       AIMealPlanDraft: { draftId: string; clientId: string; clientName: string };
2026-10-06T21:00:57.8437521Z       /** Coach AI v1 — render an AI-generated weekly insight for a client. */
2026-10-06T21:00:57.8438024Z       ClientInsight:   { draftId: string; clientId: string; clientName: string };
2026-10-06T21:00:57.8438552Z       /** Stream 2 — inbox of pending AI execution drafts (messages,
2026-10-06T21:00:57.8438855Z        *  workouts, meal plans, notifications). */
2026-10-06T21:00:57.8439097Z       PendingAiDrafts: undefined;
2026-10-06T21:00:57.8439497Z       /** Phase 9 — Global notification center. */
2026-10-06T21:00:57.8439744Z       NotificationCenter: undefined;
2026-10-06T21:00:57.8440098Z       /** Phase 9 — Notification preferences. */
2026-10-06T21:00:57.8440360Z       NotificationPreferences: undefined;
2026-10-06T21:00:57.8440998Z       // Phase 8 — Legacy landing — kept so existing navigate('Dashboard') calls resolve.
2026-10-06T21:00:57.8441173Z       Dashboard: undefined;
2026-10-06T21:00:57.8441651Z       /** TestFlight coach SaaS — invite code redeemer drilldown. */
2026-10-06T21:00:57.8442033Z       InviteCodeRedeemers: { inviteCodeId: string; code: string };
2026-10-06T21:00:57.8442181Z       /**
2026-10-06T21:00:57.8442731Z        * iMessage-grade DM — Apple 1.2 compliance contact details surface.
2026-10-06T21:00:57.8443036Z        * Reachable from ClientMessagesScreen header tap.
2026-10-06T21:00:57.8443187Z        */
2026-10-06T21:00:57.8443354Z       ContactView: {
2026-10-06T21:00:57.8443519Z         contactId: string;
2026-10-06T21:00:57.8443698Z         displayName: string;
2026-10-06T21:00:57.8443980Z         role?: 'coach' | 'client' | 'student' | 'other';
2026-10-06T21:00:57.8444200Z         avatarUrl?: string | null;
2026-10-06T21:00:57.8444350Z       };
2026-10-06T21:00:57.8444565Z     };·
2026-10-06T21:00:57.8445140Z     export type SettingsStackParamList = {
2026-10-06T21:00:57.8445362Z       SettingsHome: undefined;
2026-10-06T21:00:57.8445539Z       Billing: undefined;
2026-10-06T21:00:57.8445736Z       TrustCenter: undefined;
2026-10-06T21:00:57.8446234Z       // Wave 11 — runtime scaffolding (flag-gated; safe to mount).
2026-10-06T21:00:57.8446423Z       CoachBrief: undefined;
2026-10-06T21:00:57.8446655Z       AdminControlRoom: undefined;
2026-10-06T21:00:57.8447025Z       // Phase 11 Track 9 — Crisp support inbox.
2026-10-06T21:00:57.8447239Z       SupportInbox: undefined;
2026-10-06T21:00:57.8448031Z       /** Roman P1 chat — coach surface. Registered ONLY behind featureFlags.romanChat (default OFF). */
2026-10-06T21:00:57.8448213Z       RomanChat: undefined;
2026-10-06T21:00:57.8448790Z       // Stage 3 — cross-pillar coach view. Now hosts the full nested navigator.
2026-10-06T21:00:57.8448985Z       BothPillars: undefined;
2026-10-06T21:00:57.8449317Z       // Phase 10 — GDPR right to erasure.
2026-10-06T21:00:57.8449842Z       DeleteAccount: undefined;
2026-10-06T21:00:57.8450278Z       /** Phase 10 — GDPR Article 20 data portability */
2026-10-06T21:00:57.8450668Z       DataExport: undefined;
2026-10-06T21:00:57.8451381Z       /** Importer v0.3 — coach-facing extension import entry (flag-gated, default OFF). */
2026-10-06T21:00:57.8451554Z       ImportData: undefined;
2026-10-06T21:00:57.8452110Z       /** TestFlight coach SaaS — business metrics / Stripe Connect surface. */
2026-10-06T21:00:57.8452555Z       /** Retired: redirects to CoachMoney (Business metrics live in Money). */
2026-10-06T21:00:57.8452808Z       CoachBusinessMetrics: undefined;
2026-10-06T21:00:57.8453310Z       /** TestFlight coach SaaS — team/gym profile and team code. */
2026-10-06T21:00:57.8453547Z       CoachTeamProfile: undefined;
2026-10-06T21:00:57.8453987Z       // Payments — Stripe Connect + coach package marketplace.
2026-10-06T21:00:57.8454203Z       CoachConnect: undefined;
2026-10-06T21:00:57.8455012Z       /** S-COACH — wizard \"Get paid\" / \"Invite\" steps, reachable after setup. */
2026-10-06T21:00:57.8455399Z       CoachSetup: { section: 'get_paid' | 'invite' } | undefined;
2026-10-06T21:00:57.8455654Z       CoachPackagesList: undefined;
2026-10-06T21:00:57.8455956Z       CoachPackageEdit: { packageId: string | null };
2026-10-06T21:00:57.8456380Z       CoachPackageSubscribers: { packageId: string; title: string };
2026-10-06T21:00:57.8456862Z       /** PR-17 M2 — coach package content-authoring screen. */
2026-10-06T21:00:57.8457252Z       CoachPackageContents: { packageId: string; title?: string };
2026-10-06T21:00:57.8457960Z       /** Payments — earnings, payout readiness, reconciliation, refunds (backend PR #216). */
2026-10-06T21:00:57.8458299Z       /** Retired: redirects to CoachMoney (S-COACH-MOB-2). */
2026-10-06T21:00:57.8458522Z       CoachEarnings: undefined;
2026-10-06T21:00:57.8459009Z       /** TGP Money (Home card -> Money page). `from: \"home\"`: Back returns to Home. */
2026-10-06T21:00:57.8459293Z       CoachMoney: { from?: \"home\" } | undefined;
2026-10-06T21:00:57.8459667Z       CoachMoneyCharges: { filter?: ChargeFilter } | undefined;
2026-10-06T21:00:57.8459948Z       CoachMoneyCharge: { chargeId: string };
2026-10-06T21:00:57.8460485Z       /** iMessage-grade DM — manage blocked users from coach Settings. */
2026-10-06T21:00:57.8460690Z       BlockedUsers: undefined;
2026-10-06T21:00:57.8461313Z       /** Your conversations with Roman: list, open, delete (backend #635). Not behind the Roman chat flag. */
2026-10-06T21:00:57.8461534Z       RomanConversations: undefined;
2026-10-06T21:00:57.8461805Z       RomanConversation: RomanConversationParams;
2026-10-06T21:00:57.8462331Z       /** Stream 1 — AI credit-pack checkout. `preselect` lets callers route
2026-10-06T21:00:57.8462742Z        *  the coach into a pre-selected tier or the custom-amount flow. */
2026-10-06T21:00:57.8463165Z       CreditPackCheckout: { preselect?: number | 'custom' } | undefined;
2026-10-06T21:00:57.8463360Z     };·
2026-10-06T21:00:57.8463826Z     /** Phase 11 / Track 7 — team management stack param list. */
2026-10-06T21:00:57.8464068Z     export type TeamStackParamList = {
2026-10-06T21:00:57.8464288Z       TeamManagement: undefined;
2026-10-06T21:00:57.8464995Z       SubCoachDetail: { subCoachId: string; subCoachName: string };
2026-10-06T21:00:57.8465521Z       ClientReassign: { clientId: string; clientName: string; fromSubCoachId: string };
2026-10-06T21:00:57.8465810Z     };·
2026-10-06T21:00:57.8466190Z     const Tab = createBottomTabNavigator<CoachTabParamList>();
2026-10-06T21:00:57.8466672Z     const ClientsStack = createNativeStackNavigator<ClientsStackParamList>();
2026-10-06T21:00:57.8467157Z     const SettingsStack = createNativeStackNavigator<SettingsStackParamList>();
2026-10-06T21:00:57.8467669Z     const TeamStack = createNativeStackNavigator<TeamStackParamList>();·
2026-10-06T21:00:57.8468294Z     // ─── Phase 9: unread count polling for the coach bell icon ───────────────────·
2026-10-06T21:00:57.8468906Z     function useCoachNotificationUnreadCount(): number {
2026-10-06T21:00:57.8469164Z       const [count, setCount] = useState(0);
2026-10-06T21:00:57.8469534Z       useEffect(() => {
2026-10-06T21:00:57.8469721Z         let mounted = true;
2026-10-06T21:00:57.8469959Z         const refresh = async () => {
2026-10-06T21:00:57.8470118Z           try {
2026-10-06T21:00:57.8470375Z             const n = await fetchUnreadCount();
2026-10-06T21:00:57.8470599Z             if (mounted) setCount(n);
2026-10-06T21:00:57.8470767Z           } catch (err) {
2026-10-06T21:00:57.8471204Z             // Non-fatal: the badge keeps its prior count until the next poll. Never
2026-10-06T21:00:57.8471753Z             // swallow silently (Law #36) — log so the failure is observable.
2026-10-06T21:00:57.8472188Z             logger.warn('coach.notifications.unread_count_refresh', { err });
2026-10-06T21:00:57.8472345Z           }
2026-10-06T21:00:57.8472490Z         };
2026-10-06T21:00:57.8472661Z         refresh();
2026-10-06T21:00:57.8472974Z         const interval = setInterval(refresh, 30000);
2026-10-06T21:00:57.8473346Z         const sub = AppState.addEventListener('change', (state) => {
2026-10-06T21:00:57.8473595Z           if (state === 'active') refresh();
2026-10-06T21:00:57.8473746Z         });
2026-10-06T21:00:57.8473909Z         return () => {
2026-10-06T21:00:57.8474069Z           mounted = false;
2026-10-06T21:00:57.8474286Z           clearInterval(interval);
2026-10-06T21:00:57.8474449Z           sub.remove();
2026-10-06T21:00:57.8474591Z         };
2026-10-06T21:00:57.8474986Z       }, []);
2026-10-06T21:00:57.8475164Z       return count;
2026-10-06T21:00:57.8475360Z     }·
2026-10-06T21:00:57.8475613Z     function ClientsStackNavigator() {
2026-10-06T21:00:57.8475973Z       const notifUnread = useCoachNotificationUnreadCount();
2026-10-06T21:00:57.8476136Z       return (
2026-10-06T21:00:57.8476355Z         <ClientsStack.Navigator
2026-10-06T21:00:57.8476607Z           screenOptions={({ navigation }) => ({
2026-10-06T21:00:57.8476832Z             headerShown: false,
2026-10-06T21:00:57.8477191Z             contentStyle: { backgroundColor: Colors.background },
2026-10-06T21:00:57.8477573Z             // Phase 9: bell icon in every screen in the Clients stack.
2026-10-06T21:00:57.8477781Z             headerRight: () => (
2026-10-06T21:00:57.8477974Z               <TouchableOpacity
2026-10-06T21:00:57.8478341Z                 onPress={() => navigation.navigate('NotificationCenter')}
2026-10-06T21:00:57.8478578Z                 style={styles.bellButton}
2026-10-06T21:00:57.8478800Z                 accessibilityRole=\"button\"
2026-10-06T21:00:57.8479002Z                 accessibilityLabel={
2026-10-06T21:00:57.8479189Z                   notifUnread > 0
2026-10-06T21:00:57.8479594Z                     ? `Notifications, ${notifUnread > 99 ? '99+' : notifUnread} unread`
2026-10-06T21:00:57.8479811Z                     : 'Notifications'
2026-10-06T21:00:57.8479955Z                 }
2026-10-06T21:00:57.8480109Z               >
2026-10-06T21:00:57.8480354Z                 <View style={styles.bellWrap}>
2026-10-06T21:00:57.8480932Z                   <Ionicons name=\"notifications-outline\" size={24} color={Colors.textPrimary} />
2026-10-06T21:00:57.8481243Z                   <NotificationBadge count={notifUnread} />
2026-10-06T21:00:57.8481405Z                 </View>
2026-10-06T21:00:57.8481626Z               </TouchableOpacity>
2026-10-06T21:00:57.8481768Z             ),
2026-10-06T21:00:57.8481920Z           })}
2026-10-06T21:00:57.8482065Z         >
2026-10-06T21:00:57.8482570Z           <ClientsStack.Screen name=\"ClientsList\"       component={ClientsListScreen} />
2026-10-06T21:00:57.8483097Z           <ClientsStack.Screen name=\"ClientDetail\"      component={ClientDetailScreen} />
2026-10-06T21:00:57.8483416Z           {featureFlags.communityWearablePrompts ? (
2026-10-06T21:00:57.8483637Z             <ClientsStack.Screen
2026-10-06T21:00:57.8483881Z               name=\"ClientWearablePrompts\"
2026-10-06T21:00:57.8484443Z               component={CommunityWearablePromptsScreen}
2026-10-06T21:00:57.8484950Z               options={{ headerShown: false }}
2026-10-06T21:00:57.8485309Z             />
2026-10-06T21:00:57.8485486Z           ) : null}
2026-10-06T21:00:57.8486038Z           <ClientsStack.Screen name=\"ClientMessages\"    component={ClientMessagesScreen} />
2026-10-06T21:00:57.8486538Z           <ClientsStack.Screen name=\"InviteCodes\"       component={CoachCodesEntry} />
2026-10-06T21:00:57.8487029Z           <ClientsStack.Screen name=\"RiskBoard\"         component={RiskBoardScreen} />
2026-10-06T21:00:57.8487614Z           <ClientsStack.Screen name=\"ClientRiskDetail\"  component={ClientRiskDetailScreen} />
2026-10-06T21:00:57.8488096Z           {/* Lab review: personal training only, no lab surfaces in v1.0. Registered
2026-10-06T21:00:57.8488556Z               only behind featureFlags.bloodwork (OFF), like the client entry. */}
2026-10-06T21:00:57.8488786Z           {featureFlags.bloodwork && (
2026-10-06T21:00:57.8489451Z             <ClientsStack.Screen name=\"BloodworkReviewQueue\" component={BloodworkReviewQueueScreen} />
2026-10-06T21:00:57.8489611Z           )}
2026-10-06T21:00:57.8490045Z           {/* Phase 8: legacy CoachHomeScreen demoted to sub-screen so existing
2026-10-06T21:00:57.8490456Z               navigate('Dashboard') deep links keep resolving. The home tab is
2026-10-06T21:00:57.8490694Z               now CommandCenter. */}
2026-10-06T21:00:57.8491191Z           <ClientsStack.Screen name=\"Dashboard\"         component={CoachHomeScreen} />
2026-10-06T21:00:57.8491719Z           {/* Sprint B-2 final wave — register coach surfaces under
2026-10-06T21:00:57.8492152Z               ClientsStack so navigation.navigate('CoachMacrosReview', {...})
2026-10-06T21:00:57.8492533Z               works from ClientDetailScreen and ClientsListScreen. */}
2026-10-06T21:00:57.8492749Z           <ClientsStack.Screen
2026-10-06T21:00:57.8492974Z             name=\"CoachMacrosReview\"
2026-10-06T21:00:57.8493257Z             component={CoachMacrosReviewScreen}
2026-10-06T21:00:57.8493408Z           />
2026-10-06T21:00:57.8493941Z           {/* S-REACH: consultation answers (GET /coach/clients/:clientId/consultation). */}
2026-10-06T21:00:57.8494148Z           <ClientsStack.Screen
2026-10-06T21:00:57.8494382Z             name=\"ClientConsultation\"
2026-10-06T21:00:57.8494892Z             component={ClientConsultationScreen}
2026-10-06T21:00:57.8495395Z             options={{ headerShown: true, title: 'Consultation', headerBackTitle: 'Back' }}
2026-10-06T21:00:57.8495550Z           />
2026-10-06T21:00:57.8495758Z           <ClientsStack.Screen
2026-10-06T21:00:57.8495988Z             name=\"CoachWorkoutBuilder\"
2026-10-06T21:00:57.8496237Z             component={CoachWorkoutBuilderScreen}
2026-10-06T21:00:57.8496379Z           />
2026-10-06T21:00:57.8496572Z           <ClientsStack.Screen
2026-10-06T21:00:57.8496784Z             name=\"CoachMealTemplates\"
2026-10-06T21:00:57.8497039Z             component={CoachMealTemplatesScreen}
2026-10-06T21:00:57.8497211Z           />
2026-10-06T21:00:57.8497437Z           <ClientsStack.Screen
2026-10-06T21:00:57.8497672Z             name=\"CoachBulkInvite\"
2026-10-06T21:00:57.8497914Z             component={CoachBulkInviteScreen}
2026-10-06T21:00:57.8498055Z           />
2026-10-06T21:00:57.8498606Z           {/* Email Pipeline v1 — v2 bulk invite surface + invites list. */}
2026-10-06T21:00:57.8498846Z           <ClientsStack.Screen
2026-10-06T21:00:57.8499071Z             name=\"BulkInvite\"
2026-10-06T21:00:57.8499280Z             component={BulkInviteScreen}
2026-10-06T21:00:57.8499421Z           />
2026-10-06T21:00:57.8499638Z           <ClientsStack.Screen
2026-10-06T21:00:57.8499840Z             name=\"CoachInvites\"
2026-10-06T21:00:57.8500066Z             component={CoachInvitesScreen}
2026-10-06T21:00:57.8500208Z           />
2026-10-06T21:00:57.8500639Z           {/* Concierge Phase 1 — scheduling coach surfaces. */}
2026-10-06T21:00:57.8501106Z           <ClientsStack.Screen
2026-10-06T21:00:57.8501365Z             name=\"CoachAvailabilityEditor\"
2026-10-06T21:00:57.8501666Z             component={CoachAvailabilityEditorScreen}
2026-10-06T21:00:57.8502023Z           />
2026-10-06T21:00:57.8502241Z           <ClientsStack.Screen
2026-10-06T21:00:57.8502483Z             name=\"CoachBookingInbox\"
2026-10-06T21:00:57.8502757Z             component={CoachBookingInboxScreen}
2026-10-06T21:00:57.8502907Z           />
2026-10-06T21:00:57.8503124Z           <ClientsStack.Screen
2026-10-06T21:00:57.8503382Z             name=\"CoachAppointmentTypes\"
2026-10-06T21:00:57.8503674Z             component={CoachAppointmentTypesScreen}
2026-10-06T21:00:57.8503833Z           />
2026-10-06T21:00:57.8504024Z           <ClientsStack.Screen
2026-10-06T21:00:57.8504223Z             name=\"CoachTimeOff\"
2026-10-06T21:00:57.8504443Z             component={CoachTimeOffScreen}
2026-10-06T21:00:57.8504586Z           />
2026-10-06T21:00:57.8505092Z           <ClientsStack.Screen
2026-10-06T21:00:57.8505341Z             name=\"CoachBookingOptions\"
2026-10-06T21:00:57.8505625Z             component={CoachBookingOptionsScreen}
2026-10-06T21:00:57.8505774Z           />
2026-10-06T21:00:57.8505991Z           <ClientsStack.Screen
2026-10-06T21:00:57.8506224Z             name=\"FeaturedCoachEditor\"
2026-10-06T21:00:57.8506511Z             component={FeaturedCoachEditorScreen}
2026-10-06T21:00:57.8507036Z             options={{ headerShown: true, title: 'Featured coach', headerBackTitle: 'Back' }}
2026-10-06T21:00:57.8507181Z           />
2026-10-06T21:00:57.8507923Z           {/* M-BCAST-123 — broadcasts; the Messages entry shows only when the server offers them. */}
2026-10-06T21:00:57.8508143Z           <ClientsStack.Screen
2026-10-06T21:00:57.8508391Z             name=\"CoachBroadcasts\"
2026-10-06T21:00:57.8508641Z             component={CoachBroadcastsScreen}
2026-10-06T21:00:57.8509150Z             options={{ headerShown: true, title: 'Broadcasts', headerBackTitle: 'Back' }}
2026-10-06T21:00:57.8509320Z           />
2026-10-06T21:00:57.8509525Z           <ClientsStack.Screen
2026-10-06T21:00:57.8509796Z             name=\"CoachBroadcastComposer\"
2026-10-06T21:00:57.8510092Z             component={BroadcastComposerScreen}
2026-10-06T21:00:57.8510636Z             options={{ headerShown: true, title: 'New broadcast', headerBackTitle: 'Back' }}
2026-10-06T21:00:57.8510786Z           />
2026-10-06T21:00:57.8511512Z           {/* Coach AI v1 — companion routes for the per-client generate/edit/approve flow. */}
2026-10-06T21:00:57.8511752Z           <ClientsStack.Screen
2026-10-06T21:00:57.8511974Z             name=\"AIWorkoutDraft\"
2026-10-06T21:00:57.8512231Z             component={AIWorkoutDraftScreen}
2026-10-06T21:00:57.8512386Z           />
2026-10-06T21:00:57.8512607Z           <ClientsStack.Screen
2026-10-06T21:00:57.8512830Z             name=\"AIMealPlanDraft\"
2026-10-06T21:00:57.8513093Z             component={AIMealPlanDraftScreen}
2026-10-06T21:00:57.8513247Z           />
2026-10-06T21:00:57.8513459Z           <ClientsStack.Screen
2026-10-06T21:00:57.8513660Z             name=\"ClientInsight\"
2026-10-06T21:00:57.8513891Z             component={ClientInsightScreen}
2026-10-06T21:00:57.8514049Z           />
2026-10-06T21:00:57.8514504Z           {/* Stream 2 — pending AI execution drafts inbox. */}
2026-10-06T21:00:57.8515014Z           <ClientsStack.Screen
2026-10-06T21:00:57.8515265Z             name=\"PendingAiDrafts\"
2026-10-06T21:00:57.8515531Z             component={PendingAiDraftsScreen}
2026-10-06T21:00:57.8515686Z           />
2026-10-06T21:00:57.8516076Z           {/* Phase 9 — Notification center screens */}
2026-10-06T21:00:57.8516278Z           <ClientsStack.Screen
2026-10-06T21:00:57.8516496Z             name=\"NotificationCenter\"
2026-10-06T21:00:57.8516760Z             component={NotificationCenterScreen}
2026-10-06T21:00:57.8516979Z             options={{ headerShown: false }}
2026-10-06T21:00:57.8517098Z           />
2026-10-06T21:00:57.8517298Z           <ClientsStack.Screen
2026-10-06T21:00:57.8517780Z             name=\"NotificationPreferences\"
2026-10-06T21:00:57.8518062Z             component={NotificationPreferencesScreen}
2026-10-06T21:00:57.8518486Z             options={{ headerShown: false }}
2026-10-06T21:00:57.8518663Z           />
2026-10-06T21:00:57.8519224Z           {/* TestFlight coach SaaS — invite code redeemer drilldown. */}
2026-10-06T21:00:57.8519428Z           <ClientsStack.Screen
2026-10-06T21:00:57.8519665Z             name=\"InviteCodeRedeemers\"
2026-10-06T21:00:57.8519930Z             component={InviteCodeRedeemersScreen}
2026-10-06T21:00:57.8520068Z           />
2026-10-06T21:00:57.8520566Z           {/* iMessage-grade DM — Apple 1.2 contact details surface. */}
2026-10-06T21:00:57.8521010Z           <ClientsStack.Screen name=\"ContactView\" component={ContactView} />
2026-10-06T21:00:57.8521240Z         </ClientsStack.Navigator>
2026-10-06T21:00:57.8521383Z       );
2026-10-06T21:00:57.8521589Z     }·
2026-10-06T21:00:57.8521821Z     function SettingsStackNavigator() {
2026-10-06T21:00:57.8521997Z       return (
2026-10-06T21:00:57.8522221Z         <SettingsStack.Navigator
2026-10-06T21:00:57.8522396Z           screenOptions={{
2026-10-06T21:00:57.8522621Z             headerShown: false,
2026-10-06T21:00:57.8522948Z             contentStyle: { backgroundColor: Colors.background },
2026-10-06T21:00:57.8523097Z           }}
2026-10-06T21:00:57.8523239Z         >
2026-10-06T21:00:57.8523703Z           <SettingsStack.Screen name=\"SettingsHome\" component={SettingsScreen} />
2026-10-06T21:00:57.8524160Z           <SettingsStack.Screen name=\"Billing\"      component={CoachBillingScreen} />
2026-10-06T21:00:57.8524957Z           <SettingsStack.Screen name=\"TrustCenter\"  component={TrustCenterScreen} />
2026-10-06T21:00:57.8525573Z           {/* Wave 11 — gated routes. Only registered when the matching feature
2026-10-06T21:00:57.8525995Z               flag is explicitly true, so stub/coming-soon surfaces never reach
2026-10-06T21:00:57.8526250Z               production binaries. */}
2026-10-06T21:00:57.8526497Z           {featureFlags.coachBrief && (
2026-10-06T21:00:57.8527017Z             <SettingsStack.Screen name=\"CoachBrief\" component={CoachBriefScreen} />
2026-10-06T21:00:57.8527176Z           )}
2026-10-06T21:00:57.8527561Z           {featureFlags.adminControlRoom && (
2026-10-06T21:00:57.8528145Z             <SettingsStack.Screen name=\"AdminControlRoom\" component={AdminControlRoomScreen} />
2026-10-06T21:00:57.8528298Z           )}
2026-10-06T21:00:57.8528789Z           {/* Roman P1 chat (coach surface). Only registered when featureFlags.romanChat
2026-10-06T21:00:57.8529250Z               is explicitly true (default OFF). surface='coach' is fixed here so the
2026-10-06T21:00:57.8555543Z               backend @IsIn(ROMAN_SURFACES) value is never guessed client-side. */}
2026-10-06T21:00:57.8555812Z           {featureFlags.romanChat && (
2026-10-06T21:00:57.8556100Z             <SettingsStack.Screen name=\"RomanChat\">
2026-10-06T21:00:57.8556419Z               {() => <RomanChatScreen surface=\"coach\" />}
2026-10-06T21:00:57.8556648Z             </SettingsStack.Screen>
2026-10-06T21:00:57.8556803Z           )}
2026-10-06T21:00:57.8557260Z           {/* Phase 11 Track 9 — Support Inbox */}
2026-10-06T21:00:57.8557796Z           <SettingsStack.Screen name=\"SupportInbox\" component={SupportInboxScreen} />
2026-10-06T21:00:57.8558327Z           {/* Stage 3 — cross-pillar federated coach surface. The nested
2026-10-06T21:00:57.8558807Z               navigator handles practice-selection, dashboard, roster, detail,
2026-10-06T21:00:57.8559183Z               messages, and assignments under one settings entry. */}
2026-10-06T21:00:57.8559722Z           <SettingsStack.Screen name=\"BothPillars\" component={CrossPillarNavigator} />
2026-10-06T21:00:57.8560131Z           {/* Phase 10 — GDPR right to erasure. */}
2026-10-06T21:00:57.8560683Z           <SettingsStack.Screen name=\"DeleteAccount\" component={DeleteAccountScreen} />
2026-10-06T21:00:57.8561462Z           {/* Roman chat history (backend #635): always registered, like the backend
2026-10-06T21:00:57.8562164Z               routes, so finding and deleting chats never depends on the chat flag. */}
2026-10-06T21:00:57.8562818Z           <SettingsStack.Screen name=\"RomanConversations\" component={RomanConversationsScreen} />
2026-10-06T21:00:57.8563410Z           <SettingsStack.Screen name=\"RomanConversation\" component={RomanConversationScreen} />
2026-10-06T21:00:57.8563872Z           {/* Phase 10 — GDPR Article 20 data portability */}
2026-10-06T21:00:57.8564331Z           <SettingsStack.Screen name=\"DataExport\" component={DataExportScreen} />
2026-10-06T21:00:57.8565349Z           {/* Importer v0.3 — coach-facing extension import entry. Registered ONLY
2026-10-06T21:00:57.8565853Z               when featureFlags.extensionImport is true (default OFF). */}
2026-10-06T21:00:57.8566119Z           {featureFlags.extensionImport && (
2026-10-06T21:00:57.8566590Z             <SettingsStack.Screen name=\"ImportData\" component={ImportDataScreen} />
2026-10-06T21:00:57.8566757Z           )}
2026-10-06T21:00:57.8567359Z           {/* S-COACH-MOB-2 — Business metrics folded into Money; the old route
2026-10-06T21:00:57.8567738Z               redirects so every existing entry point lands on Money. */}
2026-10-06T21:00:57.8567940Z           <SettingsStack.Screen
2026-10-06T21:00:57.8568171Z             name=\"CoachBusinessMetrics\"
2026-10-06T21:00:57.8568397Z             component={MoneyRedirect}
2026-10-06T21:00:57.8568546Z           />
2026-10-06T21:00:57.8569068Z           {/* TestFlight coach SaaS — team / gym / organization profile. */}
2026-10-06T21:00:57.8569272Z           <SettingsStack.Screen
2026-10-06T21:00:57.8569486Z             name=\"CoachTeamProfile\"
2026-10-06T21:00:57.8569727Z             component={CoachTeamProfileScreen}
2026-10-06T21:00:57.8569872Z           />
2026-10-06T21:00:57.8570296Z           {/* Payments — Connect, packages, subscribers, earnings.
2026-10-06T21:00:57.8570827Z               Package CRUD lives in the CoachPackagesList → CoachPackageEdit →
2026-10-06T21:00:57.8571109Z               CoachPackageSubscribers family below. */}
2026-10-06T21:00:57.8571594Z           <SettingsStack.Screen name=\"CoachConnect\" component={CoachConnectScreen} />
2026-10-06T21:00:57.8572054Z           <SettingsStack.Screen name=\"CoachSetup\" component={CoachSetupScreen} />
2026-10-06T21:00:57.8572647Z           <SettingsStack.Screen name=\"CoachPackagesList\" component={CoachPackagesListScreen} />
2026-10-06T21:00:57.8573213Z           <SettingsStack.Screen name=\"CoachPackageEdit\" component={CoachPackageEditScreen} />
2026-10-06T21:00:57.8573417Z           <SettingsStack.Screen
2026-10-06T21:00:57.8573660Z             name=\"CoachPackageSubscribers\"
2026-10-06T21:00:57.8573940Z             component={CoachPackageSubscribersScreen}
2026-10-06T21:00:57.8574085Z           />
2026-10-06T21:00:57.8574962Z           {/* PR-17 M2 — content-authoring screen, reached from CoachPackageEdit. */}
2026-10-06T21:00:57.8575195Z           <SettingsStack.Screen
2026-10-06T21:00:57.8575412Z             name=\"CoachPackageContents\"
2026-10-06T21:00:57.8575686Z             component={CoachPackageContentsScreen}
2026-10-06T21:00:57.8575826Z           />
2026-10-06T21:00:57.8576343Z           {/* S-COACH-MOB-2 — TGP Money replaces the retired Earnings screen
2026-10-06T21:00:57.8576705Z               (which called six routes that never shipped). The old route
2026-10-06T21:00:57.8576907Z               redirects to Money. */}
2026-10-06T21:00:57.8577345Z           <SettingsStack.Screen name=\"CoachMoney\" component={MoneyScreen} />
2026-10-06T21:00:57.8577549Z           <SettingsStack.Screen
2026-10-06T21:00:57.8577782Z             name=\"CoachMoneyCharges\"
2026-10-06T21:00:57.8578028Z             component={MoneyChargesScreen}
2026-10-06T21:00:57.8578168Z           />
2026-10-06T21:00:57.8578386Z           <SettingsStack.Screen
2026-10-06T21:00:57.8578612Z             name=\"CoachMoneyCharge\"
2026-10-06T21:00:57.8579131Z             component={MoneyChargeScreen}
2026-10-06T21:00:57.8579280Z           />
2026-10-06T21:00:57.8579496Z           <SettingsStack.Screen
2026-10-06T21:00:57.8579922Z             name=\"CoachEarnings\"
2026-10-06T21:00:57.8580150Z             component={MoneyRedirect}
2026-10-06T21:00:57.8580302Z           />
2026-10-06T21:00:57.8580919Z           {/* iMessage-grade DM — Apple 1.2 compliance blocked-users management. */}
2026-10-06T21:00:57.8581426Z           <SettingsStack.Screen name=\"BlockedUsers\" component={BlockedUsersScreen} />
2026-10-06T21:00:57.8582013Z           {/* Stream 1 — AI credit pack checkout (Stripe webview). Gated on iOS (non-P2P). */}
2026-10-06T21:00:57.8582226Z           <SettingsStack.Screen
2026-10-06T21:00:57.8582469Z             name=\"CreditPackCheckout\"
2026-10-06T21:00:57.8582771Z             component={GatedCreditPackCheckoutScreen}
2026-10-06T21:00:57.8582920Z           />
2026-10-06T21:00:57.8583150Z         </SettingsStack.Navigator>
2026-10-06T21:00:57.8583304Z       );
2026-10-06T21:00:57.8583468Z     }·
2026-10-06T21:00:57.8583609Z     /**
2026-10-06T21:00:57.8583769Z      * TeamStackNavigator
2026-10-06T21:00:57.8583909Z      *
2026-10-06T21:00:57.8584352Z      * Phase 11 / Track 7. Scale+ tier gate is enforced inside TeamManagementScreen
2026-10-06T21:00:57.8585199Z      * so it is safe to mount for all coaches — non-Scale coaches see an upgrade
2026-10-06T21:00:57.8585441Z      * prompt rather than the roster.
2026-10-06T21:00:57.8585582Z      */
2026-10-06T21:00:57.8585813Z     function TeamStackNavigator() {
2026-10-06T21:00:57.8585971Z       return (
2026-10-06T21:00:57.8586143Z         <TeamStack.Navigator
2026-10-06T21:00:57.8586319Z           screenOptions={{
2026-10-06T21:00:57.8586530Z             headerShown: false,
2026-10-06T21:00:57.8586884Z             contentStyle: { backgroundColor: Colors.background },
2026-10-06T21:00:57.8587045Z           }}
2026-10-06T21:00:57.8587198Z         >
2026-10-06T21:00:57.8587714Z           <TeamStack.Screen name=\"TeamManagement\" component={TeamManagementScreen} />
2026-10-06T21:00:57.8588246Z           <TeamStack.Screen name=\"SubCoachDetail\" component={SubCoachDetailScreen} />
2026-10-06T21:00:57.8588443Z           <TeamStack.Screen
2026-10-06T21:00:57.8588672Z             name=\"ClientReassign\"
2026-10-06T21:00:57.8588918Z             component={ClientReassignModal}
2026-10-06T21:00:57.8589183Z             options={{ presentation: 'modal' }}
2026-10-06T21:00:57.8589340Z           />
2026-10-06T21:00:57.8589557Z         </TeamStack.Navigator>
2026-10-06T21:00:57.8589697Z       );
2026-10-06T21:00:57.8589909Z     }·
2026-10-06T21:00:57.8590186Z     function useCoachUnreadPolling(): number {
2026-10-06T21:00:57.8590423Z       const [total, setTotal] = useState(0);
2026-10-06T21:00:57.8590595Z       useEffect(() => {
2026-10-06T21:00:57.8590765Z         let mounted = true;
2026-10-06T21:00:57.8590986Z         const refresh = async () => {
2026-10-06T21:00:57.8591131Z           try {
2026-10-06T21:00:57.8591457Z             const res = await coachApi.getUnreadCounts();
2026-10-06T21:00:57.8591663Z             if (!mounted) return;
2026-10-06T21:00:57.8591931Z             setTotal(Number(res.data?.total ?? 0));
2026-10-06T21:00:57.8592095Z           } catch (err) {
2026-10-06T21:00:57.8592514Z             // Non-fatal: the unread total holds and the next 30s tick retries.
2026-10-06T21:00:57.8593098Z             // Never swallow silently (Law #36) — log so the failure is observable.
2026-10-06T21:00:57.8593533Z             logger.warn('coach.notifications.unread_polling_refresh', { err });
2026-10-06T21:00:57.8593683Z           }
2026-10-06T21:00:57.8593829Z         };
2026-10-06T21:00:57.8593979Z         refresh();
2026-10-06T21:00:57.8594241Z         const id = setInterval(refresh, 30000);
2026-10-06T21:00:57.8594878Z         const sub = AppState.addEventListener('change', (state) => {
2026-10-06T21:00:57.8595136Z           if (state === 'active') refresh();
2026-10-06T21:00:57.8595275Z         });
2026-10-06T21:00:57.8595794Z         return () => {
2026-10-06T21:00:57.8595962Z           mounted = false;
2026-10-06T21:00:57.8596131Z           clearInterval(id);
2026-10-06T21:00:57.8596466Z           sub.remove();
2026-10-06T21:00:57.8596621Z         };
2026-10-06T21:00:57.8596766Z       }, []);
2026-10-06T21:00:57.8596932Z       return total;
2026-10-06T21:00:57.8597142Z     }·
2026-10-06T21:00:57.8597426Z     export default function CoachNavigator() {
2026-10-06T21:00:57.8597712Z       const unreadCount = useCoachUnreadPolling();
2026-10-06T21:00:57.8598159Z       // P0-1: TeamStack must only mount for head coaches. Sub-coaches who land
2026-10-06T21:00:57.8598628Z       // on team-management surfaces hit `/sub-coaches` 403s the screen treats as
2026-10-06T21:00:57.8599171Z       // a permanent retry-error — a feature they don't own. The hook fails
2026-10-06T21:00:57.8599622Z       // closed (returns 'unknown' until a positive head-coach signal), so the
2026-10-06T21:00:57.8600048Z       // tab disappears for sub-coaches and during the initial resolution
2026-10-06T21:00:57.8600225Z       // window.
2026-10-06T21:00:57.8600494Z       const coachRoleType = useCoachRoleType();
2026-10-06T21:00:57.8600848Z       const showTeamTab = coachRoleType === 'head_coach';
2026-10-06T21:00:57.8601268Z       // Audit P0: while the Command Center API still ships only mock data
2026-10-06T21:00:57.8601718Z       // (__USING_MOCK_DATA driven by EXPO_PUBLIC_USE_MOCK_COMMAND_CENTER), the
2026-10-06T21:00:57.8602157Z       // initial tab for a real coach is ClientsStack. Mock-mode builds (demo,
2026-10-06T21:00:57.8602511Z       // screenshots) keep the CommandCenter landing surface.
2026-10-06T21:00:57.8602958Z       const initialTab = __USING_MOCK_DATA ? 'CommandCenter' : 'ClientsStack';
2026-10-06T21:00:57.8603106Z       return (
2026-10-06T21:00:57.8603291Z         <FirstPaymentWowHost>
2026-10-06T21:00:57.8603454Z         <Tab.Navigator
2026-10-06T21:00:57.8603695Z           initialRouteName={initialTab}
2026-10-06T21:00:57.8603873Z           screenOptions={{
2026-10-06T21:00:57.8604085Z             headerShown: false,
2026-10-06T21:00:57.8604371Z             tabBarActiveTintColor: Colors.primary,
2026-10-06T21:00:57.8604946Z             tabBarInactiveTintColor: Colors.textMuted,
2026-10-06T21:00:57.8605137Z             tabBarStyle: {
2026-10-06T21:00:57.8605394Z               backgroundColor: Colors.surface,
2026-10-06T21:00:57.8605648Z               borderTopColor: Colors.border,
2026-10-06T21:00:57.8605857Z               borderTopWidth: 1,
2026-10-06T21:00:57.8606070Z               paddingBottom: 4,
2026-10-06T21:00:57.8606248Z               paddingTop: 4,
2026-10-06T21:00:57.8606407Z               height: 60,
2026-10-06T21:00:57.8606565Z             },
2026-10-06T21:00:57.8606791Z             tabBarLabelStyle: {
2026-10-06T21:00:57.8606945Z               fontSize: 10,
2026-10-06T21:00:57.8607140Z               fontWeight: '600',
2026-10-06T21:00:57.8607285Z             },
2026-10-06T21:00:57.8607432Z           }}
2026-10-06T21:00:57.8607580Z         >
2026-10-06T21:00:57.8635400Z           {/* Phase 8: Command Center is the new home tab. */}
2026-10-06T21:00:57.8635589Z           <Tab.Screen
2026-10-06T21:00:57.8635830Z             name=\"CommandCenter\"
2026-10-06T21:00:57.8636095Z             component={CommandCenterScreen}
2026-10-06T21:00:57.8636259Z             options={{
2026-10-06T21:00:57.8636496Z               tabBarLabel: 'Overview',
2026-10-06T21:00:57.8636757Z               tabBarIcon: ({ color, size }) => (
2026-10-06T21:00:57.8637173Z                 <Ionicons name=\"grid-outline\" size={size} color={color} />
2026-10-06T21:00:57.8637331Z               ),
2026-10-06T21:00:57.8637484Z             }}
2026-10-06T21:00:57.8637638Z           />
2026-10-06T21:00:57.8637803Z           <Tab.Screen
2026-10-06T21:00:57.8638017Z             name=\"ClientsStack\"
2026-10-06T21:00:57.8638282Z             component={ClientsStackNavigator}
2026-10-06T21:00:57.8638447Z             options={{
2026-10-06T21:00:57.8638675Z               tabBarLabel: 'Clients',
2026-10-06T21:00:57.8639241Z               tabBarIcon: ({ color, size }) => (
2026-10-06T21:00:57.8639620Z                 <Ionicons name=\"people\" size={size} color={color} />
2026-10-06T21:00:57.8639990Z               ),
2026-10-06T21:00:57.8640158Z             }}
2026-10-06T21:00:57.8640319Z           />
2026-10-06T21:00:57.8641004Z           {/* S-MWB — EXPO_PUBLIC_FF_MWB_PROGRAMS: the Programs library (build once,
2026-10-06T21:00:57.8641452Z               assign to many, add to packages) replaces the hard-coded Templates
2026-10-06T21:00:57.8641902Z               tab. The route name stays \"Templates\" so existing links keep working;
2026-10-06T21:00:57.8642236Z               flag off renders the legacy screen unchanged. */}
2026-10-06T21:00:57.8642408Z           <Tab.Screen
2026-10-06T21:00:57.8642615Z             name=\"Templates\"
2026-10-06T21:00:57.8643246Z             component={featureFlags.mwbPrograms ? ProgramsStackNavigator : ProgramTemplatesScreen}
2026-10-06T21:00:57.8643439Z             options={{
2026-10-06T21:00:57.8643900Z               tabBarLabel: featureFlags.mwbPrograms ? 'Programs' : 'Templates',
2026-10-06T21:00:57.8644475Z               tabBarAccessibilityLabel: featureFlags.mwbPrograms ? 'Programs' : 'Templates',
2026-10-06T21:00:57.8645974Z               tabBarIcon: ({ color, size }) => (
2026-10-06T21:00:57.8646166Z                 <Ionicons
2026-10-06T21:00:57.8646614Z                   name={featureFlags.mwbPrograms ? 'barbell' : 'document-text'}
2026-10-06T21:00:57.8646781Z                   size={size}
2026-10-06T21:00:57.8646991Z                   color={color}
2026-10-06T21:00:57.8647155Z                 />
2026-10-06T21:00:57.8647301Z               ),
2026-10-06T21:00:57.8647457Z             }}
2026-10-06T21:00:57.8647605Z           />
2026-10-06T21:00:57.8647760Z           <Tab.Screen
2026-10-06T21:00:57.8647936Z             name=\"Messages\"
2026-10-06T21:00:57.8648176Z             component={MessagesScreen}
2026-10-06T21:00:57.8648338Z             options={{
2026-10-06T21:00:57.8648897Z               tabBarBadge: unreadCount > 0 ? (unreadCount > 99 ? '99+' : unreadCount) : undefined,
2026-10-06T21:00:57.8649164Z               tabBarIcon: ({ color, size }) => (
2026-10-06T21:00:57.8649553Z                 <Ionicons name=\"chatbubble\" size={size} color={color} />
2026-10-06T21:00:57.8649704Z               ),
2026-10-06T21:00:57.8649861Z             }}
2026-10-06T21:00:57.8650014Z           />
2026-10-06T21:00:57.8650568Z           {/* P0-1 + Phase 11 / Track 7 — Team tab. Scale+ tier gate enforced
2026-10-06T21:00:57.8650970Z               in-screen, role gate enforced here: sub-coaches and unresolved
2026-10-06T21:00:57.8651208Z               sessions never see the tab. */}
2026-10-06T21:00:57.8651380Z           {showTeamTab && (
2026-10-06T21:00:57.8651528Z             <Tab.Screen
2026-10-06T21:00:57.8651734Z               name=\"TeamStack\"
2026-10-06T21:00:57.8651979Z               component={TeamStackNavigator}
2026-10-06T21:00:57.8652137Z               options={{
2026-10-06T21:00:57.8652358Z                 tabBarLabel: 'Team',
2026-10-06T21:00:57.8652637Z                 tabBarIcon: ({ color, size }) => (
2026-10-06T21:00:57.8653051Z                   <Ionicons name=\"people-circle\" size={size} color={color} />
2026-10-06T21:00:57.8653194Z                 ),
2026-10-06T21:00:57.8653348Z               }}
2026-10-06T21:00:57.8653497Z             />
2026-10-06T21:00:57.8653643Z           )}
2026-10-06T21:00:57.8654161Z           {/* Community v1-6 — coach community tab. Registered ONLY when the
2026-10-06T21:00:57.8654586Z               feature flag is true; when OFF the tab is absent and none of the six
2026-10-06T21:00:57.8655295Z               CoachCommunity routes register (the flag-OFF deep-link test asserts
2026-10-06T21:00:57.8655654Z               this). The coach lands on the existing home as today. */}
2026-10-06T21:00:57.8655903Z           {featureFlags.coachCommunity && (
2026-10-06T21:00:57.8656064Z             <Tab.Screen
2026-10-06T21:00:57.8656525Z               name=\"CommunityStack\"
2026-10-06T21:00:57.8656790Z               component={CoachCommunityNavigator}
2026-10-06T21:00:57.8656952Z               options={{
2026-10-06T21:00:57.8657356Z                 tabBarLabel: 'Community',
2026-10-06T21:00:57.8657610Z                 tabBarIcon: ({ color, size }) => (
2026-10-06T21:00:57.8658069Z                   <Ionicons name=\"people-circle-outline\" size={size} color={color} />
2026-10-06T21:00:57.8658221Z                 ),
2026-10-06T21:00:57.8658371Z               }}
2026-10-06T21:00:57.8658511Z             />
2026-10-06T21:00:57.8658654Z           )}
2026-10-06T21:00:57.8658809Z           <Tab.Screen
2026-10-06T21:00:57.8659013Z             name=\"SettingsStack\"
2026-10-06T21:00:57.8659283Z             component={SettingsStackNavigator}
2026-10-06T21:00:57.8659444Z             options={{
2026-10-06T21:00:57.8659668Z               tabBarLabel: 'Settings',
2026-10-06T21:00:57.8659907Z               tabBarIcon: ({ color, size }) => (
2026-10-06T21:00:57.8660247Z                 <Ionicons name=\"settings\" size={size} color={color} />
2026-10-06T21:00:57.8660393Z               ),
2026-10-06T21:00:57.8660521Z             }}
2026-10-06T21:00:57.8660670Z           />
2026-10-06T21:00:57.8660830Z         </Tab.Navigator>
2026-10-06T21:00:57.8661030Z         </FirstPaymentWowHost>
2026-10-06T21:00:57.8661177Z       );
2026-10-06T21:00:57.8661367Z     }·
2026-10-06T21:00:57.8661591Z     const styles = StyleSheet.create({
2026-10-06T21:00:57.8661739Z       bellButton: {
2026-10-06T21:00:57.8661899Z         marginRight: 16,
2026-10-06T21:00:57.8662053Z         padding: 4,
2026-10-06T21:00:57.8662187Z       },
2026-10-06T21:00:57.8662338Z       bellWrap: {
2026-10-06T21:00:57.8662505Z         position: 'relative',
2026-10-06T21:00:57.8662648Z         width: 28,
2026-10-06T21:00:57.8662796Z         height: 28,
2026-10-06T21:00:57.8663002Z         justifyContent: 'center',
2026-10-06T21:00:57.8663171Z         alignItems: 'center',
2026-10-06T21:00:57.8663315Z       },
2026-10-06T21:00:57.8663458Z     });
2026-10-06T21:00:57.8663596Z     "
2026-10-06T21:00:57.8663611Z 
2026-10-06T21:00:57.8663809Z     [0m [90m 30 |[39m
2026-10-06T21:00:57.8665021Z      [90m 31 |[39m   it([32m'preserves coach label/icon space and padding above the home indicator'[39m[33m,[39m () [33m=>[39m {
2026-10-06T21:00:57.8666019Z     [31m[1m>[22m[39m[90m 32 |[39m     expect(coach)[33m.[39mtoMatch([35m/const insets = useSafeAreaInsets\(\)/[39m)[33m;[39m
2026-10-06T21:00:57.8666398Z      [90m    |[39m                   [31m[1m^[22m[39m
2026-10-06T21:00:57.8667154Z      [90m 33 |[39m     expect(coach)[33m.[39mtoMatch([35m/height:\s*60\s*\+\s*insets\.bottom/[39m)[33m;[39m
2026-10-06T21:00:57.8667980Z      [90m 34 |[39m     expect(coach)[33m.[39mtoMatch([35m/paddingBottom:\s*4\s*\+\s*insets\.bottom/[39m)[33m;[39m
2026-10-06T21:00:57.8668260Z      [90m 35 |[39m   })[33m;[39m[0m
2026-10-06T21:00:57.8668275Z 
2026-10-06T21:00:57.8668693Z       at Object.toMatch (src/navigation/__tests__/tabBarPolish125.test.ts:32:19)
2026-10-06T21:00:57.8668717Z 
2026-10-06T21:00:58.9578563Z FAIL src/components/__tests__/HapticPressable.accessibility125.test.tsx (5.581 s)
2026-10-06T21:00:58.9607151Z   ● shared press controls — screen-reader semantics › exposes an actionable control as a button and keeps its handler
2026-10-06T21:00:58.9608115Z 
2026-10-06T21:00:58.9608689Z     Unable to find an element with role: button, name: Save changes
2026-10-06T21:00:58.9609167Z 
2026-10-06T21:00:58.9609410Z     [36m<View>[39m
2026-10-06T21:00:58.9609947Z       [36m<View[39m
2026-10-06T21:00:58.9610504Z         [33maccessible[39m=[32m{true}[39m
2026-10-06T21:00:58.9611131Z       [36m>[39m
2026-10-06T21:00:58.9611663Z         [36m<Text>[39m
2026-10-06T21:00:58.9612306Z           [0mSave changes[0m
2026-10-06T21:00:58.9612901Z         [36m</Text>[39m
2026-10-06T21:00:58.9613438Z       [36m</View>[39m
2026-10-06T21:00:58.9614388Z     [36m</View>[39m
2026-10-06T21:00:58.9615880Z 
2026-10-06T21:00:58.9618267Z     [0m [90m 20 |[39m       [33m<[39m[33mHapticPressable[39m onPress[33m=[39m{onPress}[33m>[39m[33m<[39m[33mText[39m[33m>[39m[33mSave[39m changes[33m<[39m[33m/[39m[33mText[39m[33m>[39m[33m<[39m[33m/[39m[33mHapticPressable[39m[33m>[39m[33m,[39m
2026-10-06T21:00:58.9620115Z      [90m 21 |[39m     )[33m;[39m
2026-10-06T21:00:58.9621782Z     [31m[1m>[22m[39m[90m 22 |[39m     [36mawait[39m fireEvent[33m.[39mpress(view[33m.[39mgetByRole([32m'button'[39m[33m,[39m { name[33m:[39m [32m'Save changes'[39m }))[33m;[39m
2026-10-06T21:00:58.9623290Z      [90m    |[39m                                [31m[1m^[22m[39m
2026-10-06T21:00:58.9624360Z      [90m 23 |[39m     expect(onPress)[33m.[39mtoHaveBeenCalledTimes([35m1[39m)[33m;[39m
2026-10-06T21:00:58.9625535Z      [90m 24 |[39m   })[33m;[39m
2026-10-06T21:00:58.9626047Z      [90m 25 |[39m[0m
2026-10-06T21:00:58.9626308Z 
2026-10-06T21:00:58.9626970Z       at Object.getByRole (src/components/__tests__/HapticPressable.accessibility125.test.tsx:22:32)
2026-10-06T21:00:58.9628245Z       at asyncGeneratorStep (node_modules/@babel/runtime/helpers/asyncToGenerator.js:3:17)
2026-10-06T21:00:58.9629316Z       at _next (node_modules/@babel/runtime/helpers/asyncToGenerator.js:17:9)
2026-10-06T21:00:58.9629846Z 
2026-10-06T21:00:58.9630640Z   ● shared press controls — screen-reader semantics › exposes a long-press-only control as a button
2026-10-06T21:00:58.9631375Z 
2026-10-06T21:00:58.9631750Z     Unable to find an element with role: button, name: More options
2026-10-06T21:00:58.9632222Z 
2026-10-06T21:00:58.9632438Z     [36m<View>[39m
2026-10-06T21:00:58.9632872Z       [36m<View[39m
2026-10-06T21:00:58.9633412Z         [33maccessible[39m=[32m{true}[39m
2026-10-06T21:00:58.9633943Z       [36m>[39m
2026-10-06T21:00:58.9634361Z         [36m<Text>[39m
2026-10-06T21:00:58.9635118Z           [0mMore options[0m
2026-10-06T21:00:58.9635625Z         [36m</Text>[39m
2026-10-06T21:00:58.9636101Z       [36m</View>[39m
2026-10-06T21:00:58.9636531Z     [36m</View>[39m
2026-10-06T21:00:58.9636762Z 
2026-10-06T21:00:58.9638788Z     [0m [90m 28 |[39m       [33m<[39m[33mHapticPressable[39m onLongPress[33m=[39m{jest[33m.[39mfn()}[33m>[39m[33m<[39m[33mText[39m[33m>[39m[33mMore[39m options[33m<[39m[33m/[39m[33mText[39m[33m>[39m[33m<[39m[33m/[39m[33mHapticPressable[39m[33m>[39m[33m,[39m
2026-10-06T21:00:58.9639846Z      [90m 29 |[39m     )[33m;[39m
2026-10-06T21:00:58.9640737Z     [31m[1m>[22m[39m[90m 30 |[39m     expect(view[33m.[39mgetByRole([32m'button'[39m[33m,[39m { name[33m:[39m [32m'More options'[39m }))[33m.[39mtoBeTruthy()[33m;[39m
2026-10-06T21:00:58.9641512Z      [90m    |[39m                 [31m[1m^[22m[39m
2026-10-06T21:00:58.9641876Z      [90m 31 |[39m   })[33m;[39m
2026-10-06T21:00:58.9642164Z      [90m 32 |[39m
2026-10-06T21:00:58.9642808Z      [90m 33 |[39m   it([32m'keeps explicit roles, labels and selected state'[39m[33m,[39m [36masync[39m () [33m=>[39m {[0m
2026-10-06T21:00:58.9643257Z 
2026-10-06T21:00:58.9643624Z       at Object.getByRole (src/components/__tests__/HapticPressable.accessibility125.test.tsx:30:17)
2026-10-06T21:00:58.9644339Z       at asyncGeneratorStep (node_modules/@babel/runtime/helpers/asyncToGenerator.js:3:17)
2026-10-06T21:00:58.9645297Z       at _next (node_modules/@babel/runtime/helpers/asyncToGenerator.js:17:9)
2026-10-06T21:00:58.9645612Z 
2026-10-06T21:00:58.9646017Z   ● shared press controls — screen-reader semantics › keeps disabled controls non-interactive
2026-10-06T21:00:58.9646398Z 
2026-10-06T21:00:58.9646673Z     Unable to find an element with role: button, name: Saving, disabled state: true
2026-10-06T21:00:58.9646999Z 
2026-10-06T21:00:58.9647112Z     [36m<View>[39m
2026-10-06T21:00:58.9647363Z       [36m<View[39m
2026-10-06T21:00:58.9647677Z         [33maccessibilityState[39m=[32m{
2026-10-06T21:00:58.9647964Z           {
2026-10-06T21:00:58.9648410Z             "disabled": true,
2026-10-06T21:00:58.9648652Z           }
2026-10-06T21:00:58.9648866Z         }[39m
2026-10-06T21:00:58.9649292Z         [33maccessible[39m=[32m{true}[39m
2026-10-06T21:00:58.9649613Z       [36m>[39m
2026-10-06T21:00:58.9649851Z         [36m<Text>[39m
2026-10-06T21:00:58.9650101Z           [0mSaving[0m
2026-10-06T21:00:58.9650362Z         [36m</Text>[39m
2026-10-06T21:00:58.9650612Z       [36m</View>[39m
2026-10-06T21:00:58.9650850Z     [36m</View>[39m
2026-10-06T21:00:58.9650979Z 
2026-10-06T21:00:58.9652020Z     [0m [90m 54 |[39m       [33m<[39m[33mHapticPressable[39m disabled onPress[33m=[39m{onPress}[33m>[39m[33m<[39m[33mText[39m[33m>[39m[33mSaving[39m[33m<[39m[33m/[39m[33mText[39m[33m>[39m[33m<[39m[33m/[39m[33mHapticPressable[39m[33m>[39m[33m,[39m
2026-10-06T21:00:58.9652973Z      [90m 55 |[39m     )[33m;[39m
2026-10-06T21:00:58.9653982Z     [31m[1m>[22m[39m[90m 56 |[39m     [36mconst[39m button [33m=[39m view[33m.[39mgetByRole([32m'button'[39m[33m,[39m { name[33m:[39m [32m'Saving'[39m[33m,[39m disabled[33m:[39m [36mtrue[39m })[33m;[39m
2026-10-06T21:00:58.9655050Z      [90m    |[39m                         [31m[1m^[22m[39m
2026-10-06T21:00:58.9655580Z      [90m 57 |[39m     [36mawait[39m fireEvent[33m.[39mpress(button)[33m;[39m
2026-10-06T21:00:58.9656211Z      [90m 58 |[39m     expect(onPress)[33m.[39mnot[33m.[39mtoHaveBeenCalled()[33m;[39m
2026-10-06T21:00:58.9656678Z      [90m 59 |[39m   })[33m;[39m[0m
2026-10-06T21:00:58.9656864Z 
2026-10-06T21:00:58.9657218Z       at Object.getByRole (src/components/__tests__/HapticPressable.accessibility125.test.tsx:56:25)
2026-10-06T21:00:58.9657918Z       at asyncGeneratorStep (node_modules/@babel/runtime/helpers/asyncToGenerator.js:3:17)
2026-10-06T21:00:58.9658501Z       at _next (node_modules/@babel/runtime/helpers/asyncToGenerator.js:17:9)
2026-10-06T21:00:58.9658798Z 
2026-10-06T21:01:03.6345092Z FAIL src/screens/client/__tests__/ExerciseLibraryPolish125.test.tsx (10.472 s)
2026-10-06T21:01:03.6347023Z   ● exercise library contrast › uses the on-accent label in light appearance
2026-10-06T21:01:03.6366082Z 
2026-10-06T21:01:03.6366949Z     expect(received).toBe(expected) // Object.is equality
2026-10-06T21:01:03.6367733Z 
2026-10-06T21:01:03.6368418Z     Expected: "#FBF7F0"
2026-10-06T21:01:03.6369170Z     Received: "#FFFDF8"
2026-10-06T21:01:03.6369730Z 
2026-10-06T21:01:03.6371467Z     [0m [90m 52 |[39m     [36mawait[39m fireEvent[33m.[39mpress(view[33m.[39mgetByRole([32m'button'[39m[33m,[39m { name[33m:[39m [32m'strength'[39m }))[33m;[39m
2026-10-06T21:01:03.6374118Z      [90m 53 |[39m     expect([33mStyleSheet[39m[33m.[39mflatten(view[33m.[39mgetByText([32m'strength'[39m)[33m.[39mprops[33m.[39mstyle)[33m.[39mcolor)
2026-10-06T21:01:03.6376414Z     [31m[1m>[22m[39m[90m 54 |[39m       [33m.[39mtoBe(tokens[33m.[39mtextOnAccent)[33m;[39m
2026-10-06T21:01:03.6377708Z      [90m    |[39m        [31m[1m^[22m[39m
2026-10-06T21:01:03.6378657Z      [90m 55 |[39m   })[33m;[39m
2026-10-06T21:01:03.6379529Z      [90m 56 |[39m
2026-10-06T21:01:03.6381336Z      [90m 57 |[39m   it([32m'uses the readable accent foreground for a load error in dark appearance'[39m[33m,[39m [36masync[39m () [33m=>[39m {[0m
2026-10-06T21:01:03.6382664Z 
2026-10-06T21:01:03.6383480Z       at toBe (src/screens/client/__tests__/ExerciseLibraryPolish125.test.tsx:54:8)
2026-10-06T21:01:03.6385219Z       at asyncGeneratorStep (node_modules/@babel/runtime/helpers/asyncToGenerator.js:3:17)
2026-10-06T21:01:03.6386711Z       at _next (node_modules/@babel/runtime/helpers/asyncToGenerator.js:17:9)
2026-10-06T21:01:03.6387625Z 
2026-10-06T21:01:03.6388528Z   ● exercise library contrast › uses the on-accent label in dark appearance
2026-10-06T21:01:03.6389374Z 
2026-10-06T21:01:03.6389990Z     expect(received).toBe(expected) // Object.is equality
2026-10-06T21:01:03.6391305Z 
2026-10-06T21:01:03.6391737Z     Expected: "#FBF7F0"
2026-10-06T21:01:03.6392477Z     Received: "#1C1A18"
2026-10-06T21:01:03.6393065Z 
2026-10-06T21:01:03.6395323Z     [0m [90m 52 |[39m     [36mawait[39m fireEvent[33m.[39mpress(view[33m.[39mgetByRole([32m'button'[39m[33m,[39m { name[33m:[39m [32m'strength'[39m }))[33m;[39m
2026-10-06T21:01:03.6398210Z      [90m 53 |[39m     expect([33mStyleSheet[39m[33m.[39mflatten(view[33m.[39mgetByText([32m'strength'[39m)[33m.[39mprops[33m.[39mstyle)[33m.[39mcolor)
2026-10-06T21:01:03.6400416Z     [31m[1m>[22m[39m[90m 54 |[39m       [33m.[39mtoBe(tokens[33m.[39mtextOnAccent)[33m;[39m
2026-10-06T21:01:03.6401782Z      [90m    |[39m        [31m[1m^[22m[39m
2026-10-06T21:01:03.6402804Z      [90m 55 |[39m   })[33m;[39m
2026-10-06T21:01:03.6403715Z      [90m 56 |[39m
2026-10-06T21:01:03.6405785Z      [90m 57 |[39m   it([32m'uses the readable accent foreground for a load error in dark appearance'[39m[33m,[39m [36masync[39m () [33m=>[39m {[0m
2026-10-06T21:01:03.6407171Z 
2026-10-06T21:01:03.6408003Z       at toBe (src/screens/client/__tests__/ExerciseLibraryPolish125.test.tsx:54:8)
2026-10-06T21:01:03.6409638Z       at asyncGeneratorStep (node_modules/@babel/runtime/helpers/asyncToGenerator.js:3:17)
2026-10-06T21:01:03.6411110Z       at _next (node_modules/@babel/runtime/helpers/asyncToGenerator.js:17:9)
2026-10-06T21:01:03.6411959Z 
2026-10-06T21:01:03.6413179Z   ● exercise library contrast › uses the readable accent foreground for a load error in dark appearance
2026-10-06T21:01:03.6414266Z 
2026-10-06T21:01:03.6415083Z     expect(received).toBe(expected) // Object.is equality
2026-10-06T21:01:03.6415910Z 
2026-10-06T21:01:03.6416364Z     Expected: "#E07373"
2026-10-06T21:01:03.6417132Z     Received: "#B43C3C"
2026-10-06T21:01:03.6417695Z 
2026-10-06T21:01:03.6418727Z     [0m [90m 59 |[39m     [36mconst[39m view [33m=[39m [36mawait[39m renderLibrary()[33m;[39m
2026-10-06T21:01:03.6421047Z      [90m 60 |[39m     [36mconst[39m error [33m=[39m [36mawait[39m view[33m.[39mfindByText([32m'Cannot load exercises. Check the connection.'[39m)[33m;[39m
2026-10-06T21:01:03.6424169Z     [31m[1m>[22m[39m[90m 61 |[39m     expect([33mStyleSheet[39m[33m.[39mflatten(error[33m.[39mprops[33m.[39mstyle)[33m.[39mcolor)[33m.[39mtoBe(darkTokens[33m.[39maccentText)[33m;[39m
2026-10-06T21:01:03.6426580Z      [90m    |[39m                                                         [31m[1m^[22m[39m
2026-10-06T21:01:03.6427759Z      [90m 62 |[39m   })[33m;[39m
2026-10-06T21:01:03.6428723Z      [90m 63 |[39m })[33m;[39m
2026-10-06T21:01:03.6429602Z      [90m 64 |[39m[0m
2026-10-06T21:01:03.6430155Z 
2026-10-06T21:01:03.6431078Z       at Object.toBe (src/screens/client/__tests__/ExerciseLibraryPolish125.test.tsx:61:57)
2026-10-06T21:01:03.6432721Z       at asyncGeneratorStep (node_modules/@babel/runtime/helpers/asyncToGenerator.js:3:17)
2026-10-06T21:01:03.6434237Z       at _next (node_modules/@babel/runtime/helpers/asyncToGenerator.js:17:9)
2026-10-06T21:01:03.6435482Z 
2026-10-06T21:01:03.7060416Z Test Suites: 4 failed, 4 total
2026-10-06T21:01:03.7061147Z Tests:       11 failed, 6 passed, 17 total
2026-10-06T21:01:03.7061722Z Snapshots:   0 total
2026-10-06T21:01:03.7062159Z Time:        11.215 s
2026-10-06T21:01:03.7064969Z Ran all test suites matching /src\/components\/__tests__\/HapticPressable.accessibility125.test.tsx|src\/components\/home\/__tests__\/HomeHeaderActions.test.tsx|src\/navigation\/__tests__\/tabBarPolish125.test.ts|src\/screens\/client\/__tests__\/ExerciseLibraryPolish125.test.tsx/i.
2026-10-06T21:01:03.7509270Z ##[error]Process completed with exit code 1.
2026-10-06T21:01:03.7657138Z Post job cleanup.
2026-10-06T21:01:03.8530633Z [command]/usr/bin/git version
2026-10-06T21:01:03.8569496Z git version 2.55.0
2026-10-06T21:01:03.8612954Z Temporarily overriding HOME='/home/runner/work/_temp/0749310a-8287-42f6-9a50-1435f612750d' before making global git config changes
2026-10-06T21:01:03.8615207Z Adding repository directory to the temporary git global config as a safe directory
2026-10-06T21:01:03.8620050Z [command]/usr/bin/git config --global --add safe.directory /home/runner/work/growth-project-mobile/growth-project-mobile
2026-10-06T21:01:03.8653368Z Removing SSH command configuration
2026-10-06T21:01:03.8660736Z [command]/usr/bin/git config --local --name-only --get-regexp core\.sshCommand
2026-10-06T21:01:03.8700147Z [command]/usr/bin/git submodule foreach --recursive sh -c "git config --local --name-only --get-regexp 'core\.sshCommand' && git config --local --unset-all 'core.sshCommand' || :"
2026-10-06T21:01:03.8931019Z Removing HTTP extra header
2026-10-06T21:01:03.8936843Z [command]/usr/bin/git config --local --name-only --get-regexp http\.https\:\/\/github\.com\/\.extraheader
2026-10-06T21:01:03.8973473Z [command]/usr/bin/git submodule foreach --recursive sh -c "git config --local --name-only --get-regexp 'http\.https\:\/\/github\.com\/\.extraheader' && git config --local --unset-all 'http.https://github.com/.extraheader' || :"
2026-10-06T21:01:03.9198132Z Removing includeIf entries pointing to credentials config files
2026-10-06T21:01:03.9205860Z [command]/usr/bin/git config --local --name-only --get-regexp ^includeIf\.gitdir:
2026-10-06T21:01:03.9234486Z includeif.gitdir:/home/runner/work/growth-project-mobile/growth-project-mobile/.git.path
2026-10-06T21:01:03.9235826Z includeif.gitdir:/home/runner/work/growth-project-mobile/growth-project-mobile/.git/worktrees/*.path
2026-10-06T21:01:03.9236436Z includeif.gitdir:/github/workspace/.git.path
2026-10-06T21:01:03.9236887Z includeif.gitdir:/github/workspace/.git/worktrees/*.path
2026-10-06T21:01:03.9244037Z [command]/usr/bin/git config --local --get-all includeif.gitdir:/home/runner/work/growth-project-mobile/growth-project-mobile/.git.path
2026-10-06T21:01:03.9267908Z /home/runner/work/_temp/git-credentials-62e5fccf-fb29-4568-9a38-82f08df182e1.config
2026-10-06T21:01:03.9278872Z [command]/usr/bin/git config --local --unset includeif.gitdir:/home/runner/work/growth-project-mobile/growth-project-mobile/.git.path /home/runner/work/_temp/git-credentials-62e5fccf-fb29-4568-9a38-82f08df182e1.config
2026-10-06T21:01:03.9320403Z [command]/usr/bin/git config --local --get-all includeif.gitdir:/home/runner/work/growth-project-mobile/growth-project-mobile/.git/worktrees/*.path
2026-10-06T21:01:03.9343631Z /home/runner/work/_temp/git-credentials-62e5fccf-fb29-4568-9a38-82f08df182e1.config
2026-10-06T21:01:03.9354279Z [command]/usr/bin/git config --local --unset includeif.gitdir:/home/runner/work/growth-project-mobile/growth-project-mobile/.git/worktrees/*.path /home/runner/work/_temp/git-credentials-62e5fccf-fb29-4568-9a38-82f08df182e1.config
2026-10-06T21:01:03.9389609Z [command]/usr/bin/git config --local --get-all includeif.gitdir:/github/workspace/.git.path
2026-10-06T21:01:03.9411509Z /github/runner_temp/git-credentials-62e5fccf-fb29-4568-9a38-82f08df182e1.config
2026-10-06T21:01:03.9421183Z [command]/usr/bin/git config --local --unset includeif.gitdir:/github/workspace/.git.path /github/runner_temp/git-credentials-62e5fccf-fb29-4568-9a38-82f08df182e1.config
2026-10-06T21:01:03.9458409Z [command]/usr/bin/git config --local --get-all includeif.gitdir:/github/workspace/.git/worktrees/*.path
2026-10-06T21:01:03.9480040Z /github/runner_temp/git-credentials-62e5fccf-fb29-4568-9a38-82f08df182e1.config
2026-10-06T21:01:03.9491155Z [command]/usr/bin/git config --local --unset includeif.gitdir:/github/workspace/.git/worktrees/*.path /github/runner_temp/git-credentials-62e5fccf-fb29-4568-9a38-82f08df182e1.config
2026-10-06T21:01:03.9531653Z [command]/usr/bin/git submodule foreach --recursive git config --local --show-origin --name-only --get-regexp remote.origin.url
2026-10-06T21:01:03.9775566Z Removing credentials config '/home/runner/work/_temp/git-credentials-62e5fccf-fb29-4568-9a38-82f08df182e1.config'
2026-10-06T21:01:03.9962674Z Cleaning up orphan processes
