targeted	Targeted jest	﻿2026-10-05T17:17:36.6113898Z ##[group]Run set -euo pipefail
targeted	Targeted jest	2026-10-05T17:17:36.6114260Z ^[[36;1mset -euo pipefail^[[0m
targeted	Targeted jest	2026-10-05T17:17:36.6114668Z ^[[36;1mtest -s .ci-lane-specs || { echo "missing .ci-lane-specs"; exit 2; }^[[0m
targeted	Targeted jest	2026-10-05T17:17:36.6115165Z ^[[36;1mmapfile -t SPECS < <(grep -vE '^\s*(#|$)' .ci-lane-specs)^[[0m
targeted	Targeted jest	2026-10-05T17:17:36.6115536Z ^[[36;1mecho "specs: ${SPECS[*]}"^[[0m
targeted	Targeted jest	2026-10-05T17:17:36.6115832Z ^[[36;1mnpx jest --ci --runInBand "${SPECS[@]}"^[[0m
targeted	Targeted jest	2026-10-05T17:17:36.6185035Z shell: /usr/bin/bash --noprofile --norc -e -o pipefail {0}
targeted	Targeted jest	2026-10-05T17:17:36.6185403Z env:
targeted	Targeted jest	2026-10-05T17:17:36.6185650Z   NODE_OPTIONS: --max-old-space-size=4096
targeted	Targeted jest	2026-10-05T17:17:36.6186050Z   THROTTLER_LIVE_REDIS_URL: redis://localhost:6379/0
targeted	Targeted jest	2026-10-05T17:17:36.6186391Z ##[endgroup]
targeted	Targeted jest	2026-10-05T17:17:36.6292052Z specs: test/audit-sol-cm8-120-money-boundaries.spec.ts test/audit-sol-cm8-120-send-admission.spec.ts test/transfer-reversal-slot-base.spec.ts test/transfer-reversal-found-slot.spec.ts
targeted	Targeted jest	2026-10-05T17:17:40.0069550Z ^[[31m[Nest] 3046  - ^[[39m10/05/2026, 5:17:40 PM ^[[31m  ERROR^[[39m ^[[38;5;3m[TransferOrchestratorService] ^[[39m^[[31mSFEE_REVERSAL_UNCERTAIN alert=true transfer=tr-fair-000 op=tgp-tr-rev-refund-r-000 amount=122: kind=unknown^[[39m
targeted	Targeted jest	2026-10-05T17:17:40.0080189Z ^[[31m[Nest] 3046  - ^[[39m10/05/2026, 5:17:40 PM ^[[31m  ERROR^[[39m ^[[38;5;3m[TransferOrchestratorService] ^[[39m^[[31mSFEE_REVERSAL_UNCERTAIN alert=true transfer=tr-fair-000 op=tgp-tr-rev-refund-r-000 amount=122: kind=unknown^[[39m
targeted	Targeted jest	2026-10-05T17:17:40.0090896Z ^[[31m[Nest] 3046  - ^[[39m10/05/2026, 5:17:40 PM ^[[31m  ERROR^[[39m ^[[38;5;3m[TransferOrchestratorService] ^[[39m^[[31mSFEE_REVERSAL_UNCERTAIN alert=true transfer=tr-fair-000 op=tgp-tr-rev-refund-r-000 amount=122: kind=unknown^[[39m
targeted	Targeted jest	2026-10-05T17:17:40.0101381Z ^[[31m[Nest] 3046  - ^[[39m10/05/2026, 5:17:40 PM ^[[31m  ERROR^[[39m ^[[38;5;3m[TransferOrchestratorService] ^[[39m^[[31mSFEE_REVERSAL_UNCERTAIN alert=true transfer=tr-fair-000 op=tgp-tr-rev-refund-r-000 amount=122: kind=unknown^[[39m
targeted	Targeted jest	2026-10-05T17:17:40.0112945Z ^[[31m[Nest] 3046  - ^[[39m10/05/2026, 5:17:40 PM ^[[31m  ERROR^[[39m ^[[38;5;3m[TransferOrchestratorService] ^[[39m^[[31mSFEE_REVERSAL_UNCERTAIN alert=true transfer=tr-fair-000 op=tgp-tr-rev-refund-r-000 amount=122: kind=unknown^[[39m
targeted	Targeted jest	2026-10-05T17:17:40.0120085Z ^[[31m[Nest] 3046  - ^[[39m10/05/2026, 5:17:40 PM ^[[31m  ERROR^[[39m ^[[38;5;3m[TransferOrchestratorService] ^[[39m^[[31mSFEE_REVERSAL_UNCERTAIN alert=true transfer=tr-fair-000 op=tgp-tr-rev-refund-r-000 amount=122: kind=unknown^[[39m
targeted	Targeted jest	2026-10-05T17:17:40.0127317Z ^[[31m[Nest] 3046  - ^[[39m10/05/2026, 5:17:40 PM ^[[31m  ERROR^[[39m ^[[38;5;3m[TransferOrchestratorService] ^[[39m^[[31mSFEE_REVERSAL_UNCERTAIN alert=true transfer=tr-fair-000 op=tgp-tr-rev-refund-r-000 amount=122: kind=unknown^[[39m
targeted	Targeted jest	2026-10-05T17:17:40.0136212Z ^[[31m[Nest] 3046  - ^[[39m10/05/2026, 5:17:40 PM ^[[31m  ERROR^[[39m ^[[38;5;3m[TransferOrchestratorService] ^[[39m^[[31mSFEE_REVERSAL_UNCERTAIN alert=true transfer=tr-fair-000 op=tgp-tr-rev-refund-r-000 amount=122: kind=unknown^[[39m
targeted	Targeted jest	2026-10-05T17:17:40.0146922Z ^[[31m[Nest] 3046  - ^[[39m10/05/2026, 5:17:40 PM ^[[31m  ERROR^[[39m ^[[38;5;3m[TransferOrchestratorService] ^[[39m^[[31mSFEE_REVERSAL_UNCERTAIN alert=true transfer=tr-fair-000 op=tgp-tr-rev-refund-r-000 amount=122: kind=unknown^[[39m
targeted	Targeted jest	2026-10-05T17:17:40.0158256Z ^[[31m[Nest] 3046  - ^[[39m10/05/2026, 5:17:40 PM ^[[31m  ERROR^[[39m ^[[38;5;3m[TransferOrchestratorService] ^[[39m^[[31mSFEE_REVERSAL_UNCERTAIN alert=true transfer=tr-fair-000 op=tgp-tr-rev-refund-r-000 amount=122: kind=unknown^[[39m
targeted	Targeted jest	2026-10-05T17:17:40.0167454Z ^[[31m[Nest] 3046  - ^[[39m10/05/2026, 5:17:40 PM ^[[31m  ERROR^[[39m ^[[38;5;3m[TransferOrchestratorService] ^[[39m^[[31mSFEE_REVERSAL_UNCERTAIN alert=true transfer=tr-fair-000 op=tgp-tr-rev-refund-r-000 amount=122: kind=unknown^[[39m
targeted	Targeted jest	2026-10-05T17:17:40.0177990Z ^[[31m[Nest] 3046  - ^[[39m10/05/2026, 5:17:40 PM ^[[31m  ERROR^[[39m ^[[38;5;3m[TransferOrchestratorService] ^[[39m^[[31mSFEE_REVERSAL_UNCERTAIN alert=true transfer=tr-fair-000 op=tgp-tr-rev-refund-r-000 amount=122: kind=unknown^[[39m
targeted	Targeted jest	2026-10-05T17:17:40.0188579Z ^[[31m[Nest] 3046  - ^[[39m10/05/2026, 5:17:40 PM ^[[31m  ERROR^[[39m ^[[38;5;3m[TransferOrchestratorService] ^[[39m^[[31mSFEE_REVERSAL_UNCERTAIN alert=true transfer=tr-fair-000 op=tgp-tr-rev-refund-r-000 amount=122: kind=unknown^[[39m
targeted	Targeted jest	2026-10-05T17:17:40.0262925Z ^[[31m[Nest] 3046  - ^[[39m10/05/2026, 5:17:40 PM ^[[31m  ERROR^[[39m ^[[38;5;3m[TransferOrchestratorService] ^[[39m^[[31mSFEE_REVERSAL_UNCERTAIN alert=true transfer=tr-fair-000 op=tgp-tr-rev-refund-r-000 amount=122: kind=unknown^[[39m
targeted	Targeted jest	2026-10-05T17:17:40.0265290Z ^[[31m[Nest] 3046  - ^[[39m10/05/2026, 5:17:40 PM ^[[31m  ERROR^[[39m ^[[38;5;3m[TransferOrchestratorService] ^[[39m^[[31mSFEE_REVERSAL_UNCERTAIN alert=true transfer=tr-fair-000 op=tgp-tr-rev-refund-r-000 amount=122: kind=unknown^[[39m
targeted	Targeted jest	2026-10-05T17:17:40.0267856Z ^[[31m[Nest] 3046  - ^[[39m10/05/2026, 5:17:40 PM ^[[31m  ERROR^[[39m ^[[38;5;3m[TransferOrchestratorService] ^[[39m^[[31mSFEE_REVERSAL_UNCERTAIN alert=true transfer=tr-fair-000 op=tgp-tr-rev-refund-r-000 amount=122: kind=unknown^[[39m
targeted	Targeted jest	2026-10-05T17:17:40.0285259Z ^[[31m[Nest] 3046  - ^[[39m10/05/2026, 5:17:40 PM ^[[31m  ERROR^[[39m ^[[38;5;3m[TransferOrchestratorService] ^[[39m^[[31mSFEE_REVERSAL_UNCERTAIN alert=true transfer=tr-fair-000 op=tgp-tr-rev-refund-r-000 amount=122: kind=unknown^[[39m
targeted	Targeted jest	2026-10-05T17:17:40.0287141Z ^[[31m[Nest] 3046  - ^[[39m10/05/2026, 5:17:40 PM ^[[31m  ERROR^[[39m ^[[38;5;3m[TransferOrchestratorService] ^[[39m^[[31mSFEE_REVERSAL_UNCERTAIN alert=true transfer=tr-fair-000 op=tgp-tr-rev-refund-r-000 amount=122: kind=unknown^[[39m
targeted	Targeted jest	2026-10-05T17:17:40.0289951Z ^[[31m[Nest] 3046  - ^[[39m10/05/2026, 5:17:40 PM ^[[31m  ERROR^[[39m ^[[38;5;3m[TransferOrchestratorService] ^[[39m^[[31mSFEE_REVERSAL_UNCERTAIN alert=true transfer=tr-fair-000 op=tgp-tr-rev-refund-r-000 amount=122: kind=unknown^[[39m
targeted	Targeted jest	2026-10-05T17:17:40.0293726Z ^[[31m[Nest] 3046  - ^[[39m10/05/2026, 5:17:40 PM ^[[31m  ERROR^[[39m ^[[38;5;3m[TransferOrchestratorService] ^[[39m^[[31mSFEE_REVERSAL_UNCERTAIN alert=true transfer=tr-fair-000 op=tgp-tr-rev-refund-r-000 amount=122: kind=unknown^[[39m
targeted	Targeted jest	2026-10-05T17:17:40.0305585Z ^[[31m[Nest] 3046  - ^[[39m10/05/2026, 5:17:40 PM ^[[31m  ERROR^[[39m ^[[38;5;3m[TransferOrchestratorService] ^[[39m^[[31mSFEE_REVERSAL_UNCERTAIN alert=true transfer=tr-fair-000 op=tgp-tr-rev-refund-r-000 amount=122: kind=unknown^[[39m
targeted	Targeted jest	2026-10-05T17:17:40.0312664Z ^[[31m[Nest] 3046  - ^[[39m10/05/2026, 5:17:40 PM ^[[31m  ERROR^[[39m ^[[38;5;3m[TransferOrchestratorService] ^[[39m^[[31mSFEE_REVERSAL_UNCERTAIN alert=true transfer=tr-fair-000 op=tgp-tr-rev-refund-r-000 amount=122: kind=unknown^[[39m
targeted	Targeted jest	2026-10-05T17:17:40.0322422Z ^[[31m[Nest] 3046  - ^[[39m10/05/2026, 5:17:40 PM ^[[31m  ERROR^[[39m ^[[38;5;3m[TransferOrchestratorService] ^[[39m^[[31mSFEE_REVERSAL_UNCERTAIN alert=true transfer=tr-fair-000 op=tgp-tr-rev-refund-r-000 amount=122: kind=unknown^[[39m
targeted	Targeted jest	2026-10-05T17:17:40.0329960Z ^[[31m[Nest] 3046  - ^[[39m10/05/2026, 5:17:40 PM ^[[31m  ERROR^[[39m ^[[38;5;3m[TransferOrchestratorService] ^[[39m^[[31mSFEE_REVERSAL_UNCERTAIN alert=true transfer=tr-fair-000 op=tgp-tr-rev-refund-r-000 amount=122: kind=unknown^[[39m
targeted	Targeted jest	2026-10-05T17:17:40.0337017Z ^[[31m[Nest] 3046  - ^[[39m10/05/2026, 5:17:40 PM ^[[31m  ERROR^[[39m ^[[38;5;3m[TransferOrchestratorService] ^[[39m^[[31mSFEE_REVERSAL_UNCERTAIN alert=true transfer=tr-fair-000 op=tgp-tr-rev-refund-r-000 amount=122: kind=unknown^[[39m
targeted	Targeted jest	2026-10-05T17:17:40.0345148Z ^[[31m[Nest] 3046  - ^[[39m10/05/2026, 5:17:40 PM ^[[31m  ERROR^[[39m ^[[38;5;3m[TransferOrchestratorService] ^[[39m^[[31mSFEE_REVERSAL_UNCERTAIN alert=true transfer=tr-fair-000 op=tgp-tr-rev-refund-r-000 amount=122: kind=unknown^[[39m
targeted	Targeted jest	2026-10-05T17:17:40.0351751Z ^[[31m[Nest] 3046  - ^[[39m10/05/2026, 5:17:40 PM ^[[31m  ERROR^[[39m ^[[38;5;3m[TransferOrchestratorService] ^[[39m^[[31mSFEE_REVERSAL_UNCERTAIN alert=true transfer=tr-fair-000 op=tgp-tr-rev-refund-r-000 amount=122: kind=unknown^[[39m
targeted	Targeted jest	2026-10-05T17:17:40.0357391Z ^[[31m[Nest] 3046  - ^[[39m10/05/2026, 5:17:40 PM ^[[31m  ERROR^[[39m ^[[38;5;3m[TransferOrchestratorService] ^[[39m^[[31mSFEE_REVERSAL_UNCERTAIN alert=true transfer=tr-fair-000 op=tgp-tr-rev-refund-r-000 amount=122: kind=unknown^[[39m
targeted	Targeted jest	2026-10-05T17:17:40.0363053Z ^[[31m[Nest] 3046  - ^[[39m10/05/2026, 5:17:40 PM ^[[31m  ERROR^[[39m ^[[38;5;3m[TransferOrchestratorService] ^[[39m^[[31mSFEE_REVERSAL_UNCERTAIN alert=true transfer=tr-fair-000 op=tgp-tr-rev-refund-r-000 amount=122: kind=unknown^[[39m
targeted	Targeted jest	2026-10-05T17:17:40.0369228Z ^[[31m[Nest] 3046  - ^[[39m10/05/2026, 5:17:40 PM ^[[31m  ERROR^[[39m ^[[38;5;3m[TransferOrchestratorService] ^[[39m^[[31mSFEE_REVERSAL_UNCERTAIN alert=true transfer=tr-fair-000 op=tgp-tr-rev-refund-r-000 amount=122: kind=unknown^[[39m
targeted	Targeted jest	2026-10-05T17:17:40.0374229Z ^[[31m[Nest] 3046  - ^[[39m10/05/2026, 5:17:40 PM ^[[31m  ERROR^[[39m ^[[38;5;3m[TransferOrchestratorService] ^[[39m^[[31mSFEE_REVERSAL_UNCERTAIN alert=true transfer=tr-fair-000 op=tgp-tr-rev-refund-r-000 amount=122: kind=unknown^[[39m
targeted	Targeted jest	2026-10-05T17:17:40.0378576Z ^[[31m[Nest] 3046  - ^[[39m10/05/2026, 5:17:40 PM ^[[31m  ERROR^[[39m ^[[38;5;3m[TransferOrchestratorService] ^[[39m^[[31mSFEE_REVERSAL_UNCERTAIN alert=true transfer=tr-fair-000 op=tgp-tr-rev-refund-r-000 amount=122: kind=unknown^[[39m
targeted	Targeted jest	2026-10-05T17:17:40.0382876Z ^[[31m[Nest] 3046  - ^[[39m10/05/2026, 5:17:40 PM ^[[31m  ERROR^[[39m ^[[38;5;3m[TransferOrchestratorService] ^[[39m^[[31mSFEE_REVERSAL_UNCERTAIN alert=true transfer=tr-fair-000 op=tgp-tr-rev-refund-r-000 amount=122: kind=unknown^[[39m
targeted	Targeted jest	2026-10-05T17:17:40.0386708Z ^[[31m[Nest] 3046  - ^[[39m10/05/2026, 5:17:40 PM ^[[31m  ERROR^[[39m ^[[38;5;3m[TransferOrchestratorService] ^[[39m^[[31mSFEE_REVERSAL_UNCERTAIN alert=true transfer=tr-fair-000 op=tgp-tr-rev-refund-r-000 amount=122: kind=unknown^[[39m
targeted	Targeted jest	2026-10-05T17:17:40.0391246Z ^[[31m[Nest] 3046  - ^[[39m10/05/2026, 5:17:40 PM ^[[31m  ERROR^[[39m ^[[38;5;3m[TransferOrchestratorService] ^[[39m^[[31mSFEE_REVERSAL_UNCERTAIN alert=true transfer=tr-fair-000 op=tgp-tr-rev-refund-r-000 amount=122: kind=unknown^[[39m
targeted	Targeted jest	2026-10-05T17:17:40.0395734Z ^[[31m[Nest] 3046  - ^[[39m10/05/2026, 5:17:40 PM ^[[31m  ERROR^[[39m ^[[38;5;3m[TransferOrchestratorService] ^[[39m^[[31mSFEE_REVERSAL_UNCERTAIN alert=true transfer=tr-fair-000 op=tgp-tr-rev-refund-r-000 amount=122: kind=unknown^[[39m
targeted	Targeted jest	2026-10-05T17:17:40.0400187Z ^[[31m[Nest] 3046  - ^[[39m10/05/2026, 5:17:40 PM ^[[31m  ERROR^[[39m ^[[38;5;3m[TransferOrchestratorService] ^[[39m^[[31mSFEE_REVERSAL_UNCERTAIN alert=true transfer=tr-fair-000 op=tgp-tr-rev-refund-r-000 amount=122: kind=unknown^[[39m
targeted	Targeted jest	2026-10-05T17:17:40.0405185Z ^[[31m[Nest] 3046  - ^[[39m10/05/2026, 5:17:40 PM ^[[31m  ERROR^[[39m ^[[38;5;3m[TransferOrchestratorService] ^[[39m^[[31mSFEE_REVERSAL_UNCERTAIN alert=true transfer=tr-fair-000 op=tgp-tr-rev-refund-r-000 amount=122: kind=unknown^[[39m
targeted	Targeted jest	2026-10-05T17:17:40.0409352Z ^[[31m[Nest] 3046  - ^[[39m10/05/2026, 5:17:40 PM ^[[31m  ERROR^[[39m ^[[38;5;3m[TransferOrchestratorService] ^[[39m^[[31mSFEE_REVERSAL_UNCERTAIN alert=true transfer=tr-fair-000 op=tgp-tr-rev-refund-r-000 amount=122: kind=unknown^[[39m
targeted	Targeted jest	2026-10-05T17:17:40.0413848Z ^[[31m[Nest] 3046  - ^[[39m10/05/2026, 5:17:40 PM ^[[31m  ERROR^[[39m ^[[38;5;3m[TransferOrchestratorService] ^[[39m^[[31mSFEE_REVERSAL_UNCERTAIN alert=true transfer=tr-fair-000 op=tgp-tr-rev-refund-r-000 amount=122: kind=unknown^[[39m
targeted	Targeted jest	2026-10-05T17:17:40.0695189Z FAIL test/audit-sol-cm8-120-money-boundaries.spec.ts (172 MB heap size)
targeted	Targeted jest	2026-10-05T17:17:40.0799377Z   ● Console
targeted	Targeted jest	2026-10-05T17:17:40.0799587Z 
targeted	Targeted jest	2026-10-05T17:17:40.0799739Z     console.log
targeted	Targeted jest	2026-10-05T17:17:40.0801199Z       AUDIT_CM8_MIRROR_FAILURE {"afterFailure":{"stripe":122,"transfer":122,"slice":0,"postings":[],"refunds":[false]},"afterRetry":{"stripe":122,"transfer":122,"slice":0,"postings":[122],"refunds":[true]},"sends":1}
targeted	Targeted jest	2026-10-05T17:17:40.0802258Z 
targeted	Targeted jest	2026-10-05T17:17:40.0802750Z       at Object.<anonymous> (test/audit-sol-cm8-120-money-boundaries.spec.ts:55:13)
targeted	Targeted jest	2026-10-05T17:17:40.0803259Z 
targeted	Targeted jest	2026-10-05T17:17:40.0803361Z     console.log
targeted	Targeted jest	2026-10-05T17:17:40.0804178Z       AUDIT_CM8_MIRROR_ORDER {"beforeRelease":{"stripe":150,"transfer":150,"slice":150,"postings":[],"refunds":[]},"afterRelease":{"stripe":150,"transfer":150,"slice":100,"postings":[],"refunds":[]}}
targeted	Targeted jest	2026-10-05T17:17:40.0804805Z 
targeted	Targeted jest	2026-10-05T17:17:40.0805097Z       at Object.<anonymous> (test/audit-sol-cm8-120-money-boundaries.spec.ts:86:13)
targeted	Targeted jest	2026-10-05T17:17:40.0806063Z 
targeted	Targeted jest	2026-10-05T17:17:40.0806210Z     console.log
targeted	Targeted jest	2026-10-05T17:17:40.0807938Z       AUDIT_CM8_REFUND_FAIRNESS {"first":{"retried":20,"reversed":0,"needs_review":0,"in_review":0},"second":{"retried":20,"reversed":0,"needs_review":0,"in_review":0},"reached":["tr_fair-000"],"recoverableStripe":0,"recoverableLocal":0,"firstLastAttempt":"2026-10-05T16:17:40.004Z"}
targeted	Targeted jest	2026-10-05T17:17:40.0809449Z 
targeted	Targeted jest	2026-10-05T17:17:40.0809923Z       at Object.<anonymous> (test/audit-sol-cm8-120-money-boundaries.spec.ts:124:13)
targeted	Targeted jest	2026-10-05T17:17:40.0810450Z 
targeted	Targeted jest	2026-10-05T17:17:40.0811894Z   ● Sol CM8 — operation/ledger recovery and durable refund fairness › a head-slice write failure must not become terminal with stale money after redelivery
targeted	Targeted jest	2026-10-05T17:17:40.0812859Z 
targeted	Targeted jest	2026-10-05T17:17:40.0813166Z     expect(received).toEqual(expected) // deep equality
targeted	Targeted jest	2026-10-05T17:17:40.0813574Z 
targeted	Targeted jest	2026-10-05T17:17:40.0813736Z     - Expected  - 1
targeted	Targeted jest	2026-10-05T17:17:40.0814113Z     + Received  + 1
targeted	Targeted jest	2026-10-05T17:17:40.0814329Z 
targeted	Targeted jest	2026-10-05T17:17:40.0814476Z     @@ -3,9 +3,9 @@
targeted	Targeted jest	2026-10-05T17:17:40.0814810Z           122,
targeted	Targeted jest	2026-10-05T17:17:40.0815128Z         ],
targeted	Targeted jest	2026-10-05T17:17:40.0815470Z         "refunds": Array [
targeted	Targeted jest	2026-10-05T17:17:40.0815850Z           true,
targeted	Targeted jest	2026-10-05T17:17:40.0816164Z         ],
targeted	Targeted jest	2026-10-05T17:17:40.0816482Z     -   "slice": 122,
targeted	Targeted jest	2026-10-05T17:17:40.0816835Z     +   "slice": 0,
targeted	Targeted jest	2026-10-05T17:17:40.0817165Z         "stripe": 122,
targeted	Targeted jest	2026-10-05T17:17:40.0817530Z         "transfer": 122,
targeted	Targeted jest	2026-10-05T17:17:40.0817898Z       }
targeted	Targeted jest	2026-10-05T17:17:40.0818072Z 
targeted	Targeted jest	2026-10-05T17:17:40.0820005Z     ^[[0m ^[[90m 55 |^[[39m     console^[[33m.^[[39mlog(^[[32m'AUDIT_CM8_MIRROR_FAILURE'^[[39m^[[33m,^[[39m ^[[33mJSON^[[39m^[[33m.^[[39mstringify({ afterFailure^[[33m,^[[39m afterRetry^[[33m,^[[39m sends^[[33m:^[[39m h^[[33m.^[[39mreverseTransfer^[[33m.^[[39mmock^[[33m.^[[39mcalls^[[33m.^[[39mlength }))^[[33m;^[[39m
targeted	Targeted jest	2026-10-05T17:17:40.0822682Z      ^[[90m 56 |^[[39m     expect(afterFailure^[[33m.^[[39mrefunds)^[[33m.^[[39mtoEqual([^[[36mfalse^[[39m])^[[33m;^[[39m
targeted	Targeted jest	2026-10-05T17:17:40.0825334Z     ^[[31m^[[1m>^[[22m^[[39m^[[90m 57 |^[[39m     expect(afterRetry)^[[33m.^[[39mtoEqual({ stripe^[[33m:^[[39m ^[[35m122^[[39m^[[33m,^[[39m transfer^[[33m:^[[39m ^[[35m122^[[39m^[[33m,^[[39m slice^[[33m:^[[39m ^[[35m122^[[39m^[[33m,^[[39m postings^[[33m:^[[39m [^[[35m122^[[39m]^[[33m,^[[39m refunds^[[33m:^[[39m [^[[36mtrue^[[39m] })^[[33m;^[[39m
targeted	Targeted jest	2026-10-05T17:17:40.0827130Z      ^[[90m    |^[[39m                        ^[[31m^[[1m^^[[22m^[[39m
targeted	Targeted jest	2026-10-05T17:17:40.0828263Z      ^[[90m 58 |^[[39m     expect(h^[[33m.^[[39mreverseTransfer)^[[33m.^[[39mtoHaveBeenCalledTimes(^[[35m1^[[39m)^[[33m;^[[39m
targeted	Targeted jest	2026-10-05T17:17:40.0829180Z      ^[[90m 59 |^[[39m   })^[[33m;^[[39m
targeted	Targeted jest	2026-10-05T17:17:40.0829656Z      ^[[90m 60 |^[[39m^[[0m
targeted	Targeted jest	2026-10-05T17:17:40.0829887Z 
targeted	Targeted jest	2026-10-05T17:17:40.0830346Z       at Object.<anonymous> (test/audit-sol-cm8-120-money-boundaries.spec.ts:57:24)
targeted	Targeted jest	2026-10-05T17:17:40.0831094Z 
targeted	Targeted jest	2026-10-05T17:17:40.0832196Z   ● Sol CM8 — operation/ledger recovery and durable refund fairness › a completed older operation may not overwrite the newer ledger mirror after its await
targeted	Targeted jest	2026-10-05T17:17:40.0833099Z 
targeted	Targeted jest	2026-10-05T17:17:40.0833345Z     expect(received).toMatchObject(expected)
targeted	Targeted jest	2026-10-05T17:17:40.0833677Z 
targeted	Targeted jest	2026-10-05T17:17:40.0833836Z     - Expected  - 1
targeted	Targeted jest	2026-10-05T17:17:40.0834189Z     + Received  + 1
targeted	Targeted jest	2026-10-05T17:17:40.0834389Z 
targeted	Targeted jest	2026-10-05T17:17:40.0834534Z       Object {
targeted	Targeted jest	2026-10-05T17:17:40.0834862Z     -   "slice": 150,
targeted	Targeted jest	2026-10-05T17:17:40.0835213Z     +   "slice": 100,
targeted	Targeted jest	2026-10-05T17:17:40.0835551Z         "stripe": 150,
targeted	Targeted jest	2026-10-05T17:17:40.0835927Z         "transfer": 150,
targeted	Targeted jest	2026-10-05T17:17:40.0836289Z       }
targeted	Targeted jest	2026-10-05T17:17:40.0836465Z 
targeted	Targeted jest	2026-10-05T17:17:40.0837679Z     ^[[0m ^[[90m 86 |^[[39m     console^[[33m.^[[39mlog(^[[32m'AUDIT_CM8_MIRROR_ORDER'^[[39m^[[33m,^[[39m ^[[33mJSON^[[39m^[[33m.^[[39mstringify({ beforeRelease^[[33m,^[[39m afterRelease }))^[[33m;^[[39m
targeted	Targeted jest	2026-10-05T17:17:40.0839281Z      ^[[90m 87 |^[[39m     expect(beforeRelease^[[33m.^[[39mslice)^[[33m.^[[39mtoBe(^[[35m150^[[39m)^[[33m;^[[39m
targeted	Targeted jest	2026-10-05T17:17:40.0841445Z     ^[[31m^[[1m>^[[22m^[[39m^[[90m 88 |^[[39m     expect(afterRelease)^[[33m.^[[39mtoMatchObject({ stripe^[[33m:^[[39m ^[[35m150^[[39m^[[33m,^[[39m transfer^[[33m:^[[39m ^[[35m150^[[39m^[[33m,^[[39m slice^[[33m:^[[39m ^[[35m150^[[39m })^[[33m;^[[39m
targeted	Targeted jest	2026-10-05T17:17:40.0843150Z      ^[[90m    |^[[39m                          ^[[31m^[[1m^^[[22m^[[39m
targeted	Targeted jest	2026-10-05T17:17:40.0843760Z      ^[[90m 89 |^[[39m   })^[[33m;^[[39m
targeted	Targeted jest	2026-10-05T17:17:40.0844215Z      ^[[90m 90 |^[[39m
targeted	Targeted jest	2026-10-05T17:17:40.0845573Z      ^[[90m 91 |^[[39m   it(^[[32m'bounded restarted sweeps must advance past existing pending refund operations'^[[39m^[[33m,^[[39m ^[[36masync^[[39m () ^[[33m=>^[[39m {^[[0m
targeted	Targeted jest	2026-10-05T17:17:40.0846487Z 
targeted	Targeted jest	2026-10-05T17:17:40.0846970Z       at Object.<anonymous> (test/audit-sol-cm8-120-money-boundaries.spec.ts:88:26)
targeted	Targeted jest	2026-10-05T17:17:40.0847522Z 
targeted	Targeted jest	2026-10-05T17:17:40.0848604Z   ● Sol CM8 — operation/ledger recovery and durable refund fairness › bounded restarted sweeps must advance past existing pending refund operations
targeted	Targeted jest	2026-10-05T17:17:40.0849493Z 
targeted	Targeted jest	2026-10-05T17:17:40.0849802Z     expect(received).toBe(expected) // Object.is equality
targeted	Targeted jest	2026-10-05T17:17:40.0850206Z 
targeted	Targeted jest	2026-10-05T17:17:40.0850355Z     Expected: 122
targeted	Targeted jest	2026-10-05T17:17:40.0850900Z     Received: 0
targeted	Targeted jest	2026-10-05T17:17:40.0851093Z 
targeted	Targeted jest	2026-10-05T17:17:40.0851375Z     ^[[0m ^[[90m 123 |^[[39m     }^[[33m;^[[39m
targeted	Targeted jest	2026-10-05T17:17:40.0852631Z      ^[[90m 124 |^[[39m     console^[[33m.^[[39mlog(^[[32m'AUDIT_CM8_REFUND_FAIRNESS'^[[39m^[[33m,^[[39m ^[[33mJSON^[[39m^[[33m.^[[39mstringify(result))^[[33m;^[[39m
targeted	Targeted jest	2026-10-05T17:17:40.0854243Z     ^[[31m^[[1m>^[[22m^[[39m^[[90m 125 |^[[39m     expect(result^[[33m.^[[39mrecoverableStripe)^[[33m.^[[39mtoBe(^[[35m122^[[39m)^[[33m;^[[39m
targeted	Targeted jest	2026-10-05T17:17:40.0855743Z      ^[[90m     |^[[39m                                      ^[[31m^[[1m^^[[22m^[[39m
targeted	Targeted jest	2026-10-05T17:17:40.0856836Z      ^[[90m 126 |^[[39m     expect(result^[[33m.^[[39mrecoverableLocal)^[[33m.^[[39mtoBe(^[[35m122^[[39m)^[[33m;^[[39m
targeted	Targeted jest	2026-10-05T17:17:40.0858253Z      ^[[90m 127 |^[[39m     expect(h^[[33m.^[[39mrefund(^[[32m'r-020'^[[39m)^[[33m.^[[39mtransfer_reversed)^[[33m.^[[39mtoBe(^[[36mtrue^[[39m)^[[33m;^[[39m
targeted	Targeted jest	2026-10-05T17:17:40.0859239Z      ^[[90m 128 |^[[39m   })^[[33m;^[[39m^[[0m
targeted	Targeted jest	2026-10-05T17:17:40.0859547Z 
targeted	Targeted jest	2026-10-05T17:17:40.0860024Z       at Object.<anonymous> (test/audit-sol-cm8-120-money-boundaries.spec.ts:125:38)
targeted	Targeted jest	2026-10-05T17:17:40.0860740Z 
targeted	Targeted jest	2026-10-05T17:17:40.0862723Z ^[[33m[Nest] 3046  - ^[[39m10/05/2026, 5:17:39 PM ^[[33m   WARN^[[39m ^[[38;5;3m[RefundDisputeHandlerService] ^[[39m^[[33mhead-coach transfer reverse pending purchase=mirror-fail refund=f03f4c82-ffd9-430c-b904-2a9fb39a1792 code=error^[[39m
targeted	Targeted jest	2026-10-05T17:17:40.0865718Z ^[[33m[Nest] 3046  - ^[[39m10/05/2026, 5:17:40 PM ^[[33m   WARN^[[39m ^[[38;5;3m[RefundDisputeHandlerService] ^[[39m^[[33mhead-coach transfer reverse pending purchase=fair-000 refund=r-000 code=SFEE_REVERSAL_UNCERTAIN^[[39m
targeted	Targeted jest	2026-10-05T17:17:40.0868557Z ^[[33m[Nest] 3046  - ^[[39m10/05/2026, 5:17:40 PM ^[[33m   WARN^[[39m ^[[38;5;3m[RefundDisputeHandlerService] ^[[39m^[[33mhead-coach transfer reverse pending purchase=fair-000 refund=r-000 code=SFEE_REVERSAL_UNCERTAIN^[[39m
targeted	Targeted jest	2026-10-05T17:17:40.0871553Z ^[[33m[Nest] 3046  - ^[[39m10/05/2026, 5:17:40 PM ^[[33m   WARN^[[39m ^[[38;5;3m[RefundDisputeHandlerService] ^[[39m^[[33mhead-coach transfer reverse pending purchase=fair-000 refund=r-000 code=SFEE_REVERSAL_UNCERTAIN^[[39m
targeted	Targeted jest	2026-10-05T17:17:40.0874322Z ^[[33m[Nest] 3046  - ^[[39m10/05/2026, 5:17:40 PM ^[[33m   WARN^[[39m ^[[38;5;3m[RefundDisputeHandlerService] ^[[39m^[[33mhead-coach transfer reverse pending purchase=fair-000 refund=r-000 code=SFEE_REVERSAL_UNCERTAIN^[[39m
targeted	Targeted jest	2026-10-05T17:17:40.0876330Z ^[[33m[Nest] 3046  - ^[[39m10/05/2026, 5:17:40 PM ^[[33m   WARN^[[39m ^[[38;5;3m[RefundDisputeHandlerService] ^[[39m^[[33mhead-coach transfer reverse pending purchase=fair-000 refund=r-000 code=SFEE_REVERSAL_UNCERTAIN^[[39m
targeted	Targeted jest	2026-10-05T17:17:40.0877899Z ^[[33m[Nest] 3046  - ^[[39m10/05/2026, 5:17:40 PM ^[[33m   WARN^[[39m ^[[38;5;3m[RefundDisputeHandlerService] ^[[39m^[[33mhead-coach transfer reverse pending purchase=fair-000 refund=r-000 code=SFEE_REVERSAL_UNCERTAIN^[[39m
targeted	Targeted jest	2026-10-05T17:17:40.0879527Z ^[[33m[Nest] 3046  - ^[[39m10/05/2026, 5:17:40 PM ^[[33m   WARN^[[39m ^[[38;5;3m[RefundDisputeHandlerService] ^[[39m^[[33mhead-coach transfer reverse pending purchase=fair-000 refund=r-000 code=SFEE_REVERSAL_UNCERTAIN^[[39m
targeted	Targeted jest	2026-10-05T17:17:40.0881856Z ^[[33m[Nest] 3046  - ^[[39m10/05/2026, 5:17:40 PM ^[[33m   WARN^[[39m ^[[38;5;3m[RefundDisputeHandlerService] ^[[39m^[[33mhead-coach transfer reverse pending purchase=fair-000 refund=r-000 code=SFEE_REVERSAL_UNCERTAIN^[[39m
targeted	Targeted jest	2026-10-05T17:17:40.0883465Z ^[[33m[Nest] 3046  - ^[[39m10/05/2026, 5:17:40 PM ^[[33m   WARN^[[39m ^[[38;5;3m[RefundDisputeHandlerService] ^[[39m^[[33mhead-coach transfer reverse pending purchase=fair-000 refund=r-000 code=SFEE_REVERSAL_UNCERTAIN^[[39m
targeted	Targeted jest	2026-10-05T17:17:40.0885061Z ^[[33m[Nest] 3046  - ^[[39m10/05/2026, 5:17:40 PM ^[[33m   WARN^[[39m ^[[38;5;3m[RefundDisputeHandlerService] ^[[39m^[[33mhead-coach transfer reverse pending purchase=fair-000 refund=r-000 code=SFEE_REVERSAL_UNCERTAIN^[[39m
targeted	Targeted jest	2026-10-05T17:17:40.0886707Z ^[[33m[Nest] 3046  - ^[[39m10/05/2026, 5:17:40 PM ^[[33m   WARN^[[39m ^[[38;5;3m[RefundDisputeHandlerService] ^[[39m^[[33mhead-coach transfer reverse pending purchase=fair-000 refund=r-000 code=SFEE_REVERSAL_UNCERTAIN^[[39m
targeted	Targeted jest	2026-10-05T17:17:40.0888295Z ^[[33m[Nest] 3046  - ^[[39m10/05/2026, 5:17:40 PM ^[[33m   WARN^[[39m ^[[38;5;3m[RefundDisputeHandlerService] ^[[39m^[[33mhead-coach transfer reverse pending purchase=fair-000 refund=r-000 code=SFEE_REVERSAL_UNCERTAIN^[[39m
targeted	Targeted jest	2026-10-05T17:17:40.0889853Z ^[[33m[Nest] 3046  - ^[[39m10/05/2026, 5:17:40 PM ^[[33m   WARN^[[39m ^[[38;5;3m[RefundDisputeHandlerService] ^[[39m^[[33mhead-coach transfer reverse pending purchase=fair-000 refund=r-000 code=SFEE_REVERSAL_UNCERTAIN^[[39m
targeted	Targeted jest	2026-10-05T17:17:40.0891814Z ^[[33m[Nest] 3046  - ^[[39m10/05/2026, 5:17:40 PM ^[[33m   WARN^[[39m ^[[38;5;3m[RefundDisputeHandlerService] ^[[39m^[[33mhead-coach transfer reverse pending purchase=fair-000 refund=r-000 code=SFEE_REVERSAL_UNCERTAIN^[[39m
targeted	Targeted jest	2026-10-05T17:17:40.0893412Z ^[[33m[Nest] 3046  - ^[[39m10/05/2026, 5:17:40 PM ^[[33m   WARN^[[39m ^[[38;5;3m[RefundDisputeHandlerService] ^[[39m^[[33mhead-coach transfer reverse pending purchase=fair-000 refund=r-000 code=SFEE_REVERSAL_UNCERTAIN^[[39m
targeted	Targeted jest	2026-10-05T17:17:40.0894985Z ^[[33m[Nest] 3046  - ^[[39m10/05/2026, 5:17:40 PM ^[[33m   WARN^[[39m ^[[38;5;3m[RefundDisputeHandlerService] ^[[39m^[[33mhead-coach transfer reverse pending purchase=fair-000 refund=r-000 code=SFEE_REVERSAL_UNCERTAIN^[[39m
targeted	Targeted jest	2026-10-05T17:17:40.0896527Z ^[[33m[Nest] 3046  - ^[[39m10/05/2026, 5:17:40 PM ^[[33m   WARN^[[39m ^[[38;5;3m[RefundDisputeHandlerService] ^[[39m^[[33mhead-coach transfer reverse pending purchase=fair-000 refund=r-000 code=SFEE_REVERSAL_UNCERTAIN^[[39m
targeted	Targeted jest	2026-10-05T17:17:40.0898072Z ^[[33m[Nest] 3046  - ^[[39m10/05/2026, 5:17:40 PM ^[[33m   WARN^[[39m ^[[38;5;3m[RefundDisputeHandlerService] ^[[39m^[[33mhead-coach transfer reverse pending purchase=fair-000 refund=r-000 code=SFEE_REVERSAL_UNCERTAIN^[[39m
targeted	Targeted jest	2026-10-05T17:17:40.0899621Z ^[[33m[Nest] 3046  - ^[[39m10/05/2026, 5:17:40 PM ^[[33m   WARN^[[39m ^[[38;5;3m[RefundDisputeHandlerService] ^[[39m^[[33mhead-coach transfer reverse pending purchase=fair-000 refund=r-000 code=SFEE_REVERSAL_UNCERTAIN^[[39m
targeted	Targeted jest	2026-10-05T17:17:40.0901379Z ^[[33m[Nest] 3046  - ^[[39m10/05/2026, 5:17:40 PM ^[[33m   WARN^[[39m ^[[38;5;3m[RefundDisputeHandlerService] ^[[39m^[[33mhead-coach transfer reverse pending purchase=fair-000 refund=r-000 code=SFEE_REVERSAL_UNCERTAIN^[[39m
targeted	Targeted jest	2026-10-05T17:17:40.0903625Z ^[[33m[Nest] 3046  - ^[[39m10/05/2026, 5:17:40 PM ^[[33m   WARN^[[39m ^[[38;5;3m[RefundDisputeHandlerService] ^[[39m^[[33mhead-coach transfer reverse pending purchase=fair-000 refund=r-000 code=SFEE_REVERSAL_UNCERTAIN^[[39m
targeted	Targeted jest	2026-10-05T17:17:40.0906346Z ^[[33m[Nest] 3046  - ^[[39m10/05/2026, 5:17:40 PM ^[[33m   WARN^[[39m ^[[38;5;3m[RefundDisputeHandlerService] ^[[39m^[[33mhead-coach transfer reverse pending purchase=fair-000 refund=r-000 code=SFEE_REVERSAL_UNCERTAIN^[[39m
targeted	Targeted jest	2026-10-05T17:17:40.0909230Z ^[[33m[Nest] 3046  - ^[[39m10/05/2026, 5:17:40 PM ^[[33m   WARN^[[39m ^[[38;5;3m[RefundDisputeHandlerService] ^[[39m^[[33mhead-coach transfer reverse pending purchase=fair-000 refund=r-000 code=SFEE_REVERSAL_UNCERTAIN^[[39m
targeted	Targeted jest	2026-10-05T17:17:40.0912571Z ^[[33m[Nest] 3046  - ^[[39m10/05/2026, 5:17:40 PM ^[[33m   WARN^[[39m ^[[38;5;3m[RefundDisputeHandlerService] ^[[39m^[[33mhead-coach transfer reverse pending purchase=fair-000 refund=r-000 code=SFEE_REVERSAL_UNCERTAIN^[[39m
targeted	Targeted jest	2026-10-05T17:17:40.0915377Z ^[[33m[Nest] 3046  - ^[[39m10/05/2026, 5:17:40 PM ^[[33m   WARN^[[39m ^[[38;5;3m[RefundDisputeHandlerService] ^[[39m^[[33mhead-coach transfer reverse pending purchase=fair-000 refund=r-000 code=SFEE_REVERSAL_UNCERTAIN^[[39m
targeted	Targeted jest	2026-10-05T17:17:40.0918194Z ^[[33m[Nest] 3046  - ^[[39m10/05/2026, 5:17:40 PM ^[[33m   WARN^[[39m ^[[38;5;3m[RefundDisputeHandlerService] ^[[39m^[[33mhead-coach transfer reverse pending purchase=fair-000 refund=r-000 code=SFEE_REVERSAL_UNCERTAIN^[[39m
targeted	Targeted jest	2026-10-05T17:17:40.0921180Z ^[[33m[Nest] 3046  - ^[[39m10/05/2026, 5:17:40 PM ^[[33m   WARN^[[39m ^[[38;5;3m[RefundDisputeHandlerService] ^[[39m^[[33mhead-coach transfer reverse pending purchase=fair-000 refund=r-000 code=SFEE_REVERSAL_UNCERTAIN^[[39m
targeted	Targeted jest	2026-10-05T17:17:40.0924009Z ^[[33m[Nest] 3046  - ^[[39m10/05/2026, 5:17:40 PM ^[[33m   WARN^[[39m ^[[38;5;3m[RefundDisputeHandlerService] ^[[39m^[[33mhead-coach transfer reverse pending purchase=fair-000 refund=r-000 code=SFEE_REVERSAL_UNCERTAIN^[[39m
targeted	Targeted jest	2026-10-05T17:17:40.0926851Z ^[[33m[Nest] 3046  - ^[[39m10/05/2026, 5:17:40 PM ^[[33m   WARN^[[39m ^[[38;5;3m[RefundDisputeHandlerService] ^[[39m^[[33mhead-coach transfer reverse pending purchase=fair-000 refund=r-000 code=SFEE_REVERSAL_UNCERTAIN^[[39m
targeted	Targeted jest	2026-10-05T17:17:40.0929658Z ^[[33m[Nest] 3046  - ^[[39m10/05/2026, 5:17:40 PM ^[[33m   WARN^[[39m ^[[38;5;3m[RefundDisputeHandlerService] ^[[39m^[[33mhead-coach transfer reverse pending purchase=fair-000 refund=r-000 code=SFEE_REVERSAL_UNCERTAIN^[[39m
targeted	Targeted jest	2026-10-05T17:17:40.0932939Z ^[[33m[Nest] 3046  - ^[[39m10/05/2026, 5:17:40 PM ^[[33m   WARN^[[39m ^[[38;5;3m[RefundDisputeHandlerService] ^[[39m^[[33mhead-coach transfer reverse pending purchase=fair-000 refund=r-000 code=SFEE_REVERSAL_UNCERTAIN^[[39m
targeted	Targeted jest	2026-10-05T17:17:40.0935783Z ^[[33m[Nest] 3046  - ^[[39m10/05/2026, 5:17:40 PM ^[[33m   WARN^[[39m ^[[38;5;3m[RefundDisputeHandlerService] ^[[39m^[[33mhead-coach transfer reverse pending purchase=fair-000 refund=r-000 code=SFEE_REVERSAL_UNCERTAIN^[[39m
targeted	Targeted jest	2026-10-05T17:17:40.0938592Z ^[[33m[Nest] 3046  - ^[[39m10/05/2026, 5:17:40 PM ^[[33m   WARN^[[39m ^[[38;5;3m[RefundDisputeHandlerService] ^[[39m^[[33mhead-coach transfer reverse pending purchase=fair-000 refund=r-000 code=SFEE_REVERSAL_UNCERTAIN^[[39m
targeted	Targeted jest	2026-10-05T17:17:40.0941508Z ^[[33m[Nest] 3046  - ^[[39m10/05/2026, 5:17:40 PM ^[[33m   WARN^[[39m ^[[38;5;3m[RefundDisputeHandlerService] ^[[39m^[[33mhead-coach transfer reverse pending purchase=fair-000 refund=r-000 code=SFEE_REVERSAL_UNCERTAIN^[[39m
targeted	Targeted jest	2026-10-05T17:17:40.0944308Z ^[[33m[Nest] 3046  - ^[[39m10/05/2026, 5:17:40 PM ^[[33m   WARN^[[39m ^[[38;5;3m[RefundDisputeHandlerService] ^[[39m^[[33mhead-coach transfer reverse pending purchase=fair-000 refund=r-000 code=SFEE_REVERSAL_UNCERTAIN^[[39m
targeted	Targeted jest	2026-10-05T17:17:40.0947102Z ^[[33m[Nest] 3046  - ^[[39m10/05/2026, 5:17:40 PM ^[[33m   WARN^[[39m ^[[38;5;3m[RefundDisputeHandlerService] ^[[39m^[[33mhead-coach transfer reverse pending purchase=fair-000 refund=r-000 code=SFEE_REVERSAL_UNCERTAIN^[[39m
targeted	Targeted jest	2026-10-05T17:17:40.0949959Z ^[[33m[Nest] 3046  - ^[[39m10/05/2026, 5:17:40 PM ^[[33m   WARN^[[39m ^[[38;5;3m[RefundDisputeHandlerService] ^[[39m^[[33mhead-coach transfer reverse pending purchase=fair-000 refund=r-000 code=SFEE_REVERSAL_UNCERTAIN^[[39m
targeted	Targeted jest	2026-10-05T17:17:40.0952845Z ^[[33m[Nest] 3046  - ^[[39m10/05/2026, 5:17:40 PM ^[[33m   WARN^[[39m ^[[38;5;3m[RefundDisputeHandlerService] ^[[39m^[[33mhead-coach transfer reverse pending purchase=fair-000 refund=r-000 code=SFEE_REVERSAL_UNCERTAIN^[[39m
targeted	Targeted jest	2026-10-05T17:17:40.0955645Z ^[[33m[Nest] 3046  - ^[[39m10/05/2026, 5:17:40 PM ^[[33m   WARN^[[39m ^[[38;5;3m[RefundDisputeHandlerService] ^[[39m^[[33mhead-coach transfer reverse pending purchase=fair-000 refund=r-000 code=SFEE_REVERSAL_UNCERTAIN^[[39m
targeted	Targeted jest	2026-10-05T17:17:40.0958475Z ^[[33m[Nest] 3046  - ^[[39m10/05/2026, 5:17:40 PM ^[[33m   WARN^[[39m ^[[38;5;3m[RefundDisputeHandlerService] ^[[39m^[[33mhead-coach transfer reverse pending purchase=fair-000 refund=r-000 code=SFEE_REVERSAL_UNCERTAIN^[[39m
targeted	Targeted jest	2026-10-05T17:17:40.5302103Z PASS test/transfer-reversal-found-slot.spec.ts (198 MB heap size)
targeted	Targeted jest	2026-10-05T17:17:41.0003171Z ^[[31m[Nest] 3046  - ^[[39m03/21/2027, 12:00:10 PM ^[[31m  ERROR^[[39m ^[[38;5;3m[TransferOrchestratorService] ^[[39m^[[31mSFEE_REVERSAL_UNCERTAIN alert=true transfer=tr-p-a-000 op=tgp-tr-rev-refund-a-000 amount=122: kind=stripe http=503 type=api_connection_error code=request_timeout^[[39m
targeted	Targeted jest	2026-10-05T17:17:41.0288915Z ^[[31m[Nest] 3046  - ^[[39m03/21/2027, 12:00:20 PM ^[[31m  ERROR^[[39m ^[[38;5;3m[TransferOrchestratorService] ^[[39m^[[31mSFEE_REVERSAL_UNCERTAIN alert=true transfer=tr-p-a-001 op=tgp-tr-rev-refund-a-001 amount=122: kind=stripe http=503 type=api_connection_error code=request_timeout^[[39m
targeted	Targeted jest	2026-10-05T17:17:41.0532428Z ^[[31m[Nest] 3046  - ^[[39m03/21/2027, 12:00:30 PM ^[[31m  ERROR^[[39m ^[[38;5;3m[TransferOrchestratorService] ^[[39m^[[31mSFEE_REVERSAL_UNCERTAIN alert=true transfer=tr-p-a-002 op=tgp-tr-rev-refund-a-002 amount=122: kind=stripe http=503 type=api_connection_error code=request_timeout^[[39m
targeted	Targeted jest	2026-10-05T17:17:41.0773101Z ^[[31m[Nest] 3046  - ^[[39m03/21/2027, 12:00:40 PM ^[[31m  ERROR^[[39m ^[[38;5;3m[TransferOrchestratorService] ^[[39m^[[31mSFEE_REVERSAL_UNCERTAIN alert=true transfer=tr-p-a-003 op=tgp-tr-rev-refund-a-003 amount=122: kind=stripe http=503 type=api_connection_error code=request_timeout^[[39m
targeted	Targeted jest	2026-10-05T17:17:41.1033681Z ^[[31m[Nest] 3046  - ^[[39m03/21/2027, 12:00:50 PM ^[[31m  ERROR^[[39m ^[[38;5;3m[TransferOrchestratorService] ^[[39m^[[31mSFEE_REVERSAL_UNCERTAIN alert=true transfer=tr-p-a-004 op=tgp-tr-rev-refund-a-004 amount=122: kind=stripe http=503 type=api_connection_error code=request_timeout^[[39m
targeted	Targeted jest	2026-10-05T17:17:41.1275566Z ^[[31m[Nest] 3046  - ^[[39m03/21/2027, 12:01:00 PM ^[[31m  ERROR^[[39m ^[[38;5;3m[TransferOrchestratorService] ^[[39m^[[31mSFEE_REVERSAL_UNCERTAIN alert=true transfer=tr-p-a-005 op=tgp-tr-rev-refund-a-005 amount=122: kind=stripe http=503 type=api_connection_error code=request_timeout^[[39m
targeted	Targeted jest	2026-10-05T17:17:41.1518408Z ^[[31m[Nest] 3046  - ^[[39m03/21/2027, 12:01:10 PM ^[[31m  ERROR^[[39m ^[[38;5;3m[TransferOrchestratorService] ^[[39m^[[31mSFEE_REVERSAL_UNCERTAIN alert=true transfer=tr-p-a-006 op=tgp-tr-rev-refund-a-006 amount=122: kind=stripe http=503 type=api_connection_error code=request_timeout^[[39m
targeted	Targeted jest	2026-10-05T17:17:41.1533017Z ^[[31m[Nest] 3046  - ^[[39m03/21/2027, 12:01:10 PM ^[[31m  ERROR^[[39m ^[[38;5;3m[RefundDisputeHandlerService] ^[[39m^[[31mhead-coach transfer reversal needs review refund=a-007 purchase=p-a-007 code=REFUND_TRANSFER_REVERSAL_REVIEW^[[39m
targeted	Targeted jest	2026-10-05T17:17:41.1551849Z ^[[31m[Nest] 3046  - ^[[39m03/21/2027, 12:01:10 PM ^[[31m  ERROR^[[39m ^[[38;5;3m[RefundDisputeHandlerService] ^[[39m^[[31mhead-coach transfer reversal needs review refund=a-008 purchase=p-a-008 code=REFUND_TRANSFER_REVERSAL_REVIEW^[[39m
targeted	Targeted jest	2026-10-05T17:17:41.1565515Z ^[[31m[Nest] 3046  - ^[[39m03/21/2027, 12:01:10 PM ^[[31m  ERROR^[[39m ^[[38;5;3m[RefundDisputeHandlerService] ^[[39m^[[31mhead-coach transfer reversal needs review refund=a-009 purchase=p-a-009 code=REFUND_TRANSFER_REVERSAL_REVIEW^[[39m
targeted	Targeted jest	2026-10-05T17:17:41.1581377Z ^[[31m[Nest] 3046  - ^[[39m03/21/2027, 12:01:10 PM ^[[31m  ERROR^[[39m ^[[38;5;3m[RefundDisputeHandlerService] ^[[39m^[[31mhead-coach transfer reversal needs review refund=a-010 purchase=p-a-010 code=REFUND_TRANSFER_REVERSAL_REVIEW^[[39m
targeted	Targeted jest	2026-10-05T17:17:41.1596060Z ^[[31m[Nest] 3046  - ^[[39m03/21/2027, 12:01:10 PM ^[[31m  ERROR^[[39m ^[[38;5;3m[RefundDisputeHandlerService] ^[[39m^[[31mhead-coach transfer reversal needs review refund=a-011 purchase=p-a-011 code=REFUND_TRANSFER_REVERSAL_REVIEW^[[39m
targeted	Targeted jest	2026-10-05T17:17:41.1608712Z ^[[31m[Nest] 3046  - ^[[39m03/21/2027, 12:01:10 PM ^[[31m  ERROR^[[39m ^[[38;5;3m[RefundDisputeHandlerService] ^[[39m^[[31mhead-coach transfer reversal needs review refund=a-012 purchase=p-a-012 code=REFUND_TRANSFER_REVERSAL_REVIEW^[[39m
targeted	Targeted jest	2026-10-05T17:17:41.1620928Z ^[[31m[Nest] 3046  - ^[[39m03/21/2027, 12:01:10 PM ^[[31m  ERROR^[[39m ^[[38;5;3m[RefundDisputeHandlerService] ^[[39m^[[31mhead-coach transfer reversal needs review refund=a-013 purchase=p-a-013 code=REFUND_TRANSFER_REVERSAL_REVIEW^[[39m
targeted	Targeted jest	2026-10-05T17:17:41.1642180Z ^[[31m[Nest] 3046  - ^[[39m03/21/2027, 12:01:10 PM ^[[31m  ERROR^[[39m ^[[38;5;3m[RefundDisputeHandlerService] ^[[39m^[[31mhead-coach transfer reversal needs review refund=a-014 purchase=p-a-014 code=REFUND_TRANSFER_REVERSAL_REVIEW^[[39m
targeted	Targeted jest	2026-10-05T17:17:41.1663559Z ^[[31m[Nest] 3046  - ^[[39m03/21/2027, 12:01:10 PM ^[[31m  ERROR^[[39m ^[[38;5;3m[RefundDisputeHandlerService] ^[[39m^[[31mhead-coach transfer reversal needs review refund=a-015 purchase=p-a-015 code=REFUND_TRANSFER_REVERSAL_REVIEW^[[39m
targeted	Targeted jest	2026-10-05T17:17:41.1694092Z ^[[31m[Nest] 3046  - ^[[39m03/21/2027, 12:01:10 PM ^[[31m  ERROR^[[39m ^[[38;5;3m[RefundDisputeHandlerService] ^[[39m^[[31mhead-coach transfer reversal needs review refund=a-016 purchase=p-a-016 code=REFUND_TRANSFER_REVERSAL_REVIEW^[[39m
targeted	Targeted jest	2026-10-05T17:17:41.1706773Z ^[[31m[Nest] 3046  - ^[[39m03/21/2027, 12:01:10 PM ^[[31m  ERROR^[[39m ^[[38;5;3m[RefundDisputeHandlerService] ^[[39m^[[31mhead-coach transfer reversal needs review refund=a-017 purchase=p-a-017 code=REFUND_TRANSFER_REVERSAL_REVIEW^[[39m
targeted	Targeted jest	2026-10-05T17:17:41.1718583Z ^[[31m[Nest] 3046  - ^[[39m03/21/2027, 12:01:10 PM ^[[31m  ERROR^[[39m ^[[38;5;3m[RefundDisputeHandlerService] ^[[39m^[[31mhead-coach transfer reversal needs review refund=a-018 purchase=p-a-018 code=REFUND_TRANSFER_REVERSAL_REVIEW^[[39m
targeted	Targeted jest	2026-10-05T17:17:41.1730662Z ^[[31m[Nest] 3046  - ^[[39m03/21/2027, 12:01:10 PM ^[[31m  ERROR^[[39m ^[[38;5;3m[RefundDisputeHandlerService] ^[[39m^[[31mhead-coach transfer reversal needs review refund=a-019 purchase=p-a-019 code=REFUND_TRANSFER_REVERSAL_REVIEW^[[39m
targeted	Targeted jest	2026-10-05T17:17:41.1742509Z ^[[31m[Nest] 3046  - ^[[39m03/21/2027, 12:01:10 PM ^[[31m  ERROR^[[39m ^[[38;5;3m[RefundDisputeHandlerService] ^[[39m^[[31mhead-coach transfer reversal needs review refund=a-020 purchase=p-a-020 code=REFUND_TRANSFER_REVERSAL_REVIEW^[[39m
targeted	Targeted jest	2026-10-05T17:17:41.1754313Z ^[[31m[Nest] 3046  - ^[[39m03/21/2027, 12:01:10 PM ^[[31m  ERROR^[[39m ^[[38;5;3m[RefundDisputeHandlerService] ^[[39m^[[31mhead-coach transfer reversal needs review refund=a-021 purchase=p-a-021 code=REFUND_TRANSFER_REVERSAL_REVIEW^[[39m
targeted	Targeted jest	2026-10-05T17:17:41.1766179Z ^[[31m[Nest] 3046  - ^[[39m03/21/2027, 12:01:10 PM ^[[31m  ERROR^[[39m ^[[38;5;3m[RefundDisputeHandlerService] ^[[39m^[[31mhead-coach transfer reversal needs review refund=a-022 purchase=p-a-022 code=REFUND_TRANSFER_REVERSAL_REVIEW^[[39m
targeted	Targeted jest	2026-10-05T17:17:41.1778021Z ^[[31m[Nest] 3046  - ^[[39m03/21/2027, 12:01:10 PM ^[[31m  ERROR^[[39m ^[[38;5;3m[RefundDisputeHandlerService] ^[[39m^[[31mhead-coach transfer reversal needs review refund=a-023 purchase=p-a-023 code=REFUND_TRANSFER_REVERSAL_REVIEW^[[39m
targeted	Targeted jest	2026-10-05T17:17:41.1790605Z ^[[31m[Nest] 3046  - ^[[39m03/21/2027, 12:01:10 PM ^[[31m  ERROR^[[39m ^[[38;5;3m[RefundDisputeHandlerService] ^[[39m^[[31mhead-coach transfer reversal needs review refund=a-024 purchase=p-a-024 code=REFUND_TRANSFER_REVERSAL_REVIEW^[[39m
targeted	Targeted jest	2026-10-05T17:17:41.1802557Z ^[[31m[Nest] 3046  - ^[[39m03/21/2027, 12:01:10 PM ^[[31m  ERROR^[[39m ^[[38;5;3m[RefundDisputeHandlerService] ^[[39m^[[31mhead-coach transfer reversal needs review refund=a-025 purchase=p-a-025 code=REFUND_TRANSFER_REVERSAL_REVIEW^[[39m
targeted	Targeted jest	2026-10-05T17:17:41.1814356Z ^[[31m[Nest] 3046  - ^[[39m03/21/2027, 12:01:10 PM ^[[31m  ERROR^[[39m ^[[38;5;3m[RefundDisputeHandlerService] ^[[39m^[[31mhead-coach transfer reversal needs review refund=a-026 purchase=p-a-026 code=REFUND_TRANSFER_REVERSAL_REVIEW^[[39m
targeted	Targeted jest	2026-10-05T17:17:41.1832787Z ^[[31m[Nest] 3046  - ^[[39m03/21/2027, 12:01:10 PM ^[[31m  ERROR^[[39m ^[[38;5;3m[RefundDisputeHandlerService] ^[[39m^[[31mhead-coach transfer reversal needs review refund=a-027 purchase=p-a-027 code=REFUND_TRANSFER_REVERSAL_REVIEW^[[39m
targeted	Targeted jest	2026-10-05T17:17:41.1853637Z ^[[31m[Nest] 3046  - ^[[39m03/21/2027, 12:01:10 PM ^[[31m  ERROR^[[39m ^[[38;5;3m[RefundDisputeHandlerService] ^[[39m^[[31mhead-coach transfer reversal needs review refund=a-028 purchase=p-a-028 code=REFUND_TRANSFER_REVERSAL_REVIEW^[[39m
targeted	Targeted jest	2026-10-05T17:17:41.1868401Z ^[[31m[Nest] 3046  - ^[[39m03/21/2027, 12:01:10 PM ^[[31m  ERROR^[[39m ^[[38;5;3m[RefundDisputeHandlerService] ^[[39m^[[31mhead-coach transfer reversal needs review refund=a-029 purchase=p-a-029 code=REFUND_TRANSFER_REVERSAL_REVIEW^[[39m
targeted	Targeted jest	2026-10-05T17:17:41.1880654Z ^[[31m[Nest] 3046  - ^[[39m03/21/2027, 12:01:10 PM ^[[31m  ERROR^[[39m ^[[38;5;3m[RefundDisputeHandlerService] ^[[39m^[[31mhead-coach transfer reversal needs review refund=a-030 purchase=p-a-030 code=REFUND_TRANSFER_REVERSAL_REVIEW^[[39m
targeted	Targeted jest	2026-10-05T17:17:41.1893247Z ^[[31m[Nest] 3046  - ^[[39m03/21/2027, 12:01:10 PM ^[[31m  ERROR^[[39m ^[[38;5;3m[RefundDisputeHandlerService] ^[[39m^[[31mhead-coach transfer reversal needs review refund=a-031 purchase=p-a-031 code=REFUND_TRANSFER_REVERSAL_REVIEW^[[39m
targeted	Targeted jest	2026-10-05T17:17:41.1905232Z ^[[31m[Nest] 3046  - ^[[39m03/21/2027, 12:01:10 PM ^[[31m  ERROR^[[39m ^[[38;5;3m[RefundDisputeHandlerService] ^[[39m^[[31mhead-coach transfer reversal needs review refund=a-032 purchase=p-a-032 code=REFUND_TRANSFER_REVERSAL_REVIEW^[[39m
targeted	Targeted jest	2026-10-05T17:17:41.1917079Z ^[[31m[Nest] 3046  - ^[[39m03/21/2027, 12:01:10 PM ^[[31m  ERROR^[[39m ^[[38;5;3m[RefundDisputeHandlerService] ^[[39m^[[31mhead-coach transfer reversal needs review refund=a-033 purchase=p-a-033 code=REFUND_TRANSFER_REVERSAL_REVIEW^[[39m
targeted	Targeted jest	2026-10-05T17:17:41.1929062Z ^[[31m[Nest] 3046  - ^[[39m03/21/2027, 12:01:10 PM ^[[31m  ERROR^[[39m ^[[38;5;3m[RefundDisputeHandlerService] ^[[39m^[[31mhead-coach transfer reversal needs review refund=a-034 purchase=p-a-034 code=REFUND_TRANSFER_REVERSAL_REVIEW^[[39m
targeted	Targeted jest	2026-10-05T17:17:41.1941205Z ^[[31m[Nest] 3046  - ^[[39m03/21/2027, 12:01:10 PM ^[[31m  ERROR^[[39m ^[[38;5;3m[RefundDisputeHandlerService] ^[[39m^[[31mhead-coach transfer reversal needs review refund=a-035 purchase=p-a-035 code=REFUND_TRANSFER_REVERSAL_REVIEW^[[39m
targeted	Targeted jest	2026-10-05T17:17:41.1954494Z ^[[31m[Nest] 3046  - ^[[39m03/21/2027, 12:01:10 PM ^[[31m  ERROR^[[39m ^[[38;5;3m[RefundDisputeHandlerService] ^[[39m^[[31mhead-coach transfer reversal needs review refund=a-036 purchase=p-a-036 code=REFUND_TRANSFER_REVERSAL_REVIEW^[[39m
targeted	Targeted jest	2026-10-05T17:17:41.1966690Z ^[[31m[Nest] 3046  - ^[[39m03/21/2027, 12:01:10 PM ^[[31m  ERROR^[[39m ^[[38;5;3m[RefundDisputeHandlerService] ^[[39m^[[31mhead-coach transfer reversal needs review refund=a-037 purchase=p-a-037 code=REFUND_TRANSFER_REVERSAL_REVIEW^[[39m
targeted	Targeted jest	2026-10-05T17:17:41.1979024Z ^[[31m[Nest] 3046  - ^[[39m03/21/2027, 12:01:10 PM ^[[31m  ERROR^[[39m ^[[38;5;3m[RefundDisputeHandlerService] ^[[39m^[[31mhead-coach transfer reversal needs review refund=a-038 purchase=p-a-038 code=REFUND_TRANSFER_REVERSAL_REVIEW^[[39m
targeted	Targeted jest	2026-10-05T17:17:41.1991590Z ^[[31m[Nest] 3046  - ^[[39m03/21/2027, 12:01:10 PM ^[[31m  ERROR^[[39m ^[[38;5;3m[RefundDisputeHandlerService] ^[[39m^[[31mhead-coach transfer reversal needs review refund=a-039 purchase=p-a-039 code=REFUND_TRANSFER_REVERSAL_REVIEW^[[39m
targeted	Targeted jest	2026-10-05T17:17:41.2004034Z ^[[31m[Nest] 3046  - ^[[39m03/21/2027, 12:01:10 PM ^[[31m  ERROR^[[39m ^[[38;5;3m[RefundDisputeHandlerService] ^[[39m^[[31mhead-coach transfer reversal needs review refund=a-040 purchase=p-a-040 code=REFUND_TRANSFER_REVERSAL_REVIEW^[[39m
targeted	Targeted jest	2026-10-05T17:17:41.2016386Z ^[[31m[Nest] 3046  - ^[[39m03/21/2027, 12:01:10 PM ^[[31m  ERROR^[[39m ^[[38;5;3m[RefundDisputeHandlerService] ^[[39m^[[31mhead-coach transfer reversal needs review refund=a-041 purchase=p-a-041 code=REFUND_TRANSFER_REVERSAL_REVIEW^[[39m
targeted	Targeted jest	2026-10-05T17:17:41.2028008Z ^[[31m[Nest] 3046  - ^[[39m03/21/2027, 12:01:10 PM ^[[31m  ERROR^[[39m ^[[38;5;3m[RefundDisputeHandlerService] ^[[39m^[[31mhead-coach transfer reversal needs review refund=a-042 purchase=p-a-042 code=REFUND_TRANSFER_REVERSAL_REVIEW^[[39m
targeted	Targeted jest	2026-10-05T17:17:41.2039756Z ^[[31m[Nest] 3046  - ^[[39m03/21/2027, 12:01:10 PM ^[[31m  ERROR^[[39m ^[[38;5;3m[RefundDisputeHandlerService] ^[[39m^[[31mhead-coach transfer reversal needs review refund=a-043 purchase=p-a-043 code=REFUND_TRANSFER_REVERSAL_REVIEW^[[39m
targeted	Targeted jest	2026-10-05T17:17:41.2051644Z ^[[31m[Nest] 3046  - ^[[39m03/21/2027, 12:01:10 PM ^[[31m  ERROR^[[39m ^[[38;5;3m[RefundDisputeHandlerService] ^[[39m^[[31mhead-coach transfer reversal needs review refund=a-044 purchase=p-a-044 code=REFUND_TRANSFER_REVERSAL_REVIEW^[[39m
targeted	Targeted jest	2026-10-05T17:17:41.2073517Z ^[[31m[Nest] 3046  - ^[[39m03/21/2027, 12:01:10 PM ^[[31m  ERROR^[[39m ^[[38;5;3m[RefundDisputeHandlerService] ^[[39m^[[31mhead-coach transfer reversal needs review refund=a-045 purchase=p-a-045 code=REFUND_TRANSFER_REVERSAL_REVIEW^[[39m
targeted	Targeted jest	2026-10-05T17:17:41.2085463Z ^[[31m[Nest] 3046  - ^[[39m03/21/2027, 12:01:10 PM ^[[31m  ERROR^[[39m ^[[38;5;3m[RefundDisputeHandlerService] ^[[39m^[[31mhead-coach transfer reversal needs review refund=a-046 purchase=p-a-046 code=REFUND_TRANSFER_REVERSAL_REVIEW^[[39m
targeted	Targeted jest	2026-10-05T17:17:41.2097313Z ^[[31m[Nest] 3046  - ^[[39m03/21/2027, 12:01:10 PM ^[[31m  ERROR^[[39m ^[[38;5;3m[RefundDisputeHandlerService] ^[[39m^[[31mhead-coach transfer reversal needs review refund=a-047 purchase=p-a-047 code=REFUND_TRANSFER_REVERSAL_REVIEW^[[39m
targeted	Targeted jest	2026-10-05T17:17:41.2109159Z ^[[31m[Nest] 3046  - ^[[39m03/21/2027, 12:01:10 PM ^[[31m  ERROR^[[39m ^[[38;5;3m[RefundDisputeHandlerService] ^[[39m^[[31mhead-coach transfer reversal needs review refund=a-048 purchase=p-a-048 code=REFUND_TRANSFER_REVERSAL_REVIEW^[[39m
targeted	Targeted jest	2026-10-05T17:17:41.2124227Z ^[[31m[Nest] 3046  - ^[[39m03/21/2027, 12:01:10 PM ^[[31m  ERROR^[[39m ^[[38;5;3m[RefundDisputeHandlerService] ^[[39m^[[31mhead-coach transfer reversal needs review refund=a-049 purchase=p-a-049 code=REFUND_TRANSFER_REVERSAL_REVIEW^[[39m
targeted	Targeted jest	2026-10-05T17:17:41.2162337Z ^[[31m[Nest] 3046  - ^[[39m03/21/2027, 12:01:10 PM ^[[31m  ERROR^[[39m ^[[38;5;3m[RefundDisputeHandlerService] ^[[39m^[[31mhead-coach transfer reversal needs review refund=a-050 purchase=p-a-050 code=REFUND_TRANSFER_REVERSAL_REVIEW^[[39m
targeted	Targeted jest	2026-10-05T17:17:41.2177882Z ^[[31m[Nest] 3046  - ^[[39m03/21/2027, 12:01:10 PM ^[[31m  ERROR^[[39m ^[[38;5;3m[RefundDisputeHandlerService] ^[[39m^[[31mhead-coach transfer reversal needs review refund=a-051 purchase=p-a-051 code=REFUND_TRANSFER_REVERSAL_REVIEW^[[39m
targeted	Targeted jest	2026-10-05T17:17:41.2190043Z ^[[31m[Nest] 3046  - ^[[39m03/21/2027, 12:01:10 PM ^[[31m  ERROR^[[39m ^[[38;5;3m[RefundDisputeHandlerService] ^[[39m^[[31mhead-coach transfer reversal needs review refund=a-052 purchase=p-a-052 code=REFUND_TRANSFER_REVERSAL_REVIEW^[[39m
targeted	Targeted jest	2026-10-05T17:17:41.2211903Z ^[[31m[Nest] 3046  - ^[[39m03/21/2027, 12:01:10 PM ^[[31m  ERROR^[[39m ^[[38;5;3m[RefundDisputeHandlerService] ^[[39m^[[31mhead-coach transfer reversal needs review refund=a-053 purchase=p-a-053 code=REFUND_TRANSFER_REVERSAL_REVIEW^[[39m
targeted	Targeted jest	2026-10-05T17:17:41.2224221Z ^[[31m[Nest] 3046  - ^[[39m03/21/2027, 12:01:10 PM ^[[31m  ERROR^[[39m ^[[38;5;3m[RefundDisputeHandlerService] ^[[39m^[[31mhead-coach transfer reversal needs review refund=a-054 purchase=p-a-054 code=REFUND_TRANSFER_REVERSAL_REVIEW^[[39m
targeted	Targeted jest	2026-10-05T17:17:41.2236224Z ^[[31m[Nest] 3046  - ^[[39m03/21/2027, 12:01:10 PM ^[[31m  ERROR^[[39m ^[[38;5;3m[RefundDisputeHandlerService] ^[[39m^[[31mhead-coach transfer reversal needs review refund=a-055 purchase=p-a-055 code=REFUND_TRANSFER_REVERSAL_REVIEW^[[39m
targeted	Targeted jest	2026-10-05T17:17:41.2248234Z ^[[31m[Nest] 3046  - ^[[39m03/21/2027, 12:01:10 PM ^[[31m  ERROR^[[39m ^[[38;5;3m[RefundDisputeHandlerService] ^[[39m^[[31mhead-coach transfer reversal needs review refund=a-056 purchase=p-a-056 code=REFUND_TRANSFER_REVERSAL_REVIEW^[[39m
targeted	Targeted jest	2026-10-05T17:17:41.2260185Z ^[[31m[Nest] 3046  - ^[[39m03/21/2027, 12:01:10 PM ^[[31m  ERROR^[[39m ^[[38;5;3m[RefundDisputeHandlerService] ^[[39m^[[31mhead-coach transfer reversal needs review refund=a-057 purchase=p-a-057 code=REFUND_TRANSFER_REVERSAL_REVIEW^[[39m
targeted	Targeted jest	2026-10-05T17:17:41.2272377Z ^[[31m[Nest] 3046  - ^[[39m03/21/2027, 12:01:10 PM ^[[31m  ERROR^[[39m ^[[38;5;3m[RefundDisputeHandlerService] ^[[39m^[[31mhead-coach transfer reversal needs review refund=a-058 purchase=p-a-058 code=REFUND_TRANSFER_REVERSAL_REVIEW^[[39m
targeted	Targeted jest	2026-10-05T17:17:41.2284518Z ^[[31m[Nest] 3046  - ^[[39m03/21/2027, 12:01:10 PM ^[[31m  ERROR^[[39m ^[[38;5;3m[RefundDisputeHandlerService] ^[[39m^[[31mhead-coach transfer reversal needs review refund=a-059 purchase=p-a-059 code=REFUND_TRANSFER_REVERSAL_REVIEW^[[39m
targeted	Targeted jest	2026-10-05T17:17:41.2296438Z ^[[31m[Nest] 3046  - ^[[39m03/21/2027, 12:01:10 PM ^[[31m  ERROR^[[39m ^[[38;5;3m[RefundDisputeHandlerService] ^[[39m^[[31mhead-coach transfer reversal needs review refund=a-060 purchase=p-a-060 code=REFUND_TRANSFER_REVERSAL_REVIEW^[[39m
targeted	Targeted jest	2026-10-05T17:17:41.2308459Z ^[[31m[Nest] 3046  - ^[[39m03/21/2027, 12:01:10 PM ^[[31m  ERROR^[[39m ^[[38;5;3m[RefundDisputeHandlerService] ^[[39m^[[31mhead-coach transfer reversal needs review refund=a-061 purchase=p-a-061 code=REFUND_TRANSFER_REVERSAL_REVIEW^[[39m
targeted	Targeted jest	2026-10-05T17:17:41.2320867Z ^[[31m[Nest] 3046  - ^[[39m03/21/2027, 12:01:10 PM ^[[31m  ERROR^[[39m ^[[38;5;3m[RefundDisputeHandlerService] ^[[39m^[[31mhead-coach transfer reversal needs review refund=a-062 purchase=p-a-062 code=REFUND_TRANSFER_REVERSAL_REVIEW^[[39m
targeted	Targeted jest	2026-10-05T17:17:41.2332779Z ^[[31m[Nest] 3046  - ^[[39m03/21/2027, 12:01:10 PM ^[[31m  ERROR^[[39m ^[[38;5;3m[RefundDisputeHandlerService] ^[[39m^[[31mhead-coach transfer reversal needs review refund=a-063 purchase=p-a-063 code=REFUND_TRANSFER_REVERSAL_REVIEW^[[39m
targeted	Targeted jest	2026-10-05T17:17:41.2344931Z ^[[31m[Nest] 3046  - ^[[39m03/21/2027, 12:01:10 PM ^[[31m  ERROR^[[39m ^[[38;5;3m[RefundDisputeHandlerService] ^[[39m^[[31mhead-coach transfer reversal needs review refund=a-064 purchase=p-a-064 code=REFUND_TRANSFER_REVERSAL_REVIEW^[[39m
targeted	Targeted jest	2026-10-05T17:17:41.2357004Z ^[[31m[Nest] 3046  - ^[[39m03/21/2027, 12:01:10 PM ^[[31m  ERROR^[[39m ^[[38;5;3m[RefundDisputeHandlerService] ^[[39m^[[31mhead-coach transfer reversal needs review refund=a-065 purchase=p-a-065 code=REFUND_TRANSFER_REVERSAL_REVIEW^[[39m
targeted	Targeted jest	2026-10-05T17:17:41.2369130Z ^[[31m[Nest] 3046  - ^[[39m03/21/2027, 12:01:10 PM ^[[31m  ERROR^[[39m ^[[38;5;3m[RefundDisputeHandlerService] ^[[39m^[[31mhead-coach transfer reversal needs review refund=a-066 purchase=p-a-066 code=REFUND_TRANSFER_REVERSAL_REVIEW^[[39m
targeted	Targeted jest	2026-10-05T17:17:41.2381427Z ^[[31m[Nest] 3046  - ^[[39m03/21/2027, 12:01:10 PM ^[[31m  ERROR^[[39m ^[[38;5;3m[RefundDisputeHandlerService] ^[[39m^[[31mhead-coach transfer reversal needs review refund=a-067 purchase=p-a-067 code=REFUND_TRANSFER_REVERSAL_REVIEW^[[39m
targeted	Targeted jest	2026-10-05T17:17:41.2393705Z ^[[31m[Nest] 3046  - ^[[39m03/21/2027, 12:01:10 PM ^[[31m  ERROR^[[39m ^[[38;5;3m[RefundDisputeHandlerService] ^[[39m^[[31mhead-coach transfer reversal needs review refund=a-068 purchase=p-a-068 code=REFUND_TRANSFER_REVERSAL_REVIEW^[[39m
targeted	Targeted jest	2026-10-05T17:17:41.2405902Z ^[[31m[Nest] 3046  - ^[[39m03/21/2027, 12:01:10 PM ^[[31m  ERROR^[[39m ^[[38;5;3m[RefundDisputeHandlerService] ^[[39m^[[31mhead-coach transfer reversal needs review refund=a-069 purchase=p-a-069 code=REFUND_TRANSFER_REVERSAL_REVIEW^[[39m
targeted	Targeted jest	2026-10-05T17:17:41.2418006Z ^[[31m[Nest] 3046  - ^[[39m03/21/2027, 12:01:10 PM ^[[31m  ERROR^[[39m ^[[38;5;3m[RefundDisputeHandlerService] ^[[39m^[[31mhead-coach transfer reversal needs review refund=a-070 purchase=p-a-070 code=REFUND_TRANSFER_REVERSAL_REVIEW^[[39m
targeted	Targeted jest	2026-10-05T17:17:41.2430257Z ^[[31m[Nest] 3046  - ^[[39m03/21/2027, 12:01:10 PM ^[[31m  ERROR^[[39m ^[[38;5;3m[RefundDisputeHandlerService] ^[[39m^[[31mhead-coach transfer reversal needs review refund=a-071 purchase=p-a-071 code=REFUND_TRANSFER_REVERSAL_REVIEW^[[39m
targeted	Targeted jest	2026-10-05T17:17:41.2442695Z ^[[31m[Nest] 3046  - ^[[39m03/21/2027, 12:01:10 PM ^[[31m  ERROR^[[39m ^[[38;5;3m[RefundDisputeHandlerService] ^[[39m^[[31mhead-coach transfer reversal needs review refund=a-072 purchase=p-a-072 code=REFUND_TRANSFER_REVERSAL_REVIEW^[[39m
targeted	Targeted jest	2026-10-05T17:17:41.2473189Z ^[[31m[Nest] 3046  - ^[[39m03/21/2027, 12:01:10 PM ^[[31m  ERROR^[[39m ^[[38;5;3m[RefundDisputeHandlerService] ^[[39m^[[31mhead-coach transfer reversal needs review refund=a-073 purchase=p-a-073 code=REFUND_TRANSFER_REVERSAL_REVIEW^[[39m
targeted	Targeted jest	2026-10-05T17:17:41.2479223Z ^[[31m[Nest] 3046  - ^[[39m03/21/2027, 12:01:10 PM ^[[31m  ERROR^[[39m ^[[38;5;3m[RefundDisputeHandlerService] ^[[39m^[[31mhead-coach transfer reversal needs review refund=a-074 purchase=p-a-074 code=REFUND_TRANSFER_REVERSAL_REVIEW^[[39m
targeted	Targeted jest	2026-10-05T17:17:41.2493673Z ^[[31m[Nest] 3046  - ^[[39m03/21/2027, 12:01:10 PM ^[[31m  ERROR^[[39m ^[[38;5;3m[RefundDisputeHandlerService] ^[[39m^[[31mhead-coach transfer reversal needs review refund=a-075 purchase=p-a-075 code=REFUND_TRANSFER_REVERSAL_REVIEW^[[39m
targeted	Targeted jest	2026-10-05T17:17:41.2508021Z ^[[31m[Nest] 3046  - ^[[39m03/21/2027, 12:01:10 PM ^[[31m  ERROR^[[39m ^[[38;5;3m[RefundDisputeHandlerService] ^[[39m^[[31mhead-coach transfer reversal needs review refund=a-076 purchase=p-a-076 code=REFUND_TRANSFER_REVERSAL_REVIEW^[[39m
targeted	Targeted jest	2026-10-05T17:17:41.2522659Z ^[[31m[Nest] 3046  - ^[[39m03/21/2027, 12:01:10 PM ^[[31m  ERROR^[[39m ^[[38;5;3m[RefundDisputeHandlerService] ^[[39m^[[31mhead-coach transfer reversal needs review refund=a-077 purchase=p-a-077 code=REFUND_TRANSFER_REVERSAL_REVIEW^[[39m
targeted	Targeted jest	2026-10-05T17:17:41.2535201Z ^[[31m[Nest] 3046  - ^[[39m03/21/2027, 12:01:10 PM ^[[31m  ERROR^[[39m ^[[38;5;3m[RefundDisputeHandlerService] ^[[39m^[[31mhead-coach transfer reversal needs review refund=a-078 purchase=p-a-078 code=REFUND_TRANSFER_REVERSAL_REVIEW^[[39m
targeted	Targeted jest	2026-10-05T17:17:41.2547576Z ^[[31m[Nest] 3046  - ^[[39m03/21/2027, 12:01:10 PM ^[[31m  ERROR^[[39m ^[[38;5;3m[RefundDisputeHandlerService] ^[[39m^[[31mhead-coach transfer reversal needs review refund=a-079 purchase=p-a-079 code=REFUND_TRANSFER_REVERSAL_REVIEW^[[39m
targeted	Targeted jest	2026-10-05T17:17:41.2560464Z ^[[31m[Nest] 3046  - ^[[39m03/21/2027, 12:01:10 PM ^[[31m  ERROR^[[39m ^[[38;5;3m[RefundDisputeHandlerService] ^[[39m^[[31mhead-coach transfer reversal needs review refund=a-080 purchase=p-a-080 code=REFUND_TRANSFER_REVERSAL_REVIEW^[[39m
targeted	Targeted jest	2026-10-05T17:17:41.2573174Z ^[[31m[Nest] 3046  - ^[[39m03/21/2027, 12:01:10 PM ^[[31m  ERROR^[[39m ^[[38;5;3m[RefundDisputeHandlerService] ^[[39m^[[31mhead-coach transfer reversal needs review refund=a-081 purchase=p-a-081 code=REFUND_TRANSFER_REVERSAL_REVIEW^[[39m
targeted	Targeted jest	2026-10-05T17:17:41.2585612Z ^[[31m[Nest] 3046  - ^[[39m03/21/2027, 12:01:10 PM ^[[31m  ERROR^[[39m ^[[38;5;3m[RefundDisputeHandlerService] ^[[39m^[[31mhead-coach transfer reversal needs review refund=a-082 purchase=p-a-082 code=REFUND_TRANSFER_REVERSAL_REVIEW^[[39m
targeted	Targeted jest	2026-10-05T17:17:41.2598058Z ^[[31m[Nest] 3046  - ^[[39m03/21/2027, 12:01:10 PM ^[[31m  ERROR^[[39m ^[[38;5;3m[RefundDisputeHandlerService] ^[[39m^[[31mhead-coach transfer reversal needs review refund=a-083 purchase=p-a-083 code=REFUND_TRANSFER_REVERSAL_REVIEW^[[39m
targeted	Targeted jest	2026-10-05T17:17:41.2610883Z ^[[31m[Nest] 3046  - ^[[39m03/21/2027, 12:01:10 PM ^[[31m  ERROR^[[39m ^[[38;5;3m[RefundDisputeHandlerService] ^[[39m^[[31mhead-coach transfer reversal needs review refund=a-084 purchase=p-a-084 code=REFUND_TRANSFER_REVERSAL_REVIEW^[[39m
targeted	Targeted jest	2026-10-05T17:17:41.2623228Z ^[[31m[Nest] 3046  - ^[[39m03/21/2027, 12:01:10 PM ^[[31m  ERROR^[[39m ^[[38;5;3m[RefundDisputeHandlerService] ^[[39m^[[31mhead-coach transfer reversal needs review refund=a-085 purchase=p-a-085 code=REFUND_TRANSFER_REVERSAL_REVIEW^[[39m
targeted	Targeted jest	2026-10-05T17:17:41.2635715Z ^[[31m[Nest] 3046  - ^[[39m03/21/2027, 12:01:10 PM ^[[31m  ERROR^[[39m ^[[38;5;3m[RefundDisputeHandlerService] ^[[39m^[[31mhead-coach transfer reversal needs review refund=a-086 purchase=p-a-086 code=REFUND_TRANSFER_REVERSAL_REVIEW^[[39m
targeted	Targeted jest	2026-10-05T17:17:41.2648257Z ^[[31m[Nest] 3046  - ^[[39m03/21/2027, 12:01:10 PM ^[[31m  ERROR^[[39m ^[[38;5;3m[RefundDisputeHandlerService] ^[[39m^[[31mhead-coach transfer reversal needs review refund=a-087 purchase=p-a-087 code=REFUND_TRANSFER_REVERSAL_REVIEW^[[39m
targeted	Targeted jest	2026-10-05T17:17:41.2660963Z ^[[31m[Nest] 3046  - ^[[39m03/21/2027, 12:01:10 PM ^[[31m  ERROR^[[39m ^[[38;5;3m[RefundDisputeHandlerService] ^[[39m^[[31mhead-coach transfer reversal needs review refund=a-088 purchase=p-a-088 code=REFUND_TRANSFER_REVERSAL_REVIEW^[[39m
targeted	Targeted jest	2026-10-05T17:17:41.2673543Z ^[[31m[Nest] 3046  - ^[[39m03/21/2027, 12:01:10 PM ^[[31m  ERROR^[[39m ^[[38;5;3m[RefundDisputeHandlerService] ^[[39m^[[31mhead-coach transfer reversal needs review refund=a-089 purchase=p-a-089 code=REFUND_TRANSFER_REVERSAL_REVIEW^[[39m
targeted	Targeted jest	2026-10-05T17:17:41.2686118Z ^[[31m[Nest] 3046  - ^[[39m03/21/2027, 12:01:10 PM ^[[31m  ERROR^[[39m ^[[38;5;3m[RefundDisputeHandlerService] ^[[39m^[[31mhead-coach transfer reversal needs review refund=a-090 purchase=p-a-090 code=REFUND_TRANSFER_REVERSAL_REVIEW^[[39m
targeted	Targeted jest	2026-10-05T17:17:41.2698764Z ^[[31m[Nest] 3046  - ^[[39m03/21/2027, 12:01:10 PM ^[[31m  ERROR^[[39m ^[[38;5;3m[RefundDisputeHandlerService] ^[[39m^[[31mhead-coach transfer reversal needs review refund=a-091 purchase=p-a-091 code=REFUND_TRANSFER_REVERSAL_REVIEW^[[39m
targeted	Targeted jest	2026-10-05T17:17:41.2711456Z ^[[31m[Nest] 3046  - ^[[39m03/21/2027, 12:01:10 PM ^[[31m  ERROR^[[39m ^[[38;5;3m[RefundDisputeHandlerService] ^[[39m^[[31mhead-coach transfer reversal needs review refund=a-092 purchase=p-a-092 code=REFUND_TRANSFER_REVERSAL_REVIEW^[[39m
targeted	Targeted jest	2026-10-05T17:17:41.2724281Z ^[[31m[Nest] 3046  - ^[[39m03/21/2027, 12:01:10 PM ^[[31m  ERROR^[[39m ^[[38;5;3m[RefundDisputeHandlerService] ^[[39m^[[31mhead-coach transfer reversal needs review refund=a-093 purchase=p-a-093 code=REFUND_TRANSFER_REVERSAL_REVIEW^[[39m
targeted	Targeted jest	2026-10-05T17:17:41.2736845Z ^[[31m[Nest] 3046  - ^[[39m03/21/2027, 12:01:10 PM ^[[31m  ERROR^[[39m ^[[38;5;3m[RefundDisputeHandlerService] ^[[39m^[[31mhead-coach transfer reversal needs review refund=a-094 purchase=p-a-094 code=REFUND_TRANSFER_REVERSAL_REVIEW^[[39m
targeted	Targeted jest	2026-10-05T17:17:41.2749420Z ^[[31m[Nest] 3046  - ^[[39m03/21/2027, 12:01:10 PM ^[[31m  ERROR^[[39m ^[[38;5;3m[RefundDisputeHandlerService] ^[[39m^[[31mhead-coach transfer reversal needs review refund=a-095 purchase=p-a-095 code=REFUND_TRANSFER_REVERSAL_REVIEW^[[39m
targeted	Targeted jest	2026-10-05T17:17:41.2762279Z ^[[31m[Nest] 3046  - ^[[39m03/21/2027, 12:01:10 PM ^[[31m  ERROR^[[39m ^[[38;5;3m[RefundDisputeHandlerService] ^[[39m^[[31mhead-coach transfer reversal needs review refund=a-096 purchase=p-a-096 code=REFUND_TRANSFER_REVERSAL_REVIEW^[[39m
targeted	Targeted jest	2026-10-05T17:17:41.2775028Z ^[[31m[Nest] 3046  - ^[[39m03/21/2027, 12:01:10 PM ^[[31m  ERROR^[[39m ^[[38;5;3m[RefundDisputeHandlerService] ^[[39m^[[31mhead-coach transfer reversal needs review refund=a-097 purchase=p-a-097 code=REFUND_TRANSFER_REVERSAL_REVIEW^[[39m
targeted	Targeted jest	2026-10-05T17:17:41.2787769Z ^[[31m[Nest] 3046  - ^[[39m03/21/2027, 12:01:10 PM ^[[31m  ERROR^[[39m ^[[38;5;3m[RefundDisputeHandlerService] ^[[39m^[[31mhead-coach transfer reversal needs review refund=a-098 purchase=p-a-098 code=REFUND_TRANSFER_REVERSAL_REVIEW^[[39m
targeted	Targeted jest	2026-10-05T17:17:41.2800718Z ^[[31m[Nest] 3046  - ^[[39m03/21/2027, 12:01:10 PM ^[[31m  ERROR^[[39m ^[[38;5;3m[RefundDisputeHandlerService] ^[[39m^[[31mhead-coach transfer reversal needs review refund=a-099 purchase=p-a-099 code=REFUND_TRANSFER_REVERSAL_REVIEW^[[39m
targeted	Targeted jest	2026-10-05T17:17:41.2832952Z ^[[31m[Nest] 3046  - ^[[39m03/21/2027, 12:01:10 PM ^[[31m  ERROR^[[39m ^[[38;5;3m[RefundDisputeHandlerService] ^[[39m^[[31mhead-coach transfer reversal needs review refund=a-100 purchase=p-a-100 code=REFUND_TRANSFER_REVERSAL_REVIEW^[[39m
targeted	Targeted jest	2026-10-05T17:17:41.2853861Z ^[[31m[Nest] 3046  - ^[[39m03/21/2027, 12:01:10 PM ^[[31m  ERROR^[[39m ^[[38;5;3m[RefundDisputeHandlerService] ^[[39m^[[31mhead-coach transfer reversal needs review refund=a-101 purchase=p-a-101 code=REFUND_TRANSFER_REVERSAL_REVIEW^[[39m
targeted	Targeted jest	2026-10-05T17:17:41.2866753Z ^[[31m[Nest] 3046  - ^[[39m03/21/2027, 12:01:10 PM ^[[31m  ERROR^[[39m ^[[38;5;3m[RefundDisputeHandlerService] ^[[39m^[[31mhead-coach transfer reversal needs review refund=a-102 purchase=p-a-102 code=REFUND_TRANSFER_REVERSAL_REVIEW^[[39m
targeted	Targeted jest	2026-10-05T17:17:41.2879662Z ^[[31m[Nest] 3046  - ^[[39m03/21/2027, 12:01:10 PM ^[[31m  ERROR^[[39m ^[[38;5;3m[RefundDisputeHandlerService] ^[[39m^[[31mhead-coach transfer reversal needs review refund=a-103 purchase=p-a-103 code=REFUND_TRANSFER_REVERSAL_REVIEW^[[39m
targeted	Targeted jest	2026-10-05T17:17:41.2892793Z ^[[31m[Nest] 3046  - ^[[39m03/21/2027, 12:01:10 PM ^[[31m  ERROR^[[39m ^[[38;5;3m[RefundDisputeHandlerService] ^[[39m^[[31mhead-coach transfer reversal needs review refund=a-104 purchase=p-a-104 code=REFUND_TRANSFER_REVERSAL_REVIEW^[[39m
targeted	Targeted jest	2026-10-05T17:17:41.2905599Z ^[[31m[Nest] 3046  - ^[[39m03/21/2027, 12:01:10 PM ^[[31m  ERROR^[[39m ^[[38;5;3m[RefundDisputeHandlerService] ^[[39m^[[31mhead-coach transfer reversal needs review refund=a-105 purchase=p-a-105 code=REFUND_TRANSFER_REVERSAL_REVIEW^[[39m
targeted	Targeted jest	2026-10-05T17:17:41.2918536Z ^[[31m[Nest] 3046  - ^[[39m03/21/2027, 12:01:10 PM ^[[31m  ERROR^[[39m ^[[38;5;3m[RefundDisputeHandlerService] ^[[39m^[[31mhead-coach transfer reversal needs review refund=a-106 purchase=p-a-106 code=REFUND_TRANSFER_REVERSAL_REVIEW^[[39m
targeted	Targeted jest	2026-10-05T17:17:41.2931622Z ^[[31m[Nest] 3046  - ^[[39m03/21/2027, 12:01:10 PM ^[[31m  ERROR^[[39m ^[[38;5;3m[RefundDisputeHandlerService] ^[[39m^[[31mhead-coach transfer reversal needs review refund=a-107 purchase=p-a-107 code=REFUND_TRANSFER_REVERSAL_REVIEW^[[39m
targeted	Targeted jest	2026-10-05T17:17:41.2944589Z ^[[31m[Nest] 3046  - ^[[39m03/21/2027, 12:01:10 PM ^[[31m  ERROR^[[39m ^[[38;5;3m[RefundDisputeHandlerService] ^[[39m^[[31mhead-coach transfer reversal needs review refund=a-108 purchase=p-a-108 code=REFUND_TRANSFER_REVERSAL_REVIEW^[[39m
targeted	Targeted jest	2026-10-05T17:17:41.2957588Z ^[[31m[Nest] 3046  - ^[[39m03/21/2027, 12:01:10 PM ^[[31m  ERROR^[[39m ^[[38;5;3m[RefundDisputeHandlerService] ^[[39m^[[31mhead-coach transfer reversal needs review refund=a-109 purchase=p-a-109 code=REFUND_TRANSFER_REVERSAL_REVIEW^[[39m
targeted	Targeted jest	2026-10-05T17:17:41.2971320Z ^[[31m[Nest] 3046  - ^[[39m03/21/2027, 12:01:10 PM ^[[31m  ERROR^[[39m ^[[38;5;3m[RefundDisputeHandlerService] ^[[39m^[[31mhead-coach transfer reversal needs review refund=a-110 purchase=p-a-110 code=REFUND_TRANSFER_REVERSAL_REVIEW^[[39m
targeted	Targeted jest	2026-10-05T17:17:41.2984474Z ^[[31m[Nest] 3046  - ^[[39m03/21/2027, 12:01:10 PM ^[[31m  ERROR^[[39m ^[[38;5;3m[RefundDisputeHandlerService] ^[[39m^[[31mhead-coach transfer reversal needs review refund=a-111 purchase=p-a-111 code=REFUND_TRANSFER_REVERSAL_REVIEW^[[39m
targeted	Targeted jest	2026-10-05T17:17:41.2997482Z ^[[31m[Nest] 3046  - ^[[39m03/21/2027, 12:01:10 PM ^[[31m  ERROR^[[39m ^[[38;5;3m[RefundDisputeHandlerService] ^[[39m^[[31mhead-coach transfer reversal needs review refund=a-112 purchase=p-a-112 code=REFUND_TRANSFER_REVERSAL_REVIEW^[[39m
targeted	Targeted jest	2026-10-05T17:17:41.3011257Z ^[[31m[Nest] 3046  - ^[[39m03/21/2027, 12:01:10 PM ^[[31m  ERROR^[[39m ^[[38;5;3m[RefundDisputeHandlerService] ^[[39m^[[31mhead-coach transfer reversal needs review refund=a-113 purchase=p-a-113 code=REFUND_TRANSFER_REVERSAL_REVIEW^[[39m
targeted	Targeted jest	2026-10-05T17:17:41.3024394Z ^[[31m[Nest] 3046  - ^[[39m03/21/2027, 12:01:10 PM ^[[31m  ERROR^[[39m ^[[38;5;3m[RefundDisputeHandlerService] ^[[39m^[[31mhead-coach transfer reversal needs review refund=a-114 purchase=p-a-114 code=REFUND_TRANSFER_REVERSAL_REVIEW^[[39m
targeted	Targeted jest	2026-10-05T17:17:41.3037484Z ^[[31m[Nest] 3046  - ^[[39m03/21/2027, 12:01:10 PM ^[[31m  ERROR^[[39m ^[[38;5;3m[RefundDisputeHandlerService] ^[[39m^[[31mhead-coach transfer reversal needs review refund=a-115 purchase=p-a-115 code=REFUND_TRANSFER_REVERSAL_REVIEW^[[39m
targeted	Targeted jest	2026-10-05T17:17:41.3050776Z ^[[31m[Nest] 3046  - ^[[39m03/21/2027, 12:01:10 PM ^[[31m  ERROR^[[39m ^[[38;5;3m[RefundDisputeHandlerService] ^[[39m^[[31mhead-coach transfer reversal needs review refund=a-116 purchase=p-a-116 code=REFUND_TRANSFER_REVERSAL_REVIEW^[[39m
targeted	Targeted jest	2026-10-05T17:17:41.3064278Z ^[[31m[Nest] 3046  - ^[[39m03/21/2027, 12:01:10 PM ^[[31m  ERROR^[[39m ^[[38;5;3m[RefundDisputeHandlerService] ^[[39m^[[31mhead-coach transfer reversal needs review refund=a-117 purchase=p-a-117 code=REFUND_TRANSFER_REVERSAL_REVIEW^[[39m
targeted	Targeted jest	2026-10-05T17:17:41.3077516Z ^[[31m[Nest] 3046  - ^[[39m03/21/2027, 12:01:10 PM ^[[31m  ERROR^[[39m ^[[38;5;3m[RefundDisputeHandlerService] ^[[39m^[[31mhead-coach transfer reversal needs review refund=a-118 purchase=p-a-118 code=REFUND_TRANSFER_REVERSAL_REVIEW^[[39m
targeted	Targeted jest	2026-10-05T17:17:41.3090876Z ^[[31m[Nest] 3046  - ^[[39m03/21/2027, 12:01:10 PM ^[[31m  ERROR^[[39m ^[[38;5;3m[RefundDisputeHandlerService] ^[[39m^[[31mhead-coach transfer reversal needs review refund=a-119 purchase=p-a-119 code=REFUND_TRANSFER_REVERSAL_REVIEW^[[39m
targeted	Targeted jest	2026-10-05T17:17:41.3106057Z ^[[31m[Nest] 3046  - ^[[39m03/21/2027, 12:01:10 PM ^[[31m  ERROR^[[39m ^[[38;5;3m[RefundDisputeHandlerService] ^[[39m^[[31mhead-coach transfer reversal needs review refund=a-120 purchase=p-a-120 code=REFUND_TRANSFER_REVERSAL_REVIEW^[[39m
targeted	Targeted jest	2026-10-05T17:17:41.3119419Z ^[[31m[Nest] 3046  - ^[[39m03/21/2027, 12:01:10 PM ^[[31m  ERROR^[[39m ^[[38;5;3m[RefundDisputeHandlerService] ^[[39m^[[31mhead-coach transfer reversal needs review refund=a-121 purchase=p-a-121 code=REFUND_TRANSFER_REVERSAL_REVIEW^[[39m
targeted	Targeted jest	2026-10-05T17:17:41.3132757Z ^[[31m[Nest] 3046  - ^[[39m03/21/2027, 12:01:10 PM ^[[31m  ERROR^[[39m ^[[38;5;3m[RefundDisputeHandlerService] ^[[39m^[[31mhead-coach transfer reversal needs review refund=a-122 purchase=p-a-122 code=REFUND_TRANSFER_REVERSAL_REVIEW^[[39m
targeted	Targeted jest	2026-10-05T17:17:41.3146676Z ^[[31m[Nest] 3046  - ^[[39m03/21/2027, 12:01:10 PM ^[[31m  ERROR^[[39m ^[[38;5;3m[RefundDisputeHandlerService] ^[[39m^[[31mhead-coach transfer reversal needs review refund=a-123 purchase=p-a-123 code=REFUND_TRANSFER_REVERSAL_REVIEW^[[39m
targeted	Targeted jest	2026-10-05T17:17:41.3160029Z ^[[31m[Nest] 3046  - ^[[39m03/21/2027, 12:01:10 PM ^[[31m  ERROR^[[39m ^[[38;5;3m[RefundDisputeHandlerService] ^[[39m^[[31mhead-coach transfer reversal needs review refund=a-124 purchase=p-a-124 code=REFUND_TRANSFER_REVERSAL_REVIEW^[[39m
targeted	Targeted jest	2026-10-05T17:17:41.3173515Z ^[[31m[Nest] 3046  - ^[[39m03/21/2027, 12:01:10 PM ^[[31m  ERROR^[[39m ^[[38;5;3m[RefundDisputeHandlerService] ^[[39m^[[31mhead-coach transfer reversal needs review refund=a-125 purchase=p-a-125 code=REFUND_TRANSFER_REVERSAL_REVIEW^[[39m
targeted	Targeted jest	2026-10-05T17:17:41.3186861Z ^[[31m[Nest] 3046  - ^[[39m03/21/2027, 12:01:10 PM ^[[31m  ERROR^[[39m ^[[38;5;3m[RefundDisputeHandlerService] ^[[39m^[[31mhead-coach transfer reversal needs review refund=a-126 purchase=p-a-126 code=REFUND_TRANSFER_REVERSAL_REVIEW^[[39m
targeted	Targeted jest	2026-10-05T17:17:41.3200083Z ^[[31m[Nest] 3046  - ^[[39m03/21/2027, 12:01:10 PM ^[[31m  ERROR^[[39m ^[[38;5;3m[RefundDisputeHandlerService] ^[[39m^[[31mhead-coach transfer reversal needs review refund=a-127 purchase=p-a-127 code=REFUND_TRANSFER_REVERSAL_REVIEW^[[39m
targeted	Targeted jest	2026-10-05T17:17:41.3213534Z ^[[31m[Nest] 3046  - ^[[39m03/21/2027, 12:01:10 PM ^[[31m  ERROR^[[39m ^[[38;5;3m[RefundDisputeHandlerService] ^[[39m^[[31mhead-coach transfer reversal needs review refund=a-128 purchase=p-a-128 code=REFUND_TRANSFER_REVERSAL_REVIEW^[[39m
targeted	Targeted jest	2026-10-05T17:17:41.3226816Z ^[[31m[Nest] 3046  - ^[[39m03/21/2027, 12:01:10 PM ^[[31m  ERROR^[[39m ^[[38;5;3m[RefundDisputeHandlerService] ^[[39m^[[31mhead-coach transfer reversal needs review refund=a-129 purchase=p-a-129 code=REFUND_TRANSFER_REVERSAL_REVIEW^[[39m
targeted	Targeted jest	2026-10-05T17:17:41.3249867Z ^[[31m[Nest] 3046  - ^[[39m03/21/2027, 12:01:10 PM ^[[31m  ERROR^[[39m ^[[38;5;3m[RefundDisputeHandlerService] ^[[39m^[[31mhead-coach transfer reversal needs review refund=a-130 purchase=p-a-130 code=REFUND_TRANSFER_REVERSAL_REVIEW^[[39m
targeted	Targeted jest	2026-10-05T17:17:41.3263485Z ^[[31m[Nest] 3046  - ^[[39m03/21/2027, 12:01:10 PM ^[[31m  ERROR^[[39m ^[[38;5;3m[RefundDisputeHandlerService] ^[[39m^[[31mhead-coach transfer reversal needs review refund=a-131 purchase=p-a-131 code=REFUND_TRANSFER_REVERSAL_REVIEW^[[39m
targeted	Targeted jest	2026-10-05T17:17:41.3276949Z ^[[31m[Nest] 3046  - ^[[39m03/21/2027, 12:01:10 PM ^[[31m  ERROR^[[39m ^[[38;5;3m[RefundDisputeHandlerService] ^[[39m^[[31mhead-coach transfer reversal needs review refund=a-132 purchase=p-a-132 code=REFUND_TRANSFER_REVERSAL_REVIEW^[[39m
targeted	Targeted jest	2026-10-05T17:17:41.3290412Z ^[[31m[Nest] 3046  - ^[[39m03/21/2027, 12:01:10 PM ^[[31m  ERROR^[[39m ^[[38;5;3m[RefundDisputeHandlerService] ^[[39m^[[31mhead-coach transfer reversal needs review refund=a-133 purchase=p-a-133 code=REFUND_TRANSFER_REVERSAL_REVIEW^[[39m
targeted	Targeted jest	2026-10-05T17:17:41.3304023Z ^[[31m[Nest] 3046  - ^[[39m03/21/2027, 12:01:10 PM ^[[31m  ERROR^[[39m ^[[38;5;3m[RefundDisputeHandlerService] ^[[39m^[[31mhead-coach transfer reversal needs review refund=a-134 purchase=p-a-134 code=REFUND_TRANSFER_REVERSAL_REVIEW^[[39m
targeted	Targeted jest	2026-10-05T17:17:41.3317427Z ^[[31m[Nest] 3046  - ^[[39m03/21/2027, 12:01:10 PM ^[[31m  ERROR^[[39m ^[[38;5;3m[RefundDisputeHandlerService] ^[[39m^[[31mhead-coach transfer reversal needs review refund=a-135 purchase=p-a-135 code=REFUND_TRANSFER_REVERSAL_REVIEW^[[39m
targeted	Targeted jest	2026-10-05T17:17:41.3331049Z ^[[31m[Nest] 3046  - ^[[39m03/21/2027, 12:01:10 PM ^[[31m  ERROR^[[39m ^[[38;5;3m[RefundDisputeHandlerService] ^[[39m^[[31mhead-coach transfer reversal needs review refund=a-136 purchase=p-a-136 code=REFUND_TRANSFER_REVERSAL_REVIEW^[[39m
targeted	Targeted jest	2026-10-05T17:17:41.3344496Z ^[[31m[Nest] 3046  - ^[[39m03/21/2027, 12:01:10 PM ^[[31m  ERROR^[[39m ^[[38;5;3m[RefundDisputeHandlerService] ^[[39m^[[31mhead-coach transfer reversal needs review refund=a-137 purchase=p-a-137 code=REFUND_TRANSFER_REVERSAL_REVIEW^[[39m
targeted	Targeted jest	2026-10-05T17:17:41.3358056Z ^[[31m[Nest] 3046  - ^[[39m03/21/2027, 12:01:10 PM ^[[31m  ERROR^[[39m ^[[38;5;3m[RefundDisputeHandlerService] ^[[39m^[[31mhead-coach transfer reversal needs review refund=a-138 purchase=p-a-138 code=REFUND_TRANSFER_REVERSAL_REVIEW^[[39m
targeted	Targeted jest	2026-10-05T17:17:41.3371798Z ^[[31m[Nest] 3046  - ^[[39m03/21/2027, 12:01:10 PM ^[[31m  ERROR^[[39m ^[[38;5;3m[RefundDisputeHandlerService] ^[[39m^[[31mhead-coach transfer reversal needs review refund=a-139 purchase=p-a-139 code=REFUND_TRANSFER_REVERSAL_REVIEW^[[39m
targeted	Targeted jest	2026-10-05T17:17:41.3385407Z ^[[31m[Nest] 3046  - ^[[39m03/21/2027, 12:01:10 PM ^[[31m  ERROR^[[39m ^[[38;5;3m[RefundDisputeHandlerService] ^[[39m^[[31mhead-coach transfer reversal needs review refund=a-140 purchase=p-a-140 code=REFUND_TRANSFER_REVERSAL_REVIEW^[[39m
targeted	Targeted jest	2026-10-05T17:17:41.3399032Z ^[[31m[Nest] 3046  - ^[[39m03/21/2027, 12:01:10 PM ^[[31m  ERROR^[[39m ^[[38;5;3m[RefundDisputeHandlerService] ^[[39m^[[31mhead-coach transfer reversal needs review refund=a-141 purchase=p-a-141 code=REFUND_TRANSFER_REVERSAL_REVIEW^[[39m
targeted	Targeted jest	2026-10-05T17:17:41.3412660Z ^[[31m[Nest] 3046  - ^[[39m03/21/2027, 12:01:10 PM ^[[31m  ERROR^[[39m ^[[38;5;3m[RefundDisputeHandlerService] ^[[39m^[[31mhead-coach transfer reversal needs review refund=a-142 purchase=p-a-142 code=REFUND_TRANSFER_REVERSAL_REVIEW^[[39m
targeted	Targeted jest	2026-10-05T17:17:41.3426363Z ^[[31m[Nest] 3046  - ^[[39m03/21/2027, 12:01:10 PM ^[[31m  ERROR^[[39m ^[[38;5;3m[RefundDisputeHandlerService] ^[[39m^[[31mhead-coach transfer reversal needs review refund=a-143 purchase=p-a-143 code=REFUND_TRANSFER_REVERSAL_REVIEW^[[39m
targeted	Targeted jest	2026-10-05T17:17:41.3440013Z ^[[31m[Nest] 3046  - ^[[39m03/21/2027, 12:01:10 PM ^[[31m  ERROR^[[39m ^[[38;5;3m[RefundDisputeHandlerService] ^[[39m^[[31mhead-coach transfer reversal needs review refund=a-144 purchase=p-a-144 code=REFUND_TRANSFER_REVERSAL_REVIEW^[[39m
targeted	Targeted jest	2026-10-05T17:17:41.3453977Z ^[[31m[Nest] 3046  - ^[[39m03/21/2027, 12:01:10 PM ^[[31m  ERROR^[[39m ^[[38;5;3m[RefundDisputeHandlerService] ^[[39m^[[31mhead-coach transfer reversal needs review refund=a-145 purchase=p-a-145 code=REFUND_TRANSFER_REVERSAL_REVIEW^[[39m
targeted	Targeted jest	2026-10-05T17:17:41.3467708Z ^[[31m[Nest] 3046  - ^[[39m03/21/2027, 12:01:10 PM ^[[31m  ERROR^[[39m ^[[38;5;3m[RefundDisputeHandlerService] ^[[39m^[[31mhead-coach transfer reversal needs review refund=a-146 purchase=p-a-146 code=REFUND_TRANSFER_REVERSAL_REVIEW^[[39m
targeted	Targeted jest	2026-10-05T17:17:41.3481644Z ^[[31m[Nest] 3046  - ^[[39m03/21/2027, 12:01:10 PM ^[[31m  ERROR^[[39m ^[[38;5;3m[RefundDisputeHandlerService] ^[[39m^[[31mhead-coach transfer reversal needs review refund=a-147 purchase=p-a-147 code=REFUND_TRANSFER_REVERSAL_REVIEW^[[39m
targeted	Targeted jest	2026-10-05T17:17:41.3495529Z ^[[31m[Nest] 3046  - ^[[39m03/21/2027, 12:01:10 PM ^[[31m  ERROR^[[39m ^[[38;5;3m[RefundDisputeHandlerService] ^[[39m^[[31mhead-coach transfer reversal needs review refund=a-148 purchase=p-a-148 code=REFUND_TRANSFER_REVERSAL_REVIEW^[[39m
targeted	Targeted jest	2026-10-05T17:17:41.3509755Z ^[[31m[Nest] 3046  - ^[[39m03/21/2027, 12:01:10 PM ^[[31m  ERROR^[[39m ^[[38;5;3m[RefundDisputeHandlerService] ^[[39m^[[31mhead-coach transfer reversal needs review refund=a-149 purchase=p-a-149 code=REFUND_TRANSFER_REVERSAL_REVIEW^[[39m
targeted	Targeted jest	2026-10-05T17:17:41.3541148Z ^[[31m[Nest] 3046  - ^[[39m03/21/2027, 12:01:10 PM ^[[31m  ERROR^[[39m ^[[38;5;3m[RefundDisputeHandlerService] ^[[39m^[[31mhead-coach transfer reversal needs review refund=a-150 purchase=p-a-150 code=REFUND_TRANSFER_REVERSAL_REVIEW^[[39m
targeted	Targeted jest	2026-10-05T17:17:41.3554886Z ^[[31m[Nest] 3046  - ^[[39m03/21/2027, 12:01:10 PM ^[[31m  ERROR^[[39m ^[[38;5;3m[RefundDisputeHandlerService] ^[[39m^[[31mhead-coach transfer reversal needs review refund=a-151 purchase=p-a-151 code=REFUND_TRANSFER_REVERSAL_REVIEW^[[39m
targeted	Targeted jest	2026-10-05T17:17:41.3568792Z ^[[31m[Nest] 3046  - ^[[39m03/21/2027, 12:01:10 PM ^[[31m  ERROR^[[39m ^[[38;5;3m[RefundDisputeHandlerService] ^[[39m^[[31mhead-coach transfer reversal needs review refund=a-152 purchase=p-a-152 code=REFUND_TRANSFER_REVERSAL_REVIEW^[[39m
targeted	Targeted jest	2026-10-05T17:17:41.3582703Z ^[[31m[Nest] 3046  - ^[[39m03/21/2027, 12:01:10 PM ^[[31m  ERROR^[[39m ^[[38;5;3m[RefundDisputeHandlerService] ^[[39m^[[31mhead-coach transfer reversal needs review refund=a-153 purchase=p-a-153 code=REFUND_TRANSFER_REVERSAL_REVIEW^[[39m
targeted	Targeted jest	2026-10-05T17:17:41.3596490Z ^[[31m[Nest] 3046  - ^[[39m03/21/2027, 12:01:10 PM ^[[31m  ERROR^[[39m ^[[38;5;3m[RefundDisputeHandlerService] ^[[39m^[[31mhead-coach transfer reversal needs review refund=a-154 purchase=p-a-154 code=REFUND_TRANSFER_REVERSAL_REVIEW^[[39m
targeted	Targeted jest	2026-10-05T17:17:41.3610449Z ^[[31m[Nest] 3046  - ^[[39m03/21/2027, 12:01:10 PM ^[[31m  ERROR^[[39m ^[[38;5;3m[RefundDisputeHandlerService] ^[[39m^[[31mhead-coach transfer reversal needs review refund=a-155 purchase=p-a-155 code=REFUND_TRANSFER_REVERSAL_REVIEW^[[39m
targeted	Targeted jest	2026-10-05T17:17:41.3624478Z ^[[31m[Nest] 3046  - ^[[39m03/21/2027, 12:01:10 PM ^[[31m  ERROR^[[39m ^[[38;5;3m[RefundDisputeHandlerService] ^[[39m^[[31mhead-coach transfer reversal needs review refund=a-156 purchase=p-a-156 code=REFUND_TRANSFER_REVERSAL_REVIEW^[[39m
targeted	Targeted jest	2026-10-05T17:17:41.3646935Z ^[[31m[Nest] 3046  - ^[[39m03/21/2027, 12:01:10 PM ^[[31m  ERROR^[[39m ^[[38;5;3m[RefundDisputeHandlerService] ^[[39m^[[31mhead-coach transfer reversal needs review refund=a-157 purchase=p-a-157 code=REFUND_TRANSFER_REVERSAL_REVIEW^[[39m
targeted	Targeted jest	2026-10-05T17:17:41.3661095Z ^[[31m[Nest] 3046  - ^[[39m03/21/2027, 12:01:10 PM ^[[31m  ERROR^[[39m ^[[38;5;3m[RefundDisputeHandlerService] ^[[39m^[[31mhead-coach transfer reversal needs review refund=a-158 purchase=p-a-158 code=REFUND_TRANSFER_REVERSAL_REVIEW^[[39m
targeted	Targeted jest	2026-10-05T17:17:41.3674942Z ^[[31m[Nest] 3046  - ^[[39m03/21/2027, 12:01:10 PM ^[[31m  ERROR^[[39m ^[[38;5;3m[RefundDisputeHandlerService] ^[[39m^[[31mhead-coach transfer reversal needs review refund=a-159 purchase=p-a-159 code=REFUND_TRANSFER_REVERSAL_REVIEW^[[39m
targeted	Targeted jest	2026-10-05T17:17:41.3688880Z ^[[31m[Nest] 3046  - ^[[39m03/21/2027, 12:01:10 PM ^[[31m  ERROR^[[39m ^[[38;5;3m[RefundDisputeHandlerService] ^[[39m^[[31mhead-coach transfer reversal needs review refund=a-160 purchase=p-a-160 code=REFUND_TRANSFER_REVERSAL_REVIEW^[[39m
targeted	Targeted jest	2026-10-05T17:17:41.3702958Z ^[[31m[Nest] 3046  - ^[[39m03/21/2027, 12:01:10 PM ^[[31m  ERROR^[[39m ^[[38;5;3m[RefundDisputeHandlerService] ^[[39m^[[31mhead-coach transfer reversal needs review refund=a-161 purchase=p-a-161 code=REFUND_TRANSFER_REVERSAL_REVIEW^[[39m
targeted	Targeted jest	2026-10-05T17:17:41.3718863Z ^[[31m[Nest] 3046  - ^[[39m03/21/2027, 12:01:10 PM ^[[31m  ERROR^[[39m ^[[38;5;3m[RefundDisputeHandlerService] ^[[39m^[[31mhead-coach transfer reversal needs review refund=a-162 purchase=p-a-162 code=REFUND_TRANSFER_REVERSAL_REVIEW^[[39m
targeted	Targeted jest	2026-10-05T17:17:41.3733079Z ^[[31m[Nest] 3046  - ^[[39m03/21/2027, 12:01:10 PM ^[[31m  ERROR^[[39m ^[[38;5;3m[RefundDisputeHandlerService] ^[[39m^[[31mhead-coach transfer reversal needs review refund=a-163 purchase=p-a-163 code=REFUND_TRANSFER_REVERSAL_REVIEW^[[39m
targeted	Targeted jest	2026-10-05T17:17:41.3746978Z ^[[31m[Nest] 3046  - ^[[39m03/21/2027, 12:01:10 PM ^[[31m  ERROR^[[39m ^[[38;5;3m[RefundDisputeHandlerService] ^[[39m^[[31mhead-coach transfer reversal needs review refund=a-164 purchase=p-a-164 code=REFUND_TRANSFER_REVERSAL_REVIEW^[[39m
targeted	Targeted jest	2026-10-05T17:17:41.3761139Z ^[[31m[Nest] 3046  - ^[[39m03/21/2027, 12:01:10 PM ^[[31m  ERROR^[[39m ^[[38;5;3m[RefundDisputeHandlerService] ^[[39m^[[31mhead-coach transfer reversal needs review refund=a-165 purchase=p-a-165 code=REFUND_TRANSFER_REVERSAL_REVIEW^[[39m
targeted	Targeted jest	2026-10-05T17:17:41.3775237Z ^[[31m[Nest] 3046  - ^[[39m03/21/2027, 12:01:10 PM ^[[31m  ERROR^[[39m ^[[38;5;3m[RefundDisputeHandlerService] ^[[39m^[[31mhead-coach transfer reversal needs review refund=a-166 purchase=p-a-166 code=REFUND_TRANSFER_REVERSAL_REVIEW^[[39m
targeted	Targeted jest	2026-10-05T17:17:41.3789277Z ^[[31m[Nest] 3046  - ^[[39m03/21/2027, 12:01:10 PM ^[[31m  ERROR^[[39m ^[[38;5;3m[RefundDisputeHandlerService] ^[[39m^[[31mhead-coach transfer reversal needs review refund=a-167 purchase=p-a-167 code=REFUND_TRANSFER_REVERSAL_REVIEW^[[39m
targeted	Targeted jest	2026-10-05T17:17:41.3803471Z ^[[31m[Nest] 3046  - ^[[39m03/21/2027, 12:01:10 PM ^[[31m  ERROR^[[39m ^[[38;5;3m[RefundDisputeHandlerService] ^[[39m^[[31mhead-coach transfer reversal needs review refund=a-168 purchase=p-a-168 code=REFUND_TRANSFER_REVERSAL_REVIEW^[[39m
targeted	Targeted jest	2026-10-05T17:17:41.3817579Z ^[[31m[Nest] 3046  - ^[[39m03/21/2027, 12:01:10 PM ^[[31m  ERROR^[[39m ^[[38;5;3m[RefundDisputeHandlerService] ^[[39m^[[31mhead-coach transfer reversal needs review refund=a-169 purchase=p-a-169 code=REFUND_TRANSFER_REVERSAL_REVIEW^[[39m
targeted	Targeted jest	2026-10-05T17:17:41.3831842Z ^[[31m[Nest] 3046  - ^[[39m03/21/2027, 12:01:10 PM ^[[31m  ERROR^[[39m ^[[38;5;3m[RefundDisputeHandlerService] ^[[39m^[[31mhead-coach transfer reversal needs review refund=a-170 purchase=p-a-170 code=REFUND_TRANSFER_REVERSAL_REVIEW^[[39m
targeted	Targeted jest	2026-10-05T17:17:41.3846069Z ^[[31m[Nest] 3046  - ^[[39m03/21/2027, 12:01:10 PM ^[[31m  ERROR^[[39m ^[[38;5;3m[RefundDisputeHandlerService] ^[[39m^[[31mhead-coach transfer reversal needs review refund=a-171 purchase=p-a-171 code=REFUND_TRANSFER_REVERSAL_REVIEW^[[39m
targeted	Targeted jest	2026-10-05T17:17:41.3860290Z ^[[31m[Nest] 3046  - ^[[39m03/21/2027, 12:01:10 PM ^[[31m  ERROR^[[39m ^[[38;5;3m[RefundDisputeHandlerService] ^[[39m^[[31mhead-coach transfer reversal needs review refund=a-172 purchase=p-a-172 code=REFUND_TRANSFER_REVERSAL_REVIEW^[[39m
targeted	Targeted jest	2026-10-05T17:17:41.3874674Z ^[[31m[Nest] 3046  - ^[[39m03/21/2027, 12:01:10 PM ^[[31m  ERROR^[[39m ^[[38;5;3m[RefundDisputeHandlerService] ^[[39m^[[31mhead-coach transfer reversal needs review refund=a-173 purchase=p-a-173 code=REFUND_TRANSFER_REVERSAL_REVIEW^[[39m
targeted	Targeted jest	2026-10-05T17:17:41.3888954Z ^[[31m[Nest] 3046  - ^[[39m03/21/2027, 12:01:10 PM ^[[31m  ERROR^[[39m ^[[38;5;3m[RefundDisputeHandlerService] ^[[39m^[[31mhead-coach transfer reversal needs review refund=a-174 purchase=p-a-174 code=REFUND_TRANSFER_REVERSAL_REVIEW^[[39m
targeted	Targeted jest	2026-10-05T17:17:41.3903327Z ^[[31m[Nest] 3046  - ^[[39m03/21/2027, 12:01:10 PM ^[[31m  ERROR^[[39m ^[[38;5;3m[RefundDisputeHandlerService] ^[[39m^[[31mhead-coach transfer reversal needs review refund=a-175 purchase=p-a-175 code=REFUND_TRANSFER_REVERSAL_REVIEW^[[39m
targeted	Targeted jest	2026-10-05T17:17:41.3918549Z ^[[31m[Nest] 3046  - ^[[39m03/21/2027, 12:01:10 PM ^[[31m  ERROR^[[39m ^[[38;5;3m[RefundDisputeHandlerService] ^[[39m^[[31mhead-coach transfer reversal needs review refund=a-176 purchase=p-a-176 code=REFUND_TRANSFER_REVERSAL_REVIEW^[[39m
targeted	Targeted jest	2026-10-05T17:17:41.3932899Z ^[[31m[Nest] 3046  - ^[[39m03/21/2027, 12:01:10 PM ^[[31m  ERROR^[[39m ^[[38;5;3m[RefundDisputeHandlerService] ^[[39m^[[31mhead-coach transfer reversal needs review refund=a-177 purchase=p-a-177 code=REFUND_TRANSFER_REVERSAL_REVIEW^[[39m
targeted	Targeted jest	2026-10-05T17:17:41.3947214Z ^[[31m[Nest] 3046  - ^[[39m03/21/2027, 12:01:10 PM ^[[31m  ERROR^[[39m ^[[38;5;3m[RefundDisputeHandlerService] ^[[39m^[[31mhead-coach transfer reversal needs review refund=a-178 purchase=p-a-178 code=REFUND_TRANSFER_REVERSAL_REVIEW^[[39m
targeted	Targeted jest	2026-10-05T17:17:41.3962004Z ^[[31m[Nest] 3046  - ^[[39m03/21/2027, 12:01:10 PM ^[[31m  ERROR^[[39m ^[[38;5;3m[RefundDisputeHandlerService] ^[[39m^[[31mhead-coach transfer reversal needs review refund=a-179 purchase=p-a-179 code=REFUND_TRANSFER_REVERSAL_REVIEW^[[39m
targeted	Targeted jest	2026-10-05T17:17:41.3976402Z ^[[31m[Nest] 3046  - ^[[39m03/21/2027, 12:01:10 PM ^[[31m  ERROR^[[39m ^[[38;5;3m[RefundDisputeHandlerService] ^[[39m^[[31mhead-coach transfer reversal needs review refund=a-180 purchase=p-a-180 code=REFUND_TRANSFER_REVERSAL_REVIEW^[[39m
targeted	Targeted jest	2026-10-05T17:17:41.3990939Z ^[[31m[Nest] 3046  - ^[[39m03/21/2027, 12:01:10 PM ^[[31m  ERROR^[[39m ^[[38;5;3m[RefundDisputeHandlerService] ^[[39m^[[31mhead-coach transfer reversal needs review refund=a-181 purchase=p-a-181 code=REFUND_TRANSFER_REVERSAL_REVIEW^[[39m
targeted	Targeted jest	2026-10-05T17:17:41.4005170Z ^[[31m[Nest] 3046  - ^[[39m03/21/2027, 12:01:10 PM ^[[31m  ERROR^[[39m ^[[38;5;3m[RefundDisputeHandlerService] ^[[39m^[[31mhead-coach transfer reversal needs review refund=a-182 purchase=p-a-182 code=REFUND_TRANSFER_REVERSAL_REVIEW^[[39m
targeted	Targeted jest	2026-10-05T17:17:41.4019550Z ^[[31m[Nest] 3046  - ^[[39m03/21/2027, 12:01:10 PM ^[[31m  ERROR^[[39m ^[[38;5;3m[RefundDisputeHandlerService] ^[[39m^[[31mhead-coach transfer reversal needs review refund=a-183 purchase=p-a-183 code=REFUND_TRANSFER_REVERSAL_REVIEW^[[39m
targeted	Targeted jest	2026-10-05T17:17:41.4041769Z ^[[31m[Nest] 3046  - ^[[39m03/21/2027, 12:01:10 PM ^[[31m  ERROR^[[39m ^[[38;5;3m[RefundDisputeHandlerService] ^[[39m^[[31mhead-coach transfer reversal needs review refund=a-184 purchase=p-a-184 code=REFUND_TRANSFER_REVERSAL_REVIEW^[[39m
targeted	Targeted jest	2026-10-05T17:17:41.4056353Z ^[[31m[Nest] 3046  - ^[[39m03/21/2027, 12:01:10 PM ^[[31m  ERROR^[[39m ^[[38;5;3m[RefundDisputeHandlerService] ^[[39m^[[31mhead-coach transfer reversal needs review refund=a-185 purchase=p-a-185 code=REFUND_TRANSFER_REVERSAL_REVIEW^[[39m
targeted	Targeted jest	2026-10-05T17:17:41.4071010Z ^[[31m[Nest] 3046  - ^[[39m03/21/2027, 12:01:10 PM ^[[31m  ERROR^[[39m ^[[38;5;3m[RefundDisputeHandlerService] ^[[39m^[[31mhead-coach transfer reversal needs review refund=a-186 purchase=p-a-186 code=REFUND_TRANSFER_REVERSAL_REVIEW^[[39m
targeted	Targeted jest	2026-10-05T17:17:41.4085470Z ^[[31m[Nest] 3046  - ^[[39m03/21/2027, 12:01:10 PM ^[[31m  ERROR^[[39m ^[[38;5;3m[RefundDisputeHandlerService] ^[[39m^[[31mhead-coach transfer reversal needs review refund=a-187 purchase=p-a-187 code=REFUND_TRANSFER_REVERSAL_REVIEW^[[39m
targeted	Targeted jest	2026-10-05T17:17:41.4099966Z ^[[31m[Nest] 3046  - ^[[39m03/21/2027, 12:01:10 PM ^[[31m  ERROR^[[39m ^[[38;5;3m[RefundDisputeHandlerService] ^[[39m^[[31mhead-coach transfer reversal needs review refund=a-188 purchase=p-a-188 code=REFUND_TRANSFER_REVERSAL_REVIEW^[[39m
targeted	Targeted jest	2026-10-05T17:17:41.4114952Z ^[[31m[Nest] 3046  - ^[[39m03/21/2027, 12:01:10 PM ^[[31m  ERROR^[[39m ^[[38;5;3m[RefundDisputeHandlerService] ^[[39m^[[31mhead-coach transfer reversal needs review refund=a-189 purchase=p-a-189 code=REFUND_TRANSFER_REVERSAL_REVIEW^[[39m
targeted	Targeted jest	2026-10-05T17:17:41.4129454Z ^[[31m[Nest] 3046  - ^[[39m03/21/2027, 12:01:10 PM ^[[31m  ERROR^[[39m ^[[38;5;3m[RefundDisputeHandlerService] ^[[39m^[[31mhead-coach transfer reversal needs review refund=a-190 purchase=p-a-190 code=REFUND_TRANSFER_REVERSAL_REVIEW^[[39m
targeted	Targeted jest	2026-10-05T17:17:41.4144288Z ^[[31m[Nest] 3046  - ^[[39m03/21/2027, 12:01:10 PM ^[[31m  ERROR^[[39m ^[[38;5;3m[RefundDisputeHandlerService] ^[[39m^[[31mhead-coach transfer reversal needs review refund=a-191 purchase=p-a-191 code=REFUND_TRANSFER_REVERSAL_REVIEW^[[39m
targeted	Targeted jest	2026-10-05T17:17:41.4158816Z ^[[31m[Nest] 3046  - ^[[39m03/21/2027, 12:01:10 PM ^[[31m  ERROR^[[39m ^[[38;5;3m[RefundDisputeHandlerService] ^[[39m^[[31mhead-coach transfer reversal needs review refund=a-192 purchase=p-a-192 code=REFUND_TRANSFER_REVERSAL_REVIEW^[[39m
targeted	Targeted jest	2026-10-05T17:17:41.4173509Z ^[[31m[Nest] 3046  - ^[[39m03/21/2027, 12:01:10 PM ^[[31m  ERROR^[[39m ^[[38;5;3m[RefundDisputeHandlerService] ^[[39m^[[31mhead-coach transfer reversal needs review refund=a-193 purchase=p-a-193 code=REFUND_TRANSFER_REVERSAL_REVIEW^[[39m
targeted	Targeted jest	2026-10-05T17:17:41.4188295Z ^[[31m[Nest] 3046  - ^[[39m03/21/2027, 12:01:10 PM ^[[31m  ERROR^[[39m ^[[38;5;3m[RefundDisputeHandlerService] ^[[39m^[[31mhead-coach transfer reversal needs review refund=a-194 purchase=p-a-194 code=REFUND_TRANSFER_REVERSAL_REVIEW^[[39m
targeted	Targeted jest	2026-10-05T17:17:41.4203187Z ^[[31m[Nest] 3046  - ^[[39m03/21/2027, 12:01:10 PM ^[[31m  ERROR^[[39m ^[[38;5;3m[RefundDisputeHandlerService] ^[[39m^[[31mhead-coach transfer reversal needs review refund=a-195 purchase=p-a-195 code=REFUND_TRANSFER_REVERSAL_REVIEW^[[39m
targeted	Targeted jest	2026-10-05T17:17:41.4217984Z ^[[31m[Nest] 3046  - ^[[39m03/21/2027, 12:01:10 PM ^[[31m  ERROR^[[39m ^[[38;5;3m[RefundDisputeHandlerService] ^[[39m^[[31mhead-coach transfer reversal needs review refund=a-196 purchase=p-a-196 code=REFUND_TRANSFER_REVERSAL_REVIEW^[[39m
targeted	Targeted jest	2026-10-05T17:17:41.4232705Z ^[[31m[Nest] 3046  - ^[[39m03/21/2027, 12:01:10 PM ^[[31m  ERROR^[[39m ^[[38;5;3m[RefundDisputeHandlerService] ^[[39m^[[31mhead-coach transfer reversal needs review refund=a-197 purchase=p-a-197 code=REFUND_TRANSFER_REVERSAL_REVIEW^[[39m
targeted	Targeted jest	2026-10-05T17:17:41.4247343Z ^[[31m[Nest] 3046  - ^[[39m03/21/2027, 12:01:10 PM ^[[31m  ERROR^[[39m ^[[38;5;3m[RefundDisputeHandlerService] ^[[39m^[[31mhead-coach transfer reversal needs review refund=a-198 purchase=p-a-198 code=REFUND_TRANSFER_REVERSAL_REVIEW^[[39m
targeted	Targeted jest	2026-10-05T17:17:41.4262103Z ^[[31m[Nest] 3046  - ^[[39m03/21/2027, 12:01:10 PM ^[[31m  ERROR^[[39m ^[[38;5;3m[RefundDisputeHandlerService] ^[[39m^[[31mhead-coach transfer reversal needs review refund=a-199 purchase=p-a-199 code=REFUND_TRANSFER_REVERSAL_REVIEW^[[39m
targeted	Targeted jest	2026-10-05T17:17:41.4291696Z ^[[31m[Nest] 3046  - ^[[39m03/21/2027, 12:01:10 PM ^[[31m  ERROR^[[39m ^[[38;5;3m[RefundDisputeHandlerService] ^[[39m^[[31mhead-coach transfer reversal needs review refund=a-200 purchase=p-a-200 code=REFUND_TRANSFER_REVERSAL_REVIEW^[[39m
targeted	Targeted jest	2026-10-05T17:17:41.4306628Z ^[[31m[Nest] 3046  - ^[[39m03/21/2027, 12:01:10 PM ^[[31m  ERROR^[[39m ^[[38;5;3m[RefundDisputeHandlerService] ^[[39m^[[31mhead-coach transfer reversal needs review refund=a-201 purchase=p-a-201 code=REFUND_TRANSFER_REVERSAL_REVIEW^[[39m
targeted	Targeted jest	2026-10-05T17:17:41.4321605Z ^[[31m[Nest] 3046  - ^[[39m03/21/2027, 12:01:10 PM ^[[31m  ERROR^[[39m ^[[38;5;3m[RefundDisputeHandlerService] ^[[39m^[[31mhead-coach transfer reversal needs review refund=a-202 purchase=p-a-202 code=REFUND_TRANSFER_REVERSAL_REVIEW^[[39m
targeted	Targeted jest	2026-10-05T17:17:41.4336508Z ^[[31m[Nest] 3046  - ^[[39m03/21/2027, 12:01:10 PM ^[[31m  ERROR^[[39m ^[[38;5;3m[RefundDisputeHandlerService] ^[[39m^[[31mhead-coach transfer reversal needs review refund=a-203 purchase=p-a-203 code=REFUND_TRANSFER_REVERSAL_REVIEW^[[39m
targeted	Targeted jest	2026-10-05T17:17:41.4351509Z ^[[31m[Nest] 3046  - ^[[39m03/21/2027, 12:01:10 PM ^[[31m  ERROR^[[39m ^[[38;5;3m[RefundDisputeHandlerService] ^[[39m^[[31mhead-coach transfer reversal needs review refund=a-204 purchase=p-a-204 code=REFUND_TRANSFER_REVERSAL_REVIEW^[[39m
targeted	Targeted jest	2026-10-05T17:17:41.4366512Z ^[[31m[Nest] 3046  - ^[[39m03/21/2027, 12:01:10 PM ^[[31m  ERROR^[[39m ^[[38;5;3m[RefundDisputeHandlerService] ^[[39m^[[31mhead-coach transfer reversal needs review refund=a-205 purchase=p-a-205 code=REFUND_TRANSFER_REVERSAL_REVIEW^[[39m
targeted	Targeted jest	2026-10-05T17:17:41.4381563Z ^[[31m[Nest] 3046  - ^[[39m03/21/2027, 12:01:10 PM ^[[31m  ERROR^[[39m ^[[38;5;3m[RefundDisputeHandlerService] ^[[39m^[[31mhead-coach transfer reversal needs review refund=a-206 purchase=p-a-206 code=REFUND_TRANSFER_REVERSAL_REVIEW^[[39m
targeted	Targeted jest	2026-10-05T17:17:41.4396531Z ^[[31m[Nest] 3046  - ^[[39m03/21/2027, 12:01:10 PM ^[[31m  ERROR^[[39m ^[[38;5;3m[RefundDisputeHandlerService] ^[[39m^[[31mhead-coach transfer reversal needs review refund=a-207 purchase=p-a-207 code=REFUND_TRANSFER_REVERSAL_REVIEW^[[39m
targeted	Targeted jest	2026-10-05T17:17:41.4411600Z ^[[31m[Nest] 3046  - ^[[39m03/21/2027, 12:01:10 PM ^[[31m  ERROR^[[39m ^[[38;5;3m[RefundDisputeHandlerService] ^[[39m^[[31mhead-coach transfer reversal needs review refund=a-208 purchase=p-a-208 code=REFUND_TRANSFER_REVERSAL_REVIEW^[[39m
targeted	Targeted jest	2026-10-05T17:17:41.4426446Z ^[[31m[Nest] 3046  - ^[[39m03/21/2027, 12:01:10 PM ^[[31m  ERROR^[[39m ^[[38;5;3m[RefundDisputeHandlerService] ^[[39m^[[31mhead-coach transfer reversal needs review refund=a-209 purchase=p-a-209 code=REFUND_TRANSFER_REVERSAL_REVIEW^[[39m
targeted	Targeted jest	2026-10-05T17:17:41.4448903Z ^[[31m[Nest] 3046  - ^[[39m03/21/2027, 12:01:10 PM ^[[31m  ERROR^[[39m ^[[38;5;3m[RefundDisputeHandlerService] ^[[39m^[[31mhead-coach transfer reversal needs review refund=a-210 purchase=p-a-210 code=REFUND_TRANSFER_REVERSAL_REVIEW^[[39m
targeted	Targeted jest	2026-10-05T17:17:41.4464027Z ^[[31m[Nest] 3046  - ^[[39m03/21/2027, 12:01:10 PM ^[[31m  ERROR^[[39m ^[[38;5;3m[RefundDisputeHandlerService] ^[[39m^[[31mhead-coach transfer reversal needs review refund=a-211 purchase=p-a-211 code=REFUND_TRANSFER_REVERSAL_REVIEW^[[39m
targeted	Targeted jest	2026-10-05T17:17:41.4479082Z ^[[31m[Nest] 3046  - ^[[39m03/21/2027, 12:01:10 PM ^[[31m  ERROR^[[39m ^[[38;5;3m[RefundDisputeHandlerService] ^[[39m^[[31mhead-coach transfer reversal needs review refund=a-212 purchase=p-a-212 code=REFUND_TRANSFER_REVERSAL_REVIEW^[[39m
targeted	Targeted jest	2026-10-05T17:17:41.4494551Z ^[[31m[Nest] 3046  - ^[[39m03/21/2027, 12:01:10 PM ^[[31m  ERROR^[[39m ^[[38;5;3m[RefundDisputeHandlerService] ^[[39m^[[31mhead-coach transfer reversal needs review refund=a-213 purchase=p-a-213 code=REFUND_TRANSFER_REVERSAL_REVIEW^[[39m
targeted	Targeted jest	2026-10-05T17:17:41.4509343Z ^[[31m[Nest] 3046  - ^[[39m03/21/2027, 12:01:10 PM ^[[31m  ERROR^[[39m ^[[38;5;3m[RefundDisputeHandlerService] ^[[39m^[[31mhead-coach transfer reversal needs review refund=a-214 purchase=p-a-214 code=REFUND_TRANSFER_REVERSAL_REVIEW^[[39m
targeted	Targeted jest	2026-10-05T17:17:41.4524339Z ^[[31m[Nest] 3046  - ^[[39m03/21/2027, 12:01:10 PM ^[[31m  ERROR^[[39m ^[[38;5;3m[RefundDisputeHandlerService] ^[[39m^[[31mhead-coach transfer reversal needs review refund=a-215 purchase=p-a-215 code=REFUND_TRANSFER_REVERSAL_REVIEW^[[39m
targeted	Targeted jest	2026-10-05T17:17:41.4539389Z ^[[31m[Nest] 3046  - ^[[39m03/21/2027, 12:01:10 PM ^[[31m  ERROR^[[39m ^[[38;5;3m[RefundDisputeHandlerService] ^[[39m^[[31mhead-coach transfer reversal needs review refund=a-216 purchase=p-a-216 code=REFUND_TRANSFER_REVERSAL_REVIEW^[[39m
targeted	Targeted jest	2026-10-05T17:17:41.4554569Z ^[[31m[Nest] 3046  - ^[[39m03/21/2027, 12:01:10 PM ^[[31m  ERROR^[[39m ^[[38;5;3m[RefundDisputeHandlerService] ^[[39m^[[31mhead-coach transfer reversal needs review refund=a-217 purchase=p-a-217 code=REFUND_TRANSFER_REVERSAL_REVIEW^[[39m
targeted	Targeted jest	2026-10-05T17:17:41.4569575Z ^[[31m[Nest] 3046  - ^[[39m03/21/2027, 12:01:10 PM ^[[31m  ERROR^[[39m ^[[38;5;3m[RefundDisputeHandlerService] ^[[39m^[[31mhead-coach transfer reversal needs review refund=a-218 purchase=p-a-218 code=REFUND_TRANSFER_REVERSAL_REVIEW^[[39m
targeted	Targeted jest	2026-10-05T17:17:41.4585545Z ^[[31m[Nest] 3046  - ^[[39m03/21/2027, 12:01:10 PM ^[[31m  ERROR^[[39m ^[[38;5;3m[RefundDisputeHandlerService] ^[[39m^[[31mhead-coach transfer reversal needs review refund=a-219 purchase=p-a-219 code=REFUND_TRANSFER_REVERSAL_REVIEW^[[39m
targeted	Targeted jest	2026-10-05T17:17:41.4600875Z ^[[31m[Nest] 3046  - ^[[39m03/21/2027, 12:01:10 PM ^[[31m  ERROR^[[39m ^[[38;5;3m[RefundDisputeHandlerService] ^[[39m^[[31mhead-coach transfer reversal needs review refund=a-220 purchase=p-a-220 code=REFUND_TRANSFER_REVERSAL_REVIEW^[[39m
targeted	Targeted jest	2026-10-05T17:17:41.4616051Z ^[[31m[Nest] 3046  - ^[[39m03/21/2027, 12:01:10 PM ^[[31m  ERROR^[[39m ^[[38;5;3m[RefundDisputeHandlerService] ^[[39m^[[31mhead-coach transfer reversal needs review refund=a-221 purchase=p-a-221 code=REFUND_TRANSFER_REVERSAL_REVIEW^[[39m
targeted	Targeted jest	2026-10-05T17:17:41.4631251Z ^[[31m[Nest] 3046  - ^[[39m03/21/2027, 12:01:10 PM ^[[31m  ERROR^[[39m ^[[38;5;3m[RefundDisputeHandlerService] ^[[39m^[[31mhead-coach transfer reversal needs review refund=a-222 purchase=p-a-222 code=REFUND_TRANSFER_REVERSAL_REVIEW^[[39m
targeted	Targeted jest	2026-10-05T17:17:41.4647024Z ^[[31m[Nest] 3046  - ^[[39m03/21/2027, 12:01:10 PM ^[[31m  ERROR^[[39m ^[[38;5;3m[RefundDisputeHandlerService] ^[[39m^[[31mhead-coach transfer reversal needs review refund=a-223 purchase=p-a-223 code=REFUND_TRANSFER_REVERSAL_REVIEW^[[39m
targeted	Targeted jest	2026-10-05T17:17:41.4662315Z ^[[31m[Nest] 3046  - ^[[39m03/21/2027, 12:01:10 PM ^[[31m  ERROR^[[39m ^[[38;5;3m[RefundDisputeHandlerService] ^[[39m^[[31mhead-coach transfer reversal needs review refund=a-224 purchase=p-a-224 code=REFUND_TRANSFER_REVERSAL_REVIEW^[[39m
targeted	Targeted jest	2026-10-05T17:17:41.4677689Z ^[[31m[Nest] 3046  - ^[[39m03/21/2027, 12:01:10 PM ^[[31m  ERROR^[[39m ^[[38;5;3m[RefundDisputeHandlerService] ^[[39m^[[31mhead-coach transfer reversal needs review refund=a-225 purchase=p-a-225 code=REFUND_TRANSFER_REVERSAL_REVIEW^[[39m
targeted	Targeted jest	2026-10-05T17:17:41.4693163Z ^[[31m[Nest] 3046  - ^[[39m03/21/2027, 12:01:10 PM ^[[31m  ERROR^[[39m ^[[38;5;3m[RefundDisputeHandlerService] ^[[39m^[[31mhead-coach transfer reversal needs review refund=a-226 purchase=p-a-226 code=REFUND_TRANSFER_REVERSAL_REVIEW^[[39m
targeted	Targeted jest	2026-10-05T17:17:41.4708407Z ^[[31m[Nest] 3046  - ^[[39m03/21/2027, 12:01:10 PM ^[[31m  ERROR^[[39m ^[[38;5;3m[RefundDisputeHandlerService] ^[[39m^[[31mhead-coach transfer reversal needs review refund=a-227 purchase=p-a-227 code=REFUND_TRANSFER_REVERSAL_REVIEW^[[39m
targeted	Targeted jest	2026-10-05T17:17:41.4723766Z ^[[31m[Nest] 3046  - ^[[39m03/21/2027, 12:01:10 PM ^[[31m  ERROR^[[39m ^[[38;5;3m[RefundDisputeHandlerService] ^[[39m^[[31mhead-coach transfer reversal needs review refund=a-228 purchase=p-a-228 code=REFUND_TRANSFER_REVERSAL_REVIEW^[[39m
targeted	Targeted jest	2026-10-05T17:17:41.4739113Z ^[[31m[Nest] 3046  - ^[[39m03/21/2027, 12:01:10 PM ^[[31m  ERROR^[[39m ^[[38;5;3m[RefundDisputeHandlerService] ^[[39m^[[31mhead-coach transfer reversal needs review refund=a-229 purchase=p-a-229 code=REFUND_TRANSFER_REVERSAL_REVIEW^[[39m
targeted	Targeted jest	2026-10-05T17:17:41.4754577Z ^[[31m[Nest] 3046  - ^[[39m03/21/2027, 12:01:10 PM ^[[31m  ERROR^[[39m ^[[38;5;3m[RefundDisputeHandlerService] ^[[39m^[[31mhead-coach transfer reversal needs review refund=a-230 purchase=p-a-230 code=REFUND_TRANSFER_REVERSAL_REVIEW^[[39m
targeted	Targeted jest	2026-10-05T17:17:41.4770013Z ^[[31m[Nest] 3046  - ^[[39m03/21/2027, 12:01:10 PM ^[[31m  ERROR^[[39m ^[[38;5;3m[RefundDisputeHandlerService] ^[[39m^[[31mhead-coach transfer reversal needs review refund=a-231 purchase=p-a-231 code=REFUND_TRANSFER_REVERSAL_REVIEW^[[39m
targeted	Targeted jest	2026-10-05T17:17:41.4785515Z ^[[31m[Nest] 3046  - ^[[39m03/21/2027, 12:01:10 PM ^[[31m  ERROR^[[39m ^[[38;5;3m[RefundDisputeHandlerService] ^[[39m^[[31mhead-coach transfer reversal needs review refund=a-232 purchase=p-a-232 code=REFUND_TRANSFER_REVERSAL_REVIEW^[[39m
targeted	Targeted jest	2026-10-05T17:17:41.4801096Z ^[[31m[Nest] 3046  - ^[[39m03/21/2027, 12:01:10 PM ^[[31m  ERROR^[[39m ^[[38;5;3m[RefundDisputeHandlerService] ^[[39m^[[31mhead-coach transfer reversal needs review refund=a-233 purchase=p-a-233 code=REFUND_TRANSFER_REVERSAL_REVIEW^[[39m
targeted	Targeted jest	2026-10-05T17:17:41.4816314Z ^[[31m[Nest] 3046  - ^[[39m03/21/2027, 12:01:10 PM ^[[31m  ERROR^[[39m ^[[38;5;3m[RefundDisputeHandlerService] ^[[39m^[[31mhead-coach transfer reversal needs review refund=a-234 purchase=p-a-234 code=REFUND_TRANSFER_REVERSAL_REVIEW^[[39m
targeted	Targeted jest	2026-10-05T17:17:41.4831891Z ^[[31m[Nest] 3046  - ^[[39m03/21/2027, 12:01:10 PM ^[[31m  ERROR^[[39m ^[[38;5;3m[RefundDisputeHandlerService] ^[[39m^[[31mhead-coach transfer reversal needs review refund=a-235 purchase=p-a-235 code=REFUND_TRANSFER_REVERSAL_REVIEW^[[39m
targeted	Targeted jest	2026-10-05T17:17:41.4855716Z ^[[31m[Nest] 3046  - ^[[39m03/21/2027, 12:01:10 PM ^[[31m  ERROR^[[39m ^[[38;5;3m[RefundDisputeHandlerService] ^[[39m^[[31mhead-coach transfer reversal needs review refund=a-236 purchase=p-a-236 code=REFUND_TRANSFER_REVERSAL_REVIEW^[[39m
targeted	Targeted jest	2026-10-05T17:17:41.4871333Z ^[[31m[Nest] 3046  - ^[[39m03/21/2027, 12:01:10 PM ^[[31m  ERROR^[[39m ^[[38;5;3m[RefundDisputeHandlerService] ^[[39m^[[31mhead-coach transfer reversal needs review refund=a-237 purchase=p-a-237 code=REFUND_TRANSFER_REVERSAL_REVIEW^[[39m
targeted	Targeted jest	2026-10-05T17:17:41.4887490Z ^[[31m[Nest] 3046  - ^[[39m03/21/2027, 12:01:10 PM ^[[31m  ERROR^[[39m ^[[38;5;3m[RefundDisputeHandlerService] ^[[39m^[[31mhead-coach transfer reversal needs review refund=a-238 purchase=p-a-238 code=REFUND_TRANSFER_REVERSAL_REVIEW^[[39m
targeted	Targeted jest	2026-10-05T17:17:41.4903138Z ^[[31m[Nest] 3046  - ^[[39m03/21/2027, 12:01:10 PM ^[[31m  ERROR^[[39m ^[[38;5;3m[RefundDisputeHandlerService] ^[[39m^[[31mhead-coach transfer reversal needs review refund=a-239 purchase=p-a-239 code=REFUND_TRANSFER_REVERSAL_REVIEW^[[39m
targeted	Targeted jest	2026-10-05T17:17:41.4918669Z ^[[31m[Nest] 3046  - ^[[39m03/21/2027, 12:01:10 PM ^[[31m  ERROR^[[39m ^[[38;5;3m[RefundDisputeHandlerService] ^[[39m^[[31mhead-coach transfer reversal needs review refund=a-240 purchase=p-a-240 code=REFUND_TRANSFER_REVERSAL_REVIEW^[[39m
targeted	Targeted jest	2026-10-05T17:17:41.4934380Z ^[[31m[Nest] 3046  - ^[[39m03/21/2027, 12:01:10 PM ^[[31m  ERROR^[[39m ^[[38;5;3m[RefundDisputeHandlerService] ^[[39m^[[31mhead-coach transfer reversal needs review refund=a-241 purchase=p-a-241 code=REFUND_TRANSFER_REVERSAL_REVIEW^[[39m
targeted	Targeted jest	2026-10-05T17:17:41.4949878Z ^[[31m[Nest] 3046  - ^[[39m03/21/2027, 12:01:10 PM ^[[31m  ERROR^[[39m ^[[38;5;3m[RefundDisputeHandlerService] ^[[39m^[[31mhead-coach transfer reversal needs review refund=a-242 purchase=p-a-242 code=REFUND_TRANSFER_REVERSAL_REVIEW^[[39m
targeted	Targeted jest	2026-10-05T17:17:41.4965585Z ^[[31m[Nest] 3046  - ^[[39m03/21/2027, 12:01:10 PM ^[[31m  ERROR^[[39m ^[[38;5;3m[RefundDisputeHandlerService] ^[[39m^[[31mhead-coach transfer reversal needs review refund=a-243 purchase=p-a-243 code=REFUND_TRANSFER_REVERSAL_REVIEW^[[39m
targeted	Targeted jest	2026-10-05T17:17:41.4981398Z ^[[31m[Nest] 3046  - ^[[39m03/21/2027, 12:01:10 PM ^[[31m  ERROR^[[39m ^[[38;5;3m[RefundDisputeHandlerService] ^[[39m^[[31mhead-coach transfer reversal needs review refund=a-244 purchase=p-a-244 code=REFUND_TRANSFER_REVERSAL_REVIEW^[[39m
targeted	Targeted jest	2026-10-05T17:17:41.4997177Z ^[[31m[Nest] 3046  - ^[[39m03/21/2027, 12:01:10 PM ^[[31m  ERROR^[[39m ^[[38;5;3m[RefundDisputeHandlerService] ^[[39m^[[31mhead-coach transfer reversal needs review refund=a-245 purchase=p-a-245 code=REFUND_TRANSFER_REVERSAL_REVIEW^[[39m
targeted	Targeted jest	2026-10-05T17:17:41.5012872Z ^[[31m[Nest] 3046  - ^[[39m03/21/2027, 12:01:10 PM ^[[31m  ERROR^[[39m ^[[38;5;3m[RefundDisputeHandlerService] ^[[39m^[[31mhead-coach transfer reversal needs review refund=a-246 purchase=p-a-246 code=REFUND_TRANSFER_REVERSAL_REVIEW^[[39m
targeted	Targeted jest	2026-10-05T17:17:41.5028666Z ^[[31m[Nest] 3046  - ^[[39m03/21/2027, 12:01:10 PM ^[[31m  ERROR^[[39m ^[[38;5;3m[RefundDisputeHandlerService] ^[[39m^[[31mhead-coach transfer reversal needs review refund=a-247 purchase=p-a-247 code=REFUND_TRANSFER_REVERSAL_REVIEW^[[39m
targeted	Targeted jest	2026-10-05T17:17:41.5044487Z ^[[31m[Nest] 3046  - ^[[39m03/21/2027, 12:01:10 PM ^[[31m  ERROR^[[39m ^[[38;5;3m[RefundDisputeHandlerService] ^[[39m^[[31mhead-coach transfer reversal needs review refund=a-248 purchase=p-a-248 code=REFUND_TRANSFER_REVERSAL_REVIEW^[[39m
targeted	Targeted jest	2026-10-05T17:17:41.5060200Z ^[[31m[Nest] 3046  - ^[[39m03/21/2027, 12:01:10 PM ^[[31m  ERROR^[[39m ^[[38;5;3m[RefundDisputeHandlerService] ^[[39m^[[31mhead-coach transfer reversal needs review refund=a-249 purchase=p-a-249 code=REFUND_TRANSFER_REVERSAL_REVIEW^[[39m
targeted	Targeted jest	2026-10-05T17:17:41.5087991Z ^[[31m[Nest] 3046  - ^[[39m03/21/2027, 12:01:10 PM ^[[31m  ERROR^[[39m ^[[38;5;3m[RefundDisputeHandlerService] ^[[39m^[[31mhead-coach transfer reversal needs review refund=a-250 purchase=p-a-250 code=REFUND_TRANSFER_REVERSAL_REVIEW^[[39m
targeted	Targeted jest	2026-10-05T17:17:41.5103978Z ^[[31m[Nest] 3046  - ^[[39m03/21/2027, 12:01:10 PM ^[[31m  ERROR^[[39m ^[[38;5;3m[RefundDisputeHandlerService] ^[[39m^[[31mhead-coach transfer reversal needs review refund=a-251 purchase=p-a-251 code=REFUND_TRANSFER_REVERSAL_REVIEW^[[39m
targeted	Targeted jest	2026-10-05T17:17:41.5119711Z ^[[31m[Nest] 3046  - ^[[39m03/21/2027, 12:01:10 PM ^[[31m  ERROR^[[39m ^[[38;5;3m[RefundDisputeHandlerService] ^[[39m^[[31mhead-coach transfer reversal needs review refund=a-252 purchase=p-a-252 code=REFUND_TRANSFER_REVERSAL_REVIEW^[[39m
targeted	Targeted jest	2026-10-05T17:17:41.5135655Z ^[[31m[Nest] 3046  - ^[[39m03/21/2027, 12:01:10 PM ^[[31m  ERROR^[[39m ^[[38;5;3m[RefundDisputeHandlerService] ^[[39m^[[31mhead-coach transfer reversal needs review refund=a-253 purchase=p-a-253 code=REFUND_TRANSFER_REVERSAL_REVIEW^[[39m
targeted	Targeted jest	2026-10-05T17:17:41.5151535Z ^[[31m[Nest] 3046  - ^[[39m03/21/2027, 12:01:10 PM ^[[31m  ERROR^[[39m ^[[38;5;3m[RefundDisputeHandlerService] ^[[39m^[[31mhead-coach transfer reversal needs review refund=a-254 purchase=p-a-254 code=REFUND_TRANSFER_REVERSAL_REVIEW^[[39m
targeted	Targeted jest	2026-10-05T17:17:41.5167466Z ^[[31m[Nest] 3046  - ^[[39m03/21/2027, 12:01:10 PM ^[[31m  ERROR^[[39m ^[[38;5;3m[RefundDisputeHandlerService] ^[[39m^[[31mhead-coach transfer reversal needs review refund=a-255 purchase=p-a-255 code=REFUND_TRANSFER_REVERSAL_REVIEW^[[39m
targeted	Targeted jest	2026-10-05T17:17:41.5183451Z ^[[31m[Nest] 3046  - ^[[39m03/21/2027, 12:01:10 PM ^[[31m  ERROR^[[39m ^[[38;5;3m[RefundDisputeHandlerService] ^[[39m^[[31mhead-coach transfer reversal needs review refund=a-256 purchase=p-a-256 code=REFUND_TRANSFER_REVERSAL_REVIEW^[[39m
targeted	Targeted jest	2026-10-05T17:17:41.5199192Z ^[[31m[Nest] 3046  - ^[[39m03/21/2027, 12:01:10 PM ^[[31m  ERROR^[[39m ^[[38;5;3m[RefundDisputeHandlerService] ^[[39m^[[31mhead-coach transfer reversal needs review refund=a-257 purchase=p-a-257 code=REFUND_TRANSFER_REVERSAL_REVIEW^[[39m
targeted	Targeted jest	2026-10-05T17:17:41.5215300Z ^[[31m[Nest] 3046  - ^[[39m03/21/2027, 12:01:10 PM ^[[31m  ERROR^[[39m ^[[38;5;3m[RefundDisputeHandlerService] ^[[39m^[[31mhead-coach transfer reversal needs review refund=a-258 purchase=p-a-258 code=REFUND_TRANSFER_REVERSAL_REVIEW^[[39m
targeted	Targeted jest	2026-10-05T17:17:41.5231202Z ^[[31m[Nest] 3046  - ^[[39m03/21/2027, 12:01:10 PM ^[[31m  ERROR^[[39m ^[[38;5;3m[RefundDisputeHandlerService] ^[[39m^[[31mhead-coach transfer reversal needs review refund=a-259 purchase=p-a-259 code=REFUND_TRANSFER_REVERSAL_REVIEW^[[39m
targeted	Targeted jest	2026-10-05T17:17:41.5247262Z ^[[31m[Nest] 3046  - ^[[39m03/21/2027, 12:01:10 PM ^[[31m  ERROR^[[39m ^[[38;5;3m[RefundDisputeHandlerService] ^[[39m^[[31mhead-coach transfer reversal needs review refund=a-260 purchase=p-a-260 code=REFUND_TRANSFER_REVERSAL_REVIEW^[[39m
targeted	Targeted jest	2026-10-05T17:17:41.5270372Z ^[[31m[Nest] 3046  - ^[[39m03/21/2027, 12:01:10 PM ^[[31m  ERROR^[[39m ^[[38;5;3m[RefundDisputeHandlerService] ^[[39m^[[31mhead-coach transfer reversal needs review refund=a-261 purchase=p-a-261 code=REFUND_TRANSFER_REVERSAL_REVIEW^[[39m
targeted	Targeted jest	2026-10-05T17:17:41.5286506Z ^[[31m[Nest] 3046  - ^[[39m03/21/2027, 12:01:10 PM ^[[31m  ERROR^[[39m ^[[38;5;3m[RefundDisputeHandlerService] ^[[39m^[[31mhead-coach transfer reversal needs review refund=a-262 purchase=p-a-262 code=REFUND_TRANSFER_REVERSAL_REVIEW^[[39m
targeted	Targeted jest	2026-10-05T17:17:41.5302556Z ^[[31m[Nest] 3046  - ^[[39m03/21/2027, 12:01:10 PM ^[[31m  ERROR^[[39m ^[[38;5;3m[RefundDisputeHandlerService] ^[[39m^[[31mhead-coach transfer reversal needs review refund=a-263 purchase=p-a-263 code=REFUND_TRANSFER_REVERSAL_REVIEW^[[39m
targeted	Targeted jest	2026-10-05T17:17:41.5318605Z ^[[31m[Nest] 3046  - ^[[39m03/21/2027, 12:01:10 PM ^[[31m  ERROR^[[39m ^[[38;5;3m[RefundDisputeHandlerService] ^[[39m^[[31mhead-coach transfer reversal needs review refund=a-264 purchase=p-a-264 code=REFUND_TRANSFER_REVERSAL_REVIEW^[[39m
targeted	Targeted jest	2026-10-05T17:17:41.5334638Z ^[[31m[Nest] 3046  - ^[[39m03/21/2027, 12:01:10 PM ^[[31m  ERROR^[[39m ^[[38;5;3m[RefundDisputeHandlerService] ^[[39m^[[31mhead-coach transfer reversal needs review refund=a-265 purchase=p-a-265 code=REFUND_TRANSFER_REVERSAL_REVIEW^[[39m
targeted	Targeted jest	2026-10-05T17:17:41.5350864Z ^[[31m[Nest] 3046  - ^[[39m03/21/2027, 12:01:10 PM ^[[31m  ERROR^[[39m ^[[38;5;3m[RefundDisputeHandlerService] ^[[39m^[[31mhead-coach transfer reversal needs review refund=a-266 purchase=p-a-266 code=REFUND_TRANSFER_REVERSAL_REVIEW^[[39m
targeted	Targeted jest	2026-10-05T17:17:41.5366935Z ^[[31m[Nest] 3046  - ^[[39m03/21/2027, 12:01:10 PM ^[[31m  ERROR^[[39m ^[[38;5;3m[RefundDisputeHandlerService] ^[[39m^[[31mhead-coach transfer reversal needs review refund=a-267 purchase=p-a-267 code=REFUND_TRANSFER_REVERSAL_REVIEW^[[39m
targeted	Targeted jest	2026-10-05T17:17:41.5383030Z ^[[31m[Nest] 3046  - ^[[39m03/21/2027, 12:01:10 PM ^[[31m  ERROR^[[39m ^[[38;5;3m[RefundDisputeHandlerService] ^[[39m^[[31mhead-coach transfer reversal needs review refund=a-268 purchase=p-a-268 code=REFUND_TRANSFER_REVERSAL_REVIEW^[[39m
targeted	Targeted jest	2026-10-05T17:17:41.5399181Z ^[[31m[Nest] 3046  - ^[[39m03/21/2027, 12:01:10 PM ^[[31m  ERROR^[[39m ^[[38;5;3m[RefundDisputeHandlerService] ^[[39m^[[31mhead-coach transfer reversal needs review refund=a-269 purchase=p-a-269 code=REFUND_TRANSFER_REVERSAL_REVIEW^[[39m
targeted	Targeted jest	2026-10-05T17:17:41.5422884Z ^[[31m[Nest] 3046  - ^[[39m03/21/2027, 12:01:10 PM ^[[31m  ERROR^[[39m ^[[38;5;3m[RefundDisputeHandlerService] ^[[39m^[[31mhead-coach transfer reversal needs review refund=a-270 purchase=p-a-270 code=REFUND_TRANSFER_REVERSAL_REVIEW^[[39m
targeted	Targeted jest	2026-10-05T17:17:41.5439547Z ^[[31m[Nest] 3046  - ^[[39m03/21/2027, 12:01:10 PM ^[[31m  ERROR^[[39m ^[[38;5;3m[RefundDisputeHandlerService] ^[[39m^[[31mhead-coach transfer reversal needs review refund=a-271 purchase=p-a-271 code=REFUND_TRANSFER_REVERSAL_REVIEW^[[39m
targeted	Targeted jest	2026-10-05T17:17:41.5456536Z ^[[31m[Nest] 3046  - ^[[39m03/21/2027, 12:01:10 PM ^[[31m  ERROR^[[39m ^[[38;5;3m[RefundDisputeHandlerService] ^[[39m^[[31mhead-coach transfer reversal needs review refund=a-272 purchase=p-a-272 code=REFUND_TRANSFER_REVERSAL_REVIEW^[[39m
targeted	Targeted jest	2026-10-05T17:17:41.5473421Z ^[[31m[Nest] 3046  - ^[[39m03/21/2027, 12:01:10 PM ^[[31m  ERROR^[[39m ^[[38;5;3m[RefundDisputeHandlerService] ^[[39m^[[31mhead-coach transfer reversal needs review refund=a-273 purchase=p-a-273 code=REFUND_TRANSFER_REVERSAL_REVIEW^[[39m
targeted	Targeted jest	2026-10-05T17:17:41.5489699Z ^[[31m[Nest] 3046  - ^[[39m03/21/2027, 12:01:10 PM ^[[31m  ERROR^[[39m ^[[38;5;3m[RefundDisputeHandlerService] ^[[39m^[[31mhead-coach transfer reversal needs review refund=a-274 purchase=p-a-274 code=REFUND_TRANSFER_REVERSAL_REVIEW^[[39m
targeted	Targeted jest	2026-10-05T17:17:41.5506246Z ^[[31m[Nest] 3046  - ^[[39m03/21/2027, 12:01:10 PM ^[[31m  ERROR^[[39m ^[[38;5;3m[RefundDisputeHandlerService] ^[[39m^[[31mhead-coach transfer reversal needs review refund=a-275 purchase=p-a-275 code=REFUND_TRANSFER_REVERSAL_REVIEW^[[39m
targeted	Targeted jest	2026-10-05T17:17:41.5522604Z ^[[31m[Nest] 3046  - ^[[39m03/21/2027, 12:01:10 PM ^[[31m  ERROR^[[39m ^[[38;5;3m[RefundDisputeHandlerService] ^[[39m^[[31mhead-coach transfer reversal needs review refund=a-276 purchase=p-a-276 code=REFUND_TRANSFER_REVERSAL_REVIEW^[[39m
targeted	Targeted jest	2026-10-05T17:17:41.5538921Z ^[[31m[Nest] 3046  - ^[[39m03/21/2027, 12:01:10 PM ^[[31m  ERROR^[[39m ^[[38;5;3m[RefundDisputeHandlerService] ^[[39m^[[31mhead-coach transfer reversal needs review refund=a-277 purchase=p-a-277 code=REFUND_TRANSFER_REVERSAL_REVIEW^[[39m
targeted	Targeted jest	2026-10-05T17:17:41.5555489Z ^[[31m[Nest] 3046  - ^[[39m03/21/2027, 12:01:10 PM ^[[31m  ERROR^[[39m ^[[38;5;3m[RefundDisputeHandlerService] ^[[39m^[[31mhead-coach transfer reversal needs review refund=a-278 purchase=p-a-278 code=REFUND_TRANSFER_REVERSAL_REVIEW^[[39m
targeted	Targeted jest	2026-10-05T17:17:41.5571970Z ^[[31m[Nest] 3046  - ^[[39m03/21/2027, 12:01:10 PM ^[[31m  ERROR^[[39m ^[[38;5;3m[RefundDisputeHandlerService] ^[[39m^[[31mhead-coach transfer reversal needs review refund=a-279 purchase=p-a-279 code=REFUND_TRANSFER_REVERSAL_REVIEW^[[39m
targeted	Targeted jest	2026-10-05T17:17:41.5588336Z ^[[31m[Nest] 3046  - ^[[39m03/21/2027, 12:01:10 PM ^[[31m  ERROR^[[39m ^[[38;5;3m[RefundDisputeHandlerService] ^[[39m^[[31mhead-coach transfer reversal needs review refund=a-280 purchase=p-a-280 code=REFUND_TRANSFER_REVERSAL_REVIEW^[[39m
targeted	Targeted jest	2026-10-05T17:17:41.5604679Z ^[[31m[Nest] 3046  - ^[[39m03/21/2027, 12:01:10 PM ^[[31m  ERROR^[[39m ^[[38;5;3m[RefundDisputeHandlerService] ^[[39m^[[31mhead-coach transfer reversal needs review refund=a-281 purchase=p-a-281 code=REFUND_TRANSFER_REVERSAL_REVIEW^[[39m
targeted	Targeted jest	2026-10-05T17:17:41.5621209Z ^[[31m[Nest] 3046  - ^[[39m03/21/2027, 12:01:10 PM ^[[31m  ERROR^[[39m ^[[38;5;3m[RefundDisputeHandlerService] ^[[39m^[[31mhead-coach transfer reversal needs review refund=a-282 purchase=p-a-282 code=REFUND_TRANSFER_REVERSAL_REVIEW^[[39m
targeted	Targeted jest	2026-10-05T17:17:41.5637727Z ^[[31m[Nest] 3046  - ^[[39m03/21/2027, 12:01:10 PM ^[[31m  ERROR^[[39m ^[[38;5;3m[RefundDisputeHandlerService] ^[[39m^[[31mhead-coach transfer reversal needs review refund=a-283 purchase=p-a-283 code=REFUND_TRANSFER_REVERSAL_REVIEW^[[39m
targeted	Targeted jest	2026-10-05T17:17:41.5654128Z ^[[31m[Nest] 3046  - ^[[39m03/21/2027, 12:01:10 PM ^[[31m  ERROR^[[39m ^[[38;5;3m[RefundDisputeHandlerService] ^[[39m^[[31mhead-coach transfer reversal needs review refund=a-284 purchase=p-a-284 code=REFUND_TRANSFER_REVERSAL_REVIEW^[[39m
targeted	Targeted jest	2026-10-05T17:17:41.5670816Z ^[[31m[Nest] 3046  - ^[[39m03/21/2027, 12:01:10 PM ^[[31m  ERROR^[[39m ^[[38;5;3m[RefundDisputeHandlerService] ^[[39m^[[31mhead-coach transfer reversal needs review refund=a-285 purchase=p-a-285 code=REFUND_TRANSFER_REVERSAL_REVIEW^[[39m
targeted	Targeted jest	2026-10-05T17:17:41.5695180Z ^[[31m[Nest] 3046  - ^[[39m03/21/2027, 12:01:10 PM ^[[31m  ERROR^[[39m ^[[38;5;3m[RefundDisputeHandlerService] ^[[39m^[[31mhead-coach transfer reversal needs review refund=a-286 purchase=p-a-286 code=REFUND_TRANSFER_REVERSAL_REVIEW^[[39m
targeted	Targeted jest	2026-10-05T17:17:41.5711894Z ^[[31m[Nest] 3046  - ^[[39m03/21/2027, 12:01:10 PM ^[[31m  ERROR^[[39m ^[[38;5;3m[RefundDisputeHandlerService] ^[[39m^[[31mhead-coach transfer reversal needs review refund=a-287 purchase=p-a-287 code=REFUND_TRANSFER_REVERSAL_REVIEW^[[39m
targeted	Targeted jest	2026-10-05T17:17:41.5728442Z ^[[31m[Nest] 3046  - ^[[39m03/21/2027, 12:01:10 PM ^[[31m  ERROR^[[39m ^[[38;5;3m[RefundDisputeHandlerService] ^[[39m^[[31mhead-coach transfer reversal needs review refund=a-288 purchase=p-a-288 code=REFUND_TRANSFER_REVERSAL_REVIEW^[[39m
targeted	Targeted jest	2026-10-05T17:17:41.5745065Z ^[[31m[Nest] 3046  - ^[[39m03/21/2027, 12:01:10 PM ^[[31m  ERROR^[[39m ^[[38;5;3m[RefundDisputeHandlerService] ^[[39m^[[31mhead-coach transfer reversal needs review refund=a-289 purchase=p-a-289 code=REFUND_TRANSFER_REVERSAL_REVIEW^[[39m
targeted	Targeted jest	2026-10-05T17:17:41.5761645Z ^[[31m[Nest] 3046  - ^[[39m03/21/2027, 12:01:10 PM ^[[31m  ERROR^[[39m ^[[38;5;3m[RefundDisputeHandlerService] ^[[39m^[[31mhead-coach transfer reversal needs review refund=a-290 purchase=p-a-290 code=REFUND_TRANSFER_REVERSAL_REVIEW^[[39m
targeted	Targeted jest	2026-10-05T17:17:41.5778231Z ^[[31m[Nest] 3046  - ^[[39m03/21/2027, 12:01:10 PM ^[[31m  ERROR^[[39m ^[[38;5;3m[RefundDisputeHandlerService] ^[[39m^[[31mhead-coach transfer reversal needs review refund=a-291 purchase=p-a-291 code=REFUND_TRANSFER_REVERSAL_REVIEW^[[39m
targeted	Targeted jest	2026-10-05T17:17:41.5794856Z ^[[31m[Nest] 3046  - ^[[39m03/21/2027, 12:01:10 PM ^[[31m  ERROR^[[39m ^[[38;5;3m[RefundDisputeHandlerService] ^[[39m^[[31mhead-coach transfer reversal needs review refund=a-292 purchase=p-a-292 code=REFUND_TRANSFER_REVERSAL_REVIEW^[[39m
targeted	Targeted jest	2026-10-05T17:17:41.5811585Z ^[[31m[Nest] 3046  - ^[[39m03/21/2027, 12:01:10 PM ^[[31m  ERROR^[[39m ^[[38;5;3m[RefundDisputeHandlerService] ^[[39m^[[31mhead-coach transfer reversal needs review refund=a-293 purchase=p-a-293 code=REFUND_TRANSFER_REVERSAL_REVIEW^[[39m
targeted	Targeted jest	2026-10-05T17:17:41.5828290Z ^[[31m[Nest] 3046  - ^[[39m03/21/2027, 12:01:10 PM ^[[31m  ERROR^[[39m ^[[38;5;3m[RefundDisputeHandlerService] ^[[39m^[[31mhead-coach transfer reversal needs review refund=a-294 purchase=p-a-294 code=REFUND_TRANSFER_REVERSAL_REVIEW^[[39m
targeted	Targeted jest	2026-10-05T17:17:41.5844931Z ^[[31m[Nest] 3046  - ^[[39m03/21/2027, 12:01:10 PM ^[[31m  ERROR^[[39m ^[[38;5;3m[RefundDisputeHandlerService] ^[[39m^[[31mhead-coach transfer reversal needs review refund=a-295 purchase=p-a-295 code=REFUND_TRANSFER_REVERSAL_REVIEW^[[39m
targeted	Targeted jest	2026-10-05T17:17:41.5863790Z ^[[31m[Nest] 3046  - ^[[39m03/21/2027, 12:01:10 PM ^[[31m  ERROR^[[39m ^[[38;5;3m[RefundDisputeHandlerService] ^[[39m^[[31mhead-coach transfer reversal needs review refund=a-296 purchase=p-a-296 code=REFUND_TRANSFER_REVERSAL_REVIEW^[[39m
targeted	Targeted jest	2026-10-05T17:17:41.5880844Z ^[[31m[Nest] 3046  - ^[[39m03/21/2027, 12:01:10 PM ^[[31m  ERROR^[[39m ^[[38;5;3m[RefundDisputeHandlerService] ^[[39m^[[31mhead-coach transfer reversal needs review refund=a-297 purchase=p-a-297 code=REFUND_TRANSFER_REVERSAL_REVIEW^[[39m
targeted	Targeted jest	2026-10-05T17:17:41.5897438Z ^[[31m[Nest] 3046  - ^[[39m03/21/2027, 12:01:10 PM ^[[31m  ERROR^[[39m ^[[38;5;3m[RefundDisputeHandlerService] ^[[39m^[[31mhead-coach transfer reversal needs review refund=a-298 purchase=p-a-298 code=REFUND_TRANSFER_REVERSAL_REVIEW^[[39m
targeted	Targeted jest	2026-10-05T17:17:41.5914259Z ^[[31m[Nest] 3046  - ^[[39m03/21/2027, 12:01:10 PM ^[[31m  ERROR^[[39m ^[[38;5;3m[RefundDisputeHandlerService] ^[[39m^[[31mhead-coach transfer reversal needs review refund=a-299 purchase=p-a-299 code=REFUND_TRANSFER_REVERSAL_REVIEW^[[39m
targeted	Targeted jest	2026-10-05T17:17:41.5940640Z ^[[31m[Nest] 3046  - ^[[39m03/21/2027, 12:01:10 PM ^[[31m  ERROR^[[39m ^[[38;5;3m[RefundDisputeHandlerService] ^[[39m^[[31mhead-coach transfer reversal needs review refund=a-300 purchase=p-a-300 code=REFUND_TRANSFER_REVERSAL_REVIEW^[[39m
targeted	Targeted jest	2026-10-05T17:17:41.5957404Z ^[[31m[Nest] 3046  - ^[[39m03/21/2027, 12:01:10 PM ^[[31m  ERROR^[[39m ^[[38;5;3m[RefundDisputeHandlerService] ^[[39m^[[31mhead-coach transfer reversal needs review refund=a-301 purchase=p-a-301 code=REFUND_TRANSFER_REVERSAL_REVIEW^[[39m
targeted	Targeted jest	2026-10-05T17:17:41.5974325Z ^[[31m[Nest] 3046  - ^[[39m03/21/2027, 12:01:10 PM ^[[31m  ERROR^[[39m ^[[38;5;3m[RefundDisputeHandlerService] ^[[39m^[[31mhead-coach transfer reversal needs review refund=a-302 purchase=p-a-302 code=REFUND_TRANSFER_REVERSAL_REVIEW^[[39m
targeted	Targeted jest	2026-10-05T17:17:41.5991322Z ^[[31m[Nest] 3046  - ^[[39m03/21/2027, 12:01:10 PM ^[[31m  ERROR^[[39m ^[[38;5;3m[RefundDisputeHandlerService] ^[[39m^[[31mhead-coach transfer reversal needs review refund=a-303 purchase=p-a-303 code=REFUND_TRANSFER_REVERSAL_REVIEW^[[39m
targeted	Targeted jest	2026-10-05T17:17:41.6009353Z ^[[31m[Nest] 3046  - ^[[39m03/21/2027, 12:01:10 PM ^[[31m  ERROR^[[39m ^[[38;5;3m[RefundDisputeHandlerService] ^[[39m^[[31mhead-coach transfer reversal needs review refund=a-304 purchase=p-a-304 code=REFUND_TRANSFER_REVERSAL_REVIEW^[[39m
targeted	Targeted jest	2026-10-05T17:17:41.6034744Z ^[[31m[Nest] 3046  - ^[[39m03/21/2027, 12:01:10 PM ^[[31m  ERROR^[[39m ^[[38;5;3m[RefundDisputeHandlerService] ^[[39m^[[31mhead-coach transfer reversal needs review refund=a-305 purchase=p-a-305 code=REFUND_TRANSFER_REVERSAL_REVIEW^[[39m
targeted	Targeted jest	2026-10-05T17:17:41.6051717Z ^[[31m[Nest] 3046  - ^[[39m03/21/2027, 12:01:10 PM ^[[31m  ERROR^[[39m ^[[38;5;3m[RefundDisputeHandlerService] ^[[39m^[[31mhead-coach transfer reversal needs review refund=a-306 purchase=p-a-306 code=REFUND_TRANSFER_REVERSAL_REVIEW^[[39m
targeted	Targeted jest	2026-10-05T17:17:41.6069048Z ^[[31m[Nest] 3046  - ^[[39m03/21/2027, 12:01:10 PM ^[[31m  ERROR^[[39m ^[[38;5;3m[RefundDisputeHandlerService] ^[[39m^[[31mhead-coach transfer reversal needs review refund=a-307 purchase=p-a-307 code=REFUND_TRANSFER_REVERSAL_REVIEW^[[39m
targeted	Targeted jest	2026-10-05T17:17:41.6086229Z ^[[31m[Nest] 3046  - ^[[39m03/21/2027, 12:01:10 PM ^[[31m  ERROR^[[39m ^[[38;5;3m[RefundDisputeHandlerService] ^[[39m^[[31mhead-coach transfer reversal needs review refund=a-308 purchase=p-a-308 code=REFUND_TRANSFER_REVERSAL_REVIEW^[[39m
targeted	Targeted jest	2026-10-05T17:17:41.6103339Z ^[[31m[Nest] 3046  - ^[[39m03/21/2027, 12:01:10 PM ^[[31m  ERROR^[[39m ^[[38;5;3m[RefundDisputeHandlerService] ^[[39m^[[31mhead-coach transfer reversal needs review refund=a-309 purchase=p-a-309 code=REFUND_TRANSFER_REVERSAL_REVIEW^[[39m
targeted	Targeted jest	2026-10-05T17:17:41.6120262Z ^[[31m[Nest] 3046  - ^[[39m03/21/2027, 12:01:10 PM ^[[31m  ERROR^[[39m ^[[38;5;3m[RefundDisputeHandlerService] ^[[39m^[[31mhead-coach transfer reversal needs review refund=a-310 purchase=p-a-310 code=REFUND_TRANSFER_REVERSAL_REVIEW^[[39m
targeted	Targeted jest	2026-10-05T17:17:41.6146125Z ^[[31m[Nest] 3046  - ^[[39m03/21/2027, 12:01:10 PM ^[[31m  ERROR^[[39m ^[[38;5;3m[RefundDisputeHandlerService] ^[[39m^[[31mhead-coach transfer reversal needs review refund=a-311 purchase=p-a-311 code=REFUND_TRANSFER_REVERSAL_REVIEW^[[39m
targeted	Targeted jest	2026-10-05T17:17:41.6163408Z ^[[31m[Nest] 3046  - ^[[39m03/21/2027, 12:01:10 PM ^[[31m  ERROR^[[39m ^[[38;5;3m[RefundDisputeHandlerService] ^[[39m^[[31mhead-coach transfer reversal needs review refund=a-312 purchase=p-a-312 code=REFUND_TRANSFER_REVERSAL_REVIEW^[[39m
targeted	Targeted jest	2026-10-05T17:17:41.6180475Z ^[[31m[Nest] 3046  - ^[[39m03/21/2027, 12:01:10 PM ^[[31m  ERROR^[[39m ^[[38;5;3m[RefundDisputeHandlerService] ^[[39m^[[31mhead-coach transfer reversal needs review refund=a-313 purchase=p-a-313 code=REFUND_TRANSFER_REVERSAL_REVIEW^[[39m
targeted	Targeted jest	2026-10-05T17:17:41.6197626Z ^[[31m[Nest] 3046  - ^[[39m03/21/2027, 12:01:10 PM ^[[31m  ERROR^[[39m ^[[38;5;3m[RefundDisputeHandlerService] ^[[39m^[[31mhead-coach transfer reversal needs review refund=a-314 purchase=p-a-314 code=REFUND_TRANSFER_REVERSAL_REVIEW^[[39m
targeted	Targeted jest	2026-10-05T17:17:41.6214922Z ^[[31m[Nest] 3046  - ^[[39m03/21/2027, 12:01:10 PM ^[[31m  ERROR^[[39m ^[[38;5;3m[RefundDisputeHandlerService] ^[[39m^[[31mhead-coach transfer reversal needs review refund=a-315 purchase=p-a-315 code=REFUND_TRANSFER_REVERSAL_REVIEW^[[39m
targeted	Targeted jest	2026-10-05T17:17:41.6232923Z ^[[31m[Nest] 3046  - ^[[39m03/21/2027, 12:01:10 PM ^[[31m  ERROR^[[39m ^[[38;5;3m[RefundDisputeHandlerService] ^[[39m^[[31mhead-coach transfer reversal needs review refund=a-316 purchase=p-a-316 code=REFUND_TRANSFER_REVERSAL_REVIEW^[[39m
targeted	Targeted jest	2026-10-05T17:17:41.6250014Z ^[[31m[Nest] 3046  - ^[[39m03/21/2027, 12:01:10 PM ^[[31m  ERROR^[[39m ^[[38;5;3m[RefundDisputeHandlerService] ^[[39m^[[31mhead-coach transfer reversal needs review refund=a-317 purchase=p-a-317 code=REFUND_TRANSFER_REVERSAL_REVIEW^[[39m
targeted	Targeted jest	2026-10-05T17:17:41.6267228Z ^[[31m[Nest] 3046  - ^[[39m03/21/2027, 12:01:10 PM ^[[31m  ERROR^[[39m ^[[38;5;3m[RefundDisputeHandlerService] ^[[39m^[[31mhead-coach transfer reversal needs review refund=a-318 purchase=p-a-318 code=REFUND_TRANSFER_REVERSAL_REVIEW^[[39m
targeted	Targeted jest	2026-10-05T17:17:41.6284337Z ^[[31m[Nest] 3046  - ^[[39m03/21/2027, 12:01:10 PM ^[[31m  ERROR^[[39m ^[[38;5;3m[RefundDisputeHandlerService] ^[[39m^[[31mhead-coach transfer reversal needs review refund=a-319 purchase=p-a-319 code=REFUND_TRANSFER_REVERSAL_REVIEW^[[39m
targeted	Targeted jest	2026-10-05T17:17:41.6301573Z ^[[31m[Nest] 3046  - ^[[39m03/21/2027, 12:01:10 PM ^[[31m  ERROR^[[39m ^[[38;5;3m[RefundDisputeHandlerService] ^[[39m^[[31mhead-coach transfer reversal needs review refund=a-320 purchase=p-a-320 code=REFUND_TRANSFER_REVERSAL_REVIEW^[[39m
targeted	Targeted jest	2026-10-05T17:17:41.6318757Z ^[[31m[Nest] 3046  - ^[[39m03/21/2027, 12:01:10 PM ^[[31m  ERROR^[[39m ^[[38;5;3m[RefundDisputeHandlerService] ^[[39m^[[31mhead-coach transfer reversal needs review refund=a-321 purchase=p-a-321 code=REFUND_TRANSFER_REVERSAL_REVIEW^[[39m
targeted	Targeted jest	2026-10-05T17:17:41.6335953Z ^[[31m[Nest] 3046  - ^[[39m03/21/2027, 12:01:10 PM ^[[31m  ERROR^[[39m ^[[38;5;3m[RefundDisputeHandlerService] ^[[39m^[[31mhead-coach transfer reversal needs review refund=a-322 purchase=p-a-322 code=REFUND_TRANSFER_REVERSAL_REVIEW^[[39m
targeted	Targeted jest	2026-10-05T17:17:41.6353400Z ^[[31m[Nest] 3046  - ^[[39m03/21/2027, 12:01:10 PM ^[[31m  ERROR^[[39m ^[[38;5;3m[RefundDisputeHandlerService] ^[[39m^[[31mhead-coach transfer reversal needs review refund=a-323 purchase=p-a-323 code=REFUND_TRANSFER_REVERSAL_REVIEW^[[39m
targeted	Targeted jest	2026-10-05T17:17:41.6370736Z ^[[31m[Nest] 3046  - ^[[39m03/21/2027, 12:01:10 PM ^[[31m  ERROR^[[39m ^[[38;5;3m[RefundDisputeHandlerService] ^[[39m^[[31mhead-coach transfer reversal needs review refund=a-324 purchase=p-a-324 code=REFUND_TRANSFER_REVERSAL_REVIEW^[[39m
targeted	Targeted jest	2026-10-05T17:17:41.6388034Z ^[[31m[Nest] 3046  - ^[[39m03/21/2027, 12:01:10 PM ^[[31m  ERROR^[[39m ^[[38;5;3m[RefundDisputeHandlerService] ^[[39m^[[31mhead-coach transfer reversal needs review refund=a-325 purchase=p-a-325 code=REFUND_TRANSFER_REVERSAL_REVIEW^[[39m
targeted	Targeted jest	2026-10-05T17:17:41.6405833Z ^[[31m[Nest] 3046  - ^[[39m03/21/2027, 12:01:10 PM ^[[31m  ERROR^[[39m ^[[38;5;3m[RefundDisputeHandlerService] ^[[39m^[[31mhead-coach transfer reversal needs review refund=a-326 purchase=p-a-326 code=REFUND_TRANSFER_REVERSAL_REVIEW^[[39m
targeted	Targeted jest	2026-10-05T17:17:41.6423676Z ^[[31m[Nest] 3046  - ^[[39m03/21/2027, 12:01:10 PM ^[[31m  ERROR^[[39m ^[[38;5;3m[RefundDisputeHandlerService] ^[[39m^[[31mhead-coach transfer reversal needs review refund=a-327 purchase=p-a-327 code=REFUND_TRANSFER_REVERSAL_REVIEW^[[39m
targeted	Targeted jest	2026-10-05T17:17:41.6441083Z ^[[31m[Nest] 3046  - ^[[39m03/21/2027, 12:01:10 PM ^[[31m  ERROR^[[39m ^[[38;5;3m[RefundDisputeHandlerService] ^[[39m^[[31mhead-coach transfer reversal needs review refund=a-328 purchase=p-a-328 code=REFUND_TRANSFER_REVERSAL_REVIEW^[[39m
targeted	Targeted jest	2026-10-05T17:17:41.6458314Z ^[[31m[Nest] 3046  - ^[[39m03/21/2027, 12:01:10 PM ^[[31m  ERROR^[[39m ^[[38;5;3m[RefundDisputeHandlerService] ^[[39m^[[31mhead-coach transfer reversal needs review refund=a-329 purchase=p-a-329 code=REFUND_TRANSFER_REVERSAL_REVIEW^[[39m
targeted	Targeted jest	2026-10-05T17:17:41.6475957Z ^[[31m[Nest] 3046  - ^[[39m03/21/2027, 12:01:10 PM ^[[31m  ERROR^[[39m ^[[38;5;3m[RefundDisputeHandlerService] ^[[39m^[[31mhead-coach transfer reversal needs review refund=a-330 purchase=p-a-330 code=REFUND_TRANSFER_REVERSAL_REVIEW^[[39m
targeted	Targeted jest	2026-10-05T17:17:41.6493570Z ^[[31m[Nest] 3046  - ^[[39m03/21/2027, 12:01:10 PM ^[[31m  ERROR^[[39m ^[[38;5;3m[RefundDisputeHandlerService] ^[[39m^[[31mhead-coach transfer reversal needs review refund=a-331 purchase=p-a-331 code=REFUND_TRANSFER_REVERSAL_REVIEW^[[39m
targeted	Targeted jest	2026-10-05T17:17:41.6511379Z ^[[31m[Nest] 3046  - ^[[39m03/21/2027, 12:01:10 PM ^[[31m  ERROR^[[39m ^[[38;5;3m[RefundDisputeHandlerService] ^[[39m^[[31mhead-coach transfer reversal needs review refund=a-332 purchase=p-a-332 code=REFUND_TRANSFER_REVERSAL_REVIEW^[[39m
targeted	Targeted jest	2026-10-05T17:17:41.6528229Z ^[[31m[Nest] 3046  - ^[[39m03/21/2027, 12:01:10 PM ^[[31m  ERROR^[[39m ^[[38;5;3m[RefundDisputeHandlerService] ^[[39m^[[31mhead-coach transfer reversal needs review refund=a-333 purchase=p-a-333 code=REFUND_TRANSFER_REVERSAL_REVIEW^[[39m
targeted	Targeted jest	2026-10-05T17:17:41.6545704Z ^[[31m[Nest] 3046  - ^[[39m03/21/2027, 12:01:10 PM ^[[31m  ERROR^[[39m ^[[38;5;3m[RefundDisputeHandlerService] ^[[39m^[[31mhead-coach transfer reversal needs review refund=a-334 purchase=p-a-334 code=REFUND_TRANSFER_REVERSAL_REVIEW^[[39m
targeted	Targeted jest	2026-10-05T17:17:41.6571773Z ^[[31m[Nest] 3046  - ^[[39m03/21/2027, 12:01:10 PM ^[[31m  ERROR^[[39m ^[[38;5;3m[RefundDisputeHandlerService] ^[[39m^[[31mhead-coach transfer reversal needs review refund=a-335 purchase=p-a-335 code=REFUND_TRANSFER_REVERSAL_REVIEW^[[39m
targeted	Targeted jest	2026-10-05T17:17:41.6589407Z ^[[31m[Nest] 3046  - ^[[39m03/21/2027, 12:01:10 PM ^[[31m  ERROR^[[39m ^[[38;5;3m[RefundDisputeHandlerService] ^[[39m^[[31mhead-coach transfer reversal needs review refund=a-336 purchase=p-a-336 code=REFUND_TRANSFER_REVERSAL_REVIEW^[[39m
targeted	Targeted jest	2026-10-05T17:17:41.6606909Z ^[[31m[Nest] 3046  - ^[[39m03/21/2027, 12:01:10 PM ^[[31m  ERROR^[[39m ^[[38;5;3m[RefundDisputeHandlerService] ^[[39m^[[31mhead-coach transfer reversal needs review refund=a-337 purchase=p-a-337 code=REFUND_TRANSFER_REVERSAL_REVIEW^[[39m
targeted	Targeted jest	2026-10-05T17:17:41.6624616Z ^[[31m[Nest] 3046  - ^[[39m03/21/2027, 12:01:10 PM ^[[31m  ERROR^[[39m ^[[38;5;3m[RefundDisputeHandlerService] ^[[39m^[[31mhead-coach transfer reversal needs review refund=a-338 purchase=p-a-338 code=REFUND_TRANSFER_REVERSAL_REVIEW^[[39m
targeted	Targeted jest	2026-10-05T17:17:41.6653786Z ^[[31m[Nest] 3046  - ^[[39m03/21/2027, 12:01:10 PM ^[[31m  ERROR^[[39m ^[[38;5;3m[RefundDisputeHandlerService] ^[[39m^[[31mhead-coach transfer reversal needs review refund=a-339 purchase=p-a-339 code=REFUND_TRANSFER_REVERSAL_REVIEW^[[39m
targeted	Targeted jest	2026-10-05T17:17:41.6660080Z ^[[31m[Nest] 3046  - ^[[39m03/21/2027, 12:01:10 PM ^[[31m  ERROR^[[39m ^[[38;5;3m[RefundDisputeHandlerService] ^[[39m^[[31mhead-coach transfer reversal needs review refund=a-340 purchase=p-a-340 code=REFUND_TRANSFER_REVERSAL_REVIEW^[[39m
targeted	Targeted jest	2026-10-05T17:17:41.6677740Z ^[[31m[Nest] 3046  - ^[[39m03/21/2027, 12:01:10 PM ^[[31m  ERROR^[[39m ^[[38;5;3m[RefundDisputeHandlerService] ^[[39m^[[31mhead-coach transfer reversal needs review refund=a-341 purchase=p-a-341 code=REFUND_TRANSFER_REVERSAL_REVIEW^[[39m
targeted	Targeted jest	2026-10-05T17:17:41.6695467Z ^[[31m[Nest] 3046  - ^[[39m03/21/2027, 12:01:10 PM ^[[31m  ERROR^[[39m ^[[38;5;3m[RefundDisputeHandlerService] ^[[39m^[[31mhead-coach transfer reversal needs review refund=a-342 purchase=p-a-342 code=REFUND_TRANSFER_REVERSAL_REVIEW^[[39m
targeted	Targeted jest	2026-10-05T17:17:41.6713610Z ^[[31m[Nest] 3046  - ^[[39m03/21/2027, 12:01:10 PM ^[[31m  ERROR^[[39m ^[[38;5;3m[RefundDisputeHandlerService] ^[[39m^[[31mhead-coach transfer reversal needs review refund=a-343 purchase=p-a-343 code=REFUND_TRANSFER_REVERSAL_REVIEW^[[39m
targeted	Targeted jest	2026-10-05T17:17:41.6731403Z ^[[31m[Nest] 3046  - ^[[39m03/21/2027, 12:01:10 PM ^[[31m  ERROR^[[39m ^[[38;5;3m[RefundDisputeHandlerService] ^[[39m^[[31mhead-coach transfer reversal needs review refund=a-344 purchase=p-a-344 code=REFUND_TRANSFER_REVERSAL_REVIEW^[[39m
targeted	Targeted jest	2026-10-05T17:17:41.6749134Z ^[[31m[Nest] 3046  - ^[[39m03/21/2027, 12:01:10 PM ^[[31m  ERROR^[[39m ^[[38;5;3m[RefundDisputeHandlerService] ^[[39m^[[31mhead-coach transfer reversal needs review refund=a-345 purchase=p-a-345 code=REFUND_TRANSFER_REVERSAL_REVIEW^[[39m
targeted	Targeted jest	2026-10-05T17:17:41.6767029Z ^[[31m[Nest] 3046  - ^[[39m03/21/2027, 12:01:10 PM ^[[31m  ERROR^[[39m ^[[38;5;3m[RefundDisputeHandlerService] ^[[39m^[[31mhead-coach transfer reversal needs review refund=a-346 purchase=p-a-346 code=REFUND_TRANSFER_REVERSAL_REVIEW^[[39m
targeted	Targeted jest	2026-10-05T17:17:41.6785180Z ^[[31m[Nest] 3046  - ^[[39m03/21/2027, 12:01:10 PM ^[[31m  ERROR^[[39m ^[[38;5;3m[RefundDisputeHandlerService] ^[[39m^[[31mhead-coach transfer reversal needs review refund=a-347 purchase=p-a-347 code=REFUND_TRANSFER_REVERSAL_REVIEW^[[39m
targeted	Targeted jest	2026-10-05T17:17:41.6803136Z ^[[31m[Nest] 3046  - ^[[39m03/21/2027, 12:01:10 PM ^[[31m  ERROR^[[39m ^[[38;5;3m[RefundDisputeHandlerService] ^[[39m^[[31mhead-coach transfer reversal needs review refund=a-348 purchase=p-a-348 code=REFUND_TRANSFER_REVERSAL_REVIEW^[[39m
targeted	Targeted jest	2026-10-05T17:17:41.6821132Z ^[[31m[Nest] 3046  - ^[[39m03/21/2027, 12:01:10 PM ^[[31m  ERROR^[[39m ^[[38;5;3m[RefundDisputeHandlerService] ^[[39m^[[31mhead-coach transfer reversal needs review refund=a-349 purchase=p-a-349 code=REFUND_TRANSFER_REVERSAL_REVIEW^[[39m
targeted	Targeted jest	2026-10-05T17:17:41.6846918Z ^[[31m[Nest] 3046  - ^[[39m03/21/2027, 12:01:10 PM ^[[31m  ERROR^[[39m ^[[38;5;3m[RefundDisputeHandlerService] ^[[39m^[[31mhead-coach transfer reversal needs review refund=a-350 purchase=p-a-350 code=REFUND_TRANSFER_REVERSAL_REVIEW^[[39m
targeted	Targeted jest	2026-10-05T17:17:41.6864638Z ^[[31m[Nest] 3046  - ^[[39m03/21/2027, 12:01:10 PM ^[[31m  ERROR^[[39m ^[[38;5;3m[RefundDisputeHandlerService] ^[[39m^[[31mhead-coach transfer reversal needs review refund=a-351 purchase=p-a-351 code=REFUND_TRANSFER_REVERSAL_REVIEW^[[39m
targeted	Targeted jest	2026-10-05T17:17:41.6882692Z ^[[31m[Nest] 3046  - ^[[39m03/21/2027, 12:01:10 PM ^[[31m  ERROR^[[39m ^[[38;5;3m[RefundDisputeHandlerService] ^[[39m^[[31mhead-coach transfer reversal needs review refund=a-352 purchase=p-a-352 code=REFUND_TRANSFER_REVERSAL_REVIEW^[[39m
targeted	Targeted jest	2026-10-05T17:17:41.6900444Z ^[[31m[Nest] 3046  - ^[[39m03/21/2027, 12:01:10 PM ^[[31m  ERROR^[[39m ^[[38;5;3m[RefundDisputeHandlerService] ^[[39m^[[31mhead-coach transfer reversal needs review refund=a-353 purchase=p-a-353 code=REFUND_TRANSFER_REVERSAL_REVIEW^[[39m
targeted	Targeted jest	2026-10-05T17:17:41.6918337Z ^[[31m[Nest] 3046  - ^[[39m03/21/2027, 12:01:10 PM ^[[31m  ERROR^[[39m ^[[38;5;3m[RefundDisputeHandlerService] ^[[39m^[[31mhead-coach transfer reversal needs review refund=a-354 purchase=p-a-354 code=REFUND_TRANSFER_REVERSAL_REVIEW^[[39m
targeted	Targeted jest	2026-10-05T17:17:41.6936196Z ^[[31m[Nest] 3046  - ^[[39m03/21/2027, 12:01:10 PM ^[[31m  ERROR^[[39m ^[[38;5;3m[RefundDisputeHandlerService] ^[[39m^[[31mhead-coach transfer reversal needs review refund=a-355 purchase=p-a-355 code=REFUND_TRANSFER_REVERSAL_REVIEW^[[39m
targeted	Targeted jest	2026-10-05T17:17:41.6954200Z ^[[31m[Nest] 3046  - ^[[39m03/21/2027, 12:01:10 PM ^[[31m  ERROR^[[39m ^[[38;5;3m[RefundDisputeHandlerService] ^[[39m^[[31mhead-coach transfer reversal needs review refund=a-356 purchase=p-a-356 code=REFUND_TRANSFER_REVERSAL_REVIEW^[[39m
targeted	Targeted jest	2026-10-05T17:17:41.6973072Z ^[[31m[Nest] 3046  - ^[[39m03/21/2027, 12:01:10 PM ^[[31m  ERROR^[[39m ^[[38;5;3m[RefundDisputeHandlerService] ^[[39m^[[31mhead-coach transfer reversal needs review refund=a-357 purchase=p-a-357 code=REFUND_TRANSFER_REVERSAL_REVIEW^[[39m
targeted	Targeted jest	2026-10-05T17:17:41.6999468Z ^[[31m[Nest] 3046  - ^[[39m03/21/2027, 12:01:10 PM ^[[31m  ERROR^[[39m ^[[38;5;3m[RefundDisputeHandlerService] ^[[39m^[[31mhead-coach transfer reversal needs review refund=a-358 purchase=p-a-358 code=REFUND_TRANSFER_REVERSAL_REVIEW^[[39m
targeted	Targeted jest	2026-10-05T17:17:41.7017971Z ^[[31m[Nest] 3046  - ^[[39m03/21/2027, 12:01:10 PM ^[[31m  ERROR^[[39m ^[[38;5;3m[RefundDisputeHandlerService] ^[[39m^[[31mhead-coach transfer reversal needs review refund=a-359 purchase=p-a-359 code=REFUND_TRANSFER_REVERSAL_REVIEW^[[39m
targeted	Targeted jest	2026-10-05T17:17:41.7036323Z ^[[31m[Nest] 3046  - ^[[39m03/21/2027, 12:01:10 PM ^[[31m  ERROR^[[39m ^[[38;5;3m[RefundDisputeHandlerService] ^[[39m^[[31mhead-coach transfer reversal needs review refund=a-360 purchase=p-a-360 code=REFUND_TRANSFER_REVERSAL_REVIEW^[[39m
targeted	Targeted jest	2026-10-05T17:17:41.7054588Z ^[[31m[Nest] 3046  - ^[[39m03/21/2027, 12:01:10 PM ^[[31m  ERROR^[[39m ^[[38;5;3m[RefundDisputeHandlerService] ^[[39m^[[31mhead-coach transfer reversal needs review refund=a-361 purchase=p-a-361 code=REFUND_TRANSFER_REVERSAL_REVIEW^[[39m
targeted	Targeted jest	2026-10-05T17:17:41.7072841Z ^[[31m[Nest] 3046  - ^[[39m03/21/2027, 12:01:10 PM ^[[31m  ERROR^[[39m ^[[38;5;3m[RefundDisputeHandlerService] ^[[39m^[[31mhead-coach transfer reversal needs review refund=a-362 purchase=p-a-362 code=REFUND_TRANSFER_REVERSAL_REVIEW^[[39m
targeted	Targeted jest	2026-10-05T17:17:41.7091246Z ^[[31m[Nest] 3046  - ^[[39m03/21/2027, 12:01:10 PM ^[[31m  ERROR^[[39m ^[[38;5;3m[RefundDisputeHandlerService] ^[[39m^[[31mhead-coach transfer reversal needs review refund=a-363 purchase=p-a-363 code=REFUND_TRANSFER_REVERSAL_REVIEW^[[39m
targeted	Targeted jest	2026-10-05T17:17:41.7109658Z ^[[31m[Nest] 3046  - ^[[39m03/21/2027, 12:01:10 PM ^[[31m  ERROR^[[39m ^[[38;5;3m[RefundDisputeHandlerService] ^[[39m^[[31mhead-coach transfer reversal needs review refund=a-364 purchase=p-a-364 code=REFUND_TRANSFER_REVERSAL_REVIEW^[[39m
targeted	Targeted jest	2026-10-05T17:17:41.7128029Z ^[[31m[Nest] 3046  - ^[[39m03/21/2027, 12:01:10 PM ^[[31m  ERROR^[[39m ^[[38;5;3m[RefundDisputeHandlerService] ^[[39m^[[31mhead-coach transfer reversal needs review refund=a-365 purchase=p-a-365 code=REFUND_TRANSFER_REVERSAL_REVIEW^[[39m
targeted	Targeted jest	2026-10-05T17:17:41.7146815Z ^[[31m[Nest] 3046  - ^[[39m03/21/2027, 12:01:10 PM ^[[31m  ERROR^[[39m ^[[38;5;3m[RefundDisputeHandlerService] ^[[39m^[[31mhead-coach transfer reversal needs review refund=a-366 purchase=p-a-366 code=REFUND_TRANSFER_REVERSAL_REVIEW^[[39m
targeted	Targeted jest	2026-10-05T17:17:41.7165303Z ^[[31m[Nest] 3046  - ^[[39m03/21/2027, 12:01:10 PM ^[[31m  ERROR^[[39m ^[[38;5;3m[RefundDisputeHandlerService] ^[[39m^[[31mhead-coach transfer reversal needs review refund=a-367 purchase=p-a-367 code=REFUND_TRANSFER_REVERSAL_REVIEW^[[39m
targeted	Targeted jest	2026-10-05T17:17:41.7183906Z ^[[31m[Nest] 3046  - ^[[39m03/21/2027, 12:01:10 PM ^[[31m  ERROR^[[39m ^[[38;5;3m[RefundDisputeHandlerService] ^[[39m^[[31mhead-coach transfer reversal needs review refund=a-368 purchase=p-a-368 code=REFUND_TRANSFER_REVERSAL_REVIEW^[[39m
targeted	Targeted jest	2026-10-05T17:17:41.7202304Z ^[[31m[Nest] 3046  - ^[[39m03/21/2027, 12:01:10 PM ^[[31m  ERROR^[[39m ^[[38;5;3m[RefundDisputeHandlerService] ^[[39m^[[31mhead-coach transfer reversal needs review refund=a-369 purchase=p-a-369 code=REFUND_TRANSFER_REVERSAL_REVIEW^[[39m
targeted	Targeted jest	2026-10-05T17:17:41.7220470Z ^[[31m[Nest] 3046  - ^[[39m03/21/2027, 12:01:10 PM ^[[31m  ERROR^[[39m ^[[38;5;3m[RefundDisputeHandlerService] ^[[39m^[[31mhead-coach transfer reversal needs review refund=z-target purchase=p-target code=REFUND_TRANSFER_REVERSAL_REVIEW^[[39m
targeted	Targeted jest	2026-10-05T17:17:41.7301404Z ^[[33m[Nest] 3046  - ^[[39m03/21/2027, 12:00:10 PM ^[[33m   WARN^[[39m ^[[38;5;3m[RefundDisputeHandlerService] ^[[39m^[[33mhead-coach transfer reverse pending purchase=p-a-000 refund=a-000 code=SFEE_REVERSAL_UNCERTAIN^[[39m
targeted	Targeted jest	2026-10-05T17:17:41.7304155Z ^[[33m[Nest] 3046  - ^[[39m03/21/2027, 12:00:20 PM ^[[33m   WARN^[[39m ^[[38;5;3m[RefundDisputeHandlerService] ^[[39m^[[33mhead-coach transfer reverse pending purchase=p-a-001 refund=a-001 code=SFEE_REVERSAL_UNCERTAIN^[[39m
targeted	Targeted jest	2026-10-05T17:17:41.7306822Z ^[[33m[Nest] 3046  - ^[[39m03/21/2027, 12:00:30 PM ^[[33m   WARN^[[39m ^[[38;5;3m[RefundDisputeHandlerService] ^[[39m^[[33mhead-coach transfer reverse pending purchase=p-a-002 refund=a-002 code=SFEE_REVERSAL_UNCERTAIN^[[39m
targeted	Targeted jest	2026-10-05T17:17:41.7309600Z ^[[33m[Nest] 3046  - ^[[39m03/21/2027, 12:00:40 PM ^[[33m   WARN^[[39m ^[[38;5;3m[RefundDisputeHandlerService] ^[[39m^[[33mhead-coach transfer reverse pending purchase=p-a-003 refund=a-003 code=SFEE_REVERSAL_UNCERTAIN^[[39m
targeted	Targeted jest	2026-10-05T17:17:41.7312507Z ^[[33m[Nest] 3046  - ^[[39m03/21/2027, 12:00:50 PM ^[[33m   WARN^[[39m ^[[38;5;3m[RefundDisputeHandlerService] ^[[39m^[[33mhead-coach transfer reverse pending purchase=p-a-004 refund=a-004 code=SFEE_REVERSAL_UNCERTAIN^[[39m
targeted	Targeted jest	2026-10-05T17:17:41.7315135Z ^[[33m[Nest] 3046  - ^[[39m03/21/2027, 12:01:00 PM ^[[33m   WARN^[[39m ^[[38;5;3m[RefundDisputeHandlerService] ^[[39m^[[33mhead-coach transfer reverse pending purchase=p-a-005 refund=a-005 code=SFEE_REVERSAL_UNCERTAIN^[[39m
targeted	Targeted jest	2026-10-05T17:17:41.7317812Z ^[[33m[Nest] 3046  - ^[[39m03/21/2027, 12:01:10 PM ^[[33m   WARN^[[39m ^[[38;5;3m[RefundDisputeHandlerService] ^[[39m^[[33mhead-coach transfer reverse pending purchase=p-a-006 refund=a-006 code=SFEE_REVERSAL_UNCERTAIN^[[39m
targeted	Targeted jest	2026-10-05T17:17:41.7321398Z ^[[33m[Nest] 3046  - ^[[39m10/05/2026, 5:17:41 PM ^[[33m   WARN^[[39m ^[[38;5;3m[RefundDisputeHandlerService] ^[[39m^[[33mhead-coach transfer reverse pending purchase=p-incomplete dispute=d-incomplete code=TRANSFER_REVERSALS_LIST_INCOMPLETE^[[39m
targeted	Targeted jest	2026-10-05T17:17:41.7323115Z PASS test/audit-sol-cm8-120-send-admission.spec.ts (165 MB heap size)
targeted	Targeted jest	2026-10-05T17:17:41.7323815Z   ● Console
targeted	Targeted jest	2026-10-05T17:17:41.7324004Z 
targeted	Targeted jest	2026-10-05T17:17:41.7324147Z     console.log
targeted	Targeted jest	2026-10-05T17:17:41.7325413Z       AUDIT_118_REFUND_SEND_TIME {"result":{"retried":371,"reversed":0,"needs_review":364,"in_review":364},"elapsed_ms":70000,"age_at_send_ms":82810000,"stripe":122,"local":0,"in_review":true}
targeted	Targeted jest	2026-10-05T17:17:41.7326394Z 
targeted	Targeted jest	2026-10-05T17:17:41.7326855Z       at Object.<anonymous> (test/audit-sol-cm8-120-send-admission.spec.ts:46:13)
targeted	Targeted jest	2026-10-05T17:17:41.7327375Z 
targeted	Targeted jest	2026-10-05T17:17:41.7327514Z     console.log
targeted	Targeted jest	2026-10-05T17:17:41.7328506Z       AUDIT_118_INCOMPLETE_DISPUTE_LIST {"result":{"retried":1,"reversed":0,"needs_review":0,"in_review":0},"sent_again":0,"stripe":122,"local":0}
targeted	Targeted jest	2026-10-05T17:17:41.7329298Z 
targeted	Targeted jest	2026-10-05T17:17:41.7329725Z       at Object.<anonymous> (test/audit-sol-cm8-120-send-admission.spec.ts:82:13)
targeted	Targeted jest	2026-10-05T17:17:41.7330252Z 
targeted	Targeted jest	2026-10-05T17:17:42.1194413Z PASS test/transfer-reversal-slot-base.spec.ts (189 MB heap size)
targeted	Targeted jest	2026-10-05T17:17:42.1210379Z 
targeted	Targeted jest	2026-10-05T17:17:42.1217815Z Test Suites: 1 failed, 3 passed, 4 total
targeted	Targeted jest	2026-10-05T17:17:42.1218406Z Tests:       3 failed, 8 passed, 11 total
targeted	Targeted jest	2026-10-05T17:17:42.1218813Z Snapshots:   0 total
targeted	Targeted jest	2026-10-05T17:17:42.1219583Z Time:        4.667 s
targeted	Targeted jest	2026-10-05T17:17:42.1220807Z Ran all test suites matching test/audit-sol-cm8-120-money-boundaries.spec.ts|test/audit-sol-cm8-120-send-admission.spec.ts|test/transfer-reversal-slot-base.spec.ts|test/transfer-reversal-found-slot.spec.ts.
targeted	Targeted jest	2026-10-05T17:17:42.2637958Z ##[error]Process completed with exit code 1.
