2026-10-05T16:35:27.8010116Z Current runner version: '2.337.0'
2026-10-05T16:35:27.8043204Z ##[group]Runner Image Provisioner
2026-10-05T16:35:27.8044927Z Hosted Compute Agent
2026-10-05T16:35:27.8045929Z Version: 20260901.588
2026-10-05T16:35:27.8046926Z Commit: f88ec8081b781fac6c440065ac7ff9e710ce3d0b
2026-10-05T16:35:27.8048519Z Build Date: 2026-09-01T19:56:44Z
2026-10-05T16:35:27.8049742Z Worker ID: {6263f0f4-76cb-4a98-83e8-fe07e605f093}
2026-10-05T16:35:27.8050992Z Azure Region: eastus
2026-10-05T16:35:27.8052005Z ##[endgroup]
2026-10-05T16:35:27.8054130Z ##[group]Operating System
2026-10-05T16:35:27.8055300Z Ubuntu
2026-10-05T16:35:27.8056190Z 24.04.5
2026-10-05T16:35:27.8057047Z LTS
2026-10-05T16:35:27.8057944Z ##[endgroup]
2026-10-05T16:35:27.8059138Z ##[group]Runner Image
2026-10-05T16:35:27.8060304Z Image: ubuntu-24.04
2026-10-05T16:35:27.8061272Z Version: 20260927.320.1
2026-10-05T16:35:27.8063389Z Included Software: https://github.com/actions/runner-images/blob/ubuntu24/20260927.320/images/ubuntu/Ubuntu2404-Readme.md
2026-10-05T16:35:27.8066505Z Image Release: https://github.com/actions/runner-images/releases/tag/ubuntu24%2F20260927.320
2026-10-05T16:35:27.8068468Z ##[endgroup]
2026-10-05T16:35:27.8070516Z ##[group]GITHUB_TOKEN Permissions
2026-10-05T16:35:27.8073358Z Contents: read
2026-10-05T16:35:27.8074254Z Metadata: read
2026-10-05T16:35:27.8075334Z Packages: read
2026-10-05T16:35:27.8076365Z ##[endgroup]
2026-10-05T16:35:27.8079733Z Secret source: Actions
2026-10-05T16:35:27.8081197Z Cache mode: write
2026-10-05T16:35:27.8082699Z Prepare workflow directory
2026-10-05T16:35:27.8545324Z Prepare all required actions
2026-10-05T16:35:27.8614600Z Getting action download info
2026-10-05T16:35:28.0790635Z Download action repository 'actions/checkout@v6' (SHA:d23441a48e516b6c34aea4fa41551a30e30af803)
2026-10-05T16:35:28.1763450Z Download action repository 'actions/setup-node@v6' (SHA:249970729cb0ef3589644e2896645e5dc5ba9c38)
2026-10-05T16:35:28.3712620Z Complete job name: targeted
2026-10-05T16:35:28.4455669Z ##[group]Run actions/checkout@v6
2026-10-05T16:35:28.4456555Z with:
2026-10-05T16:35:28.4457116Z   repository: BradleyGleavePortfolio/growth-project-mobile
2026-10-05T16:35:28.4461573Z   token: ***
2026-10-05T16:35:28.4462014Z   ssh-strict: true
2026-10-05T16:35:28.4462451Z   ssh-user: git
2026-10-05T16:35:28.4462892Z   persist-credentials: true
2026-10-05T16:35:28.4463372Z   clean: true
2026-10-05T16:35:28.4463811Z   sparse-checkout-cone-mode: true
2026-10-05T16:35:28.4464326Z   fetch-depth: 1
2026-10-05T16:35:28.4464739Z   fetch-tags: false
2026-10-05T16:35:28.4465173Z   show-progress: true
2026-10-05T16:35:28.4465612Z   lfs: false
2026-10-05T16:35:28.4466024Z   submodules: false
2026-10-05T16:35:28.4466473Z   set-safe-directory: true
2026-10-05T16:35:28.4466974Z   allow-unsafe-pr-checkout: false
2026-10-05T16:35:28.4467773Z ##[endgroup]
2026-10-05T16:35:28.5442254Z Syncing repository: BradleyGleavePortfolio/growth-project-mobile
2026-10-05T16:35:28.5444197Z ##[group]Getting Git version info
2026-10-05T16:35:28.5445069Z Working directory is '/home/runner/work/growth-project-mobile/growth-project-mobile'
2026-10-05T16:35:28.5446267Z [command]/usr/bin/git version
2026-10-05T16:35:28.5534686Z git version 2.55.0
2026-10-05T16:35:28.5557484Z ##[endgroup]
2026-10-05T16:35:28.5571406Z Temporarily overriding HOME='/home/runner/work/_temp/deaa055b-24e0-4202-a17e-01eae19fd03c' before making global git config changes
2026-10-05T16:35:28.5573516Z Adding repository directory to the temporary git global config as a safe directory
2026-10-05T16:35:28.5576186Z [command]/usr/bin/git config --global --add safe.directory /home/runner/work/growth-project-mobile/growth-project-mobile
2026-10-05T16:35:28.5627980Z Deleting the contents of '/home/runner/work/growth-project-mobile/growth-project-mobile'
2026-10-05T16:35:28.5632563Z ##[group]Determining repository object format
2026-10-05T16:35:28.5634627Z ##[endgroup]
2026-10-05T16:35:28.5635623Z ##[group]Initializing the repository
2026-10-05T16:35:28.5639357Z [command]/usr/bin/git init /home/runner/work/growth-project-mobile/growth-project-mobile
2026-10-05T16:35:28.5755590Z hint: Using 'master' as the name for the initial branch. This default branch name
2026-10-05T16:35:28.5757463Z hint: will change to "main" in Git 3.0. To configure the initial branch name
2026-10-05T16:35:28.5759761Z hint: to use in all of your new repositories, which will suppress this warning,
2026-10-05T16:35:28.5761649Z hint: call:
2026-10-05T16:35:28.5762720Z hint:
2026-10-05T16:35:28.5763958Z hint: 	git config --global init.defaultBranch <name>
2026-10-05T16:35:28.5765520Z hint:
2026-10-05T16:35:28.5767068Z hint: Names commonly chosen instead of 'master' are 'main', 'trunk' and
2026-10-05T16:35:28.5770018Z hint: 'development'. The just-created branch can be renamed via this command:
2026-10-05T16:35:28.5771518Z hint:
2026-10-05T16:35:28.5772353Z hint: 	git branch -m <name>
2026-10-05T16:35:28.5773238Z hint:
2026-10-05T16:35:28.5774386Z hint: Disable this message with "git config set advice.defaultBranchName false"
2026-10-05T16:35:28.5776404Z Initialized empty Git repository in /home/runner/work/growth-project-mobile/growth-project-mobile/.git/
2026-10-05T16:35:28.5780074Z [command]/usr/bin/git remote add origin https://github.com/BradleyGleavePortfolio/growth-project-mobile
2026-10-05T16:35:28.5823359Z ##[endgroup]
2026-10-05T16:35:28.5824698Z ##[group]Disabling automatic garbage collection
2026-10-05T16:35:28.5827619Z [command]/usr/bin/git config --local gc.auto 0
2026-10-05T16:35:28.5857274Z ##[endgroup]
2026-10-05T16:35:28.5859160Z ##[group]Setting up auth
2026-10-05T16:35:28.5860179Z Removing SSH command configuration
2026-10-05T16:35:28.5865365Z [command]/usr/bin/git config --local --name-only --get-regexp core\.sshCommand
2026-10-05T16:35:28.5895257Z [command]/usr/bin/git submodule foreach --recursive sh -c "git config --local --name-only --get-regexp 'core\.sshCommand' && git config --local --unset-all 'core.sshCommand' || :"
2026-10-05T16:35:28.6247592Z Removing HTTP extra header
2026-10-05T16:35:28.6253439Z [command]/usr/bin/git config --local --name-only --get-regexp http\.https\:\/\/github\.com\/\.extraheader
2026-10-05T16:35:28.6284418Z [command]/usr/bin/git submodule foreach --recursive sh -c "git config --local --name-only --get-regexp 'http\.https\:\/\/github\.com\/\.extraheader' && git config --local --unset-all 'http.https://github.com/.extraheader' || :"
2026-10-05T16:35:28.6489989Z Removing includeIf entries pointing to credentials config files
2026-10-05T16:35:28.6497550Z [command]/usr/bin/git config --local --name-only --get-regexp ^includeIf\.gitdir:
2026-10-05T16:35:28.6529826Z [command]/usr/bin/git submodule foreach --recursive git config --local --show-origin --name-only --get-regexp remote.origin.url
2026-10-05T16:35:28.6748977Z [command]/usr/bin/git config --file /home/runner/work/_temp/git-credentials-4fa3affc-f07b-4487-b817-d085b378f680.config http.https://github.com/.extraheader AUTHORIZATION: basic ***
2026-10-05T16:35:28.6783925Z [command]/usr/bin/git config --local includeIf.gitdir:/home/runner/work/growth-project-mobile/growth-project-mobile/.git.path /home/runner/work/_temp/git-credentials-4fa3affc-f07b-4487-b817-d085b378f680.config
2026-10-05T16:35:28.6812667Z [command]/usr/bin/git config --local includeIf.gitdir:/home/runner/work/growth-project-mobile/growth-project-mobile/.git/worktrees/*.path /home/runner/work/_temp/git-credentials-4fa3affc-f07b-4487-b817-d085b378f680.config
2026-10-05T16:35:28.6843437Z [command]/usr/bin/git config --local includeIf.gitdir:/github/workspace/.git.path /github/runner_temp/git-credentials-4fa3affc-f07b-4487-b817-d085b378f680.config
2026-10-05T16:35:28.6872397Z [command]/usr/bin/git config --local includeIf.gitdir:/github/workspace/.git/worktrees/*.path /github/runner_temp/git-credentials-4fa3affc-f07b-4487-b817-d085b378f680.config
2026-10-05T16:35:28.6899578Z ##[endgroup]
2026-10-05T16:35:28.6900330Z ##[group]Fetching the repository
2026-10-05T16:35:28.6907507Z [command]/usr/bin/git -c protocol.version=2 fetch --no-tags --prune --no-recurse-submodules --depth=1 origin +633935a68f5b60aeb788e6b933f81dc303f2b8dd:refs/remotes/origin/audit/AUD-SOL-H7-120/369-3
2026-10-05T16:35:29.5760015Z From https://github.com/BradleyGleavePortfolio/growth-project-mobile
2026-10-05T16:35:29.5764773Z  * [new ref]         633935a68f5b60aeb788e6b933f81dc303f2b8dd -> origin/audit/AUD-SOL-H7-120/369-3
2026-10-05T16:35:29.5774007Z [command]/usr/bin/git branch --list --remote origin/audit/AUD-SOL-H7-120/369-3
2026-10-05T16:35:29.5801995Z   origin/audit/AUD-SOL-H7-120/369-3
2026-10-05T16:35:29.5813573Z [command]/usr/bin/git rev-parse refs/remotes/origin/audit/AUD-SOL-H7-120/369-3
2026-10-05T16:35:29.5837971Z 633935a68f5b60aeb788e6b933f81dc303f2b8dd
2026-10-05T16:35:29.5842451Z ##[endgroup]
2026-10-05T16:35:29.5843463Z ##[group]Determining the checkout info
2026-10-05T16:35:29.5844721Z ##[endgroup]
2026-10-05T16:35:29.5849915Z [command]/usr/bin/git sparse-checkout disable
2026-10-05T16:35:29.5902640Z [command]/usr/bin/git config --local --unset-all extensions.worktreeConfig
2026-10-05T16:35:29.5932901Z ##[group]Checking out the ref
2026-10-05T16:35:29.5937016Z [command]/usr/bin/git checkout --progress --force -B audit/AUD-SOL-H7-120/369-3 refs/remotes/origin/audit/AUD-SOL-H7-120/369-3
2026-10-05T16:35:29.7066978Z Switched to a new branch 'audit/AUD-SOL-H7-120/369-3'
2026-10-05T16:35:29.7072170Z branch 'audit/AUD-SOL-H7-120/369-3' set up to track 'origin/audit/AUD-SOL-H7-120/369-3'.
2026-10-05T16:35:29.7083030Z ##[endgroup]
2026-10-05T16:35:29.7130145Z [command]/usr/bin/git log -1 --format=%H
2026-10-05T16:35:29.7154217Z 633935a68f5b60aeb788e6b933f81dc303f2b8dd
2026-10-05T16:35:29.7542157Z ##[group]Run actions/setup-node@v6
2026-10-05T16:35:29.7543485Z with:
2026-10-05T16:35:29.7544445Z   node-version: 22.13
2026-10-05T16:35:29.7545512Z   cache: npm
2026-10-05T16:35:29.7546502Z   check-latest: false
2026-10-05T16:35:29.7557637Z   token: ***
2026-10-05T16:35:29.7558805Z   package-manager-cache: true
2026-10-05T16:35:29.7559991Z ##[endgroup]
2026-10-05T16:35:29.8967768Z Attempting to download 22.13...
2026-10-05T16:35:30.3517802Z Acquiring 22.13.1 - x64 from https://github.com/actions/node-versions/releases/download/22.13.1-12900459766/node-22.13.1-linux-x64.tar.gz
2026-10-05T16:35:30.7864173Z Extracting ...
2026-10-05T16:35:30.7987219Z [command]/usr/bin/tar xz --strip 1 --warning=no-unknown-keyword --overwrite -C /home/runner/work/_temp/3c69452c-ff6e-4956-921a-6abde96522c0 -f /home/runner/work/_temp/5dc57389-1985-4ca6-868f-4e33a4f2b072
2026-10-05T16:35:31.9827185Z Adding to the cache ...
2026-10-05T16:35:33.8463763Z ##[group]Environment details
2026-10-05T16:35:34.0596203Z node: v22.13.1
2026-10-05T16:35:34.0596692Z npm: 10.9.2
2026-10-05T16:35:34.0597593Z yarn: 1.22.22
2026-10-05T16:35:34.0598645Z ##[endgroup]
2026-10-05T16:35:34.0619231Z [command]/opt/hostedtoolcache/node/22.13.1/x64/bin/npm config get cache
2026-10-05T16:35:34.1523705Z /home/runner/.npm
2026-10-05T16:35:34.2595710Z Cache hit for: node-cache-Linux-x64-npm-d337c1813e25f31cc43e8d80f8de0d0cb6af6de1f93566771485fa27a2bebc06
2026-10-05T16:35:35.3206543Z Received 171966464 of 241027159 (71.3%), 164.0 MBs/sec
2026-10-05T16:35:35.9210607Z Received 241027159 of 241027159 (100.0%), 143.7 MBs/sec
2026-10-05T16:35:35.9211953Z Cache Size: ~230 MB (241027159 B)
2026-10-05T16:35:35.9281598Z [command]/usr/bin/tar -xf /home/runner/work/_temp/3e29ad40-6457-478a-8b6c-3658bbd672bc/cache.tzst -P -C /home/runner/work/growth-project-mobile/growth-project-mobile --use-compress-program unzstd
2026-10-05T16:35:36.5525481Z Cache restored successfully
2026-10-05T16:35:36.5634384Z Cache restored from key: node-cache-Linux-x64-npm-d337c1813e25f31cc43e8d80f8de0d0cb6af6de1f93566771485fa27a2bebc06
2026-10-05T16:35:36.5851071Z ##[group]Run npm ci
2026-10-05T16:35:36.5851391Z [36;1mnpm ci[0m
2026-10-05T16:35:36.6156456Z shell: /usr/bin/bash -e {0}
2026-10-05T16:35:36.6156853Z ##[endgroup]
2026-10-05T16:35:41.7264864Z npm warn deprecated inflight@1.0.6: This module is not supported, and leaks memory. Do not use it. Check out lru-cache if you want a good and tested way to coalesce async requests by a key value, which is much more comprehensive and powerful.
2026-10-05T16:35:41.9575334Z npm warn deprecated @humanwhocodes/config-array@0.13.0: Use @eslint/config-array instead
2026-10-05T16:35:41.9736765Z npm warn deprecated whatwg-encoding@2.0.0: Use @exodus/bytes instead for a more spec-conformant and faster implementation
2026-10-05T16:35:41.9816966Z npm warn deprecated rimraf@3.0.2: Rimraf versions prior to v4 are no longer supported
2026-10-05T16:35:42.0064744Z npm warn deprecated abab@2.0.6: Use your platform's native atob() and btoa() methods instead
2026-10-05T16:35:42.1526842Z npm warn deprecated @humanwhocodes/object-schema@2.0.3: Use @eslint/object-schema instead
2026-10-05T16:35:42.1569309Z npm warn deprecated glob@7.2.3: Old versions of glob are not supported, and contain widely publicized security vulnerabilities, which have been fixed in the current version. Please update. Support for old versions may be purchased (at exorbitant rates) by contacting i@izs.me
2026-10-05T16:35:42.1585444Z npm warn deprecated glob@7.2.3: Old versions of glob are not supported, and contain widely publicized security vulnerabilities, which have been fixed in the current version. Please update. Support for old versions may be purchased (at exorbitant rates) by contacting i@izs.me
2026-10-05T16:35:42.1607213Z npm warn deprecated glob@7.2.3: Old versions of glob are not supported, and contain widely publicized security vulnerabilities, which have been fixed in the current version. Please update. Support for old versions may be purchased (at exorbitant rates) by contacting i@izs.me
2026-10-05T16:35:42.1620750Z npm warn deprecated glob@7.2.3: Old versions of glob are not supported, and contain widely publicized security vulnerabilities, which have been fixed in the current version. Please update. Support for old versions may be purchased (at exorbitant rates) by contacting i@izs.me
2026-10-05T16:35:42.1630291Z npm warn deprecated glob@7.2.3: Old versions of glob are not supported, and contain widely publicized security vulnerabilities, which have been fixed in the current version. Please update. Support for old versions may be purchased (at exorbitant rates) by contacting i@izs.me
2026-10-05T16:35:42.1926608Z npm warn deprecated glob@7.1.6: Old versions of glob are not supported, and contain widely publicized security vulnerabilities, which have been fixed in the current version. Please update. Support for old versions may be purchased (at exorbitant rates) by contacting i@izs.me
2026-10-05T16:35:42.2374311Z npm warn deprecated domexception@4.0.0: Use your platform's native DOMException instead
2026-10-05T16:35:42.6941781Z npm warn deprecated @xmldom/xmldom@0.7.13: this version has critical issues, please update to the latest version
2026-10-05T16:35:43.2335815Z npm warn deprecated uuid@7.0.3: uuid@10 and below is no longer supported.  For ESM codebases, update to uuid@latest.  For CommonJS codebases, use uuid@11 (but be aware this version will likely be deprecated in 2028).
2026-10-05T16:35:46.7854708Z npm warn deprecated eslint@8.57.1: This version is no longer supported. Please see https://eslint.org/version-support for other options.
2026-10-05T16:36:36.9112212Z 
2026-10-05T16:36:36.9115927Z added 1108 packages, and audited 1109 packages in 1m
2026-10-05T16:36:36.9116557Z 
2026-10-05T16:36:36.9116937Z 187 packages are looking for funding
2026-10-05T16:36:36.9117575Z   run `npm fund` for details
2026-10-05T16:36:37.2839246Z 
2026-10-05T16:36:37.2840264Z 88 vulnerabilities (1 low, 16 moderate, 71 high)
2026-10-05T16:36:37.2840797Z 
2026-10-05T16:36:37.2841285Z To address issues that do not require attention, run:
2026-10-05T16:36:37.2842277Z   npm audit fix
2026-10-05T16:36:37.2842583Z 
2026-10-05T16:36:37.2843249Z To address all issues (including breaking changes), run:
2026-10-05T16:36:37.2843868Z   npm audit fix --force
2026-10-05T16:36:37.2844062Z 
2026-10-05T16:36:37.2844217Z Run `npm audit` for details.
2026-10-05T16:36:37.4797986Z ##[group]Run set -euo pipefail
2026-10-05T16:36:37.4798653Z [36;1mset -euo pipefail[0m
2026-10-05T16:36:37.4799267Z [36;1mtest -s .ci-lane-specs || { echo "missing .ci-lane-specs"; exit 2; }[0m
2026-10-05T16:36:37.4799757Z [36;1mmapfile -t SPECS < <(grep -vE '^\s*(#|$)' .ci-lane-specs)[0m
2026-10-05T16:36:37.4800124Z [36;1mecho "specs: ${SPECS[*]}"[0m
2026-10-05T16:36:37.4800395Z [36;1mnpx jest --ci "${SPECS[@]}"[0m
2026-10-05T16:36:37.4865059Z shell: /usr/bin/bash --noprofile --norc -e -o pipefail {0}
2026-10-05T16:36:37.4865416Z ##[endgroup]
2026-10-05T16:36:37.4977847Z specs: src/services/__tests__/authActions.interruptedAuthority.sol120.test.ts src/services/__tests__/authActions.storageOutage.sol119g.test.ts src/services/__tests__/authActions.healthDrainFinally.test.ts src/services/__tests__/authActions.healthQueue.sol119e.test.ts src/services/health/__tests__/onDeviceState.authorityStore.test.ts src/services/health/__tests__/onDeviceState.signOutDurable.test.ts src/services/health/__tests__/onDeviceState.failedGrantChain.sol119f.test.ts src/services/health/__tests__/onDeviceState.signOutDrain.test.ts src/services/health/__tests__/onDeviceState.serialQueue.test.ts src/services/health/__tests__/onDeviceState.test.ts src/services/health/__tests__/retireNativeOrder.sol119.test.ts src/services/health/__tests__/sessionFence.test.ts src/services/health/__tests__/onDeviceSync.test.ts src/services/__tests__/authActions.test.ts src/services/__tests__/authActions.signOut.test.ts src/screens/settings/__tests__/DeleteAccountScreen.test.tsx src/hooks/useWearableConnections.disconnect.test.tsx src/hooks/useWearableConnections.sessionEpoch.test.tsx src/hooks/useWearableConnections.transport.test.tsx src/hooks/useWearableConnections.test.tsx src/services/health/healthConnect/__tests__/healthConnectSyncService.test.ts src/services/health/healthkit/__tests__/healthKitSyncService.test.ts src/api/wearablesConnectionsApi.test.ts src/screens/client/wearables/__tests__/ConnectionsScreen.test.tsx src/screens/client/wearables/__tests__/ConnectionsScreen.emptyImport.test.tsx src/screens/client/wearables/__tests__/ConnectProviderSheet.accountSwitch.test.tsx src/screens/client/wearables/__tests__/ConnectProviderSheet.attemptFence.test.tsx src/screens/client/wearables/__tests__/ConnectProviderSheet.importEpoch.test.tsx src/config/__tests__/androidHealthConnectConfig.test.js scripts/__tests__/easUpdateGuard.test.js
2026-10-05T16:36:43.3570126Z PASS scripts/__tests__/easUpdateGuard.test.js
2026-10-05T16:36:43.8657478Z PASS src/services/health/healthConnect/__tests__/healthConnectSyncService.test.ts
2026-10-05T16:36:45.2717974Z FAIL src/services/__tests__/authActions.interruptedAuthority.sol120.test.ts
2026-10-05T16:36:45.2740249Z   ● interrupted actual signOut at session read: a pre-logout Connect must not recreate durable consent after the immediate revocation
2026-10-05T16:36:45.2753229Z 
2026-10-05T16:36:45.2754034Z     expect(received).toEqual(expected) // deep equality
2026-10-05T16:36:45.2754449Z 
2026-10-05T16:36:45.2754799Z     - Expected  - 2
2026-10-05T16:36:45.2755112Z     + Received  + 2
2026-10-05T16:36:45.2755384Z 
2026-10-05T16:36:45.2755632Z       Object {
2026-10-05T16:36:45.2755968Z     -   "kind": "not_authorized",
2026-10-05T16:36:45.2756410Z     -   "syncCalls": 0,
2026-10-05T16:36:45.2756896Z     +   "kind": "imported",
2026-10-05T16:36:45.2757645Z     +   "syncCalls": 1,
2026-10-05T16:36:45.2758592Z       }
2026-10-05T16:36:45.2758813Z 
2026-10-05T16:36:45.2759862Z     [0m [90m 438 |[39m   }))[33m.[39mkind)[33m.[39mtoBe([32m'not_authorized'[39m)[33m;[39m [90m// full-drain control[39m
2026-10-05T16:36:45.2762649Z      [90m 439 |[39m   expect({ kind[33m:[39m outcome[33m?[39m[33m.[39mkind[33m,[39m syncCalls[33m:[39m syncHealthConnect[33m.[39mmock[33m.[39mcalls[33m.[39mlength })
2026-10-05T16:36:45.2765222Z     [31m[1m>[22m[39m[90m 440 |[39m     [33m.[39mtoEqual({ kind[33m:[39m [32m'not_authorized'[39m[33m,[39m syncCalls[33m:[39m [35m0[39m })[33m;[39m
2026-10-05T16:36:45.2766471Z      [90m     |[39m      [31m[1m^[22m[39m
2026-10-05T16:36:45.2767370Z      [90m 441 |[39m })[33m;[39m
2026-10-05T16:36:45.2767918Z      [90m 442 |[39m[0m
2026-10-05T16:36:45.2768524Z 
2026-10-05T16:36:45.2769186Z       at toEqual (src/services/__tests__/authActions.interruptedAuthority.sol120.test.ts:440:6)
2026-10-05T16:36:45.2770464Z       at asyncGeneratorStep (node_modules/@babel/runtime/helpers/asyncToGenerator.js:3:17)
2026-10-05T16:36:45.2771576Z       at _next (node_modules/@babel/runtime/helpers/asyncToGenerator.js:17:9)
2026-10-05T16:36:45.2772110Z 
2026-10-05T16:36:45.2773300Z   ● interrupted actual signOut at authority creation: a pre-logout Connect must not recreate durable consent after the immediate revocation
2026-10-05T16:36:45.2774268Z 
2026-10-05T16:36:45.2774598Z     expect(received).toEqual(expected) // deep equality
2026-10-05T16:36:45.2775008Z 
2026-10-05T16:36:45.2775175Z     - Expected  - 2
2026-10-05T16:36:45.2775586Z     + Received  + 2
2026-10-05T16:36:45.2775811Z 
2026-10-05T16:36:45.2775963Z       Object {
2026-10-05T16:36:45.2776390Z     -   "kind": "not_authorized",
2026-10-05T16:36:45.2776865Z     -   "syncCalls": 0,
2026-10-05T16:36:45.2777291Z     +   "kind": "imported",
2026-10-05T16:36:45.2777759Z     +   "syncCalls": 1,
2026-10-05T16:36:45.2778137Z       }
2026-10-05T16:36:45.2778591Z 
2026-10-05T16:36:45.2809588Z     [0m [90m 438 |[39m   }))[33m.[39mkind)[33m.[39mtoBe([32m'not_authorized'[39m)[33m;[39m [90m// full-drain control[39m
2026-10-05T16:36:45.2811731Z      [90m 439 |[39m   expect({ kind[33m:[39m outcome[33m?[39m[33m.[39mkind[33m,[39m syncCalls[33m:[39m syncHealthConnect[33m.[39mmock[33m.[39mcalls[33m.[39mlength })
2026-10-05T16:36:45.2814007Z     [31m[1m>[22m[39m[90m 440 |[39m     [33m.[39mtoEqual({ kind[33m:[39m [32m'not_authorized'[39m[33m,[39m syncCalls[33m:[39m [35m0[39m })[33m;[39m
2026-10-05T16:36:45.2815343Z      [90m     |[39m      [31m[1m^[22m[39m
2026-10-05T16:36:45.2816019Z      [90m 441 |[39m })[33m;[39m
2026-10-05T16:36:45.2816587Z      [90m 442 |[39m[0m
2026-10-05T16:36:45.2816873Z 
2026-10-05T16:36:45.2817535Z       at toEqual (src/services/__tests__/authActions.interruptedAuthority.sol120.test.ts:440:6)
2026-10-05T16:36:45.2819203Z       at asyncGeneratorStep (node_modules/@babel/runtime/helpers/asyncToGenerator.js:3:17)
2026-10-05T16:36:45.2820239Z       at _next (node_modules/@babel/runtime/helpers/asyncToGenerator.js:17:9)
2026-10-05T16:36:45.2820762Z 
2026-10-05T16:36:46.8689672Z PASS src/services/__tests__/authActions.test.ts
2026-10-05T16:36:47.2559713Z PASS src/services/health/__tests__/onDeviceSync.test.ts
2026-10-05T16:36:50.5045877Z PASS src/screens/settings/__tests__/DeleteAccountScreen.test.tsx (11.229 s)
2026-10-05T16:36:50.8408352Z PASS src/screens/client/wearables/__tests__/ConnectionsScreen.test.tsx (7.466 s)
2026-10-05T16:36:50.8442545Z PASS src/services/health/healthkit/__tests__/healthKitSyncService.test.ts
2026-10-05T16:36:51.3307850Z PASS src/services/__tests__/authActions.storageOutage.sol119g.test.ts
2026-10-05T16:36:51.4876690Z PASS src/screens/client/wearables/__tests__/ConnectProviderSheet.importEpoch.test.tsx
2026-10-05T16:36:51.7539096Z   ● Console
2026-10-05T16:36:51.7539427Z 
2026-10-05T16:36:51.7539643Z     console.error
2026-10-05T16:36:51.7540566Z       The current testing environment is not configured to support act(...)
2026-10-05T16:36:51.7541263Z 
2026-10-05T16:36:51.7542387Z     [0m [90m 332 |[39m         [36mif[39m (currentAuthGeneration() [33m===[39m generation) invalidate()[33m;[39m
2026-10-05T16:36:51.7543802Z      [90m 333 |[39m       }[33m;[39m
2026-10-05T16:36:51.7545085Z     [31m[1m>[22m[39m[90m 334 |[39m       [36mif[39m (current()) setImporting([36mtrue[39m)[33m;[39m
2026-10-05T16:36:51.7546308Z      [90m     |[39m                      [31m[1m^[22m[39m
2026-10-05T16:36:51.7547135Z      [90m 335 |[39m       [36mtry[39m {
2026-10-05T16:36:51.7549085Z      [90m 336 |[39m         [36mconst[39m outcome [33m=[39m [36mawait[39m run()[33m;[39m
2026-10-05T16:36:51.7550878Z      [90m 337 |[39m         [36mif[39m ([33m![39mcurrent() [33m||[39m currentAuthGeneration() [33m!==[39m generation) {[0m
2026-10-05T16:36:51.7551628Z 
2026-10-05T16:36:51.7552389Z       at isConcurrentActEnvironment (node_modules/react-reconciler/cjs/react-reconciler.development.js:13990:17)
2026-10-05T16:36:51.7554012Z       at warnIfUpdatesNotWrappedWithActDEV (node_modules/react-reconciler/cjs/react-reconciler.development.js:16304:7)
2026-10-05T16:36:51.7555537Z       at scheduleUpdateOnFiber (node_modules/react-reconciler/cjs/react-reconciler.development.js:14070:11)
2026-10-05T16:36:51.7557100Z       at dispatchSetStateInternal (node_modules/react-reconciler/cjs/react-reconciler.development.js:6784:13)
2026-10-05T16:36:51.7558689Z       at dispatchSetState (node_modules/react-reconciler/cjs/react-reconciler.development.js:6741:7)
2026-10-05T16:36:51.7560062Z       at setImporting (src/screens/client/wearables/ConnectProviderSheet.tsx:334:22)
2026-10-05T16:36:51.7561115Z       at asyncGeneratorStep (node_modules/@babel/runtime/helpers/asyncToGenerator.js:3:17)
2026-10-05T16:36:51.7562108Z       at _next (node_modules/@babel/runtime/helpers/asyncToGenerator.js:17:9)
2026-10-05T16:36:51.7562969Z       at node_modules/@babel/runtime/helpers/asyncToGenerator.js:22:7
2026-10-05T16:36:51.7563774Z       at node_modules/@babel/runtime/helpers/asyncToGenerator.js:14:12
2026-10-05T16:36:51.7564636Z       at apply (src/screens/client/wearables/ConnectProviderSheet.tsx:363:6)
2026-10-05T16:36:51.7565585Z       at runImport (src/screens/client/wearables/ConnectProviderSheet.tsx:436:17)
2026-10-05T16:36:51.7566622Z       at asyncGeneratorStep (node_modules/@babel/runtime/helpers/asyncToGenerator.js:3:17)
2026-10-05T16:36:51.7567629Z       at _next (node_modules/@babel/runtime/helpers/asyncToGenerator.js:17:9)
2026-10-05T16:36:51.7568118Z 
2026-10-05T16:36:51.7588693Z     console.error
2026-10-05T16:36:51.7589386Z       The current testing environment is not configured to support act(...)
2026-10-05T16:36:51.7589906Z 
2026-10-05T16:36:51.7590756Z     [0m [90m 332 |[39m         [36mif[39m (currentAuthGeneration() [33m===[39m generation) invalidate()[33m;[39m
2026-10-05T16:36:51.7591676Z      [90m 333 |[39m       }[33m;[39m
2026-10-05T16:36:51.7592616Z     [31m[1m>[22m[39m[90m 334 |[39m       [36mif[39m (current()) setImporting([36mtrue[39m)[33m;[39m
2026-10-05T16:36:51.7593558Z      [90m     |[39m                      [31m[1m^[22m[39m
2026-10-05T16:36:51.7594193Z      [90m 335 |[39m       [36mtry[39m {
2026-10-05T16:36:51.7595069Z      [90m 336 |[39m         [36mconst[39m outcome [33m=[39m [36mawait[39m run()[33m;[39m
2026-10-05T16:36:51.7596416Z      [90m 337 |[39m         [36mif[39m ([33m![39mcurrent() [33m||[39m currentAuthGeneration() [33m!==[39m generation) {[0m
2026-10-05T16:36:51.7597102Z 
2026-10-05T16:36:51.7597838Z       at isConcurrentActEnvironment (node_modules/react-reconciler/cjs/react-reconciler.development.js:13990:17)
2026-10-05T16:36:51.7599563Z       at warnIfUpdatesNotWrappedWithActDEV (node_modules/react-reconciler/cjs/react-reconciler.development.js:16304:7)
2026-10-05T16:36:51.7600995Z       at scheduleUpdateOnFiber (node_modules/react-reconciler/cjs/react-reconciler.development.js:14070:11)
2026-10-05T16:36:51.7602363Z       at dispatchSetStateInternal (node_modules/react-reconciler/cjs/react-reconciler.development.js:6784:13)
2026-10-05T16:36:51.7603668Z       at dispatchSetState (node_modules/react-reconciler/cjs/react-reconciler.development.js:6741:7)
2026-10-05T16:36:51.7604804Z       at setImporting (src/screens/client/wearables/ConnectProviderSheet.tsx:334:22)
2026-10-05T16:36:51.7605880Z       at asyncGeneratorStep (node_modules/@babel/runtime/helpers/asyncToGenerator.js:3:17)
2026-10-05T16:36:51.7606887Z       at _next (node_modules/@babel/runtime/helpers/asyncToGenerator.js:17:9)
2026-10-05T16:36:51.7607985Z       at node_modules/@babel/runtime/helpers/asyncToGenerator.js:22:7
2026-10-05T16:36:51.7641570Z       at node_modules/@babel/runtime/helpers/asyncToGenerator.js:14:12
2026-10-05T16:36:51.7642760Z       at apply (src/screens/client/wearables/ConnectProviderSheet.tsx:363:6)
2026-10-05T16:36:51.7643687Z       at runImport (src/screens/client/wearables/ConnectProviderSheet.tsx:436:17)
2026-10-05T16:36:51.7644774Z       at asyncGeneratorStep (node_modules/@babel/runtime/helpers/asyncToGenerator.js:3:17)
2026-10-05T16:36:51.7645574Z       at _next (node_modules/@babel/runtime/helpers/asyncToGenerator.js:17:9)
2026-10-05T16:36:51.7645901Z 
2026-10-05T16:36:51.7645997Z     console.error
2026-10-05T16:36:51.7646395Z       The current testing environment is not configured to support act(...)
2026-10-05T16:36:51.7646697Z 
2026-10-05T16:36:51.7647228Z     [0m [90m 332 |[39m         [36mif[39m (currentAuthGeneration() [33m===[39m generation) invalidate()[33m;[39m
2026-10-05T16:36:51.7647795Z      [90m 333 |[39m       }[33m;[39m
2026-10-05T16:36:51.7649243Z     [31m[1m>[22m[39m[90m 334 |[39m       [36mif[39m (current()) setImporting([36mtrue[39m)[33m;[39m
2026-10-05T16:36:51.7650317Z      [90m     |[39m                      [31m[1m^[22m[39m
2026-10-05T16:36:51.7651047Z      [90m 335 |[39m       [36mtry[39m {
2026-10-05T16:36:51.7652096Z      [90m 336 |[39m         [36mconst[39m outcome [33m=[39m [36mawait[39m run()[33m;[39m
2026-10-05T16:36:51.7653608Z      [90m 337 |[39m         [36mif[39m ([33m![39mcurrent() [33m||[39m currentAuthGeneration() [33m!==[39m generation) {[0m
2026-10-05T16:36:51.7654380Z 
2026-10-05T16:36:51.7655175Z       at isConcurrentActEnvironment (node_modules/react-reconciler/cjs/react-reconciler.development.js:13990:17)
2026-10-05T16:36:51.7656109Z       at warnIfUpdatesNotWrappedWithActDEV (node_modules/react-reconciler/cjs/react-reconciler.development.js:16304:7)
2026-10-05T16:36:51.7657006Z       at scheduleUpdateOnFiber (node_modules/react-reconciler/cjs/react-reconciler.development.js:14070:11)
2026-10-05T16:36:51.7657858Z       at dispatchSetStateInternal (node_modules/react-reconciler/cjs/react-reconciler.development.js:6784:13)
2026-10-05T16:36:51.7658802Z       at dispatchSetState (node_modules/react-reconciler/cjs/react-reconciler.development.js:6741:7)
2026-10-05T16:36:51.7659483Z       at setImporting (src/screens/client/wearables/ConnectProviderSheet.tsx:334:22)
2026-10-05T16:36:51.7660115Z       at asyncGeneratorStep (node_modules/@babel/runtime/helpers/asyncToGenerator.js:3:17)
2026-10-05T16:36:51.7660697Z       at _next (node_modules/@babel/runtime/helpers/asyncToGenerator.js:17:9)
2026-10-05T16:36:51.7661240Z       at node_modules/@babel/runtime/helpers/asyncToGenerator.js:22:7
2026-10-05T16:36:51.7661788Z       at node_modules/@babel/runtime/helpers/asyncToGenerator.js:14:12
2026-10-05T16:36:51.7662310Z       at apply (src/screens/client/wearables/ConnectProviderSheet.tsx:363:6)
2026-10-05T16:36:51.7663004Z       at runImport (src/screens/client/wearables/ConnectProviderSheet.tsx:436:17)
2026-10-05T16:36:51.7664150Z       at asyncGeneratorStep (node_modules/@babel/runtime/helpers/asyncToGenerator.js:3:17)
2026-10-05T16:36:51.7665230Z       at _next (node_modules/@babel/runtime/helpers/asyncToGenerator.js:17:9)
2026-10-05T16:36:51.7665769Z 
2026-10-05T16:36:51.7665935Z     console.error
2026-10-05T16:36:51.7666590Z       The current testing environment is not configured to support act(...)
2026-10-05T16:36:51.7667133Z 
2026-10-05T16:36:51.7668013Z     [0m [90m 332 |[39m         [36mif[39m (currentAuthGeneration() [33m===[39m generation) invalidate()[33m;[39m
2026-10-05T16:36:51.7669210Z      [90m 333 |[39m       }[33m;[39m
2026-10-05T16:36:51.7670225Z     [31m[1m>[22m[39m[90m 334 |[39m       [36mif[39m (current()) setImporting([36mtrue[39m)[33m;[39m
2026-10-05T16:36:51.7671239Z      [90m     |[39m                      [31m[1m^[22m[39m
2026-10-05T16:36:51.7671912Z      [90m 335 |[39m       [36mtry[39m {
2026-10-05T16:36:51.7673083Z      [90m 336 |[39m         [36mconst[39m outcome [33m=[39m [36mawait[39m run()[33m;[39m
2026-10-05T16:36:51.7674688Z      [90m 337 |[39m         [36mif[39m ([33m![39mcurrent() [33m||[39m currentAuthGeneration() [33m!==[39m generation) {[0m
2026-10-05T16:36:51.7675670Z 
2026-10-05T16:36:51.7676437Z       at isConcurrentActEnvironment (node_modules/react-reconciler/cjs/react-reconciler.development.js:13990:17)
2026-10-05T16:36:51.7678068Z       at warnIfUpdatesNotWrappedWithActDEV (node_modules/react-reconciler/cjs/react-reconciler.development.js:16304:7)
2026-10-05T16:36:51.7679813Z       at scheduleUpdateOnFiber (node_modules/react-reconciler/cjs/react-reconciler.development.js:14070:11)
2026-10-05T16:36:51.7681352Z       at dispatchSetStateInternal (node_modules/react-reconciler/cjs/react-reconciler.development.js:6784:13)
2026-10-05T16:36:51.7682867Z       at dispatchSetState (node_modules/react-reconciler/cjs/react-reconciler.development.js:6741:7)
2026-10-05T16:36:51.7684186Z       at setImporting (src/screens/client/wearables/ConnectProviderSheet.tsx:334:22)
2026-10-05T16:36:51.7685122Z       at asyncGeneratorStep (node_modules/@babel/runtime/helpers/asyncToGenerator.js:3:17)
2026-10-05T16:36:51.7685720Z       at _next (node_modules/@babel/runtime/helpers/asyncToGenerator.js:17:9)
2026-10-05T16:36:51.7686234Z       at node_modules/@babel/runtime/helpers/asyncToGenerator.js:22:7
2026-10-05T16:36:51.7686730Z       at node_modules/@babel/runtime/helpers/asyncToGenerator.js:14:12
2026-10-05T16:36:51.7687245Z       at apply (src/screens/client/wearables/ConnectProviderSheet.tsx:363:6)
2026-10-05T16:36:51.7687800Z       at runImport (src/screens/client/wearables/ConnectProviderSheet.tsx:436:17)
2026-10-05T16:36:51.7688913Z       at asyncGeneratorStep (node_modules/@babel/runtime/helpers/asyncToGenerator.js:3:17)
2026-10-05T16:36:51.7689558Z       at _next (node_modules/@babel/runtime/helpers/asyncToGenerator.js:17:9)
2026-10-05T16:36:51.7689852Z 
2026-10-05T16:36:51.7689961Z     console.error
2026-10-05T16:36:51.7690330Z       The current testing environment is not configured to support act(...)
2026-10-05T16:36:51.7690628Z 
2026-10-05T16:36:51.7691135Z     [0m [90m 332 |[39m         [36mif[39m (currentAuthGeneration() [33m===[39m generation) invalidate()[33m;[39m
2026-10-05T16:36:51.7691695Z      [90m 333 |[39m       }[33m;[39m
2026-10-05T16:36:51.7692306Z     [31m[1m>[22m[39m[90m 334 |[39m       [36mif[39m (current()) setImporting([36mtrue[39m)[33m;[39m
2026-10-05T16:36:51.7693265Z      [90m     |[39m                      [31m[1m^[22m[39m
2026-10-05T16:36:51.7693929Z      [90m 335 |[39m       [36mtry[39m {
2026-10-05T16:36:51.7694805Z      [90m 336 |[39m         [36mconst[39m outcome [33m=[39m [36mawait[39m run()[33m;[39m
2026-10-05T16:36:51.7696178Z      [90m 337 |[39m         [36mif[39m ([33m![39mcurrent() [33m||[39m currentAuthGeneration() [33m!==[39m generation) {[0m
2026-10-05T16:36:51.7696800Z 
2026-10-05T16:36:51.7697241Z       at isConcurrentActEnvironment (node_modules/react-reconciler/cjs/react-reconciler.development.js:13990:17)
2026-10-05T16:36:51.7698126Z       at warnIfUpdatesNotWrappedWithActDEV (node_modules/react-reconciler/cjs/react-reconciler.development.js:16304:7)
2026-10-05T16:36:51.7699292Z       at scheduleUpdateOnFiber (node_modules/react-reconciler/cjs/react-reconciler.development.js:14070:11)
2026-10-05T16:36:51.7700095Z       at dispatchSetStateInternal (node_modules/react-reconciler/cjs/react-reconciler.development.js:6784:13)
2026-10-05T16:36:51.7700858Z       at dispatchSetState (node_modules/react-reconciler/cjs/react-reconciler.development.js:6741:7)
2026-10-05T16:36:51.7701529Z       at setImporting (src/screens/client/wearables/ConnectProviderSheet.tsx:334:22)
2026-10-05T16:36:51.7702160Z       at asyncGeneratorStep (node_modules/@babel/runtime/helpers/asyncToGenerator.js:3:17)
2026-10-05T16:36:51.7702744Z       at _next (node_modules/@babel/runtime/helpers/asyncToGenerator.js:17:9)
2026-10-05T16:36:51.7703464Z       at node_modules/@babel/runtime/helpers/asyncToGenerator.js:22:7
2026-10-05T16:36:51.7704069Z       at node_modules/@babel/runtime/helpers/asyncToGenerator.js:14:12
2026-10-05T16:36:51.7704589Z       at apply (src/screens/client/wearables/ConnectProviderSheet.tsx:363:6)
2026-10-05T16:36:51.7705148Z       at runImport (src/screens/client/wearables/ConnectProviderSheet.tsx:436:17)
2026-10-05T16:36:51.7705760Z       at asyncGeneratorStep (node_modules/@babel/runtime/helpers/asyncToGenerator.js:3:17)
2026-10-05T16:36:51.7706351Z       at _next (node_modules/@babel/runtime/helpers/asyncToGenerator.js:17:9)
2026-10-05T16:36:51.7706639Z 
2026-10-05T16:36:51.7706737Z     console.error
2026-10-05T16:36:51.7707108Z       The current testing environment is not configured to support act(...)
2026-10-05T16:36:51.7707404Z 
2026-10-05T16:36:51.7707895Z     [0m [90m 332 |[39m         [36mif[39m (currentAuthGeneration() [33m===[39m generation) invalidate()[33m;[39m
2026-10-05T16:36:51.7708609Z      [90m 333 |[39m       }[33m;[39m
2026-10-05T16:36:51.7709178Z     [31m[1m>[22m[39m[90m 334 |[39m       [36mif[39m (current()) setImporting([36mtrue[39m)[33m;[39m
2026-10-05T16:36:51.7709751Z      [90m     |[39m                      [31m[1m^[22m[39m
2026-10-05T16:36:51.7710143Z      [90m 335 |[39m       [36mtry[39m {
2026-10-05T16:36:51.7710666Z      [90m 336 |[39m         [36mconst[39m outcome [33m=[39m [36mawait[39m run()[33m;[39m
2026-10-05T16:36:51.7711453Z      [90m 337 |[39m         [36mif[39m ([33m![39mcurrent() [33m||[39m currentAuthGeneration() [33m!==[39m generation) {[0m
2026-10-05T16:36:51.7711870Z 
2026-10-05T16:36:51.7712278Z       at isConcurrentActEnvironment (node_modules/react-reconciler/cjs/react-reconciler.development.js:13990:17)
2026-10-05T16:36:51.7713155Z       at warnIfUpdatesNotWrappedWithActDEV (node_modules/react-reconciler/cjs/react-reconciler.development.js:16304:7)
2026-10-05T16:36:51.7713994Z       at scheduleUpdateOnFiber (node_modules/react-reconciler/cjs/react-reconciler.development.js:14070:11)
2026-10-05T16:36:51.7714791Z       at dispatchSetStateInternal (node_modules/react-reconciler/cjs/react-reconciler.development.js:6784:13)
2026-10-05T16:36:51.7715553Z       at dispatchSetState (node_modules/react-reconciler/cjs/react-reconciler.development.js:6741:7)
2026-10-05T16:36:51.7716212Z       at setImporting (src/screens/client/wearables/ConnectProviderSheet.tsx:334:22)
2026-10-05T16:36:51.7716842Z       at asyncGeneratorStep (node_modules/@babel/runtime/helpers/asyncToGenerator.js:3:17)
2026-10-05T16:36:51.7717438Z       at _next (node_modules/@babel/runtime/helpers/asyncToGenerator.js:17:9)
2026-10-05T16:36:51.7717944Z       at node_modules/@babel/runtime/helpers/asyncToGenerator.js:22:7
2026-10-05T16:36:51.7718570Z       at node_modules/@babel/runtime/helpers/asyncToGenerator.js:14:12
2026-10-05T16:36:51.7719090Z       at apply (src/screens/client/wearables/ConnectProviderSheet.tsx:363:6)
2026-10-05T16:36:51.7719671Z       at runImport (src/screens/client/wearables/ConnectProviderSheet.tsx:436:17)
2026-10-05T16:36:51.7720279Z       at asyncGeneratorStep (node_modules/@babel/runtime/helpers/asyncToGenerator.js:3:17)
2026-10-05T16:36:51.7720857Z       at _next (node_modules/@babel/runtime/helpers/asyncToGenerator.js:17:9)
2026-10-05T16:36:51.7721147Z 
2026-10-05T16:36:51.7721239Z     console.error
2026-10-05T16:36:51.7721606Z       The current testing environment is not configured to support act(...)
2026-10-05T16:36:51.7721901Z 
2026-10-05T16:36:51.7722356Z     [0m [90m 332 |[39m         [36mif[39m (currentAuthGeneration() [33m===[39m generation) invalidate()[33m;[39m
2026-10-05T16:36:51.7722915Z      [90m 333 |[39m       }[33m;[39m
2026-10-05T16:36:51.7723476Z     [31m[1m>[22m[39m[90m 334 |[39m       [36mif[39m (current()) setImporting([36mtrue[39m)[33m;[39m
2026-10-05T16:36:51.7724029Z      [90m     |[39m                      [31m[1m^[22m[39m
2026-10-05T16:36:51.7724550Z      [90m 335 |[39m       [36mtry[39m {
2026-10-05T16:36:51.7725082Z      [90m 336 |[39m         [36mconst[39m outcome [33m=[39m [36mawait[39m run()[33m;[39m
2026-10-05T16:36:51.7725976Z      [90m 337 |[39m         [36mif[39m ([33m![39mcurrent() [33m||[39m currentAuthGeneration() [33m!==[39m generation) {[0m
2026-10-05T16:36:51.7726387Z 
2026-10-05T16:36:51.7726799Z       at isConcurrentActEnvironment (node_modules/react-reconciler/cjs/react-reconciler.development.js:13990:17)
2026-10-05T16:36:51.7727668Z       at warnIfUpdatesNotWrappedWithActDEV (node_modules/react-reconciler/cjs/react-reconciler.development.js:16304:7)
2026-10-05T16:36:51.7728810Z       at scheduleUpdateOnFiber (node_modules/react-reconciler/cjs/react-reconciler.development.js:14070:11)
2026-10-05T16:36:51.7729626Z       at dispatchSetStateInternal (node_modules/react-reconciler/cjs/react-reconciler.development.js:6784:13)
2026-10-05T16:36:51.7730393Z       at dispatchSetState (node_modules/react-reconciler/cjs/react-reconciler.development.js:6741:7)
2026-10-05T16:36:51.7731058Z       at setImporting (src/screens/client/wearables/ConnectProviderSheet.tsx:334:22)
2026-10-05T16:36:51.7731683Z       at asyncGeneratorStep (node_modules/@babel/runtime/helpers/asyncToGenerator.js:3:17)
2026-10-05T16:36:51.7732265Z       at _next (node_modules/@babel/runtime/helpers/asyncToGenerator.js:17:9)
2026-10-05T16:36:51.7732768Z       at node_modules/@babel/runtime/helpers/asyncToGenerator.js:22:7
2026-10-05T16:36:51.7733253Z       at node_modules/@babel/runtime/helpers/asyncToGenerator.js:14:12
2026-10-05T16:36:51.7733771Z       at apply (src/screens/client/wearables/ConnectProviderSheet.tsx:363:6)
2026-10-05T16:36:51.7734327Z       at runImport (src/screens/client/wearables/ConnectProviderSheet.tsx:436:17)
2026-10-05T16:36:51.7734929Z       at asyncGeneratorStep (node_modules/@babel/runtime/helpers/asyncToGenerator.js:3:17)
2026-10-05T16:36:51.7735507Z       at _next (node_modules/@babel/runtime/helpers/asyncToGenerator.js:17:9)
2026-10-05T16:36:51.7735795Z 
2026-10-05T16:36:51.7735890Z     console.error
2026-10-05T16:36:51.7736258Z       The current testing environment is not configured to support act(...)
2026-10-05T16:36:51.7736558Z 
2026-10-05T16:36:51.7737015Z     [0m [90m 332 |[39m         [36mif[39m (currentAuthGeneration() [33m===[39m generation) invalidate()[33m;[39m
2026-10-05T16:36:51.7737558Z      [90m 333 |[39m       }[33m;[39m
2026-10-05T16:36:51.7738234Z     [31m[1m>[22m[39m[90m 334 |[39m       [36mif[39m (current()) setImporting([36mtrue[39m)[33m;[39m
2026-10-05T16:36:51.7738888Z      [90m     |[39m                      [31m[1m^[22m[39m
2026-10-05T16:36:51.7739267Z      [90m 335 |[39m       [36mtry[39m {
2026-10-05T16:36:51.7739788Z      [90m 336 |[39m         [36mconst[39m outcome [33m=[39m [36mawait[39m run()[33m;[39m
2026-10-05T16:36:51.7740570Z      [90m 337 |[39m         [36mif[39m ([33m![39mcurrent() [33m||[39m currentAuthGeneration() [33m!==[39m generation) {[0m
2026-10-05T16:36:51.7740990Z 
2026-10-05T16:36:51.7741392Z       at isConcurrentActEnvironment (node_modules/react-reconciler/cjs/react-reconciler.development.js:13990:17)
2026-10-05T16:36:51.7742264Z       at warnIfUpdatesNotWrappedWithActDEV (node_modules/react-reconciler/cjs/react-reconciler.development.js:16304:7)
2026-10-05T16:36:51.7743099Z       at scheduleUpdateOnFiber (node_modules/react-reconciler/cjs/react-reconciler.development.js:14070:11)
2026-10-05T16:36:51.7743889Z       at dispatchSetStateInternal (node_modules/react-reconciler/cjs/react-reconciler.development.js:6784:13)
2026-10-05T16:36:51.7744649Z       at dispatchSetState (node_modules/react-reconciler/cjs/react-reconciler.development.js:6741:7)
2026-10-05T16:36:51.7745311Z       at setImporting (src/screens/client/wearables/ConnectProviderSheet.tsx:334:22)
2026-10-05T16:36:51.7745930Z       at asyncGeneratorStep (node_modules/@babel/runtime/helpers/asyncToGenerator.js:3:17)
2026-10-05T16:36:51.7746800Z       at _next (node_modules/@babel/runtime/helpers/asyncToGenerator.js:17:9)
2026-10-05T16:36:51.7747779Z       at node_modules/@babel/runtime/helpers/asyncToGenerator.js:22:7
2026-10-05T16:36:51.7749174Z       at node_modules/@babel/runtime/helpers/asyncToGenerator.js:14:12
2026-10-05T16:36:51.7749720Z       at apply (src/screens/client/wearables/ConnectProviderSheet.tsx:363:6)
2026-10-05T16:36:51.7750288Z       at runImport (src/screens/client/wearables/ConnectProviderSheet.tsx:436:17)
2026-10-05T16:36:51.7750904Z       at asyncGeneratorStep (node_modules/@babel/runtime/helpers/asyncToGenerator.js:3:17)
2026-10-05T16:36:51.7751493Z       at _next (node_modules/@babel/runtime/helpers/asyncToGenerator.js:17:9)
2026-10-05T16:36:51.7751791Z 
2026-10-05T16:36:51.7751882Z     console.error
2026-10-05T16:36:51.7752256Z       The current testing environment is not configured to support act(...)
2026-10-05T16:36:51.7752547Z 
2026-10-05T16:36:51.7753061Z     [0m [90m 332 |[39m         [36mif[39m (currentAuthGeneration() [33m===[39m generation) invalidate()[33m;[39m
2026-10-05T16:36:51.7753619Z      [90m 333 |[39m       }[33m;[39m
2026-10-05T16:36:51.7754185Z     [31m[1m>[22m[39m[90m 334 |[39m       [36mif[39m (current()) setImporting([36mtrue[39m)[33m;[39m
2026-10-05T16:36:51.7754750Z      [90m     |[39m                      [31m[1m^[22m[39m
2026-10-05T16:36:51.7755139Z      [90m 335 |[39m       [36mtry[39m {
2026-10-05T16:36:51.7755688Z      [90m 336 |[39m         [36mconst[39m outcome [33m=[39m [36mawait[39m run()[33m;[39m
2026-10-05T16:36:51.7756482Z      [90m 337 |[39m         [36mif[39m ([33m![39mcurrent() [33m||[39m currentAuthGeneration() [33m!==[39m generation) {[0m
2026-10-05T16:36:51.7756899Z 
2026-10-05T16:36:51.7757311Z       at isConcurrentActEnvironment (node_modules/react-reconciler/cjs/react-reconciler.development.js:13990:17)
2026-10-05T16:36:51.7758433Z       at warnIfUpdatesNotWrappedWithActDEV (node_modules/react-reconciler/cjs/react-reconciler.development.js:16304:7)
2026-10-05T16:36:51.7759294Z       at scheduleUpdateOnFiber (node_modules/react-reconciler/cjs/react-reconciler.development.js:14070:11)
2026-10-05T16:36:51.7760101Z       at dispatchSetStateInternal (node_modules/react-reconciler/cjs/react-reconciler.development.js:6784:13)
2026-10-05T16:36:51.7760870Z       at dispatchSetState (node_modules/react-reconciler/cjs/react-reconciler.development.js:6741:7)
2026-10-05T16:36:51.7761533Z       at setImporting (src/screens/client/wearables/ConnectProviderSheet.tsx:334:22)
2026-10-05T16:36:51.7762160Z       at asyncGeneratorStep (node_modules/@babel/runtime/helpers/asyncToGenerator.js:3:17)
2026-10-05T16:36:51.7762743Z       at _next (node_modules/@babel/runtime/helpers/asyncToGenerator.js:17:9)
2026-10-05T16:36:51.7763241Z       at node_modules/@babel/runtime/helpers/asyncToGenerator.js:22:7
2026-10-05T16:36:51.7763726Z       at node_modules/@babel/runtime/helpers/asyncToGenerator.js:14:12
2026-10-05T16:36:51.7764235Z       at apply (src/screens/client/wearables/ConnectProviderSheet.tsx:363:6)
2026-10-05T16:36:51.7764789Z       at runImport (src/screens/client/wearables/ConnectProviderSheet.tsx:436:17)
2026-10-05T16:36:51.7765401Z       at asyncGeneratorStep (node_modules/@babel/runtime/helpers/asyncToGenerator.js:3:17)
2026-10-05T16:36:51.7765972Z       at _next (node_modules/@babel/runtime/helpers/asyncToGenerator.js:17:9)
2026-10-05T16:36:51.7766260Z 
2026-10-05T16:36:51.7766348Z     console.error
2026-10-05T16:36:51.7766758Z       An update to ConnectProviderSheet inside a test was not wrapped in act(...).
2026-10-05T16:36:51.7767156Z       
2026-10-05T16:36:51.7767555Z       When testing, code that causes React state updates should be wrapped into act(...):
2026-10-05T16:36:51.7767972Z       
2026-10-05T16:36:51.7768351Z       act(() => {
2026-10-05T16:36:51.7768632Z         /* fire events that update state */
2026-10-05T16:36:51.7768916Z       });
2026-10-05T16:36:51.7769143Z       /* assert on the output */
2026-10-05T16:36:51.7769384Z       
2026-10-05T16:36:51.7770402Z       This ensures that you're testing the behavior the user would see in the browser. Learn more at https://react.dev/link/wrap-tests-with-act
2026-10-05T16:36:51.7771162Z 
2026-10-05T16:36:51.7771604Z     [0m [90m 359 |[39m         showMessage(connectFailureMessage(err[33m,[39m name))[33m;[39m
2026-10-05T16:36:51.7772155Z      [90m 360 |[39m       } [36mfinally[39m {
2026-10-05T16:36:51.7772771Z     [31m[1m>[22m[39m[90m 361 |[39m         [36mif[39m (current()) setImporting([36mfalse[39m)[33m;[39m
2026-10-05T16:36:51.7773355Z      [90m     |[39m                        [31m[1m^[22m[39m
2026-10-05T16:36:51.7773722Z      [90m 362 |[39m       }
2026-10-05T16:36:51.7774039Z      [90m 363 |[39m     }[33m,[39m
2026-10-05T16:36:51.7774739Z      [90m 364 |[39m     [handleImportOutcome[33m,[39m invalidate[33m,[39m isCurrentAttempt[33m,[39m showMessage][33m,[39m[0m
2026-10-05T16:36:51.7775195Z 
2026-10-05T16:36:51.7775487Z       at node_modules/react-reconciler/cjs/react-reconciler.development.js:16307:19
2026-10-05T16:36:51.7776180Z       at runWithFiberInDEV (node_modules/react-reconciler/cjs/react-reconciler.development.js:2508:13)
2026-10-05T16:36:51.7777014Z       at warnIfUpdatesNotWrappedWithActDEV (node_modules/react-reconciler/cjs/react-reconciler.development.js:16306:9)
2026-10-05T16:36:51.7777864Z       at scheduleUpdateOnFiber (node_modules/react-reconciler/cjs/react-reconciler.development.js:14070:11)
2026-10-05T16:36:51.7779094Z       at dispatchSetStateInternal (node_modules/react-reconciler/cjs/react-reconciler.development.js:6784:13)
2026-10-05T16:36:51.7802171Z       at dispatchSetState (node_modules/react-reconciler/cjs/react-reconciler.development.js:6741:7)
2026-10-05T16:36:51.7803247Z       at setImporting (src/screens/client/wearables/ConnectProviderSheet.tsx:361:24)
2026-10-05T16:36:51.7803916Z       at asyncGeneratorStep (node_modules/@babel/runtime/helpers/asyncToGenerator.js:3:17)
2026-10-05T16:36:51.7804571Z       at _next (node_modules/@babel/runtime/helpers/asyncToGenerator.js:17:9)
2026-10-05T16:36:51.7804887Z 
2026-10-05T16:36:51.7804994Z     console.error
2026-10-05T16:36:51.7805410Z       An update to ConnectProviderSheet inside a test was not wrapped in act(...).
2026-10-05T16:36:51.7805814Z       
2026-10-05T16:36:51.7806232Z       When testing, code that causes React state updates should be wrapped into act(...):
2026-10-05T16:36:51.7806654Z       
2026-10-05T16:36:51.7806847Z       act(() => {
2026-10-05T16:36:51.7807122Z         /* fire events that update state */
2026-10-05T16:36:51.7807409Z       });
2026-10-05T16:36:51.7807641Z       /* assert on the output */
2026-10-05T16:36:51.7807889Z       
2026-10-05T16:36:51.7808772Z       This ensures that you're testing the behavior the user would see in the browser. Learn more at https://react.dev/link/wrap-tests-with-act
2026-10-05T16:36:51.7809293Z 
2026-10-05T16:36:51.7809773Z     [0m [90m 529 |[39m       [90m// B-317-11: only this attempt's own sheet is un-busied; a close or[39m
2026-10-05T16:36:51.7810478Z      [90m 530 |[39m       [90m// provider change already reset it for the next one.[39m
2026-10-05T16:36:51.7811584Z     [31m[1m>[22m[39m[90m 531 |[39m       [36mif[39m (mountedRef[33m.[39mcurrent [33m&&[39m epochRef[33m.[39mcurrent [33m===[39m epoch) setRequestingOnDevice([36mfalse[39m)[33m;[39m
2026-10-05T16:36:51.7812651Z      [90m     |[39m                                                             [31m[1m^[22m[39m
2026-10-05T16:36:51.7813352Z      [90m 532 |[39m     }
2026-10-05T16:36:51.7813763Z      [90m 533 |[39m   }[33m,[39m [
2026-10-05T16:36:51.7814143Z      [90m 534 |[39m     provider[33m,[39m[0m
2026-10-05T16:36:51.7814358Z 
2026-10-05T16:36:51.7814651Z       at node_modules/react-reconciler/cjs/react-reconciler.development.js:16307:19
2026-10-05T16:36:51.7815352Z       at runWithFiberInDEV (node_modules/react-reconciler/cjs/react-reconciler.development.js:2508:13)
2026-10-05T16:36:51.7816467Z       at warnIfUpdatesNotWrappedWithActDEV (node_modules/react-reconciler/cjs/react-reconciler.development.js:16306:9)
2026-10-05T16:36:51.7817368Z       at scheduleUpdateOnFiber (node_modules/react-reconciler/cjs/react-reconciler.development.js:14070:11)
2026-10-05T16:36:51.7818590Z       at dispatchSetStateInternal (node_modules/react-reconciler/cjs/react-reconciler.development.js:6784:13)
2026-10-05T16:36:51.7819386Z       at dispatchSetState (node_modules/react-reconciler/cjs/react-reconciler.development.js:6741:7)
2026-10-05T16:36:51.7820110Z       at setRequestingOnDevice (src/screens/client/wearables/ConnectProviderSheet.tsx:531:61)
2026-10-05T16:36:51.7820783Z       at asyncGeneratorStep (node_modules/@babel/runtime/helpers/asyncToGenerator.js:3:17)
2026-10-05T16:36:51.7821379Z       at _next (node_modules/@babel/runtime/helpers/asyncToGenerator.js:17:9)
2026-10-05T16:36:51.7821669Z 
2026-10-05T16:36:51.7821768Z     console.error
2026-10-05T16:36:51.7822135Z       The current testing environment is not configured to support act(...)
2026-10-05T16:36:51.7822435Z 
2026-10-05T16:36:51.7822920Z     [0m [90m 332 |[39m         [36mif[39m (currentAuthGeneration() [33m===[39m generation) invalidate()[33m;[39m
2026-10-05T16:36:51.7823482Z      [90m 333 |[39m       }[33m;[39m
2026-10-05T16:36:51.7824058Z     [31m[1m>[22m[39m[90m 334 |[39m       [36mif[39m (current()) setImporting([36mtrue[39m)[33m;[39m
2026-10-05T16:36:51.7824629Z      [90m     |[39m                      [31m[1m^[22m[39m
2026-10-05T16:36:51.7825026Z      [90m 335 |[39m       [36mtry[39m {
2026-10-05T16:36:51.7825559Z      [90m 336 |[39m         [36mconst[39m outcome [33m=[39m [36mawait[39m run()[33m;[39m
2026-10-05T16:36:51.7826355Z      [90m 337 |[39m         [36mif[39m ([33m![39mcurrent() [33m||[39m currentAuthGeneration() [33m!==[39m generation) {[0m
2026-10-05T16:36:51.7826779Z 
2026-10-05T16:36:51.7827193Z       at isConcurrentActEnvironment (node_modules/react-reconciler/cjs/react-reconciler.development.js:13990:17)
2026-10-05T16:36:51.7828077Z       at warnIfUpdatesNotWrappedWithActDEV (node_modules/react-reconciler/cjs/react-reconciler.development.js:16304:7)
2026-10-05T16:36:51.7829697Z       at scheduleUpdateOnFiber (node_modules/react-reconciler/cjs/react-reconciler.development.js:14070:11)
2026-10-05T16:36:51.7831171Z       at dispatchSetStateInternal (node_modules/react-reconciler/cjs/react-reconciler.development.js:6784:13)
2026-10-05T16:36:51.7832640Z       at dispatchSetState (node_modules/react-reconciler/cjs/react-reconciler.development.js:6741:7)
2026-10-05T16:36:51.7833900Z       at setImporting (src/screens/client/wearables/ConnectProviderSheet.tsx:334:22)
2026-10-05T16:36:51.7835083Z       at asyncGeneratorStep (node_modules/@babel/runtime/helpers/asyncToGenerator.js:3:17)
2026-10-05T16:36:51.7836174Z       at _next (node_modules/@babel/runtime/helpers/asyncToGenerator.js:17:9)
2026-10-05T16:36:51.7837119Z       at node_modules/@babel/runtime/helpers/asyncToGenerator.js:22:7
2026-10-05T16:36:51.7838022Z       at node_modules/@babel/runtime/helpers/asyncToGenerator.js:14:12
2026-10-05T16:36:51.7839211Z       at apply (src/screens/client/wearables/ConnectProviderSheet.tsx:363:6)
2026-10-05T16:36:51.7840241Z       at runImport (src/screens/client/wearables/ConnectProviderSheet.tsx:436:17)
2026-10-05T16:36:51.7841351Z       at asyncGeneratorStep (node_modules/@babel/runtime/helpers/asyncToGenerator.js:3:17)
2026-10-05T16:36:51.7842422Z       at _next (node_modules/@babel/runtime/helpers/asyncToGenerator.js:17:9)
2026-10-05T16:36:51.7842955Z 
2026-10-05T16:36:51.7843119Z     console.error
2026-10-05T16:36:51.7843812Z       An update to ConnectProviderSheet inside a test was not wrapped in act(...).
2026-10-05T16:36:51.7844503Z       
2026-10-05T16:36:51.7845217Z       When testing, code that causes React state updates should be wrapped into act(...):
2026-10-05T16:36:51.7845962Z       
2026-10-05T16:36:51.7846290Z       act(() => {
2026-10-05T16:36:51.7846736Z         /* fire events that update state */
2026-10-05T16:36:51.7847224Z       });
2026-10-05T16:36:51.7847847Z       /* assert on the output */
2026-10-05T16:36:51.7848539Z       
2026-10-05T16:36:51.7849852Z       This ensures that you're testing the behavior the user would see in the browser. Learn more at https://react.dev/link/wrap-tests-with-act
2026-10-05T16:36:51.7850763Z 
2026-10-05T16:36:51.7851993Z     [0m [90m 207 |[39m   [36mconst[39m showMessage [33m=[39m useCallback((message[33m:[39m [33mOnDeviceMessage[39m [33m|[39m [36mnull[39m) [33m=>[39m {
2026-10-05T16:36:51.7854007Z      [90m 208 |[39m     [36mif[39m ([33m![39mmountedRef[33m.[39mcurrent [33m||[39m message [33m==[39m [36mnull[39m) [36mreturn[39m[33m;[39m
2026-10-05T16:36:51.7855402Z     [31m[1m>[22m[39m[90m 209 |[39m     setError(message[33m.[39mtext)[33m;[39m
2026-10-05T16:36:51.7856202Z      [90m     |[39m     [31m[1m^[22m[39m
2026-10-05T16:36:51.7856980Z      [90m 210 |[39m     setRetry(message[33m.[39maction)[33m;[39m
2026-10-05T16:36:51.7857890Z      [90m 211 |[39m     setCtaOverride(message[33m.[39mcta)[33m;[39m
2026-10-05T16:36:51.7858916Z      [90m 212 |[39m   }[33m,[39m [])[33m;[39m[0m
2026-10-05T16:36:51.7859299Z 
2026-10-05T16:36:51.7859796Z       at node_modules/react-reconciler/cjs/react-reconciler.development.js:16307:19
2026-10-05T16:36:51.7861047Z       at runWithFiberInDEV (node_modules/react-reconciler/cjs/react-reconciler.development.js:2508:13)
2026-10-05T16:36:51.7862596Z       at warnIfUpdatesNotWrappedWithActDEV (node_modules/react-reconciler/cjs/react-reconciler.development.js:16306:9)
2026-10-05T16:36:51.7864177Z       at scheduleUpdateOnFiber (node_modules/react-reconciler/cjs/react-reconciler.development.js:14070:11)
2026-10-05T16:36:51.7865669Z       at dispatchSetStateInternal (node_modules/react-reconciler/cjs/react-reconciler.development.js:6784:13)
2026-10-05T16:36:51.7867095Z       at dispatchSetState (node_modules/react-reconciler/cjs/react-reconciler.development.js:6741:7)
2026-10-05T16:36:51.7868506Z       at setError (src/screens/client/wearables/ConnectProviderSheet.tsx:209:5)
2026-10-05T16:36:51.7869602Z       at showMessage (src/screens/client/wearables/ConnectProviderSheet.tsx:353:11)
2026-10-05T16:36:51.7870432Z           at Generator.throw (<anonymous>)
2026-10-05T16:36:51.7871336Z       at asyncGeneratorStep (node_modules/@babel/runtime/helpers/asyncToGenerator.js:3:17)
2026-10-05T16:36:51.7872463Z       at _throw (node_modules/@babel/runtime/helpers/asyncToGenerator.js:20:9)
2026-10-05T16:36:51.7873016Z 
2026-10-05T16:36:51.7873180Z     console.error
2026-10-05T16:36:51.7873871Z       An update to ConnectProviderSheet inside a test was not wrapped in act(...).
2026-10-05T16:36:51.7874623Z       
2026-10-05T16:36:51.7875390Z       When testing, code that causes React state updates should be wrapped into act(...):
2026-10-05T16:36:51.7876134Z       
2026-10-05T16:36:51.7876471Z       act(() => {
2026-10-05T16:36:51.7876940Z         /* fire events that update state */
2026-10-05T16:36:51.7877430Z       });
2026-10-05T16:36:51.7877838Z       /* assert on the output */
2026-10-05T16:36:51.7878508Z       
2026-10-05T16:36:51.7879626Z       This ensures that you're testing the behavior the user would see in the browser. Learn more at https://react.dev/link/wrap-tests-with-act
2026-10-05T16:36:51.7880629Z 
2026-10-05T16:36:51.7881800Z     [0m [90m 208 |[39m     [36mif[39m ([33m![39mmountedRef[33m.[39mcurrent [33m||[39m message [33m==[39m [36mnull[39m) [36mreturn[39m[33m;[39m
2026-10-05T16:36:51.7883178Z      [90m 209 |[39m     setError(message[33m.[39mtext)[33m;[39m
2026-10-05T16:36:51.7884196Z     [31m[1m>[22m[39m[90m 210 |[39m     setRetry(message[33m.[39maction)[33m;[39m
2026-10-05T16:36:51.7885041Z      [90m     |[39m     [31m[1m^[22m[39m
2026-10-05T16:36:51.7885870Z      [90m 211 |[39m     setCtaOverride(message[33m.[39mcta)[33m;[39m
2026-10-05T16:36:51.7886870Z      [90m 212 |[39m   }[33m,[39m [])[33m;[39m
2026-10-05T16:36:51.7887441Z      [90m 213 |[39m[0m
2026-10-05T16:36:51.7887931Z 
2026-10-05T16:36:51.7895979Z       at node_modules/react-reconciler/cjs/react-reconciler.development.js:16307:19
2026-10-05T16:36:51.7897539Z       at runWithFiberInDEV (node_modules/react-reconciler/cjs/react-reconciler.development.js:2508:13)
2026-10-05T16:36:51.7899382Z       at warnIfUpdatesNotWrappedWithActDEV (node_modules/react-reconciler/cjs/react-reconciler.development.js:16306:9)
2026-10-05T16:36:51.7900923Z       at scheduleUpdateOnFiber (node_modules/react-reconciler/cjs/react-reconciler.development.js:14070:11)
2026-10-05T16:36:51.7902461Z       at dispatchSetStateInternal (node_modules/react-reconciler/cjs/react-reconciler.development.js:6784:13)
2026-10-05T16:36:51.7903851Z       at dispatchSetState (node_modules/react-reconciler/cjs/react-reconciler.development.js:6741:7)
2026-10-05T16:36:51.7905072Z       at setRetry (src/screens/client/wearables/ConnectProviderSheet.tsx:210:5)
2026-10-05T16:36:51.7906169Z       at showMessage (src/screens/client/wearables/ConnectProviderSheet.tsx:353:11)
2026-10-05T16:36:51.7907005Z           at Generator.throw (<anonymous>)
2026-10-05T16:36:51.7907857Z       at asyncGeneratorStep (node_modules/@babel/runtime/helpers/asyncToGenerator.js:3:17)
2026-10-05T16:36:51.7909724Z       at _throw (node_modules/@babel/runtime/helpers/asyncToGenerator.js:20:9)
2026-10-05T16:36:51.7910231Z 
2026-10-05T16:36:51.7910379Z     console.error
2026-10-05T16:36:51.7911065Z       An update to ConnectProviderSheet inside a test was not wrapped in act(...).
2026-10-05T16:36:51.7911687Z       
2026-10-05T16:36:51.7912301Z       When testing, code that causes React state updates should be wrapped into act(...):
2026-10-05T16:36:51.7912933Z       
2026-10-05T16:36:51.7913215Z       act(() => {
2026-10-05T16:36:51.7913602Z         /* fire events that update state */
2026-10-05T16:36:51.7914027Z       });
2026-10-05T16:36:51.7914364Z       /* assert on the output */
2026-10-05T16:36:51.7914759Z       
2026-10-05T16:36:51.7915791Z       This ensures that you're testing the behavior the user would see in the browser. Learn more at https://react.dev/link/wrap-tests-with-act
2026-10-05T16:36:51.7916647Z 
2026-10-05T16:36:51.7917149Z     [0m [90m 209 |[39m     setError(message[33m.[39mtext)[33m;[39m
2026-10-05T16:36:51.7918007Z      [90m 210 |[39m     setRetry(message[33m.[39maction)[33m;[39m
2026-10-05T16:36:51.7919249Z     [31m[1m>[22m[39m[90m 211 |[39m     setCtaOverride(message[33m.[39mcta)[33m;[39m
2026-10-05T16:36:51.7920053Z      [90m     |[39m     [31m[1m^[22m[39m
2026-10-05T16:36:51.7920686Z      [90m 212 |[39m   }[33m,[39m [])[33m;[39m
2026-10-05T16:36:51.7921198Z      [90m 213 |[39m
2026-10-05T16:36:51.7921936Z      [90m 214 |[39m   [36mconst[39m handleCloudConnect [33m=[39m useCallback([0m
2026-10-05T16:36:51.7922449Z 
2026-10-05T16:36:51.7922917Z       at node_modules/react-reconciler/cjs/react-reconciler.development.js:16307:19
2026-10-05T16:36:51.7924061Z       at runWithFiberInDEV (node_modules/react-reconciler/cjs/react-reconciler.development.js:2508:13)
2026-10-05T16:36:51.7925498Z       at warnIfUpdatesNotWrappedWithActDEV (node_modules/react-reconciler/cjs/react-reconciler.development.js:16306:9)
2026-10-05T16:36:51.7926994Z       at scheduleUpdateOnFiber (node_modules/react-reconciler/cjs/react-reconciler.development.js:14070:11)
2026-10-05T16:36:51.7927805Z       at dispatchSetStateInternal (node_modules/react-reconciler/cjs/react-reconciler.development.js:6784:13)
2026-10-05T16:36:51.7928800Z       at dispatchSetState (node_modules/react-reconciler/cjs/react-reconciler.development.js:6741:7)
2026-10-05T16:36:51.7929471Z       at setCtaOverride (src/screens/client/wearables/ConnectProviderSheet.tsx:211:5)
2026-10-05T16:36:51.7930242Z       at showMessage (src/screens/client/wearables/ConnectProviderSheet.tsx:353:11)
2026-10-05T16:36:51.7930715Z           at Generator.throw (<anonymous>)
2026-10-05T16:36:51.7931203Z       at asyncGeneratorStep (node_modules/@babel/runtime/helpers/asyncToGenerator.js:3:17)
2026-10-05T16:36:51.7931974Z       at _throw (node_modules/@babel/runtime/helpers/asyncToGenerator.js:20:9)
2026-10-05T16:36:51.7932422Z 
2026-10-05T16:36:51.7932522Z     console.error
2026-10-05T16:36:51.7932922Z       An update to ConnectProviderSheet inside a test was not wrapped in act(...).
2026-10-05T16:36:51.7933320Z       
2026-10-05T16:36:51.7933720Z       When testing, code that causes React state updates should be wrapped into act(...):
2026-10-05T16:36:51.7934129Z       
2026-10-05T16:36:51.7934315Z       act(() => {
2026-10-05T16:36:51.7934569Z         /* fire events that update state */
2026-10-05T16:36:51.7934852Z       });
2026-10-05T16:36:51.7935079Z       /* assert on the output */
2026-10-05T16:36:51.7935324Z       
2026-10-05T16:36:51.7935933Z       This ensures that you're testing the behavior the user would see in the browser. Learn more at https://react.dev/link/wrap-tests-with-act
2026-10-05T16:36:51.7936441Z 
2026-10-05T16:36:51.7936864Z     [0m [90m 359 |[39m         showMessage(connectFailureMessage(err[33m,[39m name))[33m;[39m
2026-10-05T16:36:51.7937387Z      [90m 360 |[39m       } [36mfinally[39m {
2026-10-05T16:36:51.7937989Z     [31m[1m>[22m[39m[90m 361 |[39m         [36mif[39m (current()) setImporting([36mfalse[39m)[33m;[39m
2026-10-05T16:36:51.7938786Z      [90m     |[39m                        [31m[1m^[22m[39m
2026-10-05T16:36:51.7939134Z      [90m 362 |[39m       }
2026-10-05T16:36:51.7939451Z      [90m 363 |[39m     }[33m,[39m
2026-10-05T16:36:51.7940147Z      [90m 364 |[39m     [handleImportOutcome[33m,[39m invalidate[33m,[39m isCurrentAttempt[33m,[39m showMessage][33m,[39m[0m
2026-10-05T16:36:51.7940619Z 
2026-10-05T16:36:51.7940910Z       at node_modules/react-reconciler/cjs/react-reconciler.development.js:16307:19
2026-10-05T16:36:51.7941597Z       at runWithFiberInDEV (node_modules/react-reconciler/cjs/react-reconciler.development.js:2508:13)
2026-10-05T16:36:51.7942429Z       at warnIfUpdatesNotWrappedWithActDEV (node_modules/react-reconciler/cjs/react-reconciler.development.js:16306:9)
2026-10-05T16:36:51.7943270Z       at scheduleUpdateOnFiber (node_modules/react-reconciler/cjs/react-reconciler.development.js:14070:11)
2026-10-05T16:36:51.7944070Z       at dispatchSetStateInternal (node_modules/react-reconciler/cjs/react-reconciler.development.js:6784:13)
2026-10-05T16:36:51.7944828Z       at dispatchSetState (node_modules/react-reconciler/cjs/react-reconciler.development.js:6741:7)
2026-10-05T16:36:51.7945493Z       at setImporting (src/screens/client/wearables/ConnectProviderSheet.tsx:361:24)
2026-10-05T16:36:51.7945954Z           at Generator.throw (<anonymous>)
2026-10-05T16:36:51.7946445Z       at asyncGeneratorStep (node_modules/@babel/runtime/helpers/asyncToGenerator.js:3:17)
2026-10-05T16:36:51.7947029Z       at _throw (node_modules/@babel/runtime/helpers/asyncToGenerator.js:20:9)
2026-10-05T16:36:51.7947327Z 
2026-10-05T16:36:51.7947415Z     console.error
2026-10-05T16:36:51.7947807Z       An update to ConnectProviderSheet inside a test was not wrapped in act(...).
2026-10-05T16:36:51.7948384Z       
2026-10-05T16:36:51.7948783Z       When testing, code that causes React state updates should be wrapped into act(...):
2026-10-05T16:36:51.7949191Z       
2026-10-05T16:36:51.7949379Z       act(() => {
2026-10-05T16:36:51.7949630Z         /* fire events that update state */
2026-10-05T16:36:51.7949901Z       });
2026-10-05T16:36:51.7950131Z       /* assert on the output */
2026-10-05T16:36:51.7950369Z       
2026-10-05T16:36:51.7950970Z       This ensures that you're testing the behavior the user would see in the browser. Learn more at https://react.dev/link/wrap-tests-with-act
2026-10-05T16:36:51.7951491Z 
2026-10-05T16:36:51.7951911Z     [0m [90m 529 |[39m       [90m// B-317-11: only this attempt's own sheet is un-busied; a close or[39m
2026-10-05T16:36:51.7952591Z      [90m 530 |[39m       [90m// provider change already reset it for the next one.[39m
2026-10-05T16:36:51.7953777Z     [31m[1m>[22m[39m[90m 531 |[39m       [36mif[39m (mountedRef[33m.[39mcurrent [33m&&[39m epochRef[33m.[39mcurrent [33m===[39m epoch) setRequestingOnDevice([36mfalse[39m)[33m;[39m
2026-10-05T16:36:51.7954792Z      [90m     |[39m                                                             [31m[1m^[22m[39m
2026-10-05T16:36:51.7955184Z      [90m 532 |[39m     }
2026-10-05T16:36:51.7955497Z      [90m 533 |[39m   }[33m,[39m [
2026-10-05T16:36:51.7955848Z      [90m 534 |[39m     provider[33m,[39m[0m
2026-10-05T16:36:51.7956054Z 
2026-10-05T16:36:51.7956535Z       at node_modules/react-reconciler/cjs/react-reconciler.development.js:16307:19
2026-10-05T16:36:51.7957814Z       at runWithFiberInDEV (node_modules/react-reconciler/cjs/react-reconciler.development.js:2508:13)
2026-10-05T16:36:51.7958997Z       at warnIfUpdatesNotWrappedWithActDEV (node_modules/react-reconciler/cjs/react-reconciler.development.js:16306:9)
2026-10-05T16:36:51.7959860Z       at scheduleUpdateOnFiber (node_modules/react-reconciler/cjs/react-reconciler.development.js:14070:11)
2026-10-05T16:36:51.7960669Z       at dispatchSetStateInternal (node_modules/react-reconciler/cjs/react-reconciler.development.js:6784:13)
2026-10-05T16:36:51.7961436Z       at dispatchSetState (node_modules/react-reconciler/cjs/react-reconciler.development.js:6741:7)
2026-10-05T16:36:51.7962147Z       at setRequestingOnDevice (src/screens/client/wearables/ConnectProviderSheet.tsx:531:61)
2026-10-05T16:36:51.7962806Z       at asyncGeneratorStep (node_modules/@babel/runtime/helpers/asyncToGenerator.js:3:17)
2026-10-05T16:36:51.7963385Z       at _next (node_modules/@babel/runtime/helpers/asyncToGenerator.js:17:9)
2026-10-05T16:36:51.7963681Z 
2026-10-05T16:36:51.7963778Z     console.error
2026-10-05T16:36:51.7964143Z       The current testing environment is not configured to support act(...)
2026-10-05T16:36:51.7964442Z 
2026-10-05T16:36:51.7964938Z     [0m [90m 332 |[39m         [36mif[39m (currentAuthGeneration() [33m===[39m generation) invalidate()[33m;[39m
2026-10-05T16:36:51.7965499Z      [90m 333 |[39m       }[33m;[39m
2026-10-05T16:36:51.7966060Z     [31m[1m>[22m[39m[90m 334 |[39m       [36mif[39m (current()) setImporting([36mtrue[39m)[33m;[39m
2026-10-05T16:36:51.7966619Z      [90m     |[39m                      [31m[1m^[22m[39m
2026-10-05T16:36:51.7967008Z      [90m 335 |[39m       [36mtry[39m {
2026-10-05T16:36:51.7967534Z      [90m 336 |[39m         [36mconst[39m outcome [33m=[39m [36mawait[39m run()[33m;[39m
2026-10-05T16:36:51.7968571Z      [90m 337 |[39m         [36mif[39m ([33m![39mcurrent() [33m||[39m currentAuthGeneration() [33m!==[39m generation) {[0m
2026-10-05T16:36:51.7968988Z 
2026-10-05T16:36:51.7969399Z       at isConcurrentActEnvironment (node_modules/react-reconciler/cjs/react-reconciler.development.js:13990:17)
2026-10-05T16:36:51.7970262Z       at warnIfUpdatesNotWrappedWithActDEV (node_modules/react-reconciler/cjs/react-reconciler.development.js:16304:7)
2026-10-05T16:36:51.7971111Z       at scheduleUpdateOnFiber (node_modules/react-reconciler/cjs/react-reconciler.development.js:14070:11)
2026-10-05T16:36:51.7971921Z       at dispatchSetStateInternal (node_modules/react-reconciler/cjs/react-reconciler.development.js:6784:13)
2026-10-05T16:36:51.7972692Z       at dispatchSetState (node_modules/react-reconciler/cjs/react-reconciler.development.js:6741:7)
2026-10-05T16:36:51.7973345Z       at setImporting (src/screens/client/wearables/ConnectProviderSheet.tsx:334:22)
2026-10-05T16:36:51.7973961Z       at asyncGeneratorStep (node_modules/@babel/runtime/helpers/asyncToGenerator.js:3:17)
2026-10-05T16:36:51.7974541Z       at _next (node_modules/@babel/runtime/helpers/asyncToGenerator.js:17:9)
2026-10-05T16:36:51.7975041Z       at node_modules/@babel/runtime/helpers/asyncToGenerator.js:22:7
2026-10-05T16:36:51.7975523Z       at node_modules/@babel/runtime/helpers/asyncToGenerator.js:14:12
2026-10-05T16:36:51.7976040Z       at apply (src/screens/client/wearables/ConnectProviderSheet.tsx:363:6)
2026-10-05T16:36:51.7977236Z       at runImport (src/screens/client/wearables/ConnectProviderSheet.tsx:436:17)
2026-10-05T16:36:51.7978701Z       at asyncGeneratorStep (node_modules/@babel/runtime/helpers/asyncToGenerator.js:3:17)
2026-10-05T16:36:51.7979676Z       at _next (node_modules/@babel/runtime/helpers/asyncToGenerator.js:17:9)
2026-10-05T16:36:51.7980142Z 
2026-10-05T16:36:51.7980319Z     console.error
2026-10-05T16:36:51.7980902Z       The current testing environment is not configured to support act(...)
2026-10-05T16:36:51.7981365Z 
2026-10-05T16:36:51.7981637Z     [0m [90m 285 |[39m       }
2026-10-05T16:36:51.7982403Z      [90m 286 |[39m       [36mif[39m ([33m![39moutcome[33m.[39mcomplete) {
2026-10-05T16:36:51.7983301Z     [31m[1m>[22m[39m[90m 287 |[39m         setResumeTarget({
2026-10-05T16:36:51.7984048Z      [90m     |[39m         [31m[1m^[22m[39m
2026-10-05T16:36:51.7984894Z      [90m 288 |[39m           source[33m:[39m outcome[33m.[39msource[33m,[39m
2026-10-05T16:36:51.7985951Z      [90m 289 |[39m           connectionId[33m:[39m outcome[33m.[39mconnectionId[33m,[39m
2026-10-05T16:36:51.7987207Z      [90m 290 |[39m           partial[33m:[39m outcome[33m.[39mpostedCount [33m>[39m [35m0[39m[33m,[39m[0m
2026-10-05T16:36:51.7987833Z 
2026-10-05T16:36:51.7988796Z       at isConcurrentActEnvironment (node_modules/react-reconciler/cjs/react-reconciler.development.js:13990:17)
2026-10-05T16:36:51.7990410Z       at warnIfUpdatesNotWrappedWithActDEV (node_modules/react-reconciler/cjs/react-reconciler.development.js:16304:7)
2026-10-05T16:36:51.7991915Z       at scheduleUpdateOnFiber (node_modules/react-reconciler/cjs/react-reconciler.development.js:14070:11)
2026-10-05T16:36:51.7993328Z       at dispatchSetStateInternal (node_modules/react-reconciler/cjs/react-reconciler.development.js:6784:13)
2026-10-05T16:36:51.7994706Z       at dispatchSetState (node_modules/react-reconciler/cjs/react-reconciler.development.js:6741:7)
2026-10-05T16:36:51.7995897Z       at setResumeTarget (src/screens/client/wearables/ConnectProviderSheet.tsx:287:9)
2026-10-05T16:36:51.7997044Z       at handleImportOutcome (src/screens/client/wearables/ConnectProviderSheet.tsx:343:9)
2026-10-05T16:36:51.7998392Z       at asyncGeneratorStep (node_modules/@babel/runtime/helpers/asyncToGenerator.js:3:17)
2026-10-05T16:36:51.7999391Z       at _next (node_modules/@babel/runtime/helpers/asyncToGenerator.js:17:9)
2026-10-05T16:36:51.7999913Z 
2026-10-05T16:36:51.8000065Z     console.error
2026-10-05T16:36:51.8000663Z       The current testing environment is not configured to support act(...)
2026-10-05T16:36:51.8001178Z 
2026-10-05T16:36:51.8002309Z     [0m [90m 207 |[39m   [36mconst[39m showMessage [33m=[39m useCallback((message[33m:[39m [33mOnDeviceMessage[39m [33m|[39m [36mnull[39m) [33m=>[39m {
2026-10-05T16:36:51.8004193Z      [90m 208 |[39m     [36mif[39m ([33m![39mmountedRef[33m.[39mcurrent [33m||[39m message [33m==[39m [36mnull[39m) [36mreturn[39m[33m;[39m
2026-10-05T16:36:51.8005523Z     [31m[1m>[22m[39m[90m 209 |[39m     setError(message[33m.[39mtext)[33m;[39m
2026-10-05T16:36:51.8006298Z      [90m     |[39m     [31m[1m^[22m[39m
2026-10-05T16:36:51.8007011Z      [90m 210 |[39m     setRetry(message[33m.[39maction)[33m;[39m
2026-10-05T16:36:51.8007794Z      [90m 211 |[39m     setCtaOverride(message[33m.[39mcta)[33m;[39m
2026-10-05T16:36:51.8008855Z      [90m 212 |[39m   }[33m,[39m [])[33m;[39m[0m
2026-10-05T16:36:51.8009201Z 
2026-10-05T16:36:51.8009908Z       at isConcurrentActEnvironment (node_modules/react-reconciler/cjs/react-reconciler.development.js:13990:17)
2026-10-05T16:36:51.8011385Z       at warnIfUpdatesNotWrappedWithActDEV (node_modules/react-reconciler/cjs/react-reconciler.development.js:16304:7)
2026-10-05T16:36:51.8012820Z       at scheduleUpdateOnFiber (node_modules/react-reconciler/cjs/react-reconciler.development.js:14070:11)
2026-10-05T16:36:51.8014418Z       at dispatchSetStateInternal (node_modules/react-reconciler/cjs/react-reconciler.development.js:6784:13)
2026-10-05T16:36:51.8015798Z       at dispatchSetState (node_modules/react-reconciler/cjs/react-reconciler.development.js:6741:7)
2026-10-05T16:36:51.8017109Z       at setError (src/screens/client/wearables/ConnectProviderSheet.tsx:209:5)
2026-10-05T16:36:51.8018128Z       at showMessage (src/screens/client/wearables/ConnectProviderSheet.tsx:293:9)
2026-10-05T16:36:51.8019155Z       at handleImportOutcome (src/screens/client/wearables/ConnectProviderSheet.tsx:343:9)
2026-10-05T16:36:51.8019797Z       at asyncGeneratorStep (node_modules/@babel/runtime/helpers/asyncToGenerator.js:3:17)
2026-10-05T16:36:51.8020378Z       at _next (node_modules/@babel/runtime/helpers/asyncToGenerator.js:17:9)
2026-10-05T16:36:51.8020667Z 
2026-10-05T16:36:51.8020763Z     console.error
2026-10-05T16:36:51.8021129Z       The current testing environment is not configured to support act(...)
2026-10-05T16:36:51.8021421Z 
2026-10-05T16:36:51.8022049Z     [0m [90m 208 |[39m     [36mif[39m ([33m![39mmountedRef[33m.[39mcurrent [33m||[39m message [33m==[39m [36mnull[39m) [36mreturn[39m[33m;[39m
2026-10-05T16:36:51.8022828Z      [90m 209 |[39m     setError(message[33m.[39mtext)[33m;[39m
2026-10-05T16:36:51.8023390Z     [31m[1m>[22m[39m[90m 210 |[39m     setRetry(message[33m.[39maction)[33m;[39m
2026-10-05T16:36:51.8023844Z      [90m     |[39m     [31m[1m^[22m[39m
2026-10-05T16:36:51.8024291Z      [90m 211 |[39m     setCtaOverride(message[33m.[39mcta)[33m;[39m
2026-10-05T16:36:51.8024726Z      [90m 212 |[39m   }[33m,[39m [])[33m;[39m
2026-10-05T16:36:51.8025044Z      [90m 213 |[39m[0m
2026-10-05T16:36:51.8025188Z 
2026-10-05T16:36:51.8025598Z       at isConcurrentActEnvironment (node_modules/react-reconciler/cjs/react-reconciler.development.js:13990:17)
2026-10-05T16:36:51.8026461Z       at warnIfUpdatesNotWrappedWithActDEV (node_modules/react-reconciler/cjs/react-reconciler.development.js:16304:7)
2026-10-05T16:36:51.8027295Z       at scheduleUpdateOnFiber (node_modules/react-reconciler/cjs/react-reconciler.development.js:14070:11)
2026-10-05T16:36:51.8028089Z       at dispatchSetStateInternal (node_modules/react-reconciler/cjs/react-reconciler.development.js:6784:13)
2026-10-05T16:36:51.8029115Z       at dispatchSetState (node_modules/react-reconciler/cjs/react-reconciler.development.js:6741:7)
2026-10-05T16:36:51.8029760Z       at setRetry (src/screens/client/wearables/ConnectProviderSheet.tsx:210:5)
2026-10-05T16:36:51.8030326Z       at showMessage (src/screens/client/wearables/ConnectProviderSheet.tsx:293:9)
2026-10-05T16:36:51.8030933Z       at handleImportOutcome (src/screens/client/wearables/ConnectProviderSheet.tsx:343:9)
2026-10-05T16:36:51.8031574Z       at asyncGeneratorStep (node_modules/@babel/runtime/helpers/asyncToGenerator.js:3:17)
2026-10-05T16:36:51.8032144Z       at _next (node_modules/@babel/runtime/helpers/asyncToGenerator.js:17:9)
2026-10-05T16:36:51.8032434Z 
2026-10-05T16:36:51.8032522Z     console.error
2026-10-05T16:36:51.8032896Z       The current testing environment is not configured to support act(...)
2026-10-05T16:36:51.8033181Z 
2026-10-05T16:36:51.8033454Z     [0m [90m 209 |[39m     setError(message[33m.[39mtext)[33m;[39m
2026-10-05T16:36:51.8033949Z      [90m 210 |[39m     setRetry(message[33m.[39maction)[33m;[39m
2026-10-05T16:36:51.8034524Z     [31m[1m>[22m[39m[90m 211 |[39m     setCtaOverride(message[33m.[39mcta)[33m;[39m
2026-10-05T16:36:51.8034993Z      [90m     |[39m     [31m[1m^[22m[39m
2026-10-05T16:36:51.8035359Z      [90m 212 |[39m   }[33m,[39m [])[33m;[39m
2026-10-05T16:36:51.8035690Z      [90m 213 |[39m
2026-10-05T16:36:51.8036136Z      [90m 214 |[39m   [36mconst[39m handleCloudConnect [33m=[39m useCallback([0m
2026-10-05T16:36:51.8036442Z 
2026-10-05T16:36:51.8036851Z       at isConcurrentActEnvironment (node_modules/react-reconciler/cjs/react-reconciler.development.js:13990:17)
2026-10-05T16:36:51.8037859Z       at warnIfUpdatesNotWrappedWithActDEV (node_modules/react-reconciler/cjs/react-reconciler.development.js:16304:7)
2026-10-05T16:36:51.8038994Z       at scheduleUpdateOnFiber (node_modules/react-reconciler/cjs/react-reconciler.development.js:14070:11)
2026-10-05T16:36:51.8039963Z       at dispatchSetStateInternal (node_modules/react-reconciler/cjs/react-reconciler.development.js:6784:13)
2026-10-05T16:36:51.8040726Z       at dispatchSetState (node_modules/react-reconciler/cjs/react-reconciler.development.js:6741:7)
2026-10-05T16:36:51.8041391Z       at setCtaOverride (src/screens/client/wearables/ConnectProviderSheet.tsx:211:5)
2026-10-05T16:36:51.8042019Z       at showMessage (src/screens/client/wearables/ConnectProviderSheet.tsx:293:9)
2026-10-05T16:36:51.8042650Z       at handleImportOutcome (src/screens/client/wearables/ConnectProviderSheet.tsx:343:9)
2026-10-05T16:36:51.8043296Z       at asyncGeneratorStep (node_modules/@babel/runtime/helpers/asyncToGenerator.js:3:17)
2026-10-05T16:36:51.8043875Z       at _next (node_modules/@babel/runtime/helpers/asyncToGenerator.js:17:9)
2026-10-05T16:36:51.8044170Z 
2026-10-05T16:36:51.8044259Z     console.error
2026-10-05T16:36:51.8044629Z       The current testing environment is not configured to support act(...)
2026-10-05T16:36:51.8044918Z 
2026-10-05T16:36:51.8045308Z     [0m [90m 359 |[39m         showMessage(connectFailureMessage(err[33m,[39m name))[33m;[39m
2026-10-05T16:36:51.8045823Z      [90m 360 |[39m       } [36mfinally[39m {
2026-10-05T16:36:51.8046417Z     [31m[1m>[22m[39m[90m 361 |[39m         [36mif[39m (current()) setImporting([36mfalse[39m)[33m;[39m
2026-10-05T16:36:51.8047015Z      [90m     |[39m                        [31m[1m^[22m[39m
2026-10-05T16:36:51.8047655Z      [90m 362 |[39m       }
2026-10-05T16:36:51.8048424Z      [90m 363 |[39m     }[33m,[39m
2026-10-05T16:36:51.8049624Z      [90m 364 |[39m     [handleImportOutcome[33m,[39m invalidate[33m,[39m isCurrentAttempt[33m,[39m showMessage][33m,[39m[0m
2026-10-05T16:36:51.8050405Z 
2026-10-05T16:36:51.8051152Z       at isConcurrentActEnvironment (node_modules/react-reconciler/cjs/react-reconciler.development.js:13990:17)
2026-10-05T16:36:51.8052048Z       at warnIfUpdatesNotWrappedWithActDEV (node_modules/react-reconciler/cjs/react-reconciler.development.js:16304:7)
2026-10-05T16:36:51.8052883Z       at scheduleUpdateOnFiber (node_modules/react-reconciler/cjs/react-reconciler.development.js:14070:11)
2026-10-05T16:36:51.8053684Z       at dispatchSetStateInternal (node_modules/react-reconciler/cjs/react-reconciler.development.js:6784:13)
2026-10-05T16:36:51.8054449Z       at dispatchSetState (node_modules/react-reconciler/cjs/react-reconciler.development.js:6741:7)
2026-10-05T16:36:51.8055112Z       at setImporting (src/screens/client/wearables/ConnectProviderSheet.tsx:361:24)
2026-10-05T16:36:51.8055734Z       at asyncGeneratorStep (node_modules/@babel/runtime/helpers/asyncToGenerator.js:3:17)
2026-10-05T16:36:51.8056323Z       at _next (node_modules/@babel/runtime/helpers/asyncToGenerator.js:17:9)
2026-10-05T16:36:51.8056625Z 
2026-10-05T16:36:51.8056721Z     console.error
2026-10-05T16:36:51.8057085Z       The current testing environment is not configured to support act(...)
2026-10-05T16:36:51.8057384Z 
2026-10-05T16:36:51.8057817Z     [0m [90m 529 |[39m       [90m// B-317-11: only this attempt's own sheet is un-busied; a close or[39m
2026-10-05T16:36:51.8058886Z      [90m 530 |[39m       [90m// provider change already reset it for the next one.[39m
2026-10-05T16:36:51.8059948Z     [31m[1m>[22m[39m[90m 531 |[39m       [36mif[39m (mountedRef[33m.[39mcurrent [33m&&[39m epochRef[33m.[39mcurrent [33m===[39m epoch) setRequestingOnDevice([36mfalse[39m)[33m;[39m
2026-10-05T16:36:51.8060844Z      [90m     |[39m                                                             [31m[1m^[22m[39m
2026-10-05T16:36:51.8061231Z      [90m 532 |[39m     }
2026-10-05T16:36:51.8061529Z      [90m 533 |[39m   }[33m,[39m [
2026-10-05T16:36:51.8061883Z      [90m 534 |[39m     provider[33m,[39m[0m
2026-10-05T16:36:51.8062275Z 
2026-10-05T16:36:51.8062706Z       at isConcurrentActEnvironment (node_modules/react-reconciler/cjs/react-reconciler.development.js:13990:17)
2026-10-05T16:36:51.8063691Z       at warnIfUpdatesNotWrappedWithActDEV (node_modules/react-reconciler/cjs/react-reconciler.development.js:16304:7)
2026-10-05T16:36:51.8064549Z       at scheduleUpdateOnFiber (node_modules/react-reconciler/cjs/react-reconciler.development.js:14070:11)
2026-10-05T16:36:51.8065353Z       at dispatchSetStateInternal (node_modules/react-reconciler/cjs/react-reconciler.development.js:6784:13)
2026-10-05T16:36:51.8066108Z       at dispatchSetState (node_modules/react-reconciler/cjs/react-reconciler.development.js:6741:7)
2026-10-05T16:36:51.8066814Z       at setRequestingOnDevice (src/screens/client/wearables/ConnectProviderSheet.tsx:531:61)
2026-10-05T16:36:51.8067473Z       at asyncGeneratorStep (node_modules/@babel/runtime/helpers/asyncToGenerator.js:3:17)
2026-10-05T16:36:51.8068061Z       at _next (node_modules/@babel/runtime/helpers/asyncToGenerator.js:17:9)
2026-10-05T16:36:51.8068645Z 
2026-10-05T16:36:51.8068751Z     console.error
2026-10-05T16:36:51.8069125Z       The current testing environment is not configured to support act(...)
2026-10-05T16:36:51.8069419Z 
2026-10-05T16:36:51.8069887Z     [0m [90m 332 |[39m         [36mif[39m (currentAuthGeneration() [33m===[39m generation) invalidate()[33m;[39m
2026-10-05T16:36:51.8070435Z      [90m 333 |[39m       }[33m;[39m
2026-10-05T16:36:51.8070989Z     [31m[1m>[22m[39m[90m 334 |[39m       [36mif[39m (current()) setImporting([36mtrue[39m)[33m;[39m
2026-10-05T16:36:51.8071553Z      [90m     |[39m                      [31m[1m^[22m[39m
2026-10-05T16:36:51.8071929Z      [90m 335 |[39m       [36mtry[39m {
2026-10-05T16:36:51.8072444Z      [90m 336 |[39m         [36mconst[39m outcome [33m=[39m [36mawait[39m run()[33m;[39m
2026-10-05T16:36:51.8073227Z      [90m 337 |[39m         [36mif[39m ([33m![39mcurrent() [33m||[39m currentAuthGeneration() [33m!==[39m generation) {[0m
2026-10-05T16:36:51.8073639Z 
2026-10-05T16:36:51.8074045Z       at isConcurrentActEnvironment (node_modules/react-reconciler/cjs/react-reconciler.development.js:13990:17)
2026-10-05T16:36:51.8074912Z       at warnIfUpdatesNotWrappedWithActDEV (node_modules/react-reconciler/cjs/react-reconciler.development.js:16304:7)
2026-10-05T16:36:51.8075747Z       at scheduleUpdateOnFiber (node_modules/react-reconciler/cjs/react-reconciler.development.js:14070:11)
2026-10-05T16:36:51.8076532Z       at dispatchSetStateInternal (node_modules/react-reconciler/cjs/react-reconciler.development.js:6784:13)
2026-10-05T16:36:51.8077288Z       at dispatchSetState (node_modules/react-reconciler/cjs/react-reconciler.development.js:6741:7)
2026-10-05T16:36:51.8077939Z       at setImporting (src/screens/client/wearables/ConnectProviderSheet.tsx:334:22)
2026-10-05T16:36:51.8078895Z       at asyncGeneratorStep (node_modules/@babel/runtime/helpers/asyncToGenerator.js:3:17)
2026-10-05T16:36:51.8079480Z       at _next (node_modules/@babel/runtime/helpers/asyncToGenerator.js:17:9)
2026-10-05T16:36:51.8079982Z       at node_modules/@babel/runtime/helpers/asyncToGenerator.js:22:7
2026-10-05T16:36:51.8080496Z       at node_modules/@babel/runtime/helpers/asyncToGenerator.js:14:12
2026-10-05T16:36:51.8081008Z       at apply (src/screens/client/wearables/ConnectProviderSheet.tsx:363:6)
2026-10-05T16:36:51.8081560Z       at runImport (src/screens/client/wearables/ConnectProviderSheet.tsx:436:17)
2026-10-05T16:36:51.8082164Z       at asyncGeneratorStep (node_modules/@babel/runtime/helpers/asyncToGenerator.js:3:17)
2026-10-05T16:36:51.8082734Z       at _next (node_modules/@babel/runtime/helpers/asyncToGenerator.js:17:9)
2026-10-05T16:36:51.8083025Z 
2026-10-05T16:36:51.8083113Z     console.error
2026-10-05T16:36:51.8083481Z       The current testing environment is not configured to support act(...)
2026-10-05T16:36:51.8083769Z 
2026-10-05T16:36:51.8083935Z     [0m [90m 285 |[39m       }
2026-10-05T16:36:51.8084566Z      [90m 286 |[39m       [36mif[39m ([33m![39moutcome[33m.[39mcomplete) {
2026-10-05T16:36:51.8085193Z     [31m[1m>[22m[39m[90m 287 |[39m         setResumeTarget({
2026-10-05T16:36:51.8085608Z      [90m     |[39m         [31m[1m^[22m[39m
2026-10-05T16:36:51.8086085Z      [90m 288 |[39m           source[33m:[39m outcome[33m.[39msource[33m,[39m
2026-10-05T16:36:51.8086705Z      [90m 289 |[39m           connectionId[33m:[39m outcome[33m.[39mconnectionId[33m,[39m
2026-10-05T16:36:51.8087436Z      [90m 290 |[39m           partial[33m:[39m outcome[33m.[39mpostedCount [33m>[39m [35m0[39m[33m,[39m[0m
2026-10-05T16:36:51.8087813Z 
2026-10-05T16:36:51.8088367Z       at isConcurrentActEnvironment (node_modules/react-reconciler/cjs/react-reconciler.development.js:13990:17)
2026-10-05T16:36:51.8089237Z       at warnIfUpdatesNotWrappedWithActDEV (node_modules/react-reconciler/cjs/react-reconciler.development.js:16304:7)
2026-10-05T16:36:51.8090066Z       at scheduleUpdateOnFiber (node_modules/react-reconciler/cjs/react-reconciler.development.js:14070:11)
2026-10-05T16:36:51.8090861Z       at dispatchSetStateInternal (node_modules/react-reconciler/cjs/react-reconciler.development.js:6784:13)
2026-10-05T16:36:51.8091629Z       at dispatchSetState (node_modules/react-reconciler/cjs/react-reconciler.development.js:6741:7)
2026-10-05T16:36:51.8092299Z       at setResumeTarget (src/screens/client/wearables/ConnectProviderSheet.tsx:287:9)
2026-10-05T16:36:51.8092927Z       at handleImportOutcome (src/screens/client/wearables/ConnectProviderSheet.tsx:343:9)
2026-10-05T16:36:51.8093561Z       at asyncGeneratorStep (node_modules/@babel/runtime/helpers/asyncToGenerator.js:3:17)
2026-10-05T16:36:51.8094141Z       at _next (node_modules/@babel/runtime/helpers/asyncToGenerator.js:17:9)
2026-10-05T16:36:51.8094431Z 
2026-10-05T16:36:51.8094523Z     console.error
2026-10-05T16:36:51.8094880Z       The current testing environment is not configured to support act(...)
2026-10-05T16:36:51.8095175Z 
2026-10-05T16:36:51.8095825Z     [0m [90m 207 |[39m   [36mconst[39m showMessage [33m=[39m useCallback((message[33m:[39m [33mOnDeviceMessage[39m [33m|[39m [36mnull[39m) [33m=>[39m {
2026-10-05T16:36:51.8096922Z      [90m 208 |[39m     [36mif[39m ([33m![39mmountedRef[33m.[39mcurrent [33m||[39m message [33m==[39m [36mnull[39m) [36mreturn[39m[33m;[39m
2026-10-05T16:36:51.8097699Z     [31m[1m>[22m[39m[90m 209 |[39m     setError(message[33m.[39mtext)[33m;[39m
2026-10-05T16:36:51.8098278Z      [90m     |[39m     [31m[1m^[22m[39m
2026-10-05T16:36:51.8098726Z      [90m 210 |[39m     setRetry(message[33m.[39maction)[33m;[39m
2026-10-05T16:36:51.8099246Z      [90m 211 |[39m     setCtaOverride(message[33m.[39mcta)[33m;[39m
2026-10-05T16:36:51.8100099Z      [90m 212 |[39m   }[33m,[39m [])[33m;[39m[0m
2026-10-05T16:36:51.8100319Z 
2026-10-05T16:36:51.8100734Z       at isConcurrentActEnvironment (node_modules/react-reconciler/cjs/react-reconciler.development.js:13990:17)
2026-10-05T16:36:51.8101607Z       at warnIfUpdatesNotWrappedWithActDEV (node_modules/react-reconciler/cjs/react-reconciler.development.js:16304:7)
2026-10-05T16:36:51.8102444Z       at scheduleUpdateOnFiber (node_modules/react-reconciler/cjs/react-reconciler.development.js:14070:11)
2026-10-05T16:36:51.8103242Z       at dispatchSetStateInternal (node_modules/react-reconciler/cjs/react-reconciler.development.js:6784:13)
2026-10-05T16:36:51.8104016Z       at dispatchSetState (node_modules/react-reconciler/cjs/react-reconciler.development.js:6741:7)
2026-10-05T16:36:51.8104658Z       at setError (src/screens/client/wearables/ConnectProviderSheet.tsx:209:5)
2026-10-05T16:36:51.8105234Z       at showMessage (src/screens/client/wearables/ConnectProviderSheet.tsx:293:9)
2026-10-05T16:36:51.8105846Z       at handleImportOutcome (src/screens/client/wearables/ConnectProviderSheet.tsx:343:9)
2026-10-05T16:36:51.8106634Z       at asyncGeneratorStep (node_modules/@babel/runtime/helpers/asyncToGenerator.js:3:17)
2026-10-05T16:36:51.8107236Z       at _next (node_modules/@babel/runtime/helpers/asyncToGenerator.js:17:9)
2026-10-05T16:36:51.8107637Z 
2026-10-05T16:36:51.8107725Z     console.error
2026-10-05T16:36:51.8108095Z       The current testing environment is not configured to support act(...)
2026-10-05T16:36:51.8108641Z 
2026-10-05T16:36:51.8109256Z     [0m [90m 208 |[39m     [36mif[39m ([33m![39mmountedRef[33m.[39mcurrent [33m||[39m message [33m==[39m [36mnull[39m) [36mreturn[39m[33m;[39m
2026-10-05T16:36:51.8109993Z      [90m 209 |[39m     setError(message[33m.[39mtext)[33m;[39m
2026-10-05T16:36:51.8110552Z     [31m[1m>[22m[39m[90m 210 |[39m     setRetry(message[33m.[39maction)[33m;[39m
2026-10-05T16:36:51.8111011Z      [90m     |[39m     [31m[1m^[22m[39m
2026-10-05T16:36:51.8111458Z      [90m 211 |[39m     setCtaOverride(message[33m.[39mcta)[33m;[39m
2026-10-05T16:36:51.8111906Z      [90m 212 |[39m   }[33m,[39m [])[33m;[39m
2026-10-05T16:36:51.8112230Z      [90m 213 |[39m[0m
2026-10-05T16:36:51.8112377Z 
2026-10-05T16:36:51.8112777Z       at isConcurrentActEnvironment (node_modules/react-reconciler/cjs/react-reconciler.development.js:13990:17)
2026-10-05T16:36:51.8113651Z       at warnIfUpdatesNotWrappedWithActDEV (node_modules/react-reconciler/cjs/react-reconciler.development.js:16304:7)
2026-10-05T16:36:51.8114480Z       at scheduleUpdateOnFiber (node_modules/react-reconciler/cjs/react-reconciler.development.js:14070:11)
2026-10-05T16:36:51.8115280Z       at dispatchSetStateInternal (node_modules/react-reconciler/cjs/react-reconciler.development.js:6784:13)
2026-10-05T16:36:51.8116032Z       at dispatchSetState (node_modules/react-reconciler/cjs/react-reconciler.development.js:6741:7)
2026-10-05T16:36:51.8116665Z       at setRetry (src/screens/client/wearables/ConnectProviderSheet.tsx:210:5)
2026-10-05T16:36:51.8117241Z       at showMessage (src/screens/client/wearables/ConnectProviderSheet.tsx:293:9)
2026-10-05T16:36:51.8117855Z       at handleImportOutcome (src/screens/client/wearables/ConnectProviderSheet.tsx:343:9)
2026-10-05T16:36:51.8118632Z       at asyncGeneratorStep (node_modules/@babel/runtime/helpers/asyncToGenerator.js:3:17)
2026-10-05T16:36:51.8119216Z       at _next (node_modules/@babel/runtime/helpers/asyncToGenerator.js:17:9)
2026-10-05T16:36:51.8119512Z 
2026-10-05T16:36:51.8119600Z     console.error
2026-10-05T16:36:51.8119966Z       The current testing environment is not configured to support act(...)
2026-10-05T16:36:51.8120254Z 
2026-10-05T16:36:51.8120521Z     [0m [90m 209 |[39m     setError(message[33m.[39mtext)[33m;[39m
2026-10-05T16:36:51.8121016Z      [90m 210 |[39m     setRetry(message[33m.[39maction)[33m;[39m
2026-10-05T16:36:51.8121592Z     [31m[1m>[22m[39m[90m 211 |[39m     setCtaOverride(message[33m.[39mcta)[33m;[39m
2026-10-05T16:36:51.8122060Z      [90m     |[39m     [31m[1m^[22m[39m
2026-10-05T16:36:51.8122423Z      [90m 212 |[39m   }[33m,[39m [])[33m;[39m
2026-10-05T16:36:51.8122741Z      [90m 213 |[39m
2026-10-05T16:36:51.8123182Z      [90m 214 |[39m   [36mconst[39m handleCloudConnect [33m=[39m useCallback([0m
2026-10-05T16:36:51.8123492Z 
2026-10-05T16:36:51.8123888Z       at isConcurrentActEnvironment (node_modules/react-reconciler/cjs/react-reconciler.development.js:13990:17)
2026-10-05T16:36:51.8124751Z       at warnIfUpdatesNotWrappedWithActDEV (node_modules/react-reconciler/cjs/react-reconciler.development.js:16304:7)
2026-10-05T16:36:51.8125582Z       at scheduleUpdateOnFiber (node_modules/react-reconciler/cjs/react-reconciler.development.js:14070:11)
2026-10-05T16:36:51.8126379Z       at dispatchSetStateInternal (node_modules/react-reconciler/cjs/react-reconciler.development.js:6784:13)
2026-10-05T16:36:51.8127151Z       at dispatchSetState (node_modules/react-reconciler/cjs/react-reconciler.development.js:6741:7)
2026-10-05T16:36:51.8127813Z       at setCtaOverride (src/screens/client/wearables/ConnectProviderSheet.tsx:211:5)
2026-10-05T16:36:51.8128664Z       at showMessage (src/screens/client/wearables/ConnectProviderSheet.tsx:293:9)
2026-10-05T16:36:51.8129384Z       at handleImportOutcome (src/screens/client/wearables/ConnectProviderSheet.tsx:343:9)
2026-10-05T16:36:51.8130020Z       at asyncGeneratorStep (node_modules/@babel/runtime/helpers/asyncToGenerator.js:3:17)
2026-10-05T16:36:51.8130601Z       at _next (node_modules/@babel/runtime/helpers/asyncToGenerator.js:17:9)
2026-10-05T16:36:51.8130887Z 
2026-10-05T16:36:51.8130982Z     console.error
2026-10-05T16:36:51.8131345Z       The current testing environment is not configured to support act(...)
2026-10-05T16:36:51.8131640Z 
2026-10-05T16:36:51.8132018Z     [0m [90m 359 |[39m         showMessage(connectFailureMessage(err[33m,[39m name))[33m;[39m
2026-10-05T16:36:51.8132543Z      [90m 360 |[39m       } [36mfinally[39m {
2026-10-05T16:36:51.8133134Z     [31m[1m>[22m[39m[90m 361 |[39m         [36mif[39m (current()) setImporting([36mfalse[39m)[33m;[39m
2026-10-05T16:36:51.8133698Z      [90m     |[39m                        [31m[1m^[22m[39m
2026-10-05T16:36:51.8134041Z      [90m 362 |[39m       }
2026-10-05T16:36:51.8134369Z      [90m 363 |[39m     }[33m,[39m
2026-10-05T16:36:51.8135056Z      [90m 364 |[39m     [handleImportOutcome[33m,[39m invalidate[33m,[39m isCurrentAttempt[33m,[39m showMessage][33m,[39m[0m
2026-10-05T16:36:51.8135511Z 
2026-10-05T16:36:51.8135909Z       at isConcurrentActEnvironment (node_modules/react-reconciler/cjs/react-reconciler.development.js:13990:17)
2026-10-05T16:36:51.8136776Z       at warnIfUpdatesNotWrappedWithActDEV (node_modules/react-reconciler/cjs/react-reconciler.development.js:16304:7)
2026-10-05T16:36:51.8137606Z       at scheduleUpdateOnFiber (node_modules/react-reconciler/cjs/react-reconciler.development.js:14070:11)
2026-10-05T16:36:51.8138528Z       at dispatchSetStateInternal (node_modules/react-reconciler/cjs/react-reconciler.development.js:6784:13)
2026-10-05T16:36:51.8139296Z       at dispatchSetState (node_modules/react-reconciler/cjs/react-reconciler.development.js:6741:7)
2026-10-05T16:36:51.8139957Z       at setImporting (src/screens/client/wearables/ConnectProviderSheet.tsx:361:24)
2026-10-05T16:36:51.8140584Z       at asyncGeneratorStep (node_modules/@babel/runtime/helpers/asyncToGenerator.js:3:17)
2026-10-05T16:36:51.8141162Z       at _next (node_modules/@babel/runtime/helpers/asyncToGenerator.js:17:9)
2026-10-05T16:36:51.8141455Z 
2026-10-05T16:36:51.8141542Z     console.error
2026-10-05T16:36:51.8141905Z       The current testing environment is not configured to support act(...)
2026-10-05T16:36:51.8142186Z 
2026-10-05T16:36:51.8142586Z     [0m [90m 529 |[39m       [90m// B-317-11: only this attempt's own sheet is un-busied; a close or[39m
2026-10-05T16:36:51.8143252Z      [90m 530 |[39m       [90m// provider change already reset it for the next one.[39m
2026-10-05T16:36:51.8144304Z     [31m[1m>[22m[39m[90m 531 |[39m       [36mif[39m (mountedRef[33m.[39mcurrent [33m&&[39m epochRef[33m.[39mcurrent [33m===[39m epoch) setRequestingOnDevice([36mfalse[39m)[33m;[39m
2026-10-05T16:36:51.8145203Z      [90m     |[39m                                                             [31m[1m^[22m[39m
2026-10-05T16:36:51.8145599Z      [90m 532 |[39m     }
2026-10-05T16:36:51.8145896Z      [90m 533 |[39m   }[33m,[39m [
2026-10-05T16:36:51.8146252Z      [90m 534 |[39m     provider[33m,[39m[0m
2026-10-05T16:36:51.8146458Z 
2026-10-05T16:36:51.8146866Z       at isConcurrentActEnvironment (node_modules/react-reconciler/cjs/react-reconciler.development.js:13990:17)
2026-10-05T16:36:51.8147752Z       at warnIfUpdatesNotWrappedWithActDEV (node_modules/react-reconciler/cjs/react-reconciler.development.js:16304:7)
2026-10-05T16:36:51.8148800Z       at scheduleUpdateOnFiber (node_modules/react-reconciler/cjs/react-reconciler.development.js:14070:11)
2026-10-05T16:36:51.8149588Z       at dispatchSetStateInternal (node_modules/react-reconciler/cjs/react-reconciler.development.js:6784:13)
2026-10-05T16:36:51.8150474Z       at dispatchSetState (node_modules/react-reconciler/cjs/react-reconciler.development.js:6741:7)
2026-10-05T16:36:51.8151285Z       at setRequestingOnDevice (src/screens/client/wearables/ConnectProviderSheet.tsx:531:61)
2026-10-05T16:36:51.8151936Z       at asyncGeneratorStep (node_modules/@babel/runtime/helpers/asyncToGenerator.js:3:17)
2026-10-05T16:36:51.8152520Z       at _next (node_modules/@babel/runtime/helpers/asyncToGenerator.js:17:9)
2026-10-05T16:36:51.8152817Z 
2026-10-05T16:36:51.8152909Z     console.error
2026-10-05T16:36:51.8153272Z       The current testing environment is not configured to support act(...)
2026-10-05T16:36:51.8153564Z 
2026-10-05T16:36:51.8154026Z     [0m [90m 332 |[39m         [36mif[39m (currentAuthGeneration() [33m===[39m generation) invalidate()[33m;[39m
2026-10-05T16:36:51.8154577Z      [90m 333 |[39m       }[33m;[39m
2026-10-05T16:36:51.8155139Z     [31m[1m>[22m[39m[90m 334 |[39m       [36mif[39m (current()) setImporting([36mtrue[39m)[33m;[39m
2026-10-05T16:36:51.8155696Z      [90m     |[39m                      [31m[1m^[22m[39m
2026-10-05T16:36:51.8156086Z      [90m 335 |[39m       [36mtry[39m {
2026-10-05T16:36:51.8156603Z      [90m 336 |[39m         [36mconst[39m outcome [33m=[39m [36mawait[39m run()[33m;[39m
2026-10-05T16:36:51.8157384Z      [90m 337 |[39m         [36mif[39m ([33m![39mcurrent() [33m||[39m currentAuthGeneration() [33m!==[39m generation) {[0m
2026-10-05T16:36:51.8157797Z 
2026-10-05T16:36:51.8158410Z       at isConcurrentActEnvironment (node_modules/react-reconciler/cjs/react-reconciler.development.js:13990:17)
2026-10-05T16:36:51.8159292Z       at warnIfUpdatesNotWrappedWithActDEV (node_modules/react-reconciler/cjs/react-reconciler.development.js:16304:7)
2026-10-05T16:36:51.8160123Z       at scheduleUpdateOnFiber (node_modules/react-reconciler/cjs/react-reconciler.development.js:14070:11)
2026-10-05T16:36:51.8160929Z       at dispatchSetStateInternal (node_modules/react-reconciler/cjs/react-reconciler.development.js:6784:13)
2026-10-05T16:36:51.8161692Z       at dispatchSetState (node_modules/react-reconciler/cjs/react-reconciler.development.js:6741:7)
2026-10-05T16:36:51.8162350Z       at setImporting (src/screens/client/wearables/ConnectProviderSheet.tsx:334:22)
2026-10-05T16:36:51.8162969Z       at asyncGeneratorStep (node_modules/@babel/runtime/helpers/asyncToGenerator.js:3:17)
2026-10-05T16:36:51.8163550Z       at _next (node_modules/@babel/runtime/helpers/asyncToGenerator.js:17:9)
2026-10-05T16:36:51.8164049Z       at node_modules/@babel/runtime/helpers/asyncToGenerator.js:22:7
2026-10-05T16:36:51.8164534Z       at node_modules/@babel/runtime/helpers/asyncToGenerator.js:14:12
2026-10-05T16:36:51.8165048Z       at apply (src/screens/client/wearables/ConnectProviderSheet.tsx:363:6)
2026-10-05T16:36:51.8165603Z       at runImport (src/screens/client/wearables/ConnectProviderSheet.tsx:436:17)
2026-10-05T16:36:51.8166213Z       at asyncGeneratorStep (node_modules/@babel/runtime/helpers/asyncToGenerator.js:3:17)
2026-10-05T16:36:51.8166783Z       at _next (node_modules/@babel/runtime/helpers/asyncToGenerator.js:17:9)
2026-10-05T16:36:51.8167077Z 
2026-10-05T16:36:51.8167162Z     console.error
2026-10-05T16:36:51.8167549Z       An update to ConnectProviderSheet inside a test was not wrapped in act(...).
2026-10-05T16:36:51.8167941Z       
2026-10-05T16:36:51.8168542Z       When testing, code that causes React state updates should be wrapped into act(...):
2026-10-05T16:36:51.8168957Z       
2026-10-05T16:36:51.8169145Z       act(() => {
2026-10-05T16:36:51.8169394Z         /* fire events that update state */
2026-10-05T16:36:51.8169667Z       });
2026-10-05T16:36:51.8169899Z       /* assert on the output */
2026-10-05T16:36:51.8170141Z       
2026-10-05T16:36:51.8170733Z       This ensures that you're testing the behavior the user would see in the browser. Learn more at https://react.dev/link/wrap-tests-with-act
2026-10-05T16:36:51.8171243Z 
2026-10-05T16:36:51.8171662Z     [0m [90m 294 |[39m         [36mreturn[39m[33m;[39m
2026-10-05T16:36:51.8172017Z      [90m 295 |[39m       }
2026-10-05T16:36:51.8172580Z     [31m[1m>[22m[39m[90m 296 |[39m       setResumeTarget([36mnull[39m)[33m;[39m
2026-10-05T16:36:51.8173051Z      [90m     |[39m       [31m[1m^[22m[39m
2026-10-05T16:36:51.8173561Z      [90m 297 |[39m       emitTutorialSignal([32m'wearable_connected'[39m)[33m;[39m
2026-10-05T16:36:51.8174295Z      [90m 298 |[39m       [36mif[39m (firstRun [33m&&[39m outcome[33m.[39mpostedCount [33m===[39m [35m0[39m) {
2026-10-05T16:36:51.8175130Z      [90m 299 |[39m         [90m// Connected, nothing to bring in (S-WEAR-3): say so and where to check,[39m[0m
2026-10-05T16:36:51.8175519Z 
2026-10-05T16:36:51.8175797Z       at node_modules/react-reconciler/cjs/react-reconciler.development.js:16307:19
2026-10-05T16:36:51.8176481Z       at runWithFiberInDEV (node_modules/react-reconciler/cjs/react-reconciler.development.js:2508:13)
2026-10-05T16:36:51.8177306Z       at warnIfUpdatesNotWrappedWithActDEV (node_modules/react-reconciler/cjs/react-reconciler.development.js:16306:9)
2026-10-05T16:36:51.8178286Z       at scheduleUpdateOnFiber (node_modules/react-reconciler/cjs/react-reconciler.development.js:14070:11)
2026-10-05T16:36:51.8179091Z       at dispatchSetStateInternal (node_modules/react-reconciler/cjs/react-reconciler.development.js:6784:13)
2026-10-05T16:36:51.8179852Z       at dispatchSetState (node_modules/react-reconciler/cjs/react-reconciler.development.js:6741:7)
2026-10-05T16:36:51.8180549Z       at setResumeTarget (src/screens/client/wearables/ConnectProviderSheet.tsx:296:7)
2026-10-05T16:36:51.8181183Z       at handleImportOutcome (src/screens/client/wearables/ConnectProviderSheet.tsx:343:9)
2026-10-05T16:36:51.8181825Z       at asyncGeneratorStep (node_modules/@babel/runtime/helpers/asyncToGenerator.js:3:17)
2026-10-05T16:36:51.8182406Z       at _next (node_modules/@babel/runtime/helpers/asyncToGenerator.js:17:9)
2026-10-05T16:36:51.8182695Z 
2026-10-05T16:36:51.8182795Z     console.error
2026-10-05T16:36:51.8183181Z       An update to ConnectProviderSheet inside a test was not wrapped in act(...).
2026-10-05T16:36:51.8183580Z       
2026-10-05T16:36:51.8183965Z       When testing, code that causes React state updates should be wrapped into act(...):
2026-10-05T16:36:51.8184369Z       
2026-10-05T16:36:51.8184555Z       act(() => {
2026-10-05T16:36:51.8184816Z         /* fire events that update state */
2026-10-05T16:36:51.8185089Z       });
2026-10-05T16:36:51.8185314Z       /* assert on the output */
2026-10-05T16:36:51.8185559Z       
2026-10-05T16:36:51.8186146Z       This ensures that you're testing the behavior the user would see in the browser. Learn more at https://react.dev/link/wrap-tests-with-act
2026-10-05T16:36:51.8186653Z 
2026-10-05T16:36:51.8187032Z     [0m [90m 359 |[39m         showMessage(connectFailureMessage(err[33m,[39m name))[33m;[39m
2026-10-05T16:36:51.8187550Z      [90m 360 |[39m       } [36mfinally[39m {
2026-10-05T16:36:51.8188321Z     [31m[1m>[22m[39m[90m 361 |[39m         [36mif[39m (current()) setImporting([36mfalse[39m)[33m;[39m
2026-10-05T16:36:51.8188944Z      [90m     |[39m                        [31m[1m^[22m[39m
2026-10-05T16:36:51.8189294Z      [90m 362 |[39m       }
2026-10-05T16:36:51.8189598Z      [90m 363 |[39m     }[33m,[39m
2026-10-05T16:36:51.8190282Z      [90m 364 |[39m     [handleImportOutcome[33m,[39m invalidate[33m,[39m isCurrentAttempt[33m,[39m showMessage][33m,[39m[0m
2026-10-05T16:36:51.8190733Z 
2026-10-05T16:36:51.8191016Z       at node_modules/react-reconciler/cjs/react-reconciler.development.js:16307:19
2026-10-05T16:36:51.8191691Z       at runWithFiberInDEV (node_modules/react-reconciler/cjs/react-reconciler.development.js:2508:13)
2026-10-05T16:36:51.8192514Z       at warnIfUpdatesNotWrappedWithActDEV (node_modules/react-reconciler/cjs/react-reconciler.development.js:16306:9)
2026-10-05T16:36:51.8193471Z       at scheduleUpdateOnFiber (node_modules/react-reconciler/cjs/react-reconciler.development.js:14070:11)
2026-10-05T16:36:51.8194272Z       at dispatchSetStateInternal (node_modules/react-reconciler/cjs/react-reconciler.development.js:6784:13)
2026-10-05T16:36:51.8195134Z       at dispatchSetState (node_modules/react-reconciler/cjs/react-reconciler.development.js:6741:7)
2026-10-05T16:36:51.8195788Z       at setImporting (src/screens/client/wearables/ConnectProviderSheet.tsx:361:24)
2026-10-05T16:36:51.8196410Z       at asyncGeneratorStep (node_modules/@babel/runtime/helpers/asyncToGenerator.js:3:17)
2026-10-05T16:36:51.8196992Z       at _next (node_modules/@babel/runtime/helpers/asyncToGenerator.js:17:9)
2026-10-05T16:36:51.8197282Z 
2026-10-05T16:36:51.8197369Z     console.error
2026-10-05T16:36:51.8197757Z       An update to ConnectProviderSheet inside a test was not wrapped in act(...).
2026-10-05T16:36:51.8198296Z       
2026-10-05T16:36:51.8198694Z       When testing, code that causes React state updates should be wrapped into act(...):
2026-10-05T16:36:51.8199117Z       
2026-10-05T16:36:51.8199298Z       act(() => {
2026-10-05T16:36:51.8199552Z         /* fire events that update state */
2026-10-05T16:36:51.8199831Z       });
2026-10-05T16:36:51.8200060Z       /* assert on the output */
2026-10-05T16:36:51.8200302Z       
2026-10-05T16:36:51.8200895Z       This ensures that you're testing the behavior the user would see in the browser. Learn more at https://react.dev/link/wrap-tests-with-act
2026-10-05T16:36:51.8201408Z 
2026-10-05T16:36:51.8201825Z     [0m [90m 529 |[39m       [90m// B-317-11: only this attempt's own sheet is un-busied; a close or[39m
2026-10-05T16:36:51.8202501Z      [90m 530 |[39m       [90m// provider change already reset it for the next one.[39m
2026-10-05T16:36:51.8203569Z     [31m[1m>[22m[39m[90m 531 |[39m       [36mif[39m (mountedRef[33m.[39mcurrent [33m&&[39m epochRef[33m.[39mcurrent [33m===[39m epoch) setRequestingOnDevice([36mfalse[39m)[33m;[39m
2026-10-05T16:36:51.8204471Z      [90m     |[39m                                                             [31m[1m^[22m[39m
2026-10-05T16:36:51.8204869Z      [90m 532 |[39m     }
2026-10-05T16:36:51.8205177Z      [90m 533 |[39m   }[33m,[39m [
2026-10-05T16:36:51.8205531Z      [90m 534 |[39m     provider[33m,[39m[0m
2026-10-05T16:36:51.8205752Z 
2026-10-05T16:36:51.8206039Z       at node_modules/react-reconciler/cjs/react-reconciler.development.js:16307:19
2026-10-05T16:36:51.8206734Z       at runWithFiberInDEV (node_modules/react-reconciler/cjs/react-reconciler.development.js:2508:13)
2026-10-05T16:36:51.8207561Z       at warnIfUpdatesNotWrappedWithActDEV (node_modules/react-reconciler/cjs/react-reconciler.development.js:16306:9)
2026-10-05T16:36:51.8208521Z       at scheduleUpdateOnFiber (node_modules/react-reconciler/cjs/react-reconciler.development.js:14070:11)
2026-10-05T16:36:51.8209332Z       at dispatchSetStateInternal (node_modules/react-reconciler/cjs/react-reconciler.development.js:6784:13)
2026-10-05T16:36:51.8210098Z       at dispatchSetState (node_modules/react-reconciler/cjs/react-reconciler.development.js:6741:7)
2026-10-05T16:36:51.8210809Z       at setRequestingOnDevice (src/screens/client/wearables/ConnectProviderSheet.tsx:531:61)
2026-10-05T16:36:51.8211491Z       at asyncGeneratorStep (node_modules/@babel/runtime/helpers/asyncToGenerator.js:3:17)
2026-10-05T16:36:51.8212072Z       at _next (node_modules/@babel/runtime/helpers/asyncToGenerator.js:17:9)
2026-10-05T16:36:51.8212365Z 
2026-10-05T16:36:51.8212460Z     console.error
2026-10-05T16:36:51.8212826Z       The current testing environment is not configured to support act(...)
2026-10-05T16:36:51.8213119Z 
2026-10-05T16:36:51.8213568Z     [0m [90m 332 |[39m         [36mif[39m (currentAuthGeneration() [33m===[39m generation) invalidate()[33m;[39m
2026-10-05T16:36:51.8214121Z      [90m 333 |[39m       }[33m;[39m
2026-10-05T16:36:51.8214685Z     [31m[1m>[22m[39m[90m 334 |[39m       [36mif[39m (current()) setImporting([36mtrue[39m)[33m;[39m
2026-10-05T16:36:51.8215368Z      [90m     |[39m                      [31m[1m^[22m[39m
2026-10-05T16:36:51.8215858Z      [90m 335 |[39m       [36mtry[39m {
2026-10-05T16:36:51.8216381Z      [90m 336 |[39m         [36mconst[39m outcome [33m=[39m [36mawait[39m run()[33m;[39m
2026-10-05T16:36:51.8217165Z      [90m 337 |[39m         [36mif[39m ([33m![39mcurrent() [33m||[39m currentAuthGeneration() [33m!==[39m generation) {[0m
2026-10-05T16:36:51.8217584Z 
2026-10-05T16:36:51.8218010Z       at isConcurrentActEnvironment (node_modules/react-reconciler/cjs/react-reconciler.development.js:13990:17)
2026-10-05T16:36:51.8219026Z       at warnIfUpdatesNotWrappedWithActDEV (node_modules/react-reconciler/cjs/react-reconciler.development.js:16304:7)
2026-10-05T16:36:51.8220647Z       at scheduleUpdateOnFiber (node_modules/react-reconciler/cjs/react-reconciler.development.js:14070:11)
2026-10-05T16:36:51.8222238Z       at dispatchSetStateInternal (node_modules/react-reconciler/cjs/react-reconciler.development.js:6784:13)
2026-10-05T16:36:51.8223785Z       at dispatchSetState (node_modules/react-reconciler/cjs/react-reconciler.development.js:6741:7)
2026-10-05T16:36:51.8225211Z       at setImporting (src/screens/client/wearables/ConnectProviderSheet.tsx:334:22)
2026-10-05T16:36:51.8226226Z       at asyncGeneratorStep (node_modules/@babel/runtime/helpers/asyncToGenerator.js:3:17)
2026-10-05T16:36:51.8226846Z       at _next (node_modules/@babel/runtime/helpers/asyncToGenerator.js:17:9)
2026-10-05T16:36:51.8227363Z       at node_modules/@babel/runtime/helpers/asyncToGenerator.js:22:7
2026-10-05T16:36:51.8227852Z       at node_modules/@babel/runtime/helpers/asyncToGenerator.js:14:12
2026-10-05T16:36:51.8228665Z       at apply (src/screens/client/wearables/ConnectProviderSheet.tsx:363:6)
2026-10-05T16:36:51.8229321Z       at runImport (src/screens/client/wearables/ConnectProviderSheet.tsx:436:17)
2026-10-05T16:36:51.8230033Z       at asyncGeneratorStep (node_modules/@babel/runtime/helpers/asyncToGenerator.js:3:17)
2026-10-05T16:36:51.8230711Z       at _next (node_modules/@babel/runtime/helpers/asyncToGenerator.js:17:9)
2026-10-05T16:36:51.8231209Z 
2026-10-05T16:36:51.8231412Z     console.error
2026-10-05T16:36:51.8231905Z       An update to ConnectProviderSheet inside a test was not wrapped in act(...).
2026-10-05T16:36:51.8232459Z       
2026-10-05T16:36:51.8232974Z       When testing, code that causes React state updates should be wrapped into act(...):
2026-10-05T16:36:51.8233501Z       
2026-10-05T16:36:51.8233823Z       act(() => {
2026-10-05T16:36:51.8234187Z         /* fire events that update state */
2026-10-05T16:36:51.8234607Z       });
2026-10-05T16:36:51.8234921Z       /* assert on the output */
2026-10-05T16:36:51.8235358Z       
2026-10-05T16:36:51.8236044Z       This ensures that you're testing the behavior the user would see in the browser. Learn more at https://react.dev/link/wrap-tests-with-act
2026-10-05T16:36:51.8236620Z 
2026-10-05T16:36:51.8237345Z     [0m [90m 207 |[39m   [36mconst[39m showMessage [33m=[39m useCallback((message[33m:[39m [33mOnDeviceMessage[39m [33m|[39m [36mnull[39m) [33m=>[39m {
2026-10-05T16:36:51.8239066Z      [90m 208 |[39m     [36mif[39m ([33m![39mmountedRef[33m.[39mcurrent [33m||[39m message [33m==[39m [36mnull[39m) [36mreturn[39m[33m;[39m
2026-10-05T16:36:51.8239972Z     [31m[1m>[22m[39m[90m 209 |[39m     setError(message[33m.[39mtext)[33m;[39m
2026-10-05T16:36:51.8240680Z      [90m     |[39m     [31m[1m^[22m[39m
2026-10-05T16:36:51.8241234Z      [90m 210 |[39m     setRetry(message[33m.[39maction)[33m;[39m
2026-10-05T16:36:51.8241873Z      [90m 211 |[39m     setCtaOverride(message[33m.[39mcta)[33m;[39m
2026-10-05T16:36:51.8242477Z      [90m 212 |[39m   }[33m,[39m [])[33m;[39m[0m
2026-10-05T16:36:51.8242716Z 
2026-10-05T16:36:51.8254240Z       at node_modules/react-reconciler/cjs/react-reconciler.development.js:16307:19
2026-10-05T16:36:51.8255258Z       at runWithFiberInDEV (node_modules/react-reconciler/cjs/react-reconciler.development.js:2508:13)
2026-10-05T16:36:51.8256169Z       at warnIfUpdatesNotWrappedWithActDEV (node_modules/react-reconciler/cjs/react-reconciler.development.js:16306:9)
2026-10-05T16:36:51.8257160Z       at scheduleUpdateOnFiber (node_modules/react-reconciler/cjs/react-reconciler.development.js:14070:11)
2026-10-05T16:36:51.8257985Z       at dispatchSetStateInternal (node_modules/react-reconciler/cjs/react-reconciler.development.js:6784:13)
2026-10-05T16:36:51.8259731Z       at dispatchSetState (node_modules/react-reconciler/cjs/react-reconciler.development.js:6741:7)
2026-10-05T16:36:51.8260980Z       at setError (src/screens/client/wearables/ConnectProviderSheet.tsx:209:5)
2026-10-05T16:36:51.8262085Z       at showMessage (src/screens/client/wearables/ConnectProviderSheet.tsx:359:9)
2026-10-05T16:36:51.8262941Z           at Generator.throw (<anonymous>)
2026-10-05T16:36:51.8263866Z       at asyncGeneratorStep (node_modules/@babel/runtime/helpers/asyncToGenerator.js:3:17)
2026-10-05T16:36:51.8265002Z       at _throw (node_modules/@babel/runtime/helpers/asyncToGenerator.js:20:9)
2026-10-05T16:36:51.8265564Z 
2026-10-05T16:36:51.8265744Z     console.error
2026-10-05T16:36:51.8266473Z       An update to ConnectProviderSheet inside a test was not wrapped in act(...).
2026-10-05T16:36:51.8267199Z       
2026-10-05T16:36:51.8267908Z       When testing, code that causes React state updates should be wrapped into act(...):
2026-10-05T16:36:51.8268950Z       
2026-10-05T16:36:51.8269278Z       act(() => {
2026-10-05T16:36:51.8269739Z         /* fire events that update state */
2026-10-05T16:36:51.8270226Z       });
2026-10-05T16:36:51.8270623Z       /* assert on the output */
2026-10-05T16:36:51.8271062Z       
2026-10-05T16:36:51.8272162Z       This ensures that you're testing the behavior the user would see in the browser. Learn more at https://react.dev/link/wrap-tests-with-act
2026-10-05T16:36:51.8273108Z 
2026-10-05T16:36:51.8274266Z     [0m [90m 208 |[39m     [36mif[39m ([33m![39mmountedRef[33m.[39mcurrent [33m||[39m message [33m==[39m [36mnull[39m) [36mreturn[39m[33m;[39m
2026-10-05T16:36:51.8275639Z      [90m 209 |[39m     setError(message[33m.[39mtext)[33m;[39m
2026-10-05T16:36:51.8276651Z     [31m[1m>[22m[39m[90m 210 |[39m     setRetry(message[33m.[39maction)[33m;[39m
2026-10-05T16:36:51.8277480Z      [90m     |[39m     [31m[1m^[22m[39m
2026-10-05T16:36:51.8278516Z      [90m 211 |[39m     setCtaOverride(message[33m.[39mcta)[33m;[39m
2026-10-05T16:36:51.8279354Z      [90m 212 |[39m   }[33m,[39m [])[33m;[39m
2026-10-05T16:36:51.8279951Z      [90m 213 |[39m[0m
2026-10-05T16:36:51.8280212Z 
2026-10-05T16:36:51.8280796Z       at node_modules/react-reconciler/cjs/react-reconciler.development.js:16307:19
2026-10-05T16:36:51.8282065Z       at runWithFiberInDEV (node_modules/react-reconciler/cjs/react-reconciler.development.js:2508:13)
2026-10-05T16:36:51.8283632Z       at warnIfUpdatesNotWrappedWithActDEV (node_modules/react-reconciler/cjs/react-reconciler.development.js:16306:9)
2026-10-05T16:36:51.8285222Z       at scheduleUpdateOnFiber (node_modules/react-reconciler/cjs/react-reconciler.development.js:14070:11)
2026-10-05T16:36:51.8286742Z       at dispatchSetStateInternal (node_modules/react-reconciler/cjs/react-reconciler.development.js:6784:13)
2026-10-05T16:36:51.8288471Z       at dispatchSetState (node_modules/react-reconciler/cjs/react-reconciler.development.js:6741:7)
2026-10-05T16:36:51.8289702Z       at setRetry (src/screens/client/wearables/ConnectProviderSheet.tsx:210:5)
2026-10-05T16:36:51.8290824Z       at showMessage (src/screens/client/wearables/ConnectProviderSheet.tsx:359:9)
2026-10-05T16:36:51.8291692Z           at Generator.throw (<anonymous>)
2026-10-05T16:36:51.8292619Z       at asyncGeneratorStep (node_modules/@babel/runtime/helpers/asyncToGenerator.js:3:17)
2026-10-05T16:36:51.8293749Z       at _throw (node_modules/@babel/runtime/helpers/asyncToGenerator.js:20:9)
2026-10-05T16:36:51.8294311Z 
2026-10-05T16:36:51.8294756Z     console.error
2026-10-05T16:36:51.8295507Z       An update to ConnectProviderSheet inside a test was not wrapped in act(...).
2026-10-05T16:36:51.8296423Z       
2026-10-05T16:36:51.8297139Z       When testing, code that causes React state updates should be wrapped into act(...):
2026-10-05T16:36:51.8297895Z       
2026-10-05T16:36:51.8298462Z       act(() => {
2026-10-05T16:36:51.8298956Z         /* fire events that update state */
2026-10-05T16:36:51.8299461Z       });
2026-10-05T16:36:51.8299865Z       /* assert on the output */
2026-10-05T16:36:51.8300307Z       
2026-10-05T16:36:51.8301414Z       This ensures that you're testing the behavior the user would see in the browser. Learn more at https://react.dev/link/wrap-tests-with-act
2026-10-05T16:36:51.8302369Z 
2026-10-05T16:36:51.8302892Z     [0m [90m 209 |[39m     setError(message[33m.[39mtext)[33m;[39m
2026-10-05T16:36:51.8303821Z      [90m 210 |[39m     setRetry(message[33m.[39maction)[33m;[39m
2026-10-05T16:36:51.8304898Z     [31m[1m>[22m[39m[90m 211 |[39m     setCtaOverride(message[33m.[39mcta)[33m;[39m
2026-10-05T16:36:51.8305778Z      [90m     |[39m     [31m[1m^[22m[39m
2026-10-05T16:36:51.8306460Z      [90m 212 |[39m   }[33m,[39m [])[33m;[39m
2026-10-05T16:36:51.8307017Z      [90m 213 |[39m
2026-10-05T16:36:51.8307830Z      [90m 214 |[39m   [36mconst[39m handleCloudConnect [33m=[39m useCallback([0m
2026-10-05T16:36:51.8308626Z 
2026-10-05T16:36:51.8309150Z       at node_modules/react-reconciler/cjs/react-reconciler.development.js:16307:19
2026-10-05T16:36:51.8310414Z       at runWithFiberInDEV (node_modules/react-reconciler/cjs/react-reconciler.development.js:2508:13)
2026-10-05T16:36:51.8311988Z       at warnIfUpdatesNotWrappedWithActDEV (node_modules/react-reconciler/cjs/react-reconciler.development.js:16306:9)
2026-10-05T16:36:51.8313588Z       at scheduleUpdateOnFiber (node_modules/react-reconciler/cjs/react-reconciler.development.js:14070:11)
2026-10-05T16:36:51.8315161Z       at dispatchSetStateInternal (node_modules/react-reconciler/cjs/react-reconciler.development.js:6784:13)
2026-10-05T16:36:51.8316713Z       at dispatchSetState (node_modules/react-reconciler/cjs/react-reconciler.development.js:6741:7)
2026-10-05T16:36:51.8317998Z       at setCtaOverride (src/screens/client/wearables/ConnectProviderSheet.tsx:211:5)
2026-10-05T16:36:51.8319397Z       at showMessage (src/screens/client/wearables/ConnectProviderSheet.tsx:359:9)
2026-10-05T16:36:51.8320288Z           at Generator.throw (<anonymous>)
2026-10-05T16:36:51.8321221Z       at asyncGeneratorStep (node_modules/@babel/runtime/helpers/asyncToGenerator.js:3:17)
2026-10-05T16:36:51.8322312Z       at _throw (node_modules/@babel/runtime/helpers/asyncToGenerator.js:20:9)
2026-10-05T16:36:51.8322868Z 
2026-10-05T16:36:51.8323034Z     console.error
2026-10-05T16:36:51.8323739Z       An update to ConnectProviderSheet inside a test was not wrapped in act(...).
2026-10-05T16:36:51.8324451Z       
2026-10-05T16:36:51.8325177Z       When testing, code that causes React state updates should be wrapped into act(...):
2026-10-05T16:36:51.8325918Z       
2026-10-05T16:36:51.8326247Z       act(() => {
2026-10-05T16:36:51.8326710Z         /* fire events that update state */
2026-10-05T16:36:51.8327195Z       });
2026-10-05T16:36:51.8327590Z       /* assert on the output */
2026-10-05T16:36:51.8328007Z       
2026-10-05T16:36:51.8329302Z       This ensures that you're testing the behavior the user would see in the browser. Learn more at https://react.dev/link/wrap-tests-with-act
2026-10-05T16:36:51.8330251Z 
2026-10-05T16:36:51.8330997Z     [0m [90m 359 |[39m         showMessage(connectFailureMessage(err[33m,[39m name))[33m;[39m
2026-10-05T16:36:51.8331966Z      [90m 360 |[39m       } [36mfinally[39m {
2026-10-05T16:36:51.8333029Z     [31m[1m>[22m[39m[90m 361 |[39m         [36mif[39m (current()) setImporting([36mfalse[39m)[33m;[39m
2026-10-05T16:36:51.8334072Z      [90m     |[39m                        [31m[1m^[22m[39m
2026-10-05T16:36:51.8334945Z      [90m 362 |[39m       }
2026-10-05T16:36:51.8335559Z      [90m 363 |[39m     }[33m,[39m
2026-10-05T16:36:51.8337145Z      [90m 364 |[39m     [handleImportOutcome[33m,[39m invalidate[33m,[39m isCurrentAttempt[33m,[39m showMessage][33m,[39m[0m
2026-10-05T16:36:51.8338011Z 
2026-10-05T16:36:51.8338807Z       at node_modules/react-reconciler/cjs/react-reconciler.development.js:16307:19
2026-10-05T16:36:51.8340110Z       at runWithFiberInDEV (node_modules/react-reconciler/cjs/react-reconciler.development.js:2508:13)
2026-10-05T16:36:51.8342870Z       at warnIfUpdatesNotWrappedWithActDEV (node_modules/react-reconciler/cjs/react-reconciler.development.js:16306:9)
2026-10-05T16:36:51.8344519Z       at scheduleUpdateOnFiber (node_modules/react-reconciler/cjs/react-reconciler.development.js:14070:11)
2026-10-05T16:36:51.8346036Z       at dispatchSetStateInternal (node_modules/react-reconciler/cjs/react-reconciler.development.js:6784:13)
2026-10-05T16:36:51.8347512Z       at dispatchSetState (node_modules/react-reconciler/cjs/react-reconciler.development.js:6741:7)
2026-10-05T16:36:51.8348896Z       at setImporting (src/screens/client/wearables/ConnectProviderSheet.tsx:361:24)
2026-10-05T16:36:51.8349395Z           at Generator.throw (<anonymous>)
2026-10-05T16:36:51.8349907Z       at asyncGeneratorStep (node_modules/@babel/runtime/helpers/asyncToGenerator.js:3:17)
2026-10-05T16:36:51.8350498Z       at _throw (node_modules/@babel/runtime/helpers/asyncToGenerator.js:20:9)
2026-10-05T16:36:51.8350807Z 
2026-10-05T16:36:51.8350900Z     console.error
2026-10-05T16:36:51.8351301Z       An update to ConnectProviderSheet inside a test was not wrapped in act(...).
2026-10-05T16:36:51.8351702Z       
2026-10-05T16:36:51.8352092Z       When testing, code that causes React state updates should be wrapped into act(...):
2026-10-05T16:36:51.8352506Z       
2026-10-05T16:36:51.8352691Z       act(() => {
2026-10-05T16:36:51.8352954Z         /* fire events that update state */
2026-10-05T16:36:51.8353246Z       });
2026-10-05T16:36:51.8353471Z       /* assert on the output */
2026-10-05T16:36:51.8353712Z       
2026-10-05T16:36:51.8354317Z       This ensures that you're testing the behavior the user would see in the browser. Learn more at https://react.dev/link/wrap-tests-with-act
2026-10-05T16:36:51.8354831Z 
2026-10-05T16:36:51.8355297Z     [0m [90m 529 |[39m       [90m// B-317-11: only this attempt's own sheet is un-busied; a close or[39m
2026-10-05T16:36:51.8355969Z      [90m 530 |[39m       [90m// provider change already reset it for the next one.[39m
2026-10-05T16:36:51.8357020Z     [31m[1m>[22m[39m[90m 531 |[39m       [36mif[39m (mountedRef[33m.[39mcurrent [33m&&[39m epochRef[33m.[39mcurrent [33m===[39m epoch) setRequestingOnDevice([36mfalse[39m)[33m;[39m
2026-10-05T16:36:51.8357913Z      [90m     |[39m                                                             [31m[1m^[22m[39m
2026-10-05T16:36:51.8358603Z      [90m 532 |[39m     }
2026-10-05T16:36:51.8358926Z      [90m 533 |[39m   }[33m,[39m [
2026-10-05T16:36:51.8359293Z      [90m 534 |[39m     provider[33m,[39m[0m
2026-10-05T16:36:51.8359513Z 
2026-10-05T16:36:51.8359808Z       at node_modules/react-reconciler/cjs/react-reconciler.development.js:16307:19
2026-10-05T16:36:51.8360492Z       at runWithFiberInDEV (node_modules/react-reconciler/cjs/react-reconciler.development.js:2508:13)
2026-10-05T16:36:51.8361323Z       at warnIfUpdatesNotWrappedWithActDEV (node_modules/react-reconciler/cjs/react-reconciler.development.js:16306:9)
2026-10-05T16:36:51.8362171Z       at scheduleUpdateOnFiber (node_modules/react-reconciler/cjs/react-reconciler.development.js:14070:11)
2026-10-05T16:36:51.8362974Z       at dispatchSetStateInternal (node_modules/react-reconciler/cjs/react-reconciler.development.js:6784:13)
2026-10-05T16:36:51.8363747Z       at dispatchSetState (node_modules/react-reconciler/cjs/react-reconciler.development.js:6741:7)
2026-10-05T16:36:51.8364669Z       at setRequestingOnDevice (src/screens/client/wearables/ConnectProviderSheet.tsx:531:61)
2026-10-05T16:36:51.8365361Z       at asyncGeneratorStep (node_modules/@babel/runtime/helpers/asyncToGenerator.js:3:17)
2026-10-05T16:36:51.8366124Z       at _next (node_modules/@babel/runtime/helpers/asyncToGenerator.js:17:9)
2026-10-05T16:36:51.8366419Z 
2026-10-05T16:36:51.8366517Z     console.error
2026-10-05T16:36:51.8366887Z       The current testing environment is not configured to support act(...)
2026-10-05T16:36:51.8367186Z 
2026-10-05T16:36:51.8367846Z     [0m [90m 207 |[39m   [36mconst[39m showMessage [33m=[39m useCallback((message[33m:[39m [33mOnDeviceMessage[39m [33m|[39m [36mnull[39m) [33m=>[39m {
2026-10-05T16:36:51.8369118Z      [90m 208 |[39m     [36mif[39m ([33m![39mmountedRef[33m.[39mcurrent [33m||[39m message [33m==[39m [36mnull[39m) [36mreturn[39m[33m;[39m
2026-10-05T16:36:51.8369903Z     [31m[1m>[22m[39m[90m 209 |[39m     setError(message[33m.[39mtext)[33m;[39m
2026-10-05T16:36:51.8370372Z      [90m     |[39m     [31m[1m^[22m[39m
2026-10-05T16:36:51.8370830Z      [90m 210 |[39m     setRetry(message[33m.[39maction)[33m;[39m
2026-10-05T16:36:51.8371347Z      [90m 211 |[39m     setCtaOverride(message[33m.[39mcta)[33m;[39m
2026-10-05T16:36:51.8371798Z      [90m 212 |[39m   }[33m,[39m [])[33m;[39m[0m
2026-10-05T16:36:51.8372004Z 
2026-10-05T16:36:51.8372413Z       at isConcurrentActEnvironment (node_modules/react-reconciler/cjs/react-reconciler.development.js:13990:17)
2026-10-05T16:36:51.8373299Z       at warnIfUpdatesNotWrappedWithActDEV (node_modules/react-reconciler/cjs/react-reconciler.development.js:16304:7)
2026-10-05T16:36:51.8374138Z       at scheduleUpdateOnFiber (node_modules/react-reconciler/cjs/react-reconciler.development.js:14070:11)
2026-10-05T16:36:51.8374930Z       at dispatchSetStateInternal (node_modules/react-reconciler/cjs/react-reconciler.development.js:6784:13)
2026-10-05T16:36:51.8375699Z       at dispatchSetState (node_modules/react-reconciler/cjs/react-reconciler.development.js:6741:7)
2026-10-05T16:36:51.8376339Z       at setError (src/screens/client/wearables/ConnectProviderSheet.tsx:209:5)
2026-10-05T16:36:51.8376926Z       at showMessage (src/screens/client/wearables/ConnectProviderSheet.tsx:440:11)
2026-10-05T16:36:51.8377544Z       at asyncGeneratorStep (node_modules/@babel/runtime/helpers/asyncToGenerator.js:3:17)
2026-10-05T16:36:51.8378244Z       at _next (node_modules/@babel/runtime/helpers/asyncToGenerator.js:17:9)
2026-10-05T16:36:51.8378547Z 
2026-10-05T16:36:51.8378640Z     console.error
2026-10-05T16:36:51.8379002Z       The current testing environment is not configured to support act(...)
2026-10-05T16:36:51.8379296Z 
2026-10-05T16:36:51.8379886Z     [0m [90m 208 |[39m     [36mif[39m ([33m![39mmountedRef[33m.[39mcurrent [33m||[39m message [33m==[39m [36mnull[39m) [36mreturn[39m[33m;[39m
2026-10-05T16:36:51.8380653Z      [90m 209 |[39m     setError(message[33m.[39mtext)[33m;[39m
2026-10-05T16:36:51.8381210Z     [31m[1m>[22m[39m[90m 210 |[39m     setRetry(message[33m.[39maction)[33m;[39m
2026-10-05T16:36:51.8381682Z      [90m     |[39m     [31m[1m^[22m[39m
2026-10-05T16:36:51.8382134Z      [90m 211 |[39m     setCtaOverride(message[33m.[39mcta)[33m;[39m
2026-10-05T16:36:51.8382576Z      [90m 212 |[39m   }[33m,[39m [])[33m;[39m
2026-10-05T16:36:51.8382905Z      [90m 213 |[39m[0m
2026-10-05T16:36:51.8383047Z 
2026-10-05T16:36:51.8383460Z       at isConcurrentActEnvironment (node_modules/react-reconciler/cjs/react-reconciler.development.js:13990:17)
2026-10-05T16:36:51.8384327Z       at warnIfUpdatesNotWrappedWithActDEV (node_modules/react-reconciler/cjs/react-reconciler.development.js:16304:7)
2026-10-05T16:36:51.8385169Z       at scheduleUpdateOnFiber (node_modules/react-reconciler/cjs/react-reconciler.development.js:14070:11)
2026-10-05T16:36:51.8385962Z       at dispatchSetStateInternal (node_modules/react-reconciler/cjs/react-reconciler.development.js:6784:13)
2026-10-05T16:36:51.8386855Z       at dispatchSetState (node_modules/react-reconciler/cjs/react-reconciler.development.js:6741:7)
2026-10-05T16:36:51.8387611Z       at setRetry (src/screens/client/wearables/ConnectProviderSheet.tsx:210:5)
2026-10-05T16:36:51.8388334Z       at showMessage (src/screens/client/wearables/ConnectProviderSheet.tsx:440:11)
2026-10-05T16:36:51.8388963Z       at asyncGeneratorStep (node_modules/@babel/runtime/helpers/asyncToGenerator.js:3:17)
2026-10-05T16:36:51.8389547Z       at _next (node_modules/@babel/runtime/helpers/asyncToGenerator.js:17:9)
2026-10-05T16:36:51.8389841Z 
2026-10-05T16:36:51.8389929Z     console.error
2026-10-05T16:36:51.8390295Z       The current testing environment is not configured to support act(...)
2026-10-05T16:36:51.8390581Z 
2026-10-05T16:36:51.8390851Z     [0m [90m 209 |[39m     setError(message[33m.[39mtext)[33m;[39m
2026-10-05T16:36:51.8391349Z      [90m 210 |[39m     setRetry(message[33m.[39maction)[33m;[39m
2026-10-05T16:36:51.8391936Z     [31m[1m>[22m[39m[90m 211 |[39m     setCtaOverride(message[33m.[39mcta)[33m;[39m
2026-10-05T16:36:51.8392430Z      [90m     |[39m     [31m[1m^[22m[39m
2026-10-05T16:36:51.8392814Z      [90m 212 |[39m   }[33m,[39m [])[33m;[39m
2026-10-05T16:36:51.8393136Z      [90m 213 |[39m
2026-10-05T16:36:51.8393582Z      [90m 214 |[39m   [36mconst[39m handleCloudConnect [33m=[39m useCallback([0m
2026-10-05T16:36:51.8393890Z 
2026-10-05T16:36:51.8394302Z       at isConcurrentActEnvironment (node_modules/react-reconciler/cjs/react-reconciler.development.js:13990:17)
2026-10-05T16:36:51.8395170Z       at warnIfUpdatesNotWrappedWithActDEV (node_modules/react-reconciler/cjs/react-reconciler.development.js:16304:7)
2026-10-05T16:36:51.8396001Z       at scheduleUpdateOnFiber (node_modules/react-reconciler/cjs/react-reconciler.development.js:14070:11)
2026-10-05T16:36:51.8396800Z       at dispatchSetStateInternal (node_modules/react-reconciler/cjs/react-reconciler.development.js:6784:13)
2026-10-05T16:36:51.8397568Z       at dispatchSetState (node_modules/react-reconciler/cjs/react-reconciler.development.js:6741:7)
2026-10-05T16:36:51.8398459Z       at setCtaOverride (src/screens/client/wearables/ConnectProviderSheet.tsx:211:5)
2026-10-05T16:36:51.8399102Z       at showMessage (src/screens/client/wearables/ConnectProviderSheet.tsx:440:11)
2026-10-05T16:36:51.8399730Z       at asyncGeneratorStep (node_modules/@babel/runtime/helpers/asyncToGenerator.js:3:17)
2026-10-05T16:36:51.8400310Z       at _next (node_modules/@babel/runtime/helpers/asyncToGenerator.js:17:9)
2026-10-05T16:36:51.8400603Z 
2026-10-05T16:36:51.8400697Z     console.error
2026-10-05T16:36:51.8401058Z       The current testing environment is not configured to support act(...)
2026-10-05T16:36:51.8401351Z 
2026-10-05T16:36:51.8401762Z     [0m [90m 529 |[39m       [90m// B-317-11: only this attempt's own sheet is un-busied; a close or[39m
2026-10-05T16:36:51.8402434Z      [90m 530 |[39m       [90m// provider change already reset it for the next one.[39m
2026-10-05T16:36:51.8403490Z     [31m[1m>[22m[39m[90m 531 |[39m       [36mif[39m (mountedRef[33m.[39mcurrent [33m&&[39m epochRef[33m.[39mcurrent [33m===[39m epoch) setRequestingOnDevice([36mfalse[39m)[33m;[39m
2026-10-05T16:36:51.8404401Z      [90m     |[39m                                                             [31m[1m^[22m[39m
2026-10-05T16:36:51.8404795Z      [90m 532 |[39m     }
2026-10-05T16:36:51.8405099Z      [90m 533 |[39m   }[33m,[39m [
2026-10-05T16:36:51.8405459Z      [90m 534 |[39m     provider[33m,[39m[0m
2026-10-05T16:36:51.8405468Z 
2026-10-05T16:36:51.8405882Z       at isConcurrentActEnvironment (node_modules/react-reconciler/cjs/react-reconciler.development.js:13990:17)
2026-10-05T16:36:51.8406315Z       at warnIfUpdatesNotWrappedWithActDEV (node_modules/react-reconciler/cjs/react-reconciler.development.js:16304:7)
2026-10-05T16:36:51.8406695Z       at scheduleUpdateOnFiber (node_modules/react-reconciler/cjs/react-reconciler.development.js:14070:11)
2026-10-05T16:36:51.8407491Z       at dispatchSetStateInternal (node_modules/react-reconciler/cjs/react-reconciler.development.js:6784:13)
2026-10-05T16:36:51.8408469Z       at dispatchSetState (node_modules/react-reconciler/cjs/react-reconciler.development.js:6741:7)
2026-10-05T16:36:51.8409046Z       at setRequestingOnDevice (src/screens/client/wearables/ConnectProviderSheet.tsx:531:61)
2026-10-05T16:36:51.8409605Z       at asyncGeneratorStep (node_modules/@babel/runtime/helpers/asyncToGenerator.js:3:17)
2026-10-05T16:36:51.8410008Z       at _next (node_modules/@babel/runtime/helpers/asyncToGenerator.js:17:9)
2026-10-05T16:36:51.8410024Z 
2026-10-05T16:36:51.8410177Z     console.error
2026-10-05T16:36:51.8410577Z       The current testing environment is not configured to support act(...)
2026-10-05T16:36:51.8410599Z 
2026-10-05T16:36:51.8411751Z     [0m [90m 207 |[39m   [36mconst[39m showMessage [33m=[39m useCallback((message[33m:[39m [33mOnDeviceMessage[39m [33m|[39m [36mnull[39m) [33m=>[39m {
2026-10-05T16:36:51.8412822Z      [90m 208 |[39m     [36mif[39m ([33m![39mmountedRef[33m.[39mcurrent [33m||[39m message [33m==[39m [36mnull[39m) [36mreturn[39m[33m;[39m
2026-10-05T16:36:51.8413436Z     [31m[1m>[22m[39m[90m 209 |[39m     setError(message[33m.[39mtext)[33m;[39m
2026-10-05T16:36:51.8413764Z      [90m     |[39m     [31m[1m^[22m[39m
2026-10-05T16:36:51.8414205Z      [90m 210 |[39m     setRetry(message[33m.[39maction)[33m;[39m
2026-10-05T16:36:51.8414678Z      [90m 211 |[39m     setCtaOverride(message[33m.[39mcta)[33m;[39m
2026-10-05T16:36:51.8415052Z      [90m 212 |[39m   }[33m,[39m [])[33m;[39m[0m
2026-10-05T16:36:51.8415079Z 
2026-10-05T16:36:51.8415789Z       at isConcurrentActEnvironment (node_modules/react-reconciler/cjs/react-reconciler.development.js:13990:17)
2026-10-05T16:36:51.8416564Z       at warnIfUpdatesNotWrappedWithActDEV (node_modules/react-reconciler/cjs/react-reconciler.development.js:16304:7)
2026-10-05T16:36:51.8417291Z       at scheduleUpdateOnFiber (node_modules/react-reconciler/cjs/react-reconciler.development.js:14070:11)
2026-10-05T16:36:51.8418017Z       at dispatchSetStateInternal (node_modules/react-reconciler/cjs/react-reconciler.development.js:6784:13)
2026-10-05T16:36:51.8418894Z       at dispatchSetState (node_modules/react-reconciler/cjs/react-reconciler.development.js:6741:7)
2026-10-05T16:36:51.8419381Z       at setError (src/screens/client/wearables/ConnectProviderSheet.tsx:209:5)
2026-10-05T16:36:51.8419837Z       at showMessage (src/screens/client/wearables/ConnectProviderSheet.tsx:440:11)
2026-10-05T16:36:51.8420391Z       at asyncGeneratorStep (node_modules/@babel/runtime/helpers/asyncToGenerator.js:3:17)
2026-10-05T16:36:51.8420859Z       at _next (node_modules/@babel/runtime/helpers/asyncToGenerator.js:17:9)
2026-10-05T16:36:51.8420881Z 
2026-10-05T16:36:51.8421046Z     console.error
2026-10-05T16:36:51.8421502Z       The current testing environment is not configured to support act(...)
2026-10-05T16:36:51.8421517Z 
2026-10-05T16:36:51.8422616Z     [0m [90m 208 |[39m     [36mif[39m ([33m![39mmountedRef[33m.[39mcurrent [33m||[39m message [33m==[39m [36mnull[39m) [36mreturn[39m[33m;[39m
2026-10-05T16:36:51.8423101Z      [90m 209 |[39m     setError(message[33m.[39mtext)[33m;[39m
2026-10-05T16:36:51.8423656Z     [31m[1m>[22m[39m[90m 210 |[39m     setRetry(message[33m.[39maction)[33m;[39m
2026-10-05T16:36:51.8423990Z      [90m     |[39m     [31m[1m^[22m[39m
2026-10-05T16:36:51.8424463Z      [90m 211 |[39m     setCtaOverride(message[33m.[39mcta)[33m;[39m
2026-10-05T16:36:51.8424821Z      [90m 212 |[39m   }[33m,[39m [])[33m;[39m
2026-10-05T16:36:51.8425045Z      [90m 213 |[39m[0m
2026-10-05T16:36:51.8425060Z 
2026-10-05T16:36:51.8425794Z       at isConcurrentActEnvironment (node_modules/react-reconciler/cjs/react-reconciler.development.js:13990:17)
2026-10-05T16:36:51.8426878Z       at warnIfUpdatesNotWrappedWithActDEV (node_modules/react-reconciler/cjs/react-reconciler.development.js:16304:7)
2026-10-05T16:36:51.8427617Z       at scheduleUpdateOnFiber (node_modules/react-reconciler/cjs/react-reconciler.development.js:14070:11)
2026-10-05T16:36:51.8428770Z       at dispatchSetStateInternal (node_modules/react-reconciler/cjs/react-reconciler.development.js:6784:13)
2026-10-05T16:36:51.8429364Z       at dispatchSetState (node_modules/react-reconciler/cjs/react-reconciler.development.js:6741:7)
2026-10-05T16:36:51.8429811Z       at setRetry (src/screens/client/wearables/ConnectProviderSheet.tsx:210:5)
2026-10-05T16:36:51.8430303Z       at showMessage (src/screens/client/wearables/ConnectProviderSheet.tsx:440:11)
2026-10-05T16:36:51.8430848Z       at asyncGeneratorStep (node_modules/@babel/runtime/helpers/asyncToGenerator.js:3:17)
2026-10-05T16:36:51.8431309Z       at _next (node_modules/@babel/runtime/helpers/asyncToGenerator.js:17:9)
2026-10-05T16:36:51.8431326Z 
2026-10-05T16:36:51.8431494Z     console.error
2026-10-05T16:36:51.8431964Z       The current testing environment is not configured to support act(...)
2026-10-05T16:36:51.8431983Z 
2026-10-05T16:36:51.8432503Z     [0m [90m 209 |[39m     setError(message[33m.[39mtext)[33m;[39m
2026-10-05T16:36:51.8433017Z      [90m 210 |[39m     setRetry(message[33m.[39maction)[33m;[39m
2026-10-05T16:36:51.8433658Z     [31m[1m>[22m[39m[90m 211 |[39m     setCtaOverride(message[33m.[39mcta)[33m;[39m
2026-10-05T16:36:51.8433992Z      [90m     |[39m     [31m[1m^[22m[39m
2026-10-05T16:36:51.8434338Z      [90m 212 |[39m   }[33m,[39m [])[33m;[39m
2026-10-05T16:36:51.8434557Z      [90m 213 |[39m
2026-10-05T16:36:51.8435140Z      [90m 214 |[39m   [36mconst[39m handleCloudConnect [33m=[39m useCallback([0m
2026-10-05T16:36:51.8435157Z 
2026-10-05T16:36:51.8435930Z       at isConcurrentActEnvironment (node_modules/react-reconciler/cjs/react-reconciler.development.js:13990:17)
2026-10-05T16:36:51.8436780Z       at warnIfUpdatesNotWrappedWithActDEV (node_modules/react-reconciler/cjs/react-reconciler.development.js:16304:7)
2026-10-05T16:36:51.8437498Z       at scheduleUpdateOnFiber (node_modules/react-reconciler/cjs/react-reconciler.development.js:14070:11)
2026-10-05T16:36:51.8438546Z       at dispatchSetStateInternal (node_modules/react-reconciler/cjs/react-reconciler.development.js:6784:13)
2026-10-05T16:36:51.8439250Z       at dispatchSetState (node_modules/react-reconciler/cjs/react-reconciler.development.js:6741:7)
2026-10-05T16:36:51.8439805Z       at setCtaOverride (src/screens/client/wearables/ConnectProviderSheet.tsx:211:5)
2026-10-05T16:36:51.8440333Z       at showMessage (src/screens/client/wearables/ConnectProviderSheet.tsx:440:11)
2026-10-05T16:36:51.8440913Z       at asyncGeneratorStep (node_modules/@babel/runtime/helpers/asyncToGenerator.js:3:17)
2026-10-05T16:36:51.8441374Z       at _next (node_modules/@babel/runtime/helpers/asyncToGenerator.js:17:9)
2026-10-05T16:36:51.8441392Z 
2026-10-05T16:36:51.8441557Z     console.error
2026-10-05T16:36:51.8442033Z       The current testing environment is not configured to support act(...)
2026-10-05T16:36:51.8442053Z 
2026-10-05T16:36:51.8442872Z     [0m [90m 529 |[39m       [90m// B-317-11: only this attempt's own sheet is un-busied; a close or[39m
2026-10-05T16:36:51.8443578Z      [90m 530 |[39m       [90m// provider change already reset it for the next one.[39m
2026-10-05T16:36:51.8445019Z     [31m[1m>[22m[39m[90m 531 |[39m       [36mif[39m (mountedRef[33m.[39mcurrent [33m&&[39m epochRef[33m.[39mcurrent [33m===[39m epoch) setRequestingOnDevice([36mfalse[39m)[33m;[39m
2026-10-05T16:36:51.8445640Z      [90m     |[39m                                                             [31m[1m^[22m[39m
2026-10-05T16:36:51.8445918Z      [90m 532 |[39m     }
2026-10-05T16:36:51.8446249Z      [90m 533 |[39m   }[33m,[39m [
2026-10-05T16:36:51.8446636Z      [90m 534 |[39m     provider[33m,[39m[0m
2026-10-05T16:36:51.8446665Z 
2026-10-05T16:36:51.8447464Z       at isConcurrentActEnvironment (node_modules/react-reconciler/cjs/react-reconciler.development.js:13990:17)
2026-10-05T16:36:51.8447935Z       at warnIfUpdatesNotWrappedWithActDEV (node_modules/react-reconciler/cjs/react-reconciler.development.js:16304:7)
2026-10-05T16:36:51.8448729Z       at scheduleUpdateOnFiber (node_modules/react-reconciler/cjs/react-reconciler.development.js:14070:11)
2026-10-05T16:36:51.8449132Z       at dispatchSetStateInternal (node_modules/react-reconciler/cjs/react-reconciler.development.js:6784:13)
2026-10-05T16:36:51.8449490Z       at dispatchSetState (node_modules/react-reconciler/cjs/react-reconciler.development.js:6741:7)
2026-10-05T16:36:51.8449821Z       at setRequestingOnDevice (src/screens/client/wearables/ConnectProviderSheet.tsx:531:61)
2026-10-05T16:36:51.8450128Z       at asyncGeneratorStep (node_modules/@babel/runtime/helpers/asyncToGenerator.js:3:17)
2026-10-05T16:36:51.8450374Z       at _next (node_modules/@babel/runtime/helpers/asyncToGenerator.js:17:9)
2026-10-05T16:36:51.8450382Z 
2026-10-05T16:36:51.8450474Z     console.error
2026-10-05T16:36:51.8450727Z       The current testing environment is not configured to support act(...)
2026-10-05T16:36:51.8450739Z 
2026-10-05T16:36:51.8451425Z     [0m [90m 207 |[39m   [36mconst[39m showMessage [33m=[39m useCallback((message[33m:[39m [33mOnDeviceMessage[39m [33m|[39m [36mnull[39m) [33m=>[39m {
2026-10-05T16:36:51.8452004Z      [90m 208 |[39m     [36mif[39m ([33m![39mmountedRef[33m.[39mcurrent [33m||[39m message [33m==[39m [36mnull[39m) [36mreturn[39m[33m;[39m
2026-10-05T16:36:51.8452310Z     [31m[1m>[22m[39m[90m 209 |[39m     setError(message[33m.[39mtext)[33m;[39m
2026-10-05T16:36:51.8452490Z      [90m     |[39m     [31m[1m^[22m[39m
2026-10-05T16:36:51.8452751Z      [90m 210 |[39m     setRetry(message[33m.[39maction)[33m;[39m
2026-10-05T16:36:51.8453014Z      [90m 211 |[39m     setCtaOverride(message[33m.[39mcta)[33m;[39m
2026-10-05T16:36:51.8453207Z      [90m 212 |[39m   }[33m,[39m [])[33m;[39m[0m
2026-10-05T16:36:51.8453219Z 
2026-10-05T16:36:51.8453631Z       at isConcurrentActEnvironment (node_modules/react-reconciler/cjs/react-reconciler.development.js:13990:17)
2026-10-05T16:36:51.8454073Z       at warnIfUpdatesNotWrappedWithActDEV (node_modules/react-reconciler/cjs/react-reconciler.development.js:16304:7)
2026-10-05T16:36:51.8454472Z       at scheduleUpdateOnFiber (node_modules/react-reconciler/cjs/react-reconciler.development.js:14070:11)
2026-10-05T16:36:51.8454862Z       at dispatchSetStateInternal (node_modules/react-reconciler/cjs/react-reconciler.development.js:6784:13)
2026-10-05T16:36:51.8455204Z       at dispatchSetState (node_modules/react-reconciler/cjs/react-reconciler.development.js:6741:7)
2026-10-05T16:36:51.8455477Z       at setError (src/screens/client/wearables/ConnectProviderSheet.tsx:209:5)
2026-10-05T16:36:51.8455752Z       at showMessage (src/screens/client/wearables/ConnectProviderSheet.tsx:440:11)
2026-10-05T16:36:51.8456057Z       at asyncGeneratorStep (node_modules/@babel/runtime/helpers/asyncToGenerator.js:3:17)
2026-10-05T16:36:51.8456292Z       at _next (node_modules/@babel/runtime/helpers/asyncToGenerator.js:17:9)
2026-10-05T16:36:51.8456303Z 
2026-10-05T16:36:51.8456397Z     console.error
2026-10-05T16:36:51.8456639Z       The current testing environment is not configured to support act(...)
2026-10-05T16:36:51.8456646Z 
2026-10-05T16:36:51.8457256Z     [0m [90m 208 |[39m     [36mif[39m ([33m![39mmountedRef[33m.[39mcurrent [33m||[39m message [33m==[39m [36mnull[39m) [36mreturn[39m[33m;[39m
2026-10-05T16:36:51.8457716Z      [90m 209 |[39m     setError(message[33m.[39mtext)[33m;[39m
2026-10-05T16:36:51.8458579Z     [31m[1m>[22m[39m[90m 210 |[39m     setRetry(message[33m.[39maction)[33m;[39m
2026-10-05T16:36:51.8458937Z      [90m     |[39m     [31m[1m^[22m[39m
2026-10-05T16:36:51.8459433Z      [90m 211 |[39m     setCtaOverride(message[33m.[39mcta)[33m;[39m
2026-10-05T16:36:51.8459795Z      [90m 212 |[39m   }[33m,[39m [])[33m;[39m
2026-10-05T16:36:51.8460280Z      [90m 213 |[39m[0m
2026-10-05T16:36:51.8460303Z 
2026-10-05T16:36:51.8461108Z       at isConcurrentActEnvironment (node_modules/react-reconciler/cjs/react-reconciler.development.js:13990:17)
2026-10-05T16:36:51.8462237Z       at warnIfUpdatesNotWrappedWithActDEV (node_modules/react-reconciler/cjs/react-reconciler.development.js:16304:7)
2026-10-05T16:36:51.8462973Z       at scheduleUpdateOnFiber (node_modules/react-reconciler/cjs/react-reconciler.development.js:14070:11)
2026-10-05T16:36:51.8463702Z       at dispatchSetStateInternal (node_modules/react-reconciler/cjs/react-reconciler.development.js:6784:13)
2026-10-05T16:36:51.8464321Z       at dispatchSetState (node_modules/react-reconciler/cjs/react-reconciler.development.js:6741:7)
2026-10-05T16:36:51.8464785Z       at setRetry (src/screens/client/wearables/ConnectProviderSheet.tsx:210:5)
2026-10-05T16:36:51.8465292Z       at showMessage (src/screens/client/wearables/ConnectProviderSheet.tsx:440:11)
2026-10-05T16:36:51.8465868Z       at asyncGeneratorStep (node_modules/@babel/runtime/helpers/asyncToGenerator.js:3:17)
2026-10-05T16:36:51.8466310Z       at _next (node_modules/@babel/runtime/helpers/asyncToGenerator.js:17:9)
2026-10-05T16:36:51.8466331Z 
2026-10-05T16:36:51.8466479Z     console.error
2026-10-05T16:36:51.8466890Z       The current testing environment is not configured to support act(...)
2026-10-05T16:36:51.8466904Z 
2026-10-05T16:36:51.8467397Z     [0m [90m 209 |[39m     setError(message[33m.[39mtext)[33m;[39m
2026-10-05T16:36:51.8467830Z      [90m 210 |[39m     setRetry(message[33m.[39maction)[33m;[39m
2026-10-05T16:36:51.8468658Z     [31m[1m>[22m[39m[90m 211 |[39m     setCtaOverride(message[33m.[39mcta)[33m;[39m
2026-10-05T16:36:51.8469007Z      [90m     |[39m     [31m[1m^[22m[39m
2026-10-05T16:36:51.8469363Z      [90m 212 |[39m   }[33m,[39m [])[33m;[39m
2026-10-05T16:36:51.8469600Z      [90m 213 |[39m
2026-10-05T16:36:51.8470197Z      [90m 214 |[39m   [36mconst[39m handleCloudConnect [33m=[39m useCallback([0m
2026-10-05T16:36:51.8470229Z 
2026-10-05T16:36:51.8470993Z       at isConcurrentActEnvironment (node_modules/react-reconciler/cjs/react-reconciler.development.js:13990:17)
2026-10-05T16:36:51.8471863Z       at warnIfUpdatesNotWrappedWithActDEV (node_modules/react-reconciler/cjs/react-reconciler.development.js:16304:7)
2026-10-05T16:36:51.8472606Z       at scheduleUpdateOnFiber (node_modules/react-reconciler/cjs/react-reconciler.development.js:14070:11)
2026-10-05T16:36:51.8473361Z       at dispatchSetStateInternal (node_modules/react-reconciler/cjs/react-reconciler.development.js:6784:13)
2026-10-05T16:36:51.8474010Z       at dispatchSetState (node_modules/react-reconciler/cjs/react-reconciler.development.js:6741:7)
2026-10-05T16:36:51.8474556Z       at setCtaOverride (src/screens/client/wearables/ConnectProviderSheet.tsx:211:5)
2026-10-05T16:36:51.8475108Z       at showMessage (src/screens/client/wearables/ConnectProviderSheet.tsx:440:11)
2026-10-05T16:36:51.8475703Z       at asyncGeneratorStep (node_modules/@babel/runtime/helpers/asyncToGenerator.js:3:17)
2026-10-05T16:36:51.8476167Z       at _next (node_modules/@babel/runtime/helpers/asyncToGenerator.js:17:9)
2026-10-05T16:36:51.8476199Z 
2026-10-05T16:36:51.8476368Z     console.error
2026-10-05T16:36:51.8476830Z       The current testing environment is not configured to support act(...)
2026-10-05T16:36:51.8476848Z 
2026-10-05T16:36:51.8477670Z     [0m [90m 529 |[39m       [90m// B-317-11: only this attempt's own sheet is un-busied; a close or[39m
2026-10-05T16:36:51.8478605Z      [90m 530 |[39m       [90m// provider change already reset it for the next one.[39m
2026-10-05T16:36:51.8480058Z     [31m[1m>[22m[39m[90m 531 |[39m       [36mif[39m (mountedRef[33m.[39mcurrent [33m&&[39m epochRef[33m.[39mcurrent [33m===[39m epoch) setRequestingOnDevice([36mfalse[39m)[33m;[39m
2026-10-05T16:36:51.8480737Z      [90m     |[39m                                                             [31m[1m^[22m[39m
2026-10-05T16:36:51.8481228Z      [90m 532 |[39m     }
2026-10-05T16:36:51.8481597Z      [90m 533 |[39m   }[33m,[39m [
2026-10-05T16:36:51.8482197Z      [90m 534 |[39m     provider[33m,[39m[0m
2026-10-05T16:36:51.8482216Z 
2026-10-05T16:36:51.8483016Z       at isConcurrentActEnvironment (node_modules/react-reconciler/cjs/react-reconciler.development.js:13990:17)
2026-10-05T16:36:51.8483889Z       at warnIfUpdatesNotWrappedWithActDEV (node_modules/react-reconciler/cjs/react-reconciler.development.js:16304:7)
2026-10-05T16:36:51.8484644Z       at scheduleUpdateOnFiber (node_modules/react-reconciler/cjs/react-reconciler.development.js:14070:11)
2026-10-05T16:36:51.8485390Z       at dispatchSetStateInternal (node_modules/react-reconciler/cjs/react-reconciler.development.js:6784:13)
2026-10-05T16:36:51.8486080Z       at dispatchSetState (node_modules/react-reconciler/cjs/react-reconciler.development.js:6741:7)
2026-10-05T16:36:51.8486727Z       at setRequestingOnDevice (src/screens/client/wearables/ConnectProviderSheet.tsx:531:61)
2026-10-05T16:36:51.8487230Z       at asyncGeneratorStep (node_modules/@babel/runtime/helpers/asyncToGenerator.js:3:17)
2026-10-05T16:36:51.8487649Z       at _next (node_modules/@babel/runtime/helpers/asyncToGenerator.js:17:9)
2026-10-05T16:36:51.8487663Z 
2026-10-05T16:36:51.8487809Z     console.error
2026-10-05T16:36:51.8488481Z       The current testing environment is not configured to support act(...)
2026-10-05T16:36:51.8488500Z 
2026-10-05T16:36:51.8489667Z     [0m [90m 207 |[39m   [36mconst[39m showMessage [33m=[39m useCallback((message[33m:[39m [33mOnDeviceMessage[39m [33m|[39m [36mnull[39m) [33m=>[39m {
2026-10-05T16:36:51.8490639Z      [90m 208 |[39m     [36mif[39m ([33m![39mmountedRef[33m.[39mcurrent [33m||[39m message [33m==[39m [36mnull[39m) [36mreturn[39m[33m;[39m
2026-10-05T16:36:51.8491151Z     [31m[1m>[22m[39m[90m 209 |[39m     setError(message[33m.[39mtext)[33m;[39m
2026-10-05T16:36:51.8491454Z      [90m     |[39m     [31m[1m^[22m[39m
2026-10-05T16:36:51.8491889Z      [90m 210 |[39m     setRetry(message[33m.[39maction)[33m;[39m
2026-10-05T16:36:51.8492345Z      [90m 211 |[39m     setCtaOverride(message[33m.[39mcta)[33m;[39m
2026-10-05T16:36:51.8492673Z      [90m 212 |[39m   }[33m,[39m [])[33m;[39m[0m
2026-10-05T16:36:51.8492686Z 
2026-10-05T16:36:51.8493435Z       at isConcurrentActEnvironment (node_modules/react-reconciler/cjs/react-reconciler.development.js:13990:17)
2026-10-05T16:36:51.8494229Z       at warnIfUpdatesNotWrappedWithActDEV (node_modules/react-reconciler/cjs/react-reconciler.development.js:16304:7)
2026-10-05T16:36:51.8494904Z       at scheduleUpdateOnFiber (node_modules/react-reconciler/cjs/react-reconciler.development.js:14070:11)
2026-10-05T16:36:51.8495605Z       at dispatchSetStateInternal (node_modules/react-reconciler/cjs/react-reconciler.development.js:6784:13)
2026-10-05T16:36:51.8496214Z       at dispatchSetState (node_modules/react-reconciler/cjs/react-reconciler.development.js:6741:7)
2026-10-05T16:36:51.8496667Z       at setError (src/screens/client/wearables/ConnectProviderSheet.tsx:209:5)
2026-10-05T16:36:51.8497197Z       at showMessage (src/screens/client/wearables/ConnectProviderSheet.tsx:455:7)
2026-10-05T16:36:51.8497766Z       at asyncGeneratorStep (node_modules/@babel/runtime/helpers/asyncToGenerator.js:3:17)
2026-10-05T16:36:51.8498437Z       at _next (node_modules/@babel/runtime/helpers/asyncToGenerator.js:17:9)
2026-10-05T16:36:51.8498459Z 
2026-10-05T16:36:51.8498636Z     console.error
2026-10-05T16:36:51.8499081Z       The current testing environment is not configured to support act(...)
2026-10-05T16:36:51.8499099Z 
2026-10-05T16:36:51.8500242Z     [0m [90m 208 |[39m     [36mif[39m ([33m![39mmountedRef[33m.[39mcurrent [33m||[39m message [33m==[39m [36mnull[39m) [36mreturn[39m[33m;[39m
2026-10-05T16:36:51.8500728Z      [90m 209 |[39m     setError(message[33m.[39mtext)[33m;[39m
2026-10-05T16:36:51.8501509Z     [31m[1m>[22m[39m[90m 210 |[39m     setRetry(message[33m.[39maction)[33m;[39m
2026-10-05T16:36:51.8501850Z      [90m     |[39m     [31m[1m^[22m[39m
2026-10-05T16:36:51.8502526Z      [90m 211 |[39m     setCtaOverride(message[33m.[39mcta)[33m;[39m
2026-10-05T16:36:51.8502891Z      [90m 212 |[39m   }[33m,[39m [])[33m;[39m
2026-10-05T16:36:51.8503121Z      [90m 213 |[39m[0m
2026-10-05T16:36:51.8503148Z 
2026-10-05T16:36:51.8503919Z       at isConcurrentActEnvironment (node_modules/react-reconciler/cjs/react-reconciler.development.js:13990:17)
2026-10-05T16:36:51.8504691Z       at warnIfUpdatesNotWrappedWithActDEV (node_modules/react-reconciler/cjs/react-reconciler.development.js:16304:7)
2026-10-05T16:36:51.8505380Z       at scheduleUpdateOnFiber (node_modules/react-reconciler/cjs/react-reconciler.development.js:14070:11)
2026-10-05T16:36:51.8506125Z       at dispatchSetStateInternal (node_modules/react-reconciler/cjs/react-reconciler.development.js:6784:13)
2026-10-05T16:36:51.8506765Z       at dispatchSetState (node_modules/react-reconciler/cjs/react-reconciler.development.js:6741:7)
2026-10-05T16:36:51.8507252Z       at setRetry (src/screens/client/wearables/ConnectProviderSheet.tsx:210:5)
2026-10-05T16:36:51.8507733Z       at showMessage (src/screens/client/wearables/ConnectProviderSheet.tsx:455:7)
2026-10-05T16:36:51.8508552Z       at asyncGeneratorStep (node_modules/@babel/runtime/helpers/asyncToGenerator.js:3:17)
2026-10-05T16:36:51.8508978Z       at _next (node_modules/@babel/runtime/helpers/asyncToGenerator.js:17:9)
2026-10-05T16:36:51.8508991Z 
2026-10-05T16:36:51.8509145Z     console.error
2026-10-05T16:36:51.8509556Z       The current testing environment is not configured to support act(...)
2026-10-05T16:36:51.8509568Z 
2026-10-05T16:36:51.8510068Z     [0m [90m 209 |[39m     setError(message[33m.[39mtext)[33m;[39m
2026-10-05T16:36:51.8510509Z      [90m 210 |[39m     setRetry(message[33m.[39maction)[33m;[39m
2026-10-05T16:36:51.8511119Z     [31m[1m>[22m[39m[90m 211 |[39m     setCtaOverride(message[33m.[39mcta)[33m;[39m
2026-10-05T16:36:51.8511462Z      [90m     |[39m     [31m[1m^[22m[39m
2026-10-05T16:36:51.8511815Z      [90m 212 |[39m   }[33m,[39m [])[33m;[39m
2026-10-05T16:36:51.8512030Z      [90m 213 |[39m
2026-10-05T16:36:51.8512602Z      [90m 214 |[39m   [36mconst[39m handleCloudConnect [33m=[39m useCallback([0m
2026-10-05T16:36:51.8512615Z 
2026-10-05T16:36:51.8513357Z       at isConcurrentActEnvironment (node_modules/react-reconciler/cjs/react-reconciler.development.js:13990:17)
2026-10-05T16:36:51.8514196Z       at warnIfUpdatesNotWrappedWithActDEV (node_modules/react-reconciler/cjs/react-reconciler.development.js:16304:7)
2026-10-05T16:36:51.8514930Z       at scheduleUpdateOnFiber (node_modules/react-reconciler/cjs/react-reconciler.development.js:14070:11)
2026-10-05T16:36:51.8515703Z       at dispatchSetStateInternal (node_modules/react-reconciler/cjs/react-reconciler.development.js:6784:13)
2026-10-05T16:36:51.8516397Z       at dispatchSetState (node_modules/react-reconciler/cjs/react-reconciler.development.js:6741:7)
2026-10-05T16:36:51.8516953Z       at setCtaOverride (src/screens/client/wearables/ConnectProviderSheet.tsx:211:5)
2026-10-05T16:36:51.8517476Z       at showMessage (src/screens/client/wearables/ConnectProviderSheet.tsx:455:7)
2026-10-05T16:36:51.8518038Z       at asyncGeneratorStep (node_modules/@babel/runtime/helpers/asyncToGenerator.js:3:17)
2026-10-05T16:36:51.8518782Z       at _next (node_modules/@babel/runtime/helpers/asyncToGenerator.js:17:9)
2026-10-05T16:36:51.8518804Z 
2026-10-05T16:36:51.9195873Z PASS src/hooks/useWearableConnections.sessionEpoch.test.tsx
2026-10-05T16:36:51.9211508Z   ● Console
2026-10-05T16:36:51.9212022Z 
2026-10-05T16:36:51.9212424Z     console.error
2026-10-05T16:36:51.9213360Z       An update to HookContainer inside a test was not wrapped in act(...).
2026-10-05T16:36:51.9214220Z       
2026-10-05T16:36:51.9215129Z       When testing, code that causes React state updates should be wrapped into act(...):
2026-10-05T16:36:51.9216557Z       
2026-10-05T16:36:51.9217140Z       act(() => {
2026-10-05T16:36:51.9217825Z         /* fire events that update state */
2026-10-05T16:36:51.9219109Z       });
2026-10-05T16:36:51.9219740Z       /* assert on the output */
2026-10-05T16:36:51.9220378Z       
2026-10-05T16:36:51.9221672Z       This ensures that you're testing the behavior the user would see in the browser. Learn more at https://react.dev/link/wrap-tests-with-act
2026-10-05T16:36:51.9222835Z 
2026-10-05T16:36:51.9223492Z       at node_modules/react-reconciler/cjs/react-reconciler.development.js:16307:19
2026-10-05T16:36:51.9224916Z       at runWithFiberInDEV (node_modules/react-reconciler/cjs/react-reconciler.development.js:2508:13)
2026-10-05T16:36:51.9226655Z       at warnIfUpdatesNotWrappedWithActDEV (node_modules/react-reconciler/cjs/react-reconciler.development.js:16306:9)
2026-10-05T16:36:51.9228744Z       at scheduleUpdateOnFiber (node_modules/react-reconciler/cjs/react-reconciler.development.js:14070:11)
2026-10-05T16:36:51.9230433Z       at forceStoreRerender (node_modules/react-reconciler/cjs/react-reconciler.development.js:5935:24)
2026-10-05T16:36:51.9231885Z       at node_modules/react-reconciler/cjs/react-reconciler.development.js:5920:11
2026-10-05T16:36:51.9233050Z       at node_modules/@tanstack/query-core/src/notifyManager.ts:73:11
2026-10-05T16:36:51.9234161Z       at notifyFn (node_modules/@tanstack/query-core/src/notifyManager.ts:21:5)
2026-10-05T16:36:51.9235259Z       at node_modules/@tanstack/query-core/src/notifyManager.ts:44:13
2026-10-05T16:36:51.9236131Z           at Array.forEach (<anonymous>)
2026-10-05T16:36:51.9237011Z       at node_modules/@tanstack/query-core/src/notifyManager.ts:43:25
2026-10-05T16:36:51.9238405Z       at batchNotifyFn (node_modules/@tanstack/query-core/src/notifyManager.ts:24:5)
2026-10-05T16:36:51.9239700Z       at Timeout._onTimeout (node_modules/@tanstack/query-core/src/notifyManager.ts:42:9)
2026-10-05T16:36:51.9240516Z 
2026-10-05T16:36:51.9353613Z PASS src/services/health/__tests__/onDeviceState.authorityStore.test.ts
2026-10-05T16:36:52.1334020Z PASS src/services/health/__tests__/onDeviceState.signOutDurable.test.ts
2026-10-05T16:36:52.6364903Z PASS src/screens/client/wearables/__tests__/ConnectProviderSheet.attemptFence.test.tsx
2026-10-05T16:36:52.7024088Z   ● Console
2026-10-05T16:36:52.7024537Z 
2026-10-05T16:36:52.7024856Z     console.error
2026-10-05T16:36:52.7025683Z       An update to ConnectProviderSheet inside a test was not wrapped in act(...).
2026-10-05T16:36:52.7026516Z       
2026-10-05T16:36:52.7027333Z       When testing, code that causes React state updates should be wrapped into act(...):
2026-10-05T16:36:52.7028457Z       
2026-10-05T16:36:52.7028976Z       act(() => {
2026-10-05T16:36:52.7029561Z         /* fire events that update state */
2026-10-05T16:36:52.7030190Z       });
2026-10-05T16:36:52.7030743Z       /* assert on the output */
2026-10-05T16:36:52.7031301Z       
2026-10-05T16:36:52.7032552Z       This ensures that you're testing the behavior the user would see in the browser. Learn more at https://react.dev/link/wrap-tests-with-act
2026-10-05T16:36:52.7033617Z 
2026-10-05T16:36:52.7035006Z     [0m [90m 207 |[39m   [36mconst[39m showMessage [33m=[39m useCallback((message[33m:[39m [33mOnDeviceMessage[39m [33m|[39m [36mnull[39m) [33m=>[39m {
2026-10-05T16:36:52.7037242Z      [90m 208 |[39m     [36mif[39m ([33m![39mmountedRef[33m.[39mcurrent [33m||[39m message [33m==[39m [36mnull[39m) [36mreturn[39m[33m;[39m
2026-10-05T16:36:52.7039251Z     [31m[1m>[22m[39m[90m 209 |[39m     setError(message[33m.[39mtext)[33m;[39m
2026-10-05T16:36:52.7040256Z      [90m     |[39m     [31m[1m^[22m[39m
2026-10-05T16:36:52.7041245Z      [90m 210 |[39m     setRetry(message[33m.[39maction)[33m;[39m
2026-10-05T16:36:52.7042348Z      [90m 211 |[39m     setCtaOverride(message[33m.[39mcta)[33m;[39m
2026-10-05T16:36:52.7043435Z      [90m 212 |[39m   }[33m,[39m [])[33m;[39m[0m
2026-10-05T16:36:52.7043987Z 
2026-10-05T16:36:52.7045113Z       at node_modules/react-reconciler/cjs/react-reconciler.development.js:16307:19
2026-10-05T16:36:52.7046879Z       at runWithFiberInDEV (node_modules/react-reconciler/cjs/react-reconciler.development.js:2508:13)
2026-10-05T16:36:52.7049059Z       at warnIfUpdatesNotWrappedWithActDEV (node_modules/react-reconciler/cjs/react-reconciler.development.js:16306:9)
2026-10-05T16:36:52.7050935Z       at scheduleUpdateOnFiber (node_modules/react-reconciler/cjs/react-reconciler.development.js:14070:11)
2026-10-05T16:36:52.7052729Z       at dispatchSetStateInternal (node_modules/react-reconciler/cjs/react-reconciler.development.js:6784:13)
2026-10-05T16:36:52.7054471Z       at dispatchSetState (node_modules/react-reconciler/cjs/react-reconciler.development.js:6741:7)
2026-10-05T16:36:52.7055823Z       at setError (src/screens/client/wearables/ConnectProviderSheet.tsx:209:5)
2026-10-05T16:36:52.7057049Z       at showMessage (src/screens/client/wearables/ConnectProviderSheet.tsx:418:11)
2026-10-05T16:36:52.7058656Z       at asyncGeneratorStep (node_modules/@babel/runtime/helpers/asyncToGenerator.js:3:17)
2026-10-05T16:36:52.7059889Z       at _next (node_modules/@babel/runtime/helpers/asyncToGenerator.js:17:9)
2026-10-05T16:36:52.7060541Z 
2026-10-05T16:36:52.7060799Z     console.error
2026-10-05T16:36:52.7061616Z       An update to ConnectProviderSheet inside a test was not wrapped in act(...).
2026-10-05T16:36:52.7062477Z       
2026-10-05T16:36:52.7063426Z       When testing, code that causes React state updates should be wrapped into act(...):
2026-10-05T16:36:52.7064230Z       
2026-10-05T16:36:52.7064570Z       act(() => {
2026-10-05T16:36:52.7065105Z         /* fire events that update state */
2026-10-05T16:36:52.7065604Z       });
2026-10-05T16:36:52.7066017Z       /* assert on the output */
2026-10-05T16:36:52.7066464Z       
2026-10-05T16:36:52.7067653Z       This ensures that you're testing the behavior the user would see in the browser. Learn more at https://react.dev/link/wrap-tests-with-act
2026-10-05T16:36:52.7068891Z 
2026-10-05T16:36:52.7070100Z     [0m [90m 208 |[39m     [36mif[39m ([33m![39mmountedRef[33m.[39mcurrent [33m||[39m message [33m==[39m [36mnull[39m) [36mreturn[39m[33m;[39m
2026-10-05T16:36:52.7071543Z      [90m 209 |[39m     setError(message[33m.[39mtext)[33m;[39m
2026-10-05T16:36:52.7072648Z     [31m[1m>[22m[39m[90m 210 |[39m     setRetry(message[33m.[39maction)[33m;[39m
2026-10-05T16:36:52.7073575Z      [90m     |[39m     [31m[1m^[22m[39m
2026-10-05T16:36:52.7074289Z      [90m 211 |[39m     setCtaOverride(message[33m.[39mcta)[33m;[39m
2026-10-05T16:36:52.7074755Z      [90m 212 |[39m   }[33m,[39m [])[33m;[39m
2026-10-05T16:36:52.7075074Z      [90m 213 |[39m[0m
2026-10-05T16:36:52.7075225Z 
2026-10-05T16:36:52.7075518Z       at node_modules/react-reconciler/cjs/react-reconciler.development.js:16307:19
2026-10-05T16:36:52.7076323Z       at runWithFiberInDEV (node_modules/react-reconciler/cjs/react-reconciler.development.js:2508:13)
2026-10-05T16:36:52.7077159Z       at warnIfUpdatesNotWrappedWithActDEV (node_modules/react-reconciler/cjs/react-reconciler.development.js:16306:9)
2026-10-05T16:36:52.7078050Z       at scheduleUpdateOnFiber (node_modules/react-reconciler/cjs/react-reconciler.development.js:14070:11)
2026-10-05T16:36:52.7079272Z       at dispatchSetStateInternal (node_modules/react-reconciler/cjs/react-reconciler.development.js:6784:13)
2026-10-05T16:36:52.7080342Z       at dispatchSetState (node_modules/react-reconciler/cjs/react-reconciler.development.js:6741:7)
2026-10-05T16:36:52.7081047Z       at setRetry (src/screens/client/wearables/ConnectProviderSheet.tsx:210:5)
2026-10-05T16:36:52.7081630Z       at showMessage (src/screens/client/wearables/ConnectProviderSheet.tsx:418:11)
2026-10-05T16:36:52.7082248Z       at asyncGeneratorStep (node_modules/@babel/runtime/helpers/asyncToGenerator.js:3:17)
2026-10-05T16:36:52.7082839Z       at _next (node_modules/@babel/runtime/helpers/asyncToGenerator.js:17:9)
2026-10-05T16:36:52.7083321Z 
2026-10-05T16:36:52.7083423Z     console.error
2026-10-05T16:36:52.7083825Z       An update to ConnectProviderSheet inside a test was not wrapped in act(...).
2026-10-05T16:36:52.7084336Z       
2026-10-05T16:36:52.7084738Z       When testing, code that causes React state updates should be wrapped into act(...):
2026-10-05T16:36:52.7085144Z       
2026-10-05T16:36:52.7085335Z       act(() => {
2026-10-05T16:36:52.7085592Z         /* fire events that update state */
2026-10-05T16:36:52.7085869Z       });
2026-10-05T16:36:52.7086105Z       /* assert on the output */
2026-10-05T16:36:52.7086349Z       
2026-10-05T16:36:52.7086957Z       This ensures that you're testing the behavior the user would see in the browser. Learn more at https://react.dev/link/wrap-tests-with-act
2026-10-05T16:36:52.7087476Z 
2026-10-05T16:36:52.7087780Z     [0m [90m 209 |[39m     setError(message[33m.[39mtext)[33m;[39m
2026-10-05T16:36:52.7088612Z      [90m 210 |[39m     setRetry(message[33m.[39maction)[33m;[39m
2026-10-05T16:36:52.7089405Z     [31m[1m>[22m[39m[90m 211 |[39m     setCtaOverride(message[33m.[39mcta)[33m;[39m
2026-10-05T16:36:52.7089904Z      [90m     |[39m     [31m[1m^[22m[39m
2026-10-05T16:36:52.7090275Z      [90m 212 |[39m   }[33m,[39m [])[33m;[39m
2026-10-05T16:36:52.7090584Z      [90m 213 |[39m
2026-10-05T16:36:52.7091027Z      [90m 214 |[39m   [36mconst[39m handleCloudConnect [33m=[39m useCallback([0m
2026-10-05T16:36:52.7091349Z 
2026-10-05T16:36:52.7091635Z       at node_modules/react-reconciler/cjs/react-reconciler.development.js:16307:19
2026-10-05T16:36:52.7092321Z       at runWithFiberInDEV (node_modules/react-reconciler/cjs/react-reconciler.development.js:2508:13)
2026-10-05T16:36:52.7093152Z       at warnIfUpdatesNotWrappedWithActDEV (node_modules/react-reconciler/cjs/react-reconciler.development.js:16306:9)
2026-10-05T16:36:52.7093992Z       at scheduleUpdateOnFiber (node_modules/react-reconciler/cjs/react-reconciler.development.js:14070:11)
2026-10-05T16:36:52.7094799Z       at dispatchSetStateInternal (node_modules/react-reconciler/cjs/react-reconciler.development.js:6784:13)
2026-10-05T16:36:52.7095572Z       at dispatchSetState (node_modules/react-reconciler/cjs/react-reconciler.development.js:6741:7)
2026-10-05T16:36:52.7096230Z       at setCtaOverride (src/screens/client/wearables/ConnectProviderSheet.tsx:211:5)
2026-10-05T16:36:52.7096826Z       at showMessage (src/screens/client/wearables/ConnectProviderSheet.tsx:418:11)
2026-10-05T16:36:52.7097448Z       at asyncGeneratorStep (node_modules/@babel/runtime/helpers/asyncToGenerator.js:3:17)
2026-10-05T16:36:52.7098025Z       at _next (node_modules/@babel/runtime/helpers/asyncToGenerator.js:17:9)
2026-10-05T16:36:52.7098606Z 
2026-10-05T16:36:52.7098774Z     console.error
2026-10-05T16:36:52.7099465Z       An update to ConnectProviderSheet inside a test was not wrapped in act(...).
2026-10-05T16:36:52.7099992Z       
2026-10-05T16:36:52.7100388Z       When testing, code that causes React state updates should be wrapped into act(...):
2026-10-05T16:36:52.7100796Z       
2026-10-05T16:36:52.7100974Z       act(() => {
2026-10-05T16:36:52.7101228Z         /* fire events that update state */
2026-10-05T16:36:52.7101510Z       });
2026-10-05T16:36:52.7101731Z       /* assert on the output */
2026-10-05T16:36:52.7101967Z       
2026-10-05T16:36:52.7102559Z       This ensures that you're testing the behavior the user would see in the browser. Learn more at https://react.dev/link/wrap-tests-with-act
2026-10-05T16:36:52.7103073Z 
2026-10-05T16:36:52.7103506Z     [0m [90m 529 |[39m       [90m// B-317-11: only this attempt's own sheet is un-busied; a close or[39m
2026-10-05T16:36:52.7104174Z      [90m 530 |[39m       [90m// provider change already reset it for the next one.[39m
2026-10-05T16:36:52.7105390Z     [31m[1m>[22m[39m[90m 531 |[39m       [36mif[39m (mountedRef[33m.[39mcurrent [33m&&[39m epochRef[33m.[39mcurrent [33m===[39m epoch) setRequestingOnDevice([36mfalse[39m)[33m;[39m
2026-10-05T16:36:52.7106299Z      [90m     |[39m                                                             [31m[1m^[22m[39m
2026-10-05T16:36:52.7106835Z      [90m 532 |[39m     }
2026-10-05T16:36:52.7107150Z      [90m 533 |[39m   }[33m,[39m [
2026-10-05T16:36:52.7107503Z      [90m 534 |[39m     provider[33m,[39m[0m
2026-10-05T16:36:52.7107709Z 
2026-10-05T16:36:52.7107993Z       at node_modules/react-reconciler/cjs/react-reconciler.development.js:16307:19
2026-10-05T16:36:52.7108833Z       at runWithFiberInDEV (node_modules/react-reconciler/cjs/react-reconciler.development.js:2508:13)
2026-10-05T16:36:52.7109667Z       at warnIfUpdatesNotWrappedWithActDEV (node_modules/react-reconciler/cjs/react-reconciler.development.js:16306:9)
2026-10-05T16:36:52.7110515Z       at scheduleUpdateOnFiber (node_modules/react-reconciler/cjs/react-reconciler.development.js:14070:11)
2026-10-05T16:36:52.7111313Z       at dispatchSetStateInternal (node_modules/react-reconciler/cjs/react-reconciler.development.js:6784:13)
2026-10-05T16:36:52.7112074Z       at dispatchSetState (node_modules/react-reconciler/cjs/react-reconciler.development.js:6741:7)
2026-10-05T16:36:52.7112787Z       at setRequestingOnDevice (src/screens/client/wearables/ConnectProviderSheet.tsx:531:61)
2026-10-05T16:36:52.7113451Z       at asyncGeneratorStep (node_modules/@babel/runtime/helpers/asyncToGenerator.js:3:17)
2026-10-05T16:36:52.7114042Z       at _next (node_modules/@babel/runtime/helpers/asyncToGenerator.js:17:9)
2026-10-05T16:36:52.7114333Z 
2026-10-05T16:36:52.7114429Z     console.error
2026-10-05T16:36:52.7114817Z       An update to ConnectProviderSheet inside a test was not wrapped in act(...).
2026-10-05T16:36:52.7115217Z       
2026-10-05T16:36:52.7115604Z       When testing, code that causes React state updates should be wrapped into act(...):
2026-10-05T16:36:52.7116011Z       
2026-10-05T16:36:52.7116191Z       act(() => {
2026-10-05T16:36:52.7116448Z         /* fire events that update state */
2026-10-05T16:36:52.7116722Z       });
2026-10-05T16:36:52.7116945Z       /* assert on the output */
2026-10-05T16:36:52.7117193Z       
2026-10-05T16:36:52.7117782Z       This ensures that you're testing the behavior the user would see in the browser. Learn more at https://react.dev/link/wrap-tests-with-act
2026-10-05T16:36:52.7118476Z 
2026-10-05T16:36:52.7119235Z     [0m [90m 207 |[39m   [36mconst[39m showMessage [33m=[39m useCallback((message[33m:[39m [33mOnDeviceMessage[39m [33m|[39m [36mnull[39m) [33m=>[39m {
2026-10-05T16:36:52.7121258Z      [90m 208 |[39m     [36mif[39m ([33m![39mmountedRef[33m.[39mcurrent [33m||[39m message [33m==[39m [36mnull[39m) [36mreturn[39m[33m;[39m
2026-10-05T16:36:52.7123098Z     [31m[1m>[22m[39m[90m 209 |[39m     setError(message[33m.[39mtext)[33m;[39m
2026-10-05T16:36:52.7124255Z      [90m     |[39m     [31m[1m^[22m[39m
2026-10-05T16:36:52.7125077Z      [90m 210 |[39m     setRetry(message[33m.[39maction)[33m;[39m
2026-10-05T16:36:52.7126011Z      [90m 211 |[39m     setCtaOverride(message[33m.[39mcta)[33m;[39m
2026-10-05T16:36:52.7126872Z      [90m 212 |[39m   }[33m,[39m [])[33m;[39m[0m
2026-10-05T16:36:52.7127246Z 
2026-10-05T16:36:52.7127767Z       at node_modules/react-reconciler/cjs/react-reconciler.development.js:16307:19
2026-10-05T16:36:52.7129316Z       at runWithFiberInDEV (node_modules/react-reconciler/cjs/react-reconciler.development.js:2508:13)
2026-10-05T16:36:52.7130901Z       at warnIfUpdatesNotWrappedWithActDEV (node_modules/react-reconciler/cjs/react-reconciler.development.js:16306:9)
2026-10-05T16:36:52.7132447Z       at scheduleUpdateOnFiber (node_modules/react-reconciler/cjs/react-reconciler.development.js:14070:11)
2026-10-05T16:36:52.7133937Z       at dispatchSetStateInternal (node_modules/react-reconciler/cjs/react-reconciler.development.js:6784:13)
2026-10-05T16:36:52.7135338Z       at dispatchSetState (node_modules/react-reconciler/cjs/react-reconciler.development.js:6741:7)
2026-10-05T16:36:52.7136735Z       at setError (src/screens/client/wearables/ConnectProviderSheet.tsx:209:5)
2026-10-05T16:36:52.7137830Z       at showMessage (src/screens/client/wearables/ConnectProviderSheet.tsx:418:11)
2026-10-05T16:36:52.7139491Z       at asyncGeneratorStep (node_modules/@babel/runtime/helpers/asyncToGenerator.js:3:17)
2026-10-05T16:36:52.7140553Z       at _next (node_modules/@babel/runtime/helpers/asyncToGenerator.js:17:9)
2026-10-05T16:36:52.7141093Z 
2026-10-05T16:36:52.7141259Z     console.error
2026-10-05T16:36:52.7141963Z       An update to ConnectProviderSheet inside a test was not wrapped in act(...).
2026-10-05T16:36:52.7142659Z       
2026-10-05T16:36:52.7143382Z       When testing, code that causes React state updates should be wrapped into act(...):
2026-10-05T16:36:52.7144102Z       
2026-10-05T16:36:52.7144418Z       act(() => {
2026-10-05T16:36:52.7144860Z         /* fire events that update state */
2026-10-05T16:36:52.7145343Z       });
2026-10-05T16:36:52.7145727Z       /* assert on the output */
2026-10-05T16:36:52.7146134Z       
2026-10-05T16:36:52.7147223Z       This ensures that you're testing the behavior the user would see in the browser. Learn more at https://react.dev/link/wrap-tests-with-act
2026-10-05T16:36:52.7148489Z 
2026-10-05T16:36:52.7149639Z     [0m [90m 208 |[39m     [36mif[39m ([33m![39mmountedRef[33m.[39mcurrent [33m||[39m message [33m==[39m [36mnull[39m) [36mreturn[39m[33m;[39m
2026-10-05T16:36:52.7150971Z      [90m 209 |[39m     setError(message[33m.[39mtext)[33m;[39m
2026-10-05T16:36:52.7152009Z     [31m[1m>[22m[39m[90m 210 |[39m     setRetry(message[33m.[39maction)[33m;[39m
2026-10-05T16:36:52.7152967Z      [90m     |[39m     [31m[1m^[22m[39m
2026-10-05T16:36:52.7153825Z      [90m 211 |[39m     setCtaOverride(message[33m.[39mcta)[33m;[39m
2026-10-05T16:36:52.7154644Z      [90m 212 |[39m   }[33m,[39m [])[33m;[39m
2026-10-05T16:36:52.7155234Z      [90m 213 |[39m[0m
2026-10-05T16:36:52.7155507Z 
2026-10-05T16:36:52.7156046Z       at node_modules/react-reconciler/cjs/react-reconciler.development.js:16307:19
2026-10-05T16:36:52.7157320Z       at runWithFiberInDEV (node_modules/react-reconciler/cjs/react-reconciler.development.js:2508:13)
2026-10-05T16:36:52.7159091Z       at warnIfUpdatesNotWrappedWithActDEV (node_modules/react-reconciler/cjs/react-reconciler.development.js:16306:9)
2026-10-05T16:36:52.7160634Z       at scheduleUpdateOnFiber (node_modules/react-reconciler/cjs/react-reconciler.development.js:14070:11)
2026-10-05T16:36:52.7162192Z       at dispatchSetStateInternal (node_modules/react-reconciler/cjs/react-reconciler.development.js:6784:13)
2026-10-05T16:36:52.7163682Z       at dispatchSetState (node_modules/react-reconciler/cjs/react-reconciler.development.js:6741:7)
2026-10-05T16:36:52.7164911Z       at setRetry (src/screens/client/wearables/ConnectProviderSheet.tsx:210:5)
2026-10-05T16:36:52.7166056Z       at showMessage (src/screens/client/wearables/ConnectProviderSheet.tsx:418:11)
2026-10-05T16:36:52.7167261Z       at asyncGeneratorStep (node_modules/@babel/runtime/helpers/asyncToGenerator.js:3:17)
2026-10-05T16:36:52.7168580Z       at _next (node_modules/@babel/runtime/helpers/asyncToGenerator.js:17:9)
2026-10-05T16:36:52.7169115Z 
2026-10-05T16:36:52.7169270Z     console.error
2026-10-05T16:36:52.7169989Z       An update to ConnectProviderSheet inside a test was not wrapped in act(...).
2026-10-05T16:36:52.7170635Z       
2026-10-05T16:36:52.7171306Z       When testing, code that causes React state updates should be wrapped into act(...):
2026-10-05T16:36:52.7172057Z       
2026-10-05T16:36:52.7172370Z       act(() => {
2026-10-05T16:36:52.7172851Z         /* fire events that update state */
2026-10-05T16:36:52.7173353Z       });
2026-10-05T16:36:52.7173773Z       /* assert on the output */
2026-10-05T16:36:52.7174223Z       
2026-10-05T16:36:52.7175358Z       This ensures that you're testing the behavior the user would see in the browser. Learn more at https://react.dev/link/wrap-tests-with-act
2026-10-05T16:36:52.7176328Z 
2026-10-05T16:36:52.7177145Z     [0m [90m 209 |[39m     setError(message[33m.[39mtext)[33m;[39m
2026-10-05T16:36:52.7178611Z      [90m 210 |[39m     setRetry(message[33m.[39maction)[33m;[39m
2026-10-05T16:36:52.7179782Z     [31m[1m>[22m[39m[90m 211 |[39m     setCtaOverride(message[33m.[39mcta)[33m;[39m
2026-10-05T16:36:52.7180752Z      [90m     |[39m     [31m[1m^[22m[39m
2026-10-05T16:36:52.7181512Z      [90m 212 |[39m   }[33m,[39m [])[33m;[39m
2026-10-05T16:36:52.7182149Z      [90m 213 |[39m
2026-10-05T16:36:52.7183025Z      [90m 214 |[39m   [36mconst[39m handleCloudConnect [33m=[39m useCallback([0m
2026-10-05T16:36:52.7183619Z 
2026-10-05T16:36:52.7184165Z       at node_modules/react-reconciler/cjs/react-reconciler.development.js:16307:19
2026-10-05T16:36:52.7185494Z       at runWithFiberInDEV (node_modules/react-reconciler/cjs/react-reconciler.development.js:2508:13)
2026-10-05T16:36:52.7187121Z       at warnIfUpdatesNotWrappedWithActDEV (node_modules/react-reconciler/cjs/react-reconciler.development.js:16306:9)
2026-10-05T16:36:52.7189004Z       at scheduleUpdateOnFiber (node_modules/react-reconciler/cjs/react-reconciler.development.js:14070:11)
2026-10-05T16:36:52.7190590Z       at dispatchSetStateInternal (node_modules/react-reconciler/cjs/react-reconciler.development.js:6784:13)
2026-10-05T16:36:52.7192066Z       at dispatchSetState (node_modules/react-reconciler/cjs/react-reconciler.development.js:6741:7)
2026-10-05T16:36:52.7193359Z       at setCtaOverride (src/screens/client/wearables/ConnectProviderSheet.tsx:211:5)
2026-10-05T16:36:52.7194546Z       at showMessage (src/screens/client/wearables/ConnectProviderSheet.tsx:418:11)
2026-10-05T16:36:52.7195731Z       at asyncGeneratorStep (node_modules/@babel/runtime/helpers/asyncToGenerator.js:3:17)
2026-10-05T16:36:52.7196876Z       at _next (node_modules/@babel/runtime/helpers/asyncToGenerator.js:17:9)
2026-10-05T16:36:52.7197454Z 
2026-10-05T16:36:52.7197638Z     console.error
2026-10-05T16:36:52.7198649Z       An update to ConnectProviderSheet inside a test was not wrapped in act(...).
2026-10-05T16:36:52.7199421Z       
2026-10-05T16:36:52.7200180Z       When testing, code that causes React state updates should be wrapped into act(...):
2026-10-05T16:36:52.7200965Z       
2026-10-05T16:36:52.7201319Z       act(() => {
2026-10-05T16:36:52.7201818Z         /* fire events that update state */
2026-10-05T16:36:52.7202334Z       });
2026-10-05T16:36:52.7202765Z       /* assert on the output */
2026-10-05T16:36:52.7203236Z       
2026-10-05T16:36:52.7204378Z       This ensures that you're testing the behavior the user would see in the browser. Learn more at https://react.dev/link/wrap-tests-with-act
2026-10-05T16:36:52.7205351Z 
2026-10-05T16:36:52.7206180Z     [0m [90m 529 |[39m       [90m// B-317-11: only this attempt's own sheet is un-busied; a close or[39m
2026-10-05T16:36:52.7207508Z      [90m 530 |[39m       [90m// provider change already reset it for the next one.[39m
2026-10-05T16:36:52.7209828Z     [31m[1m>[22m[39m[90m 531 |[39m       [36mif[39m (mountedRef[33m.[39mcurrent [33m&&[39m epochRef[33m.[39mcurrent [33m===[39m epoch) setRequestingOnDevice([36mfalse[39m)[33m;[39m
2026-10-05T16:36:52.7211594Z      [90m     |[39m                                                             [31m[1m^[22m[39m
2026-10-05T16:36:52.7212381Z      [90m 532 |[39m     }
2026-10-05T16:36:52.7212975Z      [90m 533 |[39m   }[33m,[39m [
2026-10-05T16:36:52.7213693Z      [90m 534 |[39m     provider[33m,[39m[0m
2026-10-05T16:36:52.7214077Z 
2026-10-05T16:36:52.7214630Z       at node_modules/react-reconciler/cjs/react-reconciler.development.js:16307:19
2026-10-05T16:36:52.7215946Z       at runWithFiberInDEV (node_modules/react-reconciler/cjs/react-reconciler.development.js:2508:13)
2026-10-05T16:36:52.7217560Z       at warnIfUpdatesNotWrappedWithActDEV (node_modules/react-reconciler/cjs/react-reconciler.development.js:16306:9)
2026-10-05T16:36:52.7219690Z       at scheduleUpdateOnFiber (node_modules/react-reconciler/cjs/react-reconciler.development.js:14070:11)
2026-10-05T16:36:52.7221307Z       at dispatchSetStateInternal (node_modules/react-reconciler/cjs/react-reconciler.development.js:6784:13)
2026-10-05T16:36:52.7223036Z       at dispatchSetState (node_modules/react-reconciler/cjs/react-reconciler.development.js:6741:7)
2026-10-05T16:36:52.7224415Z       at setRequestingOnDevice (src/screens/client/wearables/ConnectProviderSheet.tsx:531:61)
2026-10-05T16:36:52.7225707Z       at asyncGeneratorStep (node_modules/@babel/runtime/helpers/asyncToGenerator.js:3:17)
2026-10-05T16:36:52.7226847Z       at _next (node_modules/@babel/runtime/helpers/asyncToGenerator.js:17:9)
2026-10-05T16:36:52.7227416Z 
2026-10-05T16:36:52.7227596Z     console.error
2026-10-05T16:36:52.7228666Z       An update to ConnectProviderSheet inside a test was not wrapped in act(...).
2026-10-05T16:36:52.7229425Z       
2026-10-05T16:36:52.7230190Z       When testing, code that causes React state updates should be wrapped into act(...):
2026-10-05T16:36:52.7230989Z       
2026-10-05T16:36:52.7231351Z       act(() => {
2026-10-05T16:36:52.7231859Z         /* fire events that update state */
2026-10-05T16:36:52.7232381Z       });
2026-10-05T16:36:52.7232808Z       /* assert on the output */
2026-10-05T16:36:52.7233271Z       
2026-10-05T16:36:52.7234403Z       This ensures that you're testing the behavior the user would see in the browser. Learn more at https://react.dev/link/wrap-tests-with-act
2026-10-05T16:36:52.7235367Z 
2026-10-05T16:36:52.7236656Z     [0m [90m 207 |[39m   [36mconst[39m showMessage [33m=[39m useCallback((message[33m:[39m [33mOnDeviceMessage[39m [33m|[39m [36mnull[39m) [33m=>[39m {
2026-10-05T16:36:52.7239043Z      [90m 208 |[39m     [36mif[39m ([33m![39mmountedRef[33m.[39mcurrent [33m||[39m message [33m==[39m [36mnull[39m) [36mreturn[39m[33m;[39m
2026-10-05T16:36:52.7240599Z     [31m[1m>[22m[39m[90m 209 |[39m     setError(message[33m.[39mtext)[33m;[39m
2026-10-05T16:36:52.7241532Z      [90m     |[39m     [31m[1m^[22m[39m
2026-10-05T16:36:52.7242390Z      [90m 210 |[39m     setRetry(message[33m.[39maction)[33m;[39m
2026-10-05T16:36:52.7243419Z      [90m 211 |[39m     setCtaOverride(message[33m.[39mcta)[33m;[39m
2026-10-05T16:36:52.7244321Z      [90m 212 |[39m   }[33m,[39m [])[33m;[39m[0m
2026-10-05T16:36:52.7244716Z 
2026-10-05T16:36:52.7245261Z       at node_modules/react-reconciler/cjs/react-reconciler.development.js:16307:19
2026-10-05T16:36:52.7246571Z       at runWithFiberInDEV (node_modules/react-reconciler/cjs/react-reconciler.development.js:2508:13)
2026-10-05T16:36:52.7248441Z       at warnIfUpdatesNotWrappedWithActDEV (node_modules/react-reconciler/cjs/react-reconciler.development.js:16306:9)
2026-10-05T16:36:52.7250088Z       at scheduleUpdateOnFiber (node_modules/react-reconciler/cjs/react-reconciler.development.js:14070:11)
2026-10-05T16:36:52.7251649Z       at dispatchSetStateInternal (node_modules/react-reconciler/cjs/react-reconciler.development.js:6784:13)
2026-10-05T16:36:52.7253198Z       at dispatchSetState (node_modules/react-reconciler/cjs/react-reconciler.development.js:6741:7)
2026-10-05T16:36:52.7254848Z       at setError (src/screens/client/wearables/ConnectProviderSheet.tsx:209:5)
2026-10-05T16:36:52.7272497Z       at showMessage (src/screens/client/wearables/ConnectProviderSheet.tsx:418:11)
2026-10-05T16:36:52.7273785Z       at asyncGeneratorStep (node_modules/@babel/runtime/helpers/asyncToGenerator.js:3:17)
2026-10-05T16:36:52.7274957Z       at _next (node_modules/@babel/runtime/helpers/asyncToGenerator.js:17:9)
2026-10-05T16:36:52.7275528Z 
2026-10-05T16:36:52.7275709Z     console.error
2026-10-05T16:36:52.7276482Z       An update to ConnectProviderSheet inside a test was not wrapped in act(...).
2026-10-05T16:36:52.7277243Z       
2026-10-05T16:36:52.7277984Z       When testing, code that causes React state updates should be wrapped into act(...):
2026-10-05T16:36:52.7279029Z       
2026-10-05T16:36:52.7279595Z       act(() => {
2026-10-05T16:36:52.7280132Z         /* fire events that update state */
2026-10-05T16:36:52.7280651Z       });
2026-10-05T16:36:52.7281337Z       /* assert on the output */
2026-10-05T16:36:52.7281803Z       
2026-10-05T16:36:52.7282951Z       This ensures that you're testing the behavior the user would see in the browser. Learn more at https://react.dev/link/wrap-tests-with-act
2026-10-05T16:36:52.7283926Z 
2026-10-05T16:36:52.7285138Z     [0m [90m 208 |[39m     [36mif[39m ([33m![39mmountedRef[33m.[39mcurrent [33m||[39m message [33m==[39m [36mnull[39m) [36mreturn[39m[33m;[39m
2026-10-05T16:36:52.7286556Z      [90m 209 |[39m     setError(message[33m.[39mtext)[33m;[39m
2026-10-05T16:36:52.7287635Z     [31m[1m>[22m[39m[90m 210 |[39m     setRetry(message[33m.[39maction)[33m;[39m
2026-10-05T16:36:52.7288786Z      [90m     |[39m     [31m[1m^[22m[39m
2026-10-05T16:36:52.7289618Z      [90m 211 |[39m     setCtaOverride(message[33m.[39mcta)[33m;[39m
2026-10-05T16:36:52.7290432Z      [90m 212 |[39m   }[33m,[39m [])[33m;[39m
2026-10-05T16:36:52.7291006Z      [90m 213 |[39m[0m
2026-10-05T16:36:52.7291274Z 
2026-10-05T16:36:52.7291792Z       at node_modules/react-reconciler/cjs/react-reconciler.development.js:16307:19
2026-10-05T16:36:52.7293087Z       at runWithFiberInDEV (node_modules/react-reconciler/cjs/react-reconciler.development.js:2508:13)
2026-10-05T16:36:52.7294649Z       at warnIfUpdatesNotWrappedWithActDEV (node_modules/react-reconciler/cjs/react-reconciler.development.js:16306:9)
2026-10-05T16:36:52.7296251Z       at scheduleUpdateOnFiber (node_modules/react-reconciler/cjs/react-reconciler.development.js:14070:11)
2026-10-05T16:36:52.7297773Z       at dispatchSetStateInternal (node_modules/react-reconciler/cjs/react-reconciler.development.js:6784:13)
2026-10-05T16:36:52.7299432Z       at dispatchSetState (node_modules/react-reconciler/cjs/react-reconciler.development.js:6741:7)
2026-10-05T16:36:52.7300693Z       at setRetry (src/screens/client/wearables/ConnectProviderSheet.tsx:210:5)
2026-10-05T16:36:52.7301794Z       at showMessage (src/screens/client/wearables/ConnectProviderSheet.tsx:418:11)
2026-10-05T16:36:52.7302938Z       at asyncGeneratorStep (node_modules/@babel/runtime/helpers/asyncToGenerator.js:3:17)
2026-10-05T16:36:52.7304067Z       at _next (node_modules/@babel/runtime/helpers/asyncToGenerator.js:17:9)
2026-10-05T16:36:52.7304628Z 
2026-10-05T16:36:52.7304822Z     console.error
2026-10-05T16:36:52.7305584Z       An update to ConnectProviderSheet inside a test was not wrapped in act(...).
2026-10-05T16:36:52.7306351Z       
2026-10-05T16:36:52.7307102Z       When testing, code that causes React state updates should be wrapped into act(...):
2026-10-05T16:36:52.7307879Z       
2026-10-05T16:36:52.7308492Z       act(() => {
2026-10-05T16:36:52.7309007Z         /* fire events that update state */
2026-10-05T16:36:52.7309533Z       });
2026-10-05T16:36:52.7309964Z       /* assert on the output */
2026-10-05T16:36:52.7310449Z       
2026-10-05T16:36:52.7311585Z       This ensures that you're testing the behavior the user would see in the browser. Learn more at https://react.dev/link/wrap-tests-with-act
2026-10-05T16:36:52.7312564Z 
2026-10-05T16:36:52.7313152Z     [0m [90m 209 |[39m     setError(message[33m.[39mtext)[33m;[39m
2026-10-05T16:36:52.7314187Z      [90m 210 |[39m     setRetry(message[33m.[39maction)[33m;[39m
2026-10-05T16:36:52.7315330Z     [31m[1m>[22m[39m[90m 211 |[39m     setCtaOverride(message[33m.[39mcta)[33m;[39m
2026-10-05T16:36:52.7316284Z      [90m     |[39m     [31m[1m^[22m[39m
2026-10-05T16:36:52.7317043Z      [90m 212 |[39m   }[33m,[39m [])[33m;[39m
2026-10-05T16:36:52.7317655Z      [90m 213 |[39m
2026-10-05T16:36:52.7318855Z      [90m 214 |[39m   [36mconst[39m handleCloudConnect [33m=[39m useCallback([0m
2026-10-05T16:36:52.7319447Z 
2026-10-05T16:36:52.7319999Z       at node_modules/react-reconciler/cjs/react-reconciler.development.js:16307:19
2026-10-05T16:36:52.7321530Z       at runWithFiberInDEV (node_modules/react-reconciler/cjs/react-reconciler.development.js:2508:13)
2026-10-05T16:36:52.7323316Z       at warnIfUpdatesNotWrappedWithActDEV (node_modules/react-reconciler/cjs/react-reconciler.development.js:16306:9)
2026-10-05T16:36:52.7324961Z       at scheduleUpdateOnFiber (node_modules/react-reconciler/cjs/react-reconciler.development.js:14070:11)
2026-10-05T16:36:52.7326509Z       at dispatchSetStateInternal (node_modules/react-reconciler/cjs/react-reconciler.development.js:6784:13)
2026-10-05T16:36:52.7327978Z       at dispatchSetState (node_modules/react-reconciler/cjs/react-reconciler.development.js:6741:7)
2026-10-05T16:36:52.7329499Z       at setCtaOverride (src/screens/client/wearables/ConnectProviderSheet.tsx:211:5)
2026-10-05T16:36:52.7330645Z       at showMessage (src/screens/client/wearables/ConnectProviderSheet.tsx:418:11)
2026-10-05T16:36:52.7331836Z       at asyncGeneratorStep (node_modules/@babel/runtime/helpers/asyncToGenerator.js:3:17)
2026-10-05T16:36:52.7332959Z       at _next (node_modules/@babel/runtime/helpers/asyncToGenerator.js:17:9)
2026-10-05T16:36:52.7333516Z 
2026-10-05T16:36:52.7333700Z     console.error
2026-10-05T16:36:52.7334433Z       An update to ConnectProviderSheet inside a test was not wrapped in act(...).
2026-10-05T16:36:52.7335166Z       
2026-10-05T16:36:52.7335893Z       When testing, code that causes React state updates should be wrapped into act(...):
2026-10-05T16:36:52.7336662Z       
2026-10-05T16:36:52.7336997Z       act(() => {
2026-10-05T16:36:52.7337466Z         /* fire events that update state */
2026-10-05T16:36:52.7337958Z       });
2026-10-05T16:36:52.7338581Z       /* assert on the output */
2026-10-05T16:36:52.7339029Z       
2026-10-05T16:36:52.7340167Z       This ensures that you're testing the behavior the user would see in the browser. Learn more at https://react.dev/link/wrap-tests-with-act
2026-10-05T16:36:52.7341110Z 
2026-10-05T16:36:52.7341960Z     [0m [90m 529 |[39m       [90m// B-317-11: only this attempt's own sheet is un-busied; a close or[39m
2026-10-05T16:36:52.7343244Z      [90m 530 |[39m       [90m// provider change already reset it for the next one.[39m
2026-10-05T16:36:52.7345272Z     [31m[1m>[22m[39m[90m 531 |[39m       [36mif[39m (mountedRef[33m.[39mcurrent [33m&&[39m epochRef[33m.[39mcurrent [33m===[39m epoch) setRequestingOnDevice([36mfalse[39m)[33m;[39m
2026-10-05T16:36:52.7346975Z      [90m     |[39m                                                             [31m[1m^[22m[39m
2026-10-05T16:36:52.7347717Z      [90m 532 |[39m     }
2026-10-05T16:36:52.7348567Z      [90m 533 |[39m   }[33m,[39m [
2026-10-05T16:36:52.7349258Z      [90m 534 |[39m     provider[33m,[39m[0m
2026-10-05T16:36:52.7349642Z 
2026-10-05T16:36:52.7350201Z       at node_modules/react-reconciler/cjs/react-reconciler.development.js:16307:19
2026-10-05T16:36:52.7351511Z       at runWithFiberInDEV (node_modules/react-reconciler/cjs/react-reconciler.development.js:2508:13)
2026-10-05T16:36:52.7353295Z       at warnIfUpdatesNotWrappedWithActDEV (node_modules/react-reconciler/cjs/react-reconciler.development.js:16306:9)
2026-10-05T16:36:52.7354926Z       at scheduleUpdateOnFiber (node_modules/react-reconciler/cjs/react-reconciler.development.js:14070:11)
2026-10-05T16:36:52.7356460Z       at dispatchSetStateInternal (node_modules/react-reconciler/cjs/react-reconciler.development.js:6784:13)
2026-10-05T16:36:52.7357914Z       at dispatchSetState (node_modules/react-reconciler/cjs/react-reconciler.development.js:6741:7)
2026-10-05T16:36:52.7359475Z       at setRequestingOnDevice (src/screens/client/wearables/ConnectProviderSheet.tsx:531:61)
2026-10-05T16:36:52.7360643Z       at asyncGeneratorStep (node_modules/@babel/runtime/helpers/asyncToGenerator.js:3:17)
2026-10-05T16:36:52.7361764Z       at _next (node_modules/@babel/runtime/helpers/asyncToGenerator.js:17:9)
2026-10-05T16:36:52.7362314Z 
2026-10-05T16:36:52.7362494Z     console.error
2026-10-05T16:36:52.7363456Z       An update to ConnectProviderSheet inside a test was not wrapped in act(...).
2026-10-05T16:36:52.7364223Z       
2026-10-05T16:36:52.7364981Z       When testing, code that causes React state updates should be wrapped into act(...):
2026-10-05T16:36:52.7365999Z       
2026-10-05T16:36:52.7366364Z       act(() => {
2026-10-05T16:36:52.7366828Z         /* fire events that update state */
2026-10-05T16:36:52.7367345Z       });
2026-10-05T16:36:52.7367784Z       /* assert on the output */
2026-10-05T16:36:52.7368528Z       
2026-10-05T16:36:52.7369681Z       This ensures that you're testing the behavior the user would see in the browser. Learn more at https://react.dev/link/wrap-tests-with-act
2026-10-05T16:36:52.7370656Z 
2026-10-05T16:36:52.7371590Z     [0m [90m 332 |[39m         [36mif[39m (currentAuthGeneration() [33m===[39m generation) invalidate()[33m;[39m
2026-10-05T16:36:52.7372703Z      [90m 333 |[39m       }[33m;[39m
2026-10-05T16:36:52.7373825Z     [31m[1m>[22m[39m[90m 334 |[39m       [36mif[39m (current()) setImporting([36mtrue[39m)[33m;[39m
2026-10-05T16:36:52.7374930Z      [90m     |[39m                      [31m[1m^[22m[39m
2026-10-05T16:36:52.7375721Z      [90m 335 |[39m       [36mtry[39m {
2026-10-05T16:36:52.7376766Z      [90m 336 |[39m         [36mconst[39m outcome [33m=[39m [36mawait[39m run()[33m;[39m
2026-10-05T16:36:52.7378673Z      [90m 337 |[39m         [36mif[39m ([33m![39mcurrent() [33m||[39m currentAuthGeneration() [33m!==[39m generation) {[0m
2026-10-05T16:36:52.7379474Z 
2026-10-05T16:36:52.7380047Z       at node_modules/react-reconciler/cjs/react-reconciler.development.js:16307:19
2026-10-05T16:36:52.7381377Z       at runWithFiberInDEV (node_modules/react-reconciler/cjs/react-reconciler.development.js:2508:13)
2026-10-05T16:36:52.7383012Z       at warnIfUpdatesNotWrappedWithActDEV (node_modules/react-reconciler/cjs/react-reconciler.development.js:16306:9)
2026-10-05T16:36:52.7384689Z       at scheduleUpdateOnFiber (node_modules/react-reconciler/cjs/react-reconciler.development.js:14070:11)
2026-10-05T16:36:52.7386246Z       at dispatchSetStateInternal (node_modules/react-reconciler/cjs/react-reconciler.development.js:6784:13)
2026-10-05T16:36:52.7387755Z       at dispatchSetState (node_modules/react-reconciler/cjs/react-reconciler.development.js:6741:7)
2026-10-05T16:36:52.7389308Z       at setImporting (src/screens/client/wearables/ConnectProviderSheet.tsx:334:22)
2026-10-05T16:36:52.7390530Z       at asyncGeneratorStep (node_modules/@babel/runtime/helpers/asyncToGenerator.js:3:17)
2026-10-05T16:36:52.7391688Z       at _next (node_modules/@babel/runtime/helpers/asyncToGenerator.js:17:9)
2026-10-05T16:36:52.7392672Z       at node_modules/@babel/runtime/helpers/asyncToGenerator.js:22:7
2026-10-05T16:36:52.7393624Z       at node_modules/@babel/runtime/helpers/asyncToGenerator.js:14:12
2026-10-05T16:36:52.7394628Z       at apply (src/screens/client/wearables/ConnectProviderSheet.tsx:363:6)
2026-10-05T16:36:52.7395719Z       at runImport (src/screens/client/wearables/ConnectProviderSheet.tsx:436:17)
2026-10-05T16:36:52.7396899Z       at asyncGeneratorStep (node_modules/@babel/runtime/helpers/asyncToGenerator.js:3:17)
2026-10-05T16:36:52.7398035Z       at _next (node_modules/@babel/runtime/helpers/asyncToGenerator.js:17:9)
2026-10-05T16:36:52.7398898Z 
2026-10-05T16:36:52.7399073Z     console.error
2026-10-05T16:36:52.7399821Z       An update to ConnectProviderSheet inside a test was not wrapped in act(...).
2026-10-05T16:36:52.7400588Z       
2026-10-05T16:36:52.7401331Z       When testing, code that causes React state updates should be wrapped into act(...):
2026-10-05T16:36:52.7402106Z       
2026-10-05T16:36:52.7402441Z       act(() => {
2026-10-05T16:36:52.7402893Z         /* fire events that update state */
2026-10-05T16:36:52.7403387Z       });
2026-10-05T16:36:52.7403850Z       /* assert on the output */
2026-10-05T16:36:52.7404309Z       
2026-10-05T16:36:52.7405697Z       This ensures that you're testing the behavior the user would see in the browser. Learn more at https://react.dev/link/wrap-tests-with-act
2026-10-05T16:36:52.7406711Z 
2026-10-05T16:36:52.7407222Z     [0m [90m 294 |[39m         [36mreturn[39m[33m;[39m
2026-10-05T16:36:52.7408425Z      [90m 295 |[39m       }
2026-10-05T16:36:52.7409340Z     [31m[1m>[22m[39m[90m 296 |[39m       setResumeTarget([36mnull[39m)[33m;[39m
2026-10-05T16:36:52.7410224Z      [90m     |[39m       [31m[1m^[22m[39m
2026-10-05T16:36:52.7411242Z      [90m 297 |[39m       emitTutorialSignal([32m'wearable_connected'[39m)[33m;[39m
2026-10-05T16:36:52.7412712Z      [90m 298 |[39m       [36mif[39m (firstRun [33m&&[39m outcome[33m.[39mpostedCount [33m===[39m [35m0[39m) {
2026-10-05T16:36:52.7414301Z      [90m 299 |[39m         [90m// Connected, nothing to bring in (S-WEAR-3): say so and where to check,[39m[0m
2026-10-05T16:36:52.7415027Z 
2026-10-05T16:36:52.7415594Z       at node_modules/react-reconciler/cjs/react-reconciler.development.js:16307:19
2026-10-05T16:36:52.7416954Z       at runWithFiberInDEV (node_modules/react-reconciler/cjs/react-reconciler.development.js:2508:13)
2026-10-05T16:36:52.7418819Z       at warnIfUpdatesNotWrappedWithActDEV (node_modules/react-reconciler/cjs/react-reconciler.development.js:16306:9)
2026-10-05T16:36:52.7420482Z       at scheduleUpdateOnFiber (node_modules/react-reconciler/cjs/react-reconciler.development.js:14070:11)
2026-10-05T16:36:52.7421964Z       at dispatchSetStateInternal (node_modules/react-reconciler/cjs/react-reconciler.development.js:6784:13)
2026-10-05T16:36:52.7423451Z       at dispatchSetState (node_modules/react-reconciler/cjs/react-reconciler.development.js:6741:7)
2026-10-05T16:36:52.7424763Z       at setResumeTarget (src/screens/client/wearables/ConnectProviderSheet.tsx:296:7)
2026-10-05T16:36:52.7425994Z       at handleImportOutcome (src/screens/client/wearables/ConnectProviderSheet.tsx:343:9)
2026-10-05T16:36:52.7427262Z       at asyncGeneratorStep (node_modules/@babel/runtime/helpers/asyncToGenerator.js:3:17)
2026-10-05T16:36:52.7428659Z       at _next (node_modules/@babel/runtime/helpers/asyncToGenerator.js:17:9)
2026-10-05T16:36:52.7429229Z 
2026-10-05T16:36:52.7429425Z     console.error
2026-10-05T16:36:52.7430180Z       An update to ConnectProviderSheet inside a test was not wrapped in act(...).
2026-10-05T16:36:52.7430935Z       
2026-10-05T16:36:52.7431680Z       When testing, code that causes React state updates should be wrapped into act(...):
2026-10-05T16:36:52.7432456Z       
2026-10-05T16:36:52.7432826Z       act(() => {
2026-10-05T16:36:52.7433299Z         /* fire events that update state */
2026-10-05T16:36:52.7433817Z       });
2026-10-05T16:36:52.7434241Z       /* assert on the output */
2026-10-05T16:36:52.7434692Z       
2026-10-05T16:36:52.7435828Z       This ensures that you're testing the behavior the user would see in the browser. Learn more at https://react.dev/link/wrap-tests-with-act
2026-10-05T16:36:52.7436787Z 
2026-10-05T16:36:52.7437551Z     [0m [90m 359 |[39m         showMessage(connectFailureMessage(err[33m,[39m name))[33m;[39m
2026-10-05T16:36:52.7438871Z      [90m 360 |[39m       } [36mfinally[39m {
2026-10-05T16:36:52.7440043Z     [31m[1m>[22m[39m[90m 361 |[39m         [36mif[39m (current()) setImporting([36mfalse[39m)[33m;[39m
2026-10-05T16:36:52.7441165Z      [90m     |[39m                        [31m[1m^[22m[39m
2026-10-05T16:36:52.7441832Z      [90m 362 |[39m       }
2026-10-05T16:36:52.7442426Z      [90m 363 |[39m     }[33m,[39m
2026-10-05T16:36:52.7443812Z      [90m 364 |[39m     [handleImportOutcome[33m,[39m invalidate[33m,[39m isCurrentAttempt[33m,[39m showMessage][33m,[39m[0m
2026-10-05T16:36:52.7444677Z 
2026-10-05T16:36:52.7445224Z       at node_modules/react-reconciler/cjs/react-reconciler.development.js:16307:19
2026-10-05T16:36:52.7446524Z       at runWithFiberInDEV (node_modules/react-reconciler/cjs/react-reconciler.development.js:2508:13)
2026-10-05T16:36:52.7448681Z       at warnIfUpdatesNotWrappedWithActDEV (node_modules/react-reconciler/cjs/react-reconciler.development.js:16306:9)
2026-10-05T16:36:52.7450341Z       at scheduleUpdateOnFiber (node_modules/react-reconciler/cjs/react-reconciler.development.js:14070:11)
2026-10-05T16:36:52.7452144Z       at dispatchSetStateInternal (node_modules/react-reconciler/cjs/react-reconciler.development.js:6784:13)
2026-10-05T16:36:52.7453722Z       at dispatchSetState (node_modules/react-reconciler/cjs/react-reconciler.development.js:6741:7)
2026-10-05T16:36:52.7455016Z       at setImporting (src/screens/client/wearables/ConnectProviderSheet.tsx:361:24)
2026-10-05T16:36:52.7456231Z       at asyncGeneratorStep (node_modules/@babel/runtime/helpers/asyncToGenerator.js:3:17)
2026-10-05T16:36:52.7457344Z       at _next (node_modules/@babel/runtime/helpers/asyncToGenerator.js:17:9)
2026-10-05T16:36:52.7457921Z 
2026-10-05T16:36:52.7458093Z     console.error
2026-10-05T16:36:52.7459116Z       An update to ConnectProviderSheet inside a test was not wrapped in act(...).
2026-10-05T16:36:52.7459881Z       
2026-10-05T16:36:52.7460644Z       When testing, code that causes React state updates should be wrapped into act(...):
2026-10-05T16:36:52.7461451Z       
2026-10-05T16:36:52.7461814Z       act(() => {
2026-10-05T16:36:52.7462306Z         /* fire events that update state */
2026-10-05T16:36:52.7462835Z       });
2026-10-05T16:36:52.7463263Z       /* assert on the output */
2026-10-05T16:36:52.7463717Z       
2026-10-05T16:36:52.7464867Z       This ensures that you're testing the behavior the user would see in the browser. Learn more at https://react.dev/link/wrap-tests-with-act
2026-10-05T16:36:52.7465845Z 
2026-10-05T16:36:52.7466673Z     [0m [90m 529 |[39m       [90m// B-317-11: only this attempt's own sheet is un-busied; a close or[39m
2026-10-05T16:36:52.7468001Z      [90m 530 |[39m       [90m// provider change already reset it for the next one.[39m
2026-10-05T16:36:52.7470351Z     [31m[1m>[22m[39m[90m 531 |[39m       [36mif[39m (mountedRef[33m.[39mcurrent [33m&&[39m epochRef[33m.[39mcurrent [33m===[39m epoch) setRequestingOnDevice([36mfalse[39m)[33m;[39m
2026-10-05T16:36:52.7472110Z      [90m     |[39m                                                             [31m[1m^[22m[39m
2026-10-05T16:36:52.7472902Z      [90m 532 |[39m     }
2026-10-05T16:36:52.7473519Z      [90m 533 |[39m   }[33m,[39m [
2026-10-05T16:36:52.7474229Z      [90m 534 |[39m     provider[33m,[39m[0m
2026-10-05T16:36:52.7474613Z 
2026-10-05T16:36:52.7475173Z       at node_modules/react-reconciler/cjs/react-reconciler.development.js:16307:19
2026-10-05T16:36:52.7476444Z       at runWithFiberInDEV (node_modules/react-reconciler/cjs/react-reconciler.development.js:2508:13)
2026-10-05T16:36:52.7478050Z       at warnIfUpdatesNotWrappedWithActDEV (node_modules/react-reconciler/cjs/react-reconciler.development.js:16306:9)
2026-10-05T16:36:52.7479968Z       at scheduleUpdateOnFiber (node_modules/react-reconciler/cjs/react-reconciler.development.js:14070:11)
2026-10-05T16:36:52.7481533Z       at dispatchSetStateInternal (node_modules/react-reconciler/cjs/react-reconciler.development.js:6784:13)
2026-10-05T16:36:52.7483027Z       at dispatchSetState (node_modules/react-reconciler/cjs/react-reconciler.development.js:6741:7)
2026-10-05T16:36:52.7484419Z       at setRequestingOnDevice (src/screens/client/wearables/ConnectProviderSheet.tsx:531:61)
2026-10-05T16:36:52.7485700Z       at asyncGeneratorStep (node_modules/@babel/runtime/helpers/asyncToGenerator.js:3:17)
2026-10-05T16:36:52.7486843Z       at _next (node_modules/@babel/runtime/helpers/asyncToGenerator.js:17:9)
2026-10-05T16:36:52.7487390Z 
2026-10-05T16:36:52.7487575Z     console.error
2026-10-05T16:36:52.7488577Z       An update to ConnectProviderSheet inside a test was not wrapped in act(...).
2026-10-05T16:36:52.7489338Z       
2026-10-05T16:36:52.7490093Z       When testing, code that causes React state updates should be wrapped into act(...):
2026-10-05T16:36:52.7490882Z       
2026-10-05T16:36:52.7491245Z       act(() => {
2026-10-05T16:36:52.7492034Z         /* fire events that update state */
2026-10-05T16:36:52.7492596Z       });
2026-10-05T16:36:52.7493031Z       /* assert on the output */
2026-10-05T16:36:52.7493735Z       
2026-10-05T16:36:52.7494887Z       This ensures that you're testing the behavior the user would see in the browser. Learn more at https://react.dev/link/wrap-tests-with-act
2026-10-05T16:36:52.7495855Z 
2026-10-05T16:36:52.7496680Z     [0m [90m 529 |[39m       [90m// B-317-11: only this attempt's own sheet is un-busied; a close or[39m
2026-10-05T16:36:52.7497983Z      [90m 530 |[39m       [90m// provider change already reset it for the next one.[39m
2026-10-05T16:36:52.7500318Z     [31m[1m>[22m[39m[90m 531 |[39m       [36mif[39m (mountedRef[33m.[39mcurrent [33m&&[39m epochRef[33m.[39mcurrent [33m===[39m epoch) setRequestingOnDevice([36mfalse[39m)[33m;[39m
2026-10-05T16:36:52.7502099Z      [90m     |[39m                                                             [31m[1m^[22m[39m
2026-10-05T16:36:52.7502898Z      [90m 532 |[39m     }
2026-10-05T16:36:52.7503503Z      [90m 533 |[39m   }[33m,[39m [
2026-10-05T16:36:52.7504232Z      [90m 534 |[39m     provider[33m,[39m[0m
2026-10-05T16:36:52.7504619Z 
2026-10-05T16:36:52.7505160Z       at node_modules/react-reconciler/cjs/react-reconciler.development.js:16307:19
2026-10-05T16:36:52.7506487Z       at runWithFiberInDEV (node_modules/react-reconciler/cjs/react-reconciler.development.js:2508:13)
2026-10-05T16:36:52.7508128Z       at warnIfUpdatesNotWrappedWithActDEV (node_modules/react-reconciler/cjs/react-reconciler.development.js:16306:9)
2026-10-05T16:36:52.7510040Z       at scheduleUpdateOnFiber (node_modules/react-reconciler/cjs/react-reconciler.development.js:14070:11)
2026-10-05T16:36:52.7511602Z       at dispatchSetStateInternal (node_modules/react-reconciler/cjs/react-reconciler.development.js:6784:13)
2026-10-05T16:36:52.7513111Z       at dispatchSetState (node_modules/react-reconciler/cjs/react-reconciler.development.js:6741:7)
2026-10-05T16:36:52.7514493Z       at setRequestingOnDevice (src/screens/client/wearables/ConnectProviderSheet.tsx:531:61)
2026-10-05T16:36:52.7515797Z       at asyncGeneratorStep (node_modules/@babel/runtime/helpers/asyncToGenerator.js:3:17)
2026-10-05T16:36:52.7516828Z       at _next (node_modules/@babel/runtime/helpers/asyncToGenerator.js:17:9)
2026-10-05T16:36:52.7517338Z 
2026-10-05T16:36:52.7517486Z     console.error
2026-10-05T16:36:52.7518078Z       An update to ConnectProviderSheet inside a test was not wrapped in act(...).
2026-10-05T16:36:52.7518993Z       
2026-10-05T16:36:52.7519687Z       When testing, code that causes React state updates should be wrapped into act(...):
2026-10-05T16:36:52.7520397Z       
2026-10-05T16:36:52.7520729Z       act(() => {
2026-10-05T16:36:52.7521177Z         /* fire events that update state */
2026-10-05T16:36:52.7521678Z       });
2026-10-05T16:36:52.7522095Z       /* assert on the output */
2026-10-05T16:36:52.7522531Z       
2026-10-05T16:36:52.7523650Z       This ensures that you're testing the behavior the user would see in the browser. Learn more at https://react.dev/link/wrap-tests-with-act
2026-10-05T16:36:52.7524613Z 
2026-10-05T16:36:52.7525432Z     [0m [90m 529 |[39m       [90m// B-317-11: only this attempt's own sheet is un-busied; a close or[39m
2026-10-05T16:36:52.7526659Z      [90m 530 |[39m       [90m// provider change already reset it for the next one.[39m
2026-10-05T16:36:52.7528852Z     [31m[1m>[22m[39m[90m 531 |[39m       [36mif[39m (mountedRef[33m.[39mcurrent [33m&&[39m epochRef[33m.[39mcurrent [33m===[39m epoch) setRequestingOnDevice([36mfalse[39m)[33m;[39m
2026-10-05T16:36:52.7530518Z      [90m     |[39m                                                             [31m[1m^[22m[39m
2026-10-05T16:36:52.7531210Z      [90m 532 |[39m     }
2026-10-05T16:36:52.7531755Z      [90m 533 |[39m   }[33m,[39m [
2026-10-05T16:36:52.7532394Z      [90m 534 |[39m     provider[33m,[39m[0m
2026-10-05T16:36:52.7532760Z 
2026-10-05T16:36:52.7533529Z       at node_modules/react-reconciler/cjs/react-reconciler.development.js:16307:19
2026-10-05T16:36:52.7534952Z       at runWithFiberInDEV (node_modules/react-reconciler/cjs/react-reconciler.development.js:2508:13)
2026-10-05T16:36:52.7536497Z       at warnIfUpdatesNotWrappedWithActDEV (node_modules/react-reconciler/cjs/react-reconciler.development.js:16306:9)
2026-10-05T16:36:52.7538034Z       at scheduleUpdateOnFiber (node_modules/react-reconciler/cjs/react-reconciler.development.js:14070:11)
2026-10-05T16:36:52.7539752Z       at dispatchSetStateInternal (node_modules/react-reconciler/cjs/react-reconciler.development.js:6784:13)
2026-10-05T16:36:52.7541157Z       at dispatchSetState (node_modules/react-reconciler/cjs/react-reconciler.development.js:6741:7)
2026-10-05T16:36:52.7542441Z       at setRequestingOnDevice (src/screens/client/wearables/ConnectProviderSheet.tsx:531:61)
2026-10-05T16:36:52.7543628Z       at asyncGeneratorStep (node_modules/@babel/runtime/helpers/asyncToGenerator.js:3:17)
2026-10-05T16:36:52.7544679Z       at _next (node_modules/@babel/runtime/helpers/asyncToGenerator.js:17:9)
2026-10-05T16:36:52.7545213Z 
2026-10-05T16:36:52.7545372Z     console.error
2026-10-05T16:36:52.7546093Z       An update to ConnectProviderSheet inside a test was not wrapped in act(...).
2026-10-05T16:36:52.7546792Z       
2026-10-05T16:36:52.7547492Z       When testing, code that causes React state updates should be wrapped into act(...):
2026-10-05T16:36:52.7548453Z       
2026-10-05T16:36:52.7548788Z       act(() => {
2026-10-05T16:36:52.7549235Z         /* fire events that update state */
2026-10-05T16:36:52.7549704Z       });
2026-10-05T16:36:52.7550100Z       /* assert on the output */
2026-10-05T16:36:52.7550534Z       
2026-10-05T16:36:52.7551584Z       This ensures that you're testing the behavior the user would see in the browser. Learn more at https://react.dev/link/wrap-tests-with-act
2026-10-05T16:36:52.7552502Z 
2026-10-05T16:36:52.7553356Z     [0m [90m 529 |[39m       [90m// B-317-11: only this attempt's own sheet is un-busied; a close or[39m
2026-10-05T16:36:52.7554593Z      [90m 530 |[39m       [90m// provider change already reset it for the next one.[39m
2026-10-05T16:36:52.7556537Z     [31m[1m>[22m[39m[90m 531 |[39m       [36mif[39m (mountedRef[33m.[39mcurrent [33m&&[39m epochRef[33m.[39mcurrent [33m===[39m epoch) setRequestingOnDevice([36mfalse[39m)[33m;[39m
2026-10-05T16:36:52.7558476Z      [90m     |[39m                                                             [31m[1m^[22m[39m
2026-10-05T16:36:52.7559204Z      [90m 532 |[39m     }
2026-10-05T16:36:52.7559747Z      [90m 533 |[39m   }[33m,[39m [
2026-10-05T16:36:52.7560382Z      [90m 534 |[39m     provider[33m,[39m[0m
2026-10-05T16:36:52.7560706Z 
2026-10-05T16:36:52.7561240Z       at node_modules/react-reconciler/cjs/react-reconciler.development.js:16307:19
2026-10-05T16:36:52.7562521Z       at runWithFiberInDEV (node_modules/react-reconciler/cjs/react-reconciler.development.js:2508:13)
2026-10-05T16:36:52.7564085Z       at warnIfUpdatesNotWrappedWithActDEV (node_modules/react-reconciler/cjs/react-reconciler.development.js:16306:9)
2026-10-05T16:36:52.7565676Z       at scheduleUpdateOnFiber (node_modules/react-reconciler/cjs/react-reconciler.development.js:14070:11)
2026-10-05T16:36:52.7567178Z       at dispatchSetStateInternal (node_modules/react-reconciler/cjs/react-reconciler.development.js:6784:13)
2026-10-05T16:36:52.7568843Z       at dispatchSetState (node_modules/react-reconciler/cjs/react-reconciler.development.js:6741:7)
2026-10-05T16:36:52.7570168Z       at setRequestingOnDevice (src/screens/client/wearables/ConnectProviderSheet.tsx:531:61)
2026-10-05T16:36:52.7571403Z       at asyncGeneratorStep (node_modules/@babel/runtime/helpers/asyncToGenerator.js:3:17)
2026-10-05T16:36:52.7572470Z       at _next (node_modules/@babel/runtime/helpers/asyncToGenerator.js:17:9)
2026-10-05T16:36:52.7573024Z 
2026-10-05T16:36:52.7573182Z     console.error
2026-10-05T16:36:52.7574103Z       An update to ConnectProviderSheet inside a test was not wrapped in act(...).
2026-10-05T16:36:52.7574836Z       
2026-10-05T16:36:52.7575664Z       When testing, code that causes React state updates should be wrapped into act(...):
2026-10-05T16:36:52.7576413Z       
2026-10-05T16:36:52.7576742Z       act(() => {
2026-10-05T16:36:52.7577197Z         /* fire events that update state */
2026-10-05T16:36:52.7577698Z       });
2026-10-05T16:36:52.7578026Z       /* assert on the output */
2026-10-05T16:36:52.7578631Z       
2026-10-05T16:36:52.7579669Z       This ensures that you're testing the behavior the user would see in the browser. Learn more at https://react.dev/link/wrap-tests-with-act
2026-10-05T16:36:52.7580469Z 
2026-10-05T16:36:52.7581168Z     [0m [90m 529 |[39m       [90m// B-317-11: only this attempt's own sheet is un-busied; a close or[39m
2026-10-05T16:36:52.7582231Z      [90m 530 |[39m       [90m// provider change already reset it for the next one.[39m
2026-10-05T16:36:52.7583946Z     [31m[1m>[22m[39m[90m 531 |[39m       [36mif[39m (mountedRef[33m.[39mcurrent [33m&&[39m epochRef[33m.[39mcurrent [33m===[39m epoch) setRequestingOnDevice([36mfalse[39m)[33m;[39m
2026-10-05T16:36:52.7585451Z      [90m     |[39m                                                             [31m[1m^[22m[39m
2026-10-05T16:36:52.7586062Z      [90m 532 |[39m     }
2026-10-05T16:36:52.7586542Z      [90m 533 |[39m   }[33m,[39m [
2026-10-05T16:36:52.7587108Z      [90m 534 |[39m     provider[33m,[39m[0m
2026-10-05T16:36:52.7587446Z 
2026-10-05T16:36:52.7587918Z       at node_modules/react-reconciler/cjs/react-reconciler.development.js:16307:19
2026-10-05T16:36:52.7589364Z       at runWithFiberInDEV (node_modules/react-reconciler/cjs/react-reconciler.development.js:2508:13)
2026-10-05T16:36:52.7590765Z       at warnIfUpdatesNotWrappedWithActDEV (node_modules/react-reconciler/cjs/react-reconciler.development.js:16306:9)
2026-10-05T16:36:52.7592255Z       at scheduleUpdateOnFiber (node_modules/react-reconciler/cjs/react-reconciler.development.js:14070:11)
2026-10-05T16:36:52.7593586Z       at dispatchSetStateInternal (node_modules/react-reconciler/cjs/react-reconciler.development.js:6784:13)
2026-10-05T16:36:52.7594883Z       at dispatchSetState (node_modules/react-reconciler/cjs/react-reconciler.development.js:6741:7)
2026-10-05T16:36:52.7596074Z       at setRequestingOnDevice (src/screens/client/wearables/ConnectProviderSheet.tsx:531:61)
2026-10-05T16:36:52.7597195Z       at asyncGeneratorStep (node_modules/@babel/runtime/helpers/asyncToGenerator.js:3:17)
2026-10-05T16:36:52.7598383Z       at _next (node_modules/@babel/runtime/helpers/asyncToGenerator.js:17:9)
2026-10-05T16:36:52.7598912Z 
2026-10-05T16:36:52.7599327Z PASS src/hooks/useWearableConnections.disconnect.test.tsx
2026-10-05T16:36:52.7600077Z   ● Console
2026-10-05T16:36:52.7600264Z 
2026-10-05T16:36:52.7600418Z     console.error
2026-10-05T16:36:52.7601104Z       An update to HookContainer inside a test was not wrapped in act(...).
2026-10-05T16:36:52.7601759Z       
2026-10-05T16:36:52.7602430Z       When testing, code that causes React state updates should be wrapped into act(...):
2026-10-05T16:36:52.7603154Z       
2026-10-05T16:36:52.7603476Z       act(() => {
2026-10-05T16:36:52.7603932Z         /* fire events that update state */
2026-10-05T16:36:52.7604406Z       });
2026-10-05T16:36:52.7604792Z       /* assert on the output */
2026-10-05T16:36:52.7605209Z       
2026-10-05T16:36:52.7606266Z       This ensures that you're testing the behavior the user would see in the browser. Learn more at https://react.dev/link/wrap-tests-with-act
2026-10-05T16:36:52.7607161Z 
2026-10-05T16:36:52.7607643Z       at node_modules/react-reconciler/cjs/react-reconciler.development.js:16307:19
2026-10-05T16:36:52.7608970Z       at runWithFiberInDEV (node_modules/react-reconciler/cjs/react-reconciler.development.js:2508:13)
2026-10-05T16:36:52.7610116Z       at warnIfUpdatesNotWrappedWithActDEV (node_modules/react-reconciler/cjs/react-reconciler.development.js:16306:9)
2026-10-05T16:36:52.7611173Z       at scheduleUpdateOnFiber (node_modules/react-reconciler/cjs/react-reconciler.development.js:14070:11)
2026-10-05T16:36:52.7612081Z       at forceStoreRerender (node_modules/react-reconciler/cjs/react-reconciler.development.js:5935:24)
2026-10-05T16:36:52.7612803Z       at node_modules/react-reconciler/cjs/react-reconciler.development.js:5920:11
2026-10-05T16:36:52.7613495Z       at node_modules/@tanstack/query-core/src/notifyManager.ts:73:11
2026-10-05T16:36:52.7614014Z       at notifyFn (node_modules/@tanstack/query-core/src/notifyManager.ts:21:5)
2026-10-05T16:36:52.7614515Z       at node_modules/@tanstack/query-core/src/notifyManager.ts:44:13
2026-10-05T16:36:52.7614906Z           at Array.forEach (<anonymous>)
2026-10-05T16:36:52.7615291Z       at node_modules/@tanstack/query-core/src/notifyManager.ts:43:25
2026-10-05T16:36:52.7615809Z       at batchNotifyFn (node_modules/@tanstack/query-core/src/notifyManager.ts:24:5)
2026-10-05T16:36:52.7616418Z       at Timeout._onTimeout (node_modules/@tanstack/query-core/src/notifyManager.ts:42:9)
2026-10-05T16:36:52.7616755Z 
2026-10-05T16:36:52.7616847Z     console.error
2026-10-05T16:36:52.7617203Z       An update to HookContainer inside a test was not wrapped in act(...).
2026-10-05T16:36:52.7617570Z       
2026-10-05T16:36:52.7617954Z       When testing, code that causes React state updates should be wrapped into act(...):
2026-10-05T16:36:52.7618593Z       
2026-10-05T16:36:52.7618783Z       act(() => {
2026-10-05T16:36:52.7619039Z         /* fire events that update state */
2026-10-05T16:36:52.7619308Z       });
2026-10-05T16:36:52.7619531Z       /* assert on the output */
2026-10-05T16:36:52.7619769Z       
2026-10-05T16:36:52.7620360Z       This ensures that you're testing the behavior the user would see in the browser. Learn more at https://react.dev/link/wrap-tests-with-act
2026-10-05T16:36:52.7620875Z 
2026-10-05T16:36:52.7621157Z       at node_modules/react-reconciler/cjs/react-reconciler.development.js:16307:19
2026-10-05T16:36:52.7621844Z       at runWithFiberInDEV (node_modules/react-reconciler/cjs/react-reconciler.development.js:2508:13)
2026-10-05T16:36:52.7622672Z       at warnIfUpdatesNotWrappedWithActDEV (node_modules/react-reconciler/cjs/react-reconciler.development.js:16306:9)
2026-10-05T16:36:52.7623515Z       at scheduleUpdateOnFiber (node_modules/react-reconciler/cjs/react-reconciler.development.js:14070:11)
2026-10-05T16:36:52.7624279Z       at forceStoreRerender (node_modules/react-reconciler/cjs/react-reconciler.development.js:5935:24)
2026-10-05T16:36:52.7624940Z       at node_modules/react-reconciler/cjs/react-reconciler.development.js:5920:11
2026-10-05T16:36:52.7625481Z       at node_modules/@tanstack/query-core/src/notifyManager.ts:73:11
2026-10-05T16:36:52.7625990Z       at notifyFn (node_modules/@tanstack/query-core/src/notifyManager.ts:21:5)
2026-10-05T16:36:52.7626500Z       at node_modules/@tanstack/query-core/src/notifyManager.ts:44:13
2026-10-05T16:36:52.7626897Z           at Array.forEach (<anonymous>)
2026-10-05T16:36:52.7627293Z       at node_modules/@tanstack/query-core/src/notifyManager.ts:43:25
2026-10-05T16:36:52.7627833Z       at batchNotifyFn (node_modules/@tanstack/query-core/src/notifyManager.ts:24:5)
2026-10-05T16:36:52.7628726Z       at Timeout._onTimeout (node_modules/@tanstack/query-core/src/notifyManager.ts:42:9)
2026-10-05T16:36:52.7629075Z 
2026-10-05T16:36:52.7629165Z     console.error
2026-10-05T16:36:52.7629540Z       An update to HookContainer inside a test was not wrapped in act(...).
2026-10-05T16:36:52.7629909Z       
2026-10-05T16:36:52.7630297Z       When testing, code that causes React state updates should be wrapped into act(...):
2026-10-05T16:36:52.7630705Z       
2026-10-05T16:36:52.7630894Z       act(() => {
2026-10-05T16:36:52.7631146Z         /* fire events that update state */
2026-10-05T16:36:52.7631416Z       });
2026-10-05T16:36:52.7631645Z       /* assert on the output */
2026-10-05T16:36:52.7631884Z       
2026-10-05T16:36:52.7632681Z       This ensures that you're testing the behavior the user would see in the browser. Learn more at https://react.dev/link/wrap-tests-with-act
2026-10-05T16:36:52.7633295Z 
2026-10-05T16:36:52.7633584Z       at node_modules/react-reconciler/cjs/react-reconciler.development.js:16307:19
2026-10-05T16:36:52.7634267Z       at runWithFiberInDEV (node_modules/react-reconciler/cjs/react-reconciler.development.js:2508:13)
2026-10-05T16:36:52.7635102Z       at warnIfUpdatesNotWrappedWithActDEV (node_modules/react-reconciler/cjs/react-reconciler.development.js:16306:9)
2026-10-05T16:36:52.7635971Z       at scheduleUpdateOnFiber (node_modules/react-reconciler/cjs/react-reconciler.development.js:14070:11)
2026-10-05T16:36:52.7636747Z       at forceStoreRerender (node_modules/react-reconciler/cjs/react-reconciler.development.js:5935:24)
2026-10-05T16:36:52.7637418Z       at node_modules/react-reconciler/cjs/react-reconciler.development.js:5920:11
2026-10-05T16:36:52.7637948Z       at node_modules/@tanstack/query-core/src/notifyManager.ts:73:11
2026-10-05T16:36:52.7638670Z       at notifyFn (node_modules/@tanstack/query-core/src/notifyManager.ts:21:5)
2026-10-05T16:36:52.7639186Z       at node_modules/@tanstack/query-core/src/notifyManager.ts:44:13
2026-10-05T16:36:52.7639575Z           at Array.forEach (<anonymous>)
2026-10-05T16:36:52.7639965Z       at node_modules/@tanstack/query-core/src/notifyManager.ts:43:25
2026-10-05T16:36:52.7640491Z       at batchNotifyFn (node_modules/@tanstack/query-core/src/notifyManager.ts:24:5)
2026-10-05T16:36:52.7641091Z       at Timeout._onTimeout (node_modules/@tanstack/query-core/src/notifyManager.ts:42:9)
2026-10-05T16:36:52.7641428Z 
2026-10-05T16:36:52.7641515Z     console.error
2026-10-05T16:36:52.7641875Z       An update to HookContainer inside a test was not wrapped in act(...).
2026-10-05T16:36:52.7642236Z       
2026-10-05T16:36:52.7642613Z       When testing, code that causes React state updates should be wrapped into act(...):
2026-10-05T16:36:52.7643019Z       
2026-10-05T16:36:52.7643198Z       act(() => {
2026-10-05T16:36:52.7643449Z         /* fire events that update state */
2026-10-05T16:36:52.7643715Z       });
2026-10-05T16:36:52.7643951Z       /* assert on the output */
2026-10-05T16:36:52.7644193Z       
2026-10-05T16:36:52.7644775Z       This ensures that you're testing the behavior the user would see in the browser. Learn more at https://react.dev/link/wrap-tests-with-act
2026-10-05T16:36:52.7645286Z 
2026-10-05T16:36:52.7645565Z       at node_modules/react-reconciler/cjs/react-reconciler.development.js:16307:19
2026-10-05T16:36:52.7646246Z       at runWithFiberInDEV (node_modules/react-reconciler/cjs/react-reconciler.development.js:2508:13)
2026-10-05T16:36:52.7647073Z       at warnIfUpdatesNotWrappedWithActDEV (node_modules/react-reconciler/cjs/react-reconciler.development.js:16306:9)
2026-10-05T16:36:52.7647907Z       at scheduleUpdateOnFiber (node_modules/react-reconciler/cjs/react-reconciler.development.js:14070:11)
2026-10-05T16:36:52.7648871Z       at forceStoreRerender (node_modules/react-reconciler/cjs/react-reconciler.development.js:5935:24)
2026-10-05T16:36:52.7649541Z       at node_modules/react-reconciler/cjs/react-reconciler.development.js:5920:11
2026-10-05T16:36:52.7650075Z       at node_modules/@tanstack/query-core/src/notifyManager.ts:73:11
2026-10-05T16:36:52.7650587Z       at notifyFn (node_modules/@tanstack/query-core/src/notifyManager.ts:21:5)
2026-10-05T16:36:52.7651093Z       at node_modules/@tanstack/query-core/src/notifyManager.ts:44:13
2026-10-05T16:36:52.7651489Z           at Array.forEach (<anonymous>)
2026-10-05T16:36:52.7651875Z       at node_modules/@tanstack/query-core/src/notifyManager.ts:43:25
2026-10-05T16:36:52.7652400Z       at batchNotifyFn (node_modules/@tanstack/query-core/src/notifyManager.ts:24:5)
2026-10-05T16:36:52.7653023Z       at Timeout._onTimeout (node_modules/@tanstack/query-core/src/notifyManager.ts:42:9)
2026-10-05T16:36:52.7653357Z 
2026-10-05T16:36:52.7653448Z     console.error
2026-10-05T16:36:52.7653927Z       An update to HookContainer inside a test was not wrapped in act(...).
2026-10-05T16:36:52.7654294Z       
2026-10-05T16:36:52.7654669Z       When testing, code that causes React state updates should be wrapped into act(...):
2026-10-05T16:36:52.7655175Z       
2026-10-05T16:36:52.7655354Z       act(() => {
2026-10-05T16:36:52.7655600Z         /* fire events that update state */
2026-10-05T16:36:52.7655865Z       });
2026-10-05T16:36:52.7656083Z       /* assert on the output */
2026-10-05T16:36:52.7656320Z       
2026-10-05T16:36:52.7656894Z       This ensures that you're testing the behavior the user would see in the browser. Learn more at https://react.dev/link/wrap-tests-with-act
2026-10-05T16:36:52.7657398Z 
2026-10-05T16:36:52.7657676Z       at node_modules/react-reconciler/cjs/react-reconciler.development.js:16307:19
2026-10-05T16:36:52.7658614Z       at runWithFiberInDEV (node_modules/react-reconciler/cjs/react-reconciler.development.js:2508:13)
2026-10-05T16:36:52.7659467Z       at warnIfUpdatesNotWrappedWithActDEV (node_modules/react-reconciler/cjs/react-reconciler.development.js:16306:9)
2026-10-05T16:36:52.7660302Z       at scheduleUpdateOnFiber (node_modules/react-reconciler/cjs/react-reconciler.development.js:14070:11)
2026-10-05T16:36:52.7661071Z       at forceStoreRerender (node_modules/react-reconciler/cjs/react-reconciler.development.js:5935:24)
2026-10-05T16:36:52.7661738Z       at node_modules/react-reconciler/cjs/react-reconciler.development.js:5920:11
2026-10-05T16:36:52.7662263Z       at node_modules/@tanstack/query-core/src/notifyManager.ts:73:11
2026-10-05T16:36:52.7662781Z       at notifyFn (node_modules/@tanstack/query-core/src/notifyManager.ts:21:5)
2026-10-05T16:36:52.7663282Z       at node_modules/@tanstack/query-core/src/notifyManager.ts:44:13
2026-10-05T16:36:52.7663669Z           at Array.forEach (<anonymous>)
2026-10-05T16:36:52.7664059Z       at node_modules/@tanstack/query-core/src/notifyManager.ts:43:25
2026-10-05T16:36:52.7664577Z       at batchNotifyFn (node_modules/@tanstack/query-core/src/notifyManager.ts:24:5)
2026-10-05T16:36:52.7665176Z       at Timeout._onTimeout (node_modules/@tanstack/query-core/src/notifyManager.ts:42:9)
2026-10-05T16:36:52.7665515Z 
2026-10-05T16:36:52.8933688Z PASS src/api/wearablesConnectionsApi.test.ts
2026-10-05T16:36:52.9727363Z PASS src/services/__tests__/authActions.healthQueue.sol119e.test.ts
2026-10-05T16:36:53.0271039Z PASS src/screens/client/wearables/__tests__/ConnectProviderSheet.accountSwitch.test.tsx
2026-10-05T16:36:53.1728770Z   ● Console
2026-10-05T16:36:53.1729079Z 
2026-10-05T16:36:53.1729237Z     console.error
2026-10-05T16:36:53.1729958Z       An update to ConnectProviderSheet inside a test was not wrapped in act(...).
2026-10-05T16:36:53.1730633Z       
2026-10-05T16:36:53.1731337Z       When testing, code that causes React state updates should be wrapped into act(...):
2026-10-05T16:36:53.1732061Z       
2026-10-05T16:36:53.1732397Z       act(() => {
2026-10-05T16:36:53.1732846Z         /* fire events that update state */
2026-10-05T16:36:53.1733318Z       });
2026-10-05T16:36:53.1733778Z       /* assert on the output */
2026-10-05T16:36:53.1734214Z       
2026-10-05T16:36:53.1735322Z       This ensures that you're testing the behavior the user would see in the browser. Learn more at https://react.dev/link/wrap-tests-with-act
2026-10-05T16:36:53.1736191Z 
2026-10-05T16:36:53.1737109Z     [0m [90m 332 |[39m         [36mif[39m (currentAuthGeneration() [33m===[39m generation) invalidate()[33m;[39m
2026-10-05T16:36:53.1738099Z      [90m 333 |[39m       }[33m;[39m
2026-10-05T16:36:53.1739429Z     [31m[1m>[22m[39m[90m 334 |[39m       [36mif[39m (current()) setImporting([36mtrue[39m)[33m;[39m
2026-10-05T16:36:53.1740428Z      [90m     |[39m                      [31m[1m^[22m[39m
2026-10-05T16:36:53.1741092Z      [90m 335 |[39m       [36mtry[39m {
2026-10-05T16:36:53.1742020Z      [90m 336 |[39m         [36mconst[39m outcome [33m=[39m [36mawait[39m run()[33m;[39m
2026-10-05T16:36:53.1743881Z      [90m 337 |[39m         [36mif[39m ([33m![39mcurrent() [33m||[39m currentAuthGeneration() [33m!==[39m generation) {[0m
2026-10-05T16:36:53.1744873Z 
2026-10-05T16:36:53.1745395Z       at node_modules/react-reconciler/cjs/react-reconciler.development.js:16307:19
2026-10-05T16:36:53.1746661Z       at runWithFiberInDEV (node_modules/react-reconciler/cjs/react-reconciler.development.js:2508:13)
2026-10-05T16:36:53.1748471Z       at warnIfUpdatesNotWrappedWithActDEV (node_modules/react-reconciler/cjs/react-reconciler.development.js:16306:9)
2026-10-05T16:36:53.1750023Z       at scheduleUpdateOnFiber (node_modules/react-reconciler/cjs/react-reconciler.development.js:14070:11)
2026-10-05T16:36:53.1751525Z       at dispatchSetStateInternal (node_modules/react-reconciler/cjs/react-reconciler.development.js:6784:13)
2026-10-05T16:36:53.1752904Z       at dispatchSetState (node_modules/react-reconciler/cjs/react-reconciler.development.js:6741:7)
2026-10-05T16:36:53.1754150Z       at setImporting (src/screens/client/wearables/ConnectProviderSheet.tsx:334:22)
2026-10-05T16:36:53.1755297Z       at asyncGeneratorStep (node_modules/@babel/runtime/helpers/asyncToGenerator.js:3:17)
2026-10-05T16:36:53.1756358Z       at _next (node_modules/@babel/runtime/helpers/asyncToGenerator.js:17:9)
2026-10-05T16:36:53.1757275Z       at node_modules/@babel/runtime/helpers/asyncToGenerator.js:22:7
2026-10-05T16:36:53.1758149Z       at node_modules/@babel/runtime/helpers/asyncToGenerator.js:14:12
2026-10-05T16:36:53.1759309Z       at apply (src/screens/client/wearables/ConnectProviderSheet.tsx:363:6)
2026-10-05T16:36:53.1760392Z       at runImport (src/screens/client/wearables/ConnectProviderSheet.tsx:436:17)
2026-10-05T16:36:53.1761441Z       at asyncGeneratorStep (node_modules/@babel/runtime/helpers/asyncToGenerator.js:3:17)
2026-10-05T16:36:53.1762509Z       at _next (node_modules/@babel/runtime/helpers/asyncToGenerator.js:17:9)
2026-10-05T16:36:53.1762973Z 
2026-10-05T16:36:53.1763132Z     console.error
2026-10-05T16:36:53.1763720Z       An update to ConnectProviderSheet inside a test was not wrapped in act(...).
2026-10-05T16:36:53.1764299Z       
2026-10-05T16:36:53.1764964Z       When testing, code that causes React state updates should be wrapped into act(...):
2026-10-05T16:36:53.1765666Z       
2026-10-05T16:36:53.1765968Z       act(() => {
2026-10-05T16:36:53.1766399Z         /* fire events that update state */
2026-10-05T16:36:53.1766869Z       });
2026-10-05T16:36:53.1767284Z       /* assert on the output */
2026-10-05T16:36:53.1767718Z       
2026-10-05T16:36:53.1769237Z       This ensures that you're testing the behavior the user would see in the browser. Learn more at https://react.dev/link/wrap-tests-with-act
2026-10-05T16:36:53.1770139Z 
2026-10-05T16:36:53.1771441Z     [0m [90m 207 |[39m   [36mconst[39m showMessage [33m=[39m useCallback((message[33m:[39m [33mOnDeviceMessage[39m [33m|[39m [36mnull[39m) [33m=>[39m {
2026-10-05T16:36:53.1773532Z      [90m 208 |[39m     [36mif[39m ([33m![39mmountedRef[33m.[39mcurrent [33m||[39m message [33m==[39m [36mnull[39m) [36mreturn[39m[33m;[39m
2026-10-05T16:36:53.1774999Z     [31m[1m>[22m[39m[90m 209 |[39m     setError(message[33m.[39mtext)[33m;[39m
2026-10-05T16:36:53.1775860Z      [90m     |[39m     [31m[1m^[22m[39m
2026-10-05T16:36:53.1776713Z      [90m 210 |[39m     setRetry(message[33m.[39maction)[33m;[39m
2026-10-05T16:36:53.1777632Z      [90m 211 |[39m     setCtaOverride(message[33m.[39mcta)[33m;[39m
2026-10-05T16:36:53.1778733Z      [90m 212 |[39m   }[33m,[39m [])[33m;[39m[0m
2026-10-05T16:36:53.1779110Z 
2026-10-05T16:36:53.1779640Z       at node_modules/react-reconciler/cjs/react-reconciler.development.js:16307:19
2026-10-05T16:36:53.1780958Z       at runWithFiberInDEV (node_modules/react-reconciler/cjs/react-reconciler.development.js:2508:13)
2026-10-05T16:36:53.1782505Z       at warnIfUpdatesNotWrappedWithActDEV (node_modules/react-reconciler/cjs/react-reconciler.development.js:16306:9)
2026-10-05T16:36:53.1784430Z       at scheduleUpdateOnFiber (node_modules/react-reconciler/cjs/react-reconciler.development.js:14070:11)
2026-10-05T16:36:53.1786004Z       at dispatchSetStateInternal (node_modules/react-reconciler/cjs/react-reconciler.development.js:6784:13)
2026-10-05T16:36:53.1787654Z       at dispatchSetState (node_modules/react-reconciler/cjs/react-reconciler.development.js:6741:7)
2026-10-05T16:36:53.1789097Z       at setError (src/screens/client/wearables/ConnectProviderSheet.tsx:209:5)
2026-10-05T16:36:53.1790176Z       at showMessage (src/screens/client/wearables/ConnectProviderSheet.tsx:359:9)
2026-10-05T16:36:53.1791047Z           at Generator.throw (<anonymous>)
2026-10-05T16:36:53.1791977Z       at asyncGeneratorStep (node_modules/@babel/runtime/helpers/asyncToGenerator.js:3:17)
2026-10-05T16:36:53.1793100Z       at _throw (node_modules/@babel/runtime/helpers/asyncToGenerator.js:20:9)
2026-10-05T16:36:53.1793646Z 
2026-10-05T16:36:53.1793816Z     console.error
2026-10-05T16:36:53.1794552Z       An update to ConnectProviderSheet inside a test was not wrapped in act(...).
2026-10-05T16:36:53.1795298Z       
2026-10-05T16:36:53.1796037Z       When testing, code that causes React state updates should be wrapped into act(...):
2026-10-05T16:36:53.1796828Z       
2026-10-05T16:36:53.1797191Z       act(() => {
2026-10-05T16:36:53.1797696Z         /* fire events that update state */
2026-10-05T16:36:53.1798474Z       });
2026-10-05T16:36:53.1798915Z       /* assert on the output */
2026-10-05T16:36:53.1799356Z       
2026-10-05T16:36:53.1800379Z       This ensures that you're testing the behavior the user would see in the browser. Learn more at https://react.dev/link/wrap-tests-with-act
2026-10-05T16:36:53.1801273Z 
2026-10-05T16:36:53.1802416Z     [0m [90m 208 |[39m     [36mif[39m ([33m![39mmountedRef[33m.[39mcurrent [33m||[39m message [33m==[39m [36mnull[39m) [36mreturn[39m[33m;[39m
2026-10-05T16:36:53.1803696Z      [90m 209 |[39m     setError(message[33m.[39mtext)[33m;[39m
2026-10-05T16:36:53.1804694Z     [31m[1m>[22m[39m[90m 210 |[39m     setRetry(message[33m.[39maction)[33m;[39m
2026-10-05T16:36:53.1805569Z      [90m     |[39m     [31m[1m^[22m[39m
2026-10-05T16:36:53.1806495Z      [90m 211 |[39m     setCtaOverride(message[33m.[39mcta)[33m;[39m
2026-10-05T16:36:53.1807370Z      [90m 212 |[39m   }[33m,[39m [])[33m;[39m
2026-10-05T16:36:53.1808003Z      [90m 213 |[39m[0m
2026-10-05T16:36:53.1808600Z 
2026-10-05T16:36:53.1809149Z       at node_modules/react-reconciler/cjs/react-reconciler.development.js:16307:19
2026-10-05T16:36:53.1810424Z       at runWithFiberInDEV (node_modules/react-reconciler/cjs/react-reconciler.development.js:2508:13)
2026-10-05T16:36:53.1812051Z       at warnIfUpdatesNotWrappedWithActDEV (node_modules/react-reconciler/cjs/react-reconciler.development.js:16306:9)
2026-10-05T16:36:53.1813628Z       at scheduleUpdateOnFiber (node_modules/react-reconciler/cjs/react-reconciler.development.js:14070:11)
2026-10-05T16:36:53.1815052Z       at dispatchSetStateInternal (node_modules/react-reconciler/cjs/react-reconciler.development.js:6784:13)
2026-10-05T16:36:53.1816429Z       at dispatchSetState (node_modules/react-reconciler/cjs/react-reconciler.development.js:6741:7)
2026-10-05T16:36:53.1817624Z       at setRetry (src/screens/client/wearables/ConnectProviderSheet.tsx:210:5)
2026-10-05T16:36:53.1818998Z       at showMessage (src/screens/client/wearables/ConnectProviderSheet.tsx:359:9)
2026-10-05T16:36:53.1819909Z           at Generator.throw (<anonymous>)
2026-10-05T16:36:53.1820871Z       at asyncGeneratorStep (node_modules/@babel/runtime/helpers/asyncToGenerator.js:3:17)
2026-10-05T16:36:53.1822045Z       at _throw (node_modules/@babel/runtime/helpers/asyncToGenerator.js:20:9)
2026-10-05T16:36:53.1822625Z 
2026-10-05T16:36:53.1822812Z     console.error
2026-10-05T16:36:53.1823586Z       An update to ConnectProviderSheet inside a test was not wrapped in act(...).
2026-10-05T16:36:53.1824343Z       
2026-10-05T16:36:53.1825379Z       When testing, code that causes React state updates should be wrapped into act(...):
2026-10-05T16:36:53.1826203Z       
2026-10-05T16:36:53.1826741Z       act(() => {
2026-10-05T16:36:53.1827475Z         /* fire events that update state */
2026-10-05T16:36:53.1827995Z       });
2026-10-05T16:36:53.1828688Z       /* assert on the output */
2026-10-05T16:36:53.1829158Z       
2026-10-05T16:36:53.1830302Z       This ensures that you're testing the behavior the user would see in the browser. Learn more at https://react.dev/link/wrap-tests-with-act
2026-10-05T16:36:53.1831262Z 
2026-10-05T16:36:53.1831809Z     [0m [90m 209 |[39m     setError(message[33m.[39mtext)[33m;[39m
2026-10-05T16:36:53.1832768Z      [90m 210 |[39m     setRetry(message[33m.[39maction)[33m;[39m
2026-10-05T16:36:53.1833842Z     [31m[1m>[22m[39m[90m 211 |[39m     setCtaOverride(message[33m.[39mcta)[33m;[39m
2026-10-05T16:36:53.1834715Z      [90m     |[39m     [31m[1m^[22m[39m
2026-10-05T16:36:53.1835419Z      [90m 212 |[39m   }[33m,[39m [])[33m;[39m
2026-10-05T16:36:53.1836016Z      [90m 213 |[39m
2026-10-05T16:36:53.1836885Z      [90m 214 |[39m   [36mconst[39m handleCloudConnect [33m=[39m useCallback([0m
2026-10-05T16:36:53.1837471Z 
2026-10-05T16:36:53.1837997Z       at node_modules/react-reconciler/cjs/react-reconciler.development.js:16307:19
2026-10-05T16:36:53.1839432Z       at runWithFiberInDEV (node_modules/react-reconciler/cjs/react-reconciler.development.js:2508:13)
2026-10-05T16:36:53.1841011Z       at warnIfUpdatesNotWrappedWithActDEV (node_modules/react-reconciler/cjs/react-reconciler.development.js:16306:9)
2026-10-05T16:36:53.1842676Z       at scheduleUpdateOnFiber (node_modules/react-reconciler/cjs/react-reconciler.development.js:14070:11)
2026-10-05T16:36:53.1844239Z       at dispatchSetStateInternal (node_modules/react-reconciler/cjs/react-reconciler.development.js:6784:13)
2026-10-05T16:36:53.1845762Z       at dispatchSetState (node_modules/react-reconciler/cjs/react-reconciler.development.js:6741:7)
2026-10-05T16:36:53.1847089Z       at setCtaOverride (src/screens/client/wearables/ConnectProviderSheet.tsx:211:5)
2026-10-05T16:36:53.1848507Z       at showMessage (src/screens/client/wearables/ConnectProviderSheet.tsx:359:9)
2026-10-05T16:36:53.1849392Z           at Generator.throw (<anonymous>)
2026-10-05T16:36:53.1850313Z       at asyncGeneratorStep (node_modules/@babel/runtime/helpers/asyncToGenerator.js:3:17)
2026-10-05T16:36:53.1851463Z       at _throw (node_modules/@babel/runtime/helpers/asyncToGenerator.js:20:9)
2026-10-05T16:36:53.1852036Z 
2026-10-05T16:36:53.1852232Z     console.error
2026-10-05T16:36:53.1852999Z       An update to ConnectProviderSheet inside a test was not wrapped in act(...).
2026-10-05T16:36:53.1853757Z       
2026-10-05T16:36:53.1854516Z       When testing, code that causes React state updates should be wrapped into act(...):
2026-10-05T16:36:53.1855302Z       
2026-10-05T16:36:53.1855671Z       act(() => {
2026-10-05T16:36:53.1856170Z         /* fire events that update state */
2026-10-05T16:36:53.1856700Z       });
2026-10-05T16:36:53.1857146Z       /* assert on the output */
2026-10-05T16:36:53.1857621Z       
2026-10-05T16:36:53.1859063Z       This ensures that you're testing the behavior the user would see in the browser. Learn more at https://react.dev/link/wrap-tests-with-act
2026-10-05T16:36:53.1860029Z 
2026-10-05T16:36:53.1860810Z     [0m [90m 359 |[39m         showMessage(connectFailureMessage(err[33m,[39m name))[33m;[39m
2026-10-05T16:36:53.1861848Z      [90m 360 |[39m       } [36mfinally[39m {
2026-10-05T16:36:53.1863012Z     [31m[1m>[22m[39m[90m 361 |[39m         [36mif[39m (current()) setImporting([36mfalse[39m)[33m;[39m
2026-10-05T16:36:53.1864138Z      [90m     |[39m                        [31m[1m^[22m[39m
2026-10-05T16:36:53.1864847Z      [90m 362 |[39m       }
2026-10-05T16:36:53.1865458Z      [90m 363 |[39m     }[33m,[39m
2026-10-05T16:36:53.1867086Z      [90m 364 |[39m     [handleImportOutcome[33m,[39m invalidate[33m,[39m isCurrentAttempt[33m,[39m showMessage][33m,[39m[0m
2026-10-05T16:36:53.1867988Z 
2026-10-05T16:36:53.1868813Z       at node_modules/react-reconciler/cjs/react-reconciler.development.js:16307:19
2026-10-05T16:36:53.1870389Z       at runWithFiberInDEV (node_modules/react-reconciler/cjs/react-reconciler.development.js:2508:13)
2026-10-05T16:36:53.1872010Z       at warnIfUpdatesNotWrappedWithActDEV (node_modules/react-reconciler/cjs/react-reconciler.development.js:16306:9)
2026-10-05T16:36:53.1873673Z       at scheduleUpdateOnFiber (node_modules/react-reconciler/cjs/react-reconciler.development.js:14070:11)
2026-10-05T16:36:53.1875219Z       at dispatchSetStateInternal (node_modules/react-reconciler/cjs/react-reconciler.development.js:6784:13)
2026-10-05T16:36:53.1876709Z       at dispatchSetState (node_modules/react-reconciler/cjs/react-reconciler.development.js:6741:7)
2026-10-05T16:36:53.1878011Z       at setImporting (src/screens/client/wearables/ConnectProviderSheet.tsx:361:24)
2026-10-05T16:36:53.1879181Z           at Generator.throw (<anonymous>)
2026-10-05T16:36:53.1880155Z       at asyncGeneratorStep (node_modules/@babel/runtime/helpers/asyncToGenerator.js:3:17)
2026-10-05T16:36:53.1881333Z       at _throw (node_modules/@babel/runtime/helpers/asyncToGenerator.js:20:9)
2026-10-05T16:36:53.1881912Z 
2026-10-05T16:36:53.1882102Z     console.error
2026-10-05T16:36:53.1882864Z       An update to ConnectProviderSheet inside a test was not wrapped in act(...).
2026-10-05T16:36:53.1883620Z       
2026-10-05T16:36:53.1884377Z       When testing, code that causes React state updates should be wrapped into act(...):
2026-10-05T16:36:53.1885244Z       
2026-10-05T16:36:53.1885694Z       act(() => {
2026-10-05T16:36:53.1904116Z         /* fire events that update state */
2026-10-05T16:36:53.1904659Z       });
2026-10-05T16:36:53.1905097Z       /* assert on the output */
2026-10-05T16:36:53.1905582Z       
2026-10-05T16:36:53.1906739Z       This ensures that you're testing the behavior the user would see in the browser. Learn more at https://react.dev/link/wrap-tests-with-act
2026-10-05T16:36:53.1907696Z 
2026-10-05T16:36:53.1908938Z     [0m [90m 529 |[39m       [90m// B-317-11: only this attempt's own sheet is un-busied; a close or[39m
2026-10-05T16:36:53.1910338Z      [90m 530 |[39m       [90m// provider change already reset it for the next one.[39m
2026-10-05T16:36:53.1912396Z     [31m[1m>[22m[39m[90m 531 |[39m       [36mif[39m (mountedRef[33m.[39mcurrent [33m&&[39m epochRef[33m.[39mcurrent [33m===[39m epoch) setRequestingOnDevice([36mfalse[39m)[33m;[39m
2026-10-05T16:36:53.1914176Z      [90m     |[39m                                                             [31m[1m^[22m[39m
2026-10-05T16:36:53.1914965Z      [90m 532 |[39m     }
2026-10-05T16:36:53.1915589Z      [90m 533 |[39m   }[33m,[39m [
2026-10-05T16:36:53.1916313Z      [90m 534 |[39m     provider[33m,[39m[0m
2026-10-05T16:36:53.1916697Z 
2026-10-05T16:36:53.1917260Z       at node_modules/react-reconciler/cjs/react-reconciler.development.js:16307:19
2026-10-05T16:36:53.1918872Z       at runWithFiberInDEV (node_modules/react-reconciler/cjs/react-reconciler.development.js:2508:13)
2026-10-05T16:36:53.1920519Z       at warnIfUpdatesNotWrappedWithActDEV (node_modules/react-reconciler/cjs/react-reconciler.development.js:16306:9)
2026-10-05T16:36:53.1922156Z       at scheduleUpdateOnFiber (node_modules/react-reconciler/cjs/react-reconciler.development.js:14070:11)
2026-10-05T16:36:53.1923711Z       at dispatchSetStateInternal (node_modules/react-reconciler/cjs/react-reconciler.development.js:6784:13)
2026-10-05T16:36:53.1925192Z       at dispatchSetState (node_modules/react-reconciler/cjs/react-reconciler.development.js:6741:7)
2026-10-05T16:36:53.1926587Z       at setRequestingOnDevice (src/screens/client/wearables/ConnectProviderSheet.tsx:531:61)
2026-10-05T16:36:53.1927880Z       at asyncGeneratorStep (node_modules/@babel/runtime/helpers/asyncToGenerator.js:3:17)
2026-10-05T16:36:53.1929631Z       at _next (node_modules/@babel/runtime/helpers/asyncToGenerator.js:17:9)
2026-10-05T16:36:53.1930227Z 
2026-10-05T16:36:53.1930410Z     console.error
2026-10-05T16:36:53.1931414Z       An update to ConnectProviderSheet inside a test was not wrapped in act(...).
2026-10-05T16:36:53.1932173Z       
2026-10-05T16:36:53.1932936Z       When testing, code that causes React state updates should be wrapped into act(...):
2026-10-05T16:36:53.1933732Z       
2026-10-05T16:36:53.1934090Z       act(() => {
2026-10-05T16:36:53.1934568Z         /* fire events that update state */
2026-10-05T16:36:53.1935091Z       });
2026-10-05T16:36:53.1935525Z       /* assert on the output */
2026-10-05T16:36:53.1935980Z       
2026-10-05T16:36:53.1937109Z       This ensures that you're testing the behavior the user would see in the browser. Learn more at https://react.dev/link/wrap-tests-with-act
2026-10-05T16:36:53.1938090Z 
2026-10-05T16:36:53.1939300Z     [0m [90m 332 |[39m         [36mif[39m (currentAuthGeneration() [33m===[39m generation) invalidate()[33m;[39m
2026-10-05T16:36:53.1940362Z      [90m 333 |[39m       }[33m;[39m
2026-10-05T16:36:53.1941424Z     [31m[1m>[22m[39m[90m 334 |[39m       [36mif[39m (current()) setImporting([36mtrue[39m)[33m;[39m
2026-10-05T16:36:53.1942530Z      [90m     |[39m                      [31m[1m^[22m[39m
2026-10-05T16:36:53.1943249Z      [90m 335 |[39m       [36mtry[39m {
2026-10-05T16:36:53.1944223Z      [90m 336 |[39m         [36mconst[39m outcome [33m=[39m [36mawait[39m run()[33m;[39m
2026-10-05T16:36:53.1945777Z      [90m 337 |[39m         [36mif[39m ([33m![39mcurrent() [33m||[39m currentAuthGeneration() [33m!==[39m generation) {[0m
2026-10-05T16:36:53.1946579Z 
2026-10-05T16:36:53.1947132Z       at node_modules/react-reconciler/cjs/react-reconciler.development.js:16307:19
2026-10-05T16:36:53.1948738Z       at runWithFiberInDEV (node_modules/react-reconciler/cjs/react-reconciler.development.js:2508:13)
2026-10-05T16:36:53.1950382Z       at warnIfUpdatesNotWrappedWithActDEV (node_modules/react-reconciler/cjs/react-reconciler.development.js:16306:9)
2026-10-05T16:36:53.1952048Z       at scheduleUpdateOnFiber (node_modules/react-reconciler/cjs/react-reconciler.development.js:14070:11)
2026-10-05T16:36:53.1953625Z       at dispatchSetStateInternal (node_modules/react-reconciler/cjs/react-reconciler.development.js:6784:13)
2026-10-05T16:36:53.1955121Z       at dispatchSetState (node_modules/react-reconciler/cjs/react-reconciler.development.js:6741:7)
2026-10-05T16:36:53.1956425Z       at setImporting (src/screens/client/wearables/ConnectProviderSheet.tsx:334:22)
2026-10-05T16:36:53.1957651Z       at asyncGeneratorStep (node_modules/@babel/runtime/helpers/asyncToGenerator.js:3:17)
2026-10-05T16:36:53.1959149Z       at _next (node_modules/@babel/runtime/helpers/asyncToGenerator.js:17:9)
2026-10-05T16:36:53.1960159Z       at node_modules/@babel/runtime/helpers/asyncToGenerator.js:22:7
2026-10-05T16:36:53.1961072Z       at node_modules/@babel/runtime/helpers/asyncToGenerator.js:14:12
2026-10-05T16:36:53.1961949Z       at apply (src/screens/client/wearables/ConnectProviderSheet.tsx:363:6)
2026-10-05T16:36:53.1962978Z       at runImport (src/screens/client/wearables/ConnectProviderSheet.tsx:436:17)
2026-10-05T16:36:53.1964161Z       at asyncGeneratorStep (node_modules/@babel/runtime/helpers/asyncToGenerator.js:3:17)
2026-10-05T16:36:53.1965343Z       at _next (node_modules/@babel/runtime/helpers/asyncToGenerator.js:17:9)
2026-10-05T16:36:53.1965910Z 
2026-10-05T16:36:53.1966096Z     console.error
2026-10-05T16:36:53.1966871Z       An update to ConnectProviderSheet inside a test was not wrapped in act(...).
2026-10-05T16:36:53.1967638Z       
2026-10-05T16:36:53.1968654Z       When testing, code that causes React state updates should be wrapped into act(...):
2026-10-05T16:36:53.1969453Z       
2026-10-05T16:36:53.1969816Z       act(() => {
2026-10-05T16:36:53.1970313Z         /* fire events that update state */
2026-10-05T16:36:53.1970838Z       });
2026-10-05T16:36:53.1971270Z       /* assert on the output */
2026-10-05T16:36:53.1971984Z       
2026-10-05T16:36:53.1973170Z       This ensures that you're testing the behavior the user would see in the browser. Learn more at https://react.dev/link/wrap-tests-with-act
2026-10-05T16:36:53.1974364Z 
2026-10-05T16:36:53.1975669Z     [0m [90m 207 |[39m   [36mconst[39m showMessage [33m=[39m useCallback((message[33m:[39m [33mOnDeviceMessage[39m [33m|[39m [36mnull[39m) [33m=>[39m {
2026-10-05T16:36:53.1977821Z      [90m 208 |[39m     [36mif[39m ([33m![39mmountedRef[33m.[39mcurrent [33m||[39m message [33m==[39m [36mnull[39m) [36mreturn[39m[33m;[39m
2026-10-05T16:36:53.1979631Z     [31m[1m>[22m[39m[90m 209 |[39m     setError(message[33m.[39mtext)[33m;[39m
2026-10-05T16:36:53.1980554Z      [90m     |[39m     [31m[1m^[22m[39m
2026-10-05T16:36:53.1981425Z      [90m 210 |[39m     setRetry(message[33m.[39maction)[33m;[39m
2026-10-05T16:36:53.1982456Z      [90m 211 |[39m     setCtaOverride(message[33m.[39mcta)[33m;[39m
2026-10-05T16:36:53.1983395Z      [90m 212 |[39m   }[33m,[39m [])[33m;[39m[0m
2026-10-05T16:36:53.1983787Z 
2026-10-05T16:36:53.1984342Z       at node_modules/react-reconciler/cjs/react-reconciler.development.js:16307:19
2026-10-05T16:36:53.1985660Z       at runWithFiberInDEV (node_modules/react-reconciler/cjs/react-reconciler.development.js:2508:13)
2026-10-05T16:36:53.1987290Z       at warnIfUpdatesNotWrappedWithActDEV (node_modules/react-reconciler/cjs/react-reconciler.development.js:16306:9)
2026-10-05T16:36:53.1989310Z       at scheduleUpdateOnFiber (node_modules/react-reconciler/cjs/react-reconciler.development.js:14070:11)
2026-10-05T16:36:53.1990890Z       at dispatchSetStateInternal (node_modules/react-reconciler/cjs/react-reconciler.development.js:6784:13)
2026-10-05T16:36:53.1992395Z       at dispatchSetState (node_modules/react-reconciler/cjs/react-reconciler.development.js:6741:7)
2026-10-05T16:36:53.1993648Z       at setError (src/screens/client/wearables/ConnectProviderSheet.tsx:209:5)
2026-10-05T16:36:53.1994798Z       at showMessage (src/screens/client/wearables/ConnectProviderSheet.tsx:359:9)
2026-10-05T16:36:53.1995689Z           at Generator.throw (<anonymous>)
2026-10-05T16:36:53.1996640Z       at asyncGeneratorStep (node_modules/@babel/runtime/helpers/asyncToGenerator.js:3:17)
2026-10-05T16:36:53.1997802Z       at _throw (node_modules/@babel/runtime/helpers/asyncToGenerator.js:20:9)
2026-10-05T16:36:53.1998635Z 
2026-10-05T16:36:53.1998827Z     console.error
2026-10-05T16:36:53.1999560Z       An update to ConnectProviderSheet inside a test was not wrapped in act(...).
2026-10-05T16:36:53.2000289Z       
2026-10-05T16:36:53.2000996Z       When testing, code that causes React state updates should be wrapped into act(...):
2026-10-05T16:36:53.2001750Z       
2026-10-05T16:36:53.2002101Z       act(() => {
2026-10-05T16:36:53.2002560Z         /* fire events that update state */
2026-10-05T16:36:53.2003059Z       });
2026-10-05T16:36:53.2003456Z       /* assert on the output */
2026-10-05T16:36:53.2003903Z       
2026-10-05T16:36:53.2005019Z       This ensures that you're testing the behavior the user would see in the browser. Learn more at https://react.dev/link/wrap-tests-with-act
2026-10-05T16:36:53.2006012Z 
2026-10-05T16:36:53.2007188Z     [0m [90m 208 |[39m     [36mif[39m ([33m![39mmountedRef[33m.[39mcurrent [33m||[39m message [33m==[39m [36mnull[39m) [36mreturn[39m[33m;[39m
2026-10-05T16:36:53.2008766Z      [90m 209 |[39m     setError(message[33m.[39mtext)[33m;[39m
2026-10-05T16:36:53.2009810Z     [31m[1m>[22m[39m[90m 210 |[39m     setRetry(message[33m.[39maction)[33m;[39m
2026-10-05T16:36:53.2010740Z      [90m     |[39m     [31m[1m^[22m[39m
2026-10-05T16:36:53.2011655Z      [90m 211 |[39m     setCtaOverride(message[33m.[39mcta)[33m;[39m
2026-10-05T16:36:53.2012493Z      [90m 212 |[39m   }[33m,[39m [])[33m;[39m
2026-10-05T16:36:53.2013136Z      [90m 213 |[39m[0m
2026-10-05T16:36:53.2013389Z 
2026-10-05T16:36:53.2014188Z       at node_modules/react-reconciler/cjs/react-reconciler.development.js:16307:19
2026-10-05T16:36:53.2015572Z       at runWithFiberInDEV (node_modules/react-reconciler/cjs/react-reconciler.development.js:2508:13)
2026-10-05T16:36:53.2017410Z       at warnIfUpdatesNotWrappedWithActDEV (node_modules/react-reconciler/cjs/react-reconciler.development.js:16306:9)
2026-10-05T16:36:53.2019201Z       at scheduleUpdateOnFiber (node_modules/react-reconciler/cjs/react-reconciler.development.js:14070:11)
2026-10-05T16:36:53.2020651Z       at dispatchSetStateInternal (node_modules/react-reconciler/cjs/react-reconciler.development.js:6784:13)
2026-10-05T16:36:53.2021983Z       at dispatchSetState (node_modules/react-reconciler/cjs/react-reconciler.development.js:6741:7)
2026-10-05T16:36:53.2023048Z       at setRetry (src/screens/client/wearables/ConnectProviderSheet.tsx:210:5)
2026-10-05T16:36:53.2023998Z       at showMessage (src/screens/client/wearables/ConnectProviderSheet.tsx:359:9)
2026-10-05T16:36:53.2024746Z           at Generator.throw (<anonymous>)
2026-10-05T16:36:53.2025541Z       at asyncGeneratorStep (node_modules/@babel/runtime/helpers/asyncToGenerator.js:3:17)
2026-10-05T16:36:53.2026543Z       at _throw (node_modules/@babel/runtime/helpers/asyncToGenerator.js:20:9)
2026-10-05T16:36:53.2027018Z 
2026-10-05T16:36:53.2027167Z     console.error
2026-10-05T16:36:53.2027806Z       An update to ConnectProviderSheet inside a test was not wrapped in act(...).
2026-10-05T16:36:53.2048952Z       
2026-10-05T16:36:53.2049755Z       When testing, code that causes React state updates should be wrapped into act(...):
2026-10-05T16:36:53.2050558Z       
2026-10-05T16:36:53.2050924Z       act(() => {
2026-10-05T16:36:53.2051404Z         /* fire events that update state */
2026-10-05T16:36:53.2051931Z       });
2026-10-05T16:36:53.2052365Z       /* assert on the output */
2026-10-05T16:36:53.2052844Z       
2026-10-05T16:36:53.2053976Z       This ensures that you're testing the behavior the user would see in the browser. Learn more at https://react.dev/link/wrap-tests-with-act
2026-10-05T16:36:53.2054953Z 
2026-10-05T16:36:53.2055543Z     [0m [90m 209 |[39m     setError(message[33m.[39mtext)[33m;[39m
2026-10-05T16:36:53.2056623Z      [90m 210 |[39m     setRetry(message[33m.[39maction)[33m;[39m
2026-10-05T16:36:53.2057791Z     [31m[1m>[22m[39m[90m 211 |[39m     setCtaOverride(message[33m.[39mcta)[33m;[39m
2026-10-05T16:36:53.2058958Z      [90m     |[39m     [31m[1m^[22m[39m
2026-10-05T16:36:53.2059569Z      [90m 212 |[39m   }[33m,[39m [])[33m;[39m
2026-10-05T16:36:53.2060043Z      [90m 213 |[39m
2026-10-05T16:36:53.2060732Z      [90m 214 |[39m   [36mconst[39m handleCloudConnect [33m=[39m useCallback([0m
2026-10-05T16:36:53.2061207Z 
2026-10-05T16:36:53.2061658Z       at node_modules/react-reconciler/cjs/react-reconciler.development.js:16307:19
2026-10-05T16:36:53.2062869Z       at runWithFiberInDEV (node_modules/react-reconciler/cjs/react-reconciler.development.js:2508:13)
2026-10-05T16:36:53.2064495Z       at warnIfUpdatesNotWrappedWithActDEV (node_modules/react-reconciler/cjs/react-reconciler.development.js:16306:9)
2026-10-05T16:36:53.2066152Z       at scheduleUpdateOnFiber (node_modules/react-reconciler/cjs/react-reconciler.development.js:14070:11)
2026-10-05T16:36:53.2067666Z       at dispatchSetStateInternal (node_modules/react-reconciler/cjs/react-reconciler.development.js:6784:13)
2026-10-05T16:36:53.2099976Z       at dispatchSetState (node_modules/react-reconciler/cjs/react-reconciler.development.js:6741:7)
2026-10-05T16:36:53.2101182Z       at setCtaOverride (src/screens/client/wearables/ConnectProviderSheet.tsx:211:5)
2026-10-05T16:36:53.2102268Z       at showMessage (src/screens/client/wearables/ConnectProviderSheet.tsx:359:9)
2026-10-05T16:36:53.2103086Z           at Generator.throw (<anonymous>)
2026-10-05T16:36:53.2103963Z       at asyncGeneratorStep (node_modules/@babel/runtime/helpers/asyncToGenerator.js:3:17)
2026-10-05T16:36:53.2105314Z       at _throw (node_modules/@babel/runtime/helpers/asyncToGenerator.js:20:9)
2026-10-05T16:36:53.2105855Z 
2026-10-05T16:36:53.2106017Z     console.error
2026-10-05T16:36:53.2106908Z       An update to ConnectProviderSheet inside a test was not wrapped in act(...).
2026-10-05T16:36:53.2107588Z       
2026-10-05T16:36:53.2108534Z       When testing, code that causes React state updates should be wrapped into act(...):
2026-10-05T16:36:53.2109264Z       
2026-10-05T16:36:53.2109586Z       act(() => {
2026-10-05T16:36:53.2110024Z         /* fire events that update state */
2026-10-05T16:36:53.2110511Z       });
2026-10-05T16:36:53.2110862Z       /* assert on the output */
2026-10-05T16:36:53.2111285Z       
2026-10-05T16:36:53.2112365Z       This ensures that you're testing the behavior the user would see in the browser. Learn more at https://react.dev/link/wrap-tests-with-act
2026-10-05T16:36:53.2113269Z 
2026-10-05T16:36:53.2114068Z     [0m [90m 359 |[39m         showMessage(connectFailureMessage(err[33m,[39m name))[33m;[39m
2026-10-05T16:36:53.2115108Z      [90m 360 |[39m       } [36mfinally[39m {
2026-10-05T16:36:53.2116160Z     [31m[1m>[22m[39m[90m 361 |[39m         [36mif[39m (current()) setImporting([36mfalse[39m)[33m;[39m
2026-10-05T16:36:53.2117046Z      [90m     |[39m                        [31m[1m^[22m[39m
2026-10-05T16:36:53.2117595Z      [90m 362 |[39m       }
2026-10-05T16:36:53.2118056Z      [90m 363 |[39m     }[33m,[39m
2026-10-05T16:36:53.2119567Z      [90m 364 |[39m     [handleImportOutcome[33m,[39m invalidate[33m,[39m isCurrentAttempt[33m,[39m showMessage][33m,[39m[0m
2026-10-05T16:36:53.2120433Z 
2026-10-05T16:36:53.2120983Z       at node_modules/react-reconciler/cjs/react-reconciler.development.js:16307:19
2026-10-05T16:36:53.2122337Z       at runWithFiberInDEV (node_modules/react-reconciler/cjs/react-reconciler.development.js:2508:13)
2026-10-05T16:36:53.2123931Z       at warnIfUpdatesNotWrappedWithActDEV (node_modules/react-reconciler/cjs/react-reconciler.development.js:16306:9)
2026-10-05T16:36:53.2125552Z       at scheduleUpdateOnFiber (node_modules/react-reconciler/cjs/react-reconciler.development.js:14070:11)
2026-10-05T16:36:53.2127089Z       at dispatchSetStateInternal (node_modules/react-reconciler/cjs/react-reconciler.development.js:6784:13)
2026-10-05T16:36:53.2128914Z       at dispatchSetState (node_modules/react-reconciler/cjs/react-reconciler.development.js:6741:7)
2026-10-05T16:36:53.2130173Z       at setImporting (src/screens/client/wearables/ConnectProviderSheet.tsx:361:24)
2026-10-05T16:36:53.2131056Z           at Generator.throw (<anonymous>)
2026-10-05T16:36:53.2131998Z       at asyncGeneratorStep (node_modules/@babel/runtime/helpers/asyncToGenerator.js:3:17)
2026-10-05T16:36:53.2133128Z       at _throw (node_modules/@babel/runtime/helpers/asyncToGenerator.js:20:9)
2026-10-05T16:36:53.2133695Z 
2026-10-05T16:36:53.2133866Z     console.error
2026-10-05T16:36:53.2134601Z       An update to ConnectProviderSheet inside a test was not wrapped in act(...).
2026-10-05T16:36:53.2135342Z       
2026-10-05T16:36:53.2136088Z       When testing, code that causes React state updates should be wrapped into act(...):
2026-10-05T16:36:53.2136857Z       
2026-10-05T16:36:53.2137198Z       act(() => {
2026-10-05T16:36:53.2137669Z         /* fire events that update state */
2026-10-05T16:36:53.2138374Z       });
2026-10-05T16:36:53.2138741Z       /* assert on the output */
2026-10-05T16:36:53.2139099Z       
2026-10-05T16:36:53.2140022Z       This ensures that you're testing the behavior the user would see in the browser. Learn more at https://react.dev/link/wrap-tests-with-act
2026-10-05T16:36:53.2140802Z 
2026-10-05T16:36:53.2141476Z     [0m [90m 529 |[39m       [90m// B-317-11: only this attempt's own sheet is un-busied; a close or[39m
2026-10-05T16:36:53.2142537Z      [90m 530 |[39m       [90m// provider change already reset it for the next one.[39m
2026-10-05T16:36:53.2144484Z     [31m[1m>[22m[39m[90m 531 |[39m       [36mif[39m (mountedRef[33m.[39mcurrent [33m&&[39m epochRef[33m.[39mcurrent [33m===[39m epoch) setRequestingOnDevice([36mfalse[39m)[33m;[39m
2026-10-05T16:36:53.2145924Z      [90m     |[39m                                                             [31m[1m^[22m[39m
2026-10-05T16:36:53.2146746Z      [90m 532 |[39m     }
2026-10-05T16:36:53.2147178Z      [90m 533 |[39m   }[33m,[39m [
2026-10-05T16:36:53.2147816Z      [90m 534 |[39m     provider[33m,[39m[0m
2026-10-05T16:36:53.2148386Z 
2026-10-05T16:36:53.2149063Z       at node_modules/react-reconciler/cjs/react-reconciler.development.js:16307:19
2026-10-05T16:36:53.2150330Z       at runWithFiberInDEV (node_modules/react-reconciler/cjs/react-reconciler.development.js:2508:13)
2026-10-05T16:36:53.2151871Z       at warnIfUpdatesNotWrappedWithActDEV (node_modules/react-reconciler/cjs/react-reconciler.development.js:16306:9)
2026-10-05T16:36:53.2153444Z       at scheduleUpdateOnFiber (node_modules/react-reconciler/cjs/react-reconciler.development.js:14070:11)
2026-10-05T16:36:53.2154944Z       at dispatchSetStateInternal (node_modules/react-reconciler/cjs/react-reconciler.development.js:6784:13)
2026-10-05T16:36:53.2156390Z       at dispatchSetState (node_modules/react-reconciler/cjs/react-reconciler.development.js:6741:7)
2026-10-05T16:36:53.2157686Z       at setRequestingOnDevice (src/screens/client/wearables/ConnectProviderSheet.tsx:531:61)
2026-10-05T16:36:53.2159120Z       at asyncGeneratorStep (node_modules/@babel/runtime/helpers/asyncToGenerator.js:3:17)
2026-10-05T16:36:53.2160248Z       at _next (node_modules/@babel/runtime/helpers/asyncToGenerator.js:17:9)
2026-10-05T16:36:53.2160794Z 
2026-10-05T16:36:53.2160968Z     console.error
2026-10-05T16:36:53.2161697Z       An update to ConnectProviderSheet inside a test was not wrapped in act(...).
2026-10-05T16:36:53.2162436Z       
2026-10-05T16:36:53.2163160Z       When testing, code that causes React state updates should be wrapped into act(...):
2026-10-05T16:36:53.2163921Z       
2026-10-05T16:36:53.2164263Z       act(() => {
2026-10-05T16:36:53.2164751Z         /* fire events that update state */
2026-10-05T16:36:53.2165253Z       });
2026-10-05T16:36:53.2165665Z       /* assert on the output */
2026-10-05T16:36:53.2166125Z       
2026-10-05T16:36:53.2167244Z       This ensures that you're testing the behavior the user would see in the browser. Learn more at https://react.dev/link/wrap-tests-with-act
2026-10-05T16:36:53.2168431Z 
2026-10-05T16:36:53.2169488Z     [0m [90m 332 |[39m         [36mif[39m (currentAuthGeneration() [33m===[39m generation) invalidate()[33m;[39m
2026-10-05T16:36:53.2170561Z      [90m 333 |[39m       }[33m;[39m
2026-10-05T16:36:53.2171640Z     [31m[1m>[22m[39m[90m 334 |[39m       [36mif[39m (current()) setImporting([36mtrue[39m)[33m;[39m
2026-10-05T16:36:53.2172714Z      [90m     |[39m                      [31m[1m^[22m[39m
2026-10-05T16:36:53.2173438Z      [90m 335 |[39m       [36mtry[39m {
2026-10-05T16:36:53.2174439Z      [90m 336 |[39m         [36mconst[39m outcome [33m=[39m [36mawait[39m run()[33m;[39m
2026-10-05T16:36:53.2175857Z      [90m 337 |[39m         [36mif[39m ([33m![39mcurrent() [33m||[39m currentAuthGeneration() [33m!==[39m generation) {[0m
2026-10-05T16:36:53.2176642Z 
2026-10-05T16:36:53.2177175Z       at node_modules/react-reconciler/cjs/react-reconciler.development.js:16307:19
2026-10-05T16:36:53.2178691Z       at runWithFiberInDEV (node_modules/react-reconciler/cjs/react-reconciler.development.js:2508:13)
2026-10-05T16:36:53.2180303Z       at warnIfUpdatesNotWrappedWithActDEV (node_modules/react-reconciler/cjs/react-reconciler.development.js:16306:9)
2026-10-05T16:36:53.2181909Z       at scheduleUpdateOnFiber (node_modules/react-reconciler/cjs/react-reconciler.development.js:14070:11)
2026-10-05T16:36:53.2183446Z       at dispatchSetStateInternal (node_modules/react-reconciler/cjs/react-reconciler.development.js:6784:13)
2026-10-05T16:36:53.2184892Z       at dispatchSetState (node_modules/react-reconciler/cjs/react-reconciler.development.js:6741:7)
2026-10-05T16:36:53.2186389Z       at setImporting (src/screens/client/wearables/ConnectProviderSheet.tsx:334:22)
2026-10-05T16:36:53.2187815Z       at asyncGeneratorStep (node_modules/@babel/runtime/helpers/asyncToGenerator.js:3:17)
2026-10-05T16:36:53.2189164Z       at _next (node_modules/@babel/runtime/helpers/asyncToGenerator.js:17:9)
2026-10-05T16:36:53.2190121Z       at node_modules/@babel/runtime/helpers/asyncToGenerator.js:22:7
2026-10-05T16:36:53.2191046Z       at node_modules/@babel/runtime/helpers/asyncToGenerator.js:14:12
2026-10-05T16:36:53.2192030Z       at apply (src/screens/client/wearables/ConnectProviderSheet.tsx:363:6)
2026-10-05T16:36:53.2193089Z       at runImport (src/screens/client/wearables/ConnectProviderSheet.tsx:436:17)
2026-10-05T16:36:53.2194248Z       at asyncGeneratorStep (node_modules/@babel/runtime/helpers/asyncToGenerator.js:3:17)
2026-10-05T16:36:53.2195351Z       at _next (node_modules/@babel/runtime/helpers/asyncToGenerator.js:17:9)
2026-10-05T16:36:53.2195906Z 
2026-10-05T16:36:53.2196091Z     console.error
2026-10-05T16:36:53.2196832Z       An update to ConnectProviderSheet inside a test was not wrapped in act(...).
2026-10-05T16:36:53.2197574Z       
2026-10-05T16:36:53.2198605Z       When testing, code that causes React state updates should be wrapped into act(...):
2026-10-05T16:36:53.2199406Z       
2026-10-05T16:36:53.2199756Z       act(() => {
2026-10-05T16:36:53.2200221Z         /* fire events that update state */
2026-10-05T16:36:53.2200736Z       });
2026-10-05T16:36:53.2201140Z       /* assert on the output */
2026-10-05T16:36:53.2201589Z       
2026-10-05T16:36:53.2202699Z       This ensures that you're testing the behavior the user would see in the browser. Learn more at https://react.dev/link/wrap-tests-with-act
2026-10-05T16:36:53.2203671Z 
2026-10-05T16:36:53.2204970Z     [0m [90m 207 |[39m   [36mconst[39m showMessage [33m=[39m useCallback((message[33m:[39m [33mOnDeviceMessage[39m [33m|[39m [36mnull[39m) [33m=>[39m {
2026-10-05T16:36:53.2207086Z      [90m 208 |[39m     [36mif[39m ([33m![39mmountedRef[33m.[39mcurrent [33m||[39m message [33m==[39m [36mnull[39m) [36mreturn[39m[33m;[39m
2026-10-05T16:36:53.2208871Z     [31m[1m>[22m[39m[90m 209 |[39m     setError(message[33m.[39mtext)[33m;[39m
2026-10-05T16:36:53.2209762Z      [90m     |[39m     [31m[1m^[22m[39m
2026-10-05T16:36:53.2210556Z      [90m 210 |[39m     setRetry(message[33m.[39maction)[33m;[39m
2026-10-05T16:36:53.2211376Z      [90m 211 |[39m     setCtaOverride(message[33m.[39mcta)[33m;[39m
2026-10-05T16:36:53.2212232Z      [90m 212 |[39m   }[33m,[39m [])[33m;[39m[0m
2026-10-05T16:36:53.2212610Z 
2026-10-05T16:36:53.2213153Z       at node_modules/react-reconciler/cjs/react-reconciler.development.js:16307:19
2026-10-05T16:36:53.2214437Z       at runWithFiberInDEV (node_modules/react-reconciler/cjs/react-reconciler.development.js:2508:13)
2026-10-05T16:36:53.2215989Z       at warnIfUpdatesNotWrappedWithActDEV (node_modules/react-reconciler/cjs/react-reconciler.development.js:16306:9)
2026-10-05T16:36:53.2217600Z       at scheduleUpdateOnFiber (node_modules/react-reconciler/cjs/react-reconciler.development.js:14070:11)
2026-10-05T16:36:53.2219417Z       at dispatchSetStateInternal (node_modules/react-reconciler/cjs/react-reconciler.development.js:6784:13)
2026-10-05T16:36:53.2220899Z       at dispatchSetState (node_modules/react-reconciler/cjs/react-reconciler.development.js:6741:7)
2026-10-05T16:36:53.2222183Z       at setError (src/screens/client/wearables/ConnectProviderSheet.tsx:209:5)
2026-10-05T16:36:53.2223305Z       at showMessage (src/screens/client/wearables/ConnectProviderSheet.tsx:359:9)
2026-10-05T16:36:53.2224190Z           at Generator.throw (<anonymous>)
2026-10-05T16:36:53.2225144Z       at asyncGeneratorStep (node_modules/@babel/runtime/helpers/asyncToGenerator.js:3:17)
2026-10-05T16:36:53.2226277Z       at _throw (node_modules/@babel/runtime/helpers/asyncToGenerator.js:20:9)
2026-10-05T16:36:53.2226849Z 
2026-10-05T16:36:53.2227282Z     console.error
2026-10-05T16:36:53.2228071Z       An update to ConnectProviderSheet inside a test was not wrapped in act(...).
2026-10-05T16:36:53.2229554Z       
2026-10-05T16:36:53.2230302Z       When testing, code that causes React state updates should be wrapped into act(...):
2026-10-05T16:36:53.2231091Z       
2026-10-05T16:36:53.2231440Z       act(() => {
2026-10-05T16:36:53.2231937Z         /* fire events that update state */
2026-10-05T16:36:53.2232462Z       });
2026-10-05T16:36:53.2232888Z       /* assert on the output */
2026-10-05T16:36:53.2233343Z       
2026-10-05T16:36:53.2234449Z       This ensures that you're testing the behavior the user would see in the browser. Learn more at https://react.dev/link/wrap-tests-with-act
2026-10-05T16:36:53.2235425Z 
2026-10-05T16:36:53.2236605Z     [0m [90m 208 |[39m     [36mif[39m ([33m![39mmountedRef[33m.[39mcurrent [33m||[39m message [33m==[39m [36mnull[39m) [36mreturn[39m[33m;[39m
2026-10-05T16:36:53.2238076Z      [90m 209 |[39m     setError(message[33m.[39mtext)[33m;[39m
2026-10-05T16:36:53.2239457Z     [31m[1m>[22m[39m[90m 210 |[39m     setRetry(message[33m.[39maction)[33m;[39m
2026-10-05T16:36:53.2240418Z      [90m     |[39m     [31m[1m^[22m[39m
2026-10-05T16:36:53.2241329Z      [90m 211 |[39m     setCtaOverride(message[33m.[39mcta)[33m;[39m
2026-10-05T16:36:53.2242223Z      [90m 212 |[39m   }[33m,[39m [])[33m;[39m
2026-10-05T16:36:53.2242853Z      [90m 213 |[39m[0m
2026-10-05T16:36:53.2243133Z 
2026-10-05T16:36:53.2243678Z       at node_modules/react-reconciler/cjs/react-reconciler.development.js:16307:19
2026-10-05T16:36:53.2245025Z       at runWithFiberInDEV (node_modules/react-reconciler/cjs/react-reconciler.development.js:2508:13)
2026-10-05T16:36:53.2246656Z       at warnIfUpdatesNotWrappedWithActDEV (node_modules/react-reconciler/cjs/react-reconciler.development.js:16306:9)
2026-10-05T16:36:53.2248558Z       at scheduleUpdateOnFiber (node_modules/react-reconciler/cjs/react-reconciler.development.js:14070:11)
2026-10-05T16:36:53.2250107Z       at dispatchSetStateInternal (node_modules/react-reconciler/cjs/react-reconciler.development.js:6784:13)
2026-10-05T16:36:53.2251621Z       at dispatchSetState (node_modules/react-reconciler/cjs/react-reconciler.development.js:6741:7)
2026-10-05T16:36:53.2252847Z       at setRetry (src/screens/client/wearables/ConnectProviderSheet.tsx:210:5)
2026-10-05T16:36:53.2253960Z       at showMessage (src/screens/client/wearables/ConnectProviderSheet.tsx:359:9)
2026-10-05T16:36:53.2254830Z           at Generator.throw (<anonymous>)
2026-10-05T16:36:53.2255726Z       at asyncGeneratorStep (node_modules/@babel/runtime/helpers/asyncToGenerator.js:3:17)
2026-10-05T16:36:53.2256926Z       at _throw (node_modules/@babel/runtime/helpers/asyncToGenerator.js:20:9)
2026-10-05T16:36:53.2257498Z 
2026-10-05T16:36:53.2257687Z     console.error
2026-10-05T16:36:53.2258704Z       An update to ConnectProviderSheet inside a test was not wrapped in act(...).
2026-10-05T16:36:53.2259473Z       
2026-10-05T16:36:53.2260230Z       When testing, code that causes React state updates should be wrapped into act(...):
2026-10-05T16:36:53.2261004Z       
2026-10-05T16:36:53.2261358Z       act(() => {
2026-10-05T16:36:53.2261832Z         /* fire events that update state */
2026-10-05T16:36:53.2262337Z       });
2026-10-05T16:36:53.2262740Z       /* assert on the output */
2026-10-05T16:36:53.2263184Z       
2026-10-05T16:36:53.2264304Z       This ensures that you're testing the behavior the user would see in the browser. Learn more at https://react.dev/link/wrap-tests-with-act
2026-10-05T16:36:53.2265280Z 
2026-10-05T16:36:53.2265844Z     [0m [90m 209 |[39m     setError(message[33m.[39mtext)[33m;[39m
2026-10-05T16:36:53.2266859Z      [90m 210 |[39m     setRetry(message[33m.[39maction)[33m;[39m
2026-10-05T16:36:53.2268009Z     [31m[1m>[22m[39m[90m 211 |[39m     setCtaOverride(message[33m.[39mcta)[33m;[39m
2026-10-05T16:36:53.2269420Z      [90m     |[39m     [31m[1m^[22m[39m
2026-10-05T16:36:53.2270413Z      [90m 212 |[39m   }[33m,[39m [])[33m;[39m
2026-10-05T16:36:53.2271039Z      [90m 213 |[39m
2026-10-05T16:36:53.2272136Z      [90m 214 |[39m   [36mconst[39m handleCloudConnect [33m=[39m useCallback([0m
2026-10-05T16:36:53.2272713Z 
2026-10-05T16:36:53.2273263Z       at node_modules/react-reconciler/cjs/react-reconciler.development.js:16307:19
2026-10-05T16:36:53.2274543Z       at runWithFiberInDEV (node_modules/react-reconciler/cjs/react-reconciler.development.js:2508:13)
2026-10-05T16:36:53.2276114Z       at warnIfUpdatesNotWrappedWithActDEV (node_modules/react-reconciler/cjs/react-reconciler.development.js:16306:9)
2026-10-05T16:36:53.2277752Z       at scheduleUpdateOnFiber (node_modules/react-reconciler/cjs/react-reconciler.development.js:14070:11)
2026-10-05T16:36:53.2279573Z       at dispatchSetStateInternal (node_modules/react-reconciler/cjs/react-reconciler.development.js:6784:13)
2026-10-05T16:36:53.2281098Z       at dispatchSetState (node_modules/react-reconciler/cjs/react-reconciler.development.js:6741:7)
2026-10-05T16:36:53.2282388Z       at setCtaOverride (src/screens/client/wearables/ConnectProviderSheet.tsx:211:5)
2026-10-05T16:36:53.2283567Z       at showMessage (src/screens/client/wearables/ConnectProviderSheet.tsx:359:9)
2026-10-05T16:36:53.2284449Z           at Generator.throw (<anonymous>)
2026-10-05T16:36:53.2285387Z       at asyncGeneratorStep (node_modules/@babel/runtime/helpers/asyncToGenerator.js:3:17)
2026-10-05T16:36:53.2286531Z       at _throw (node_modules/@babel/runtime/helpers/asyncToGenerator.js:20:9)
2026-10-05T16:36:53.2287122Z 
2026-10-05T16:36:53.2287305Z     console.error
2026-10-05T16:36:53.2288046Z       An update to ConnectProviderSheet inside a test was not wrapped in act(...).
2026-10-05T16:36:53.2289060Z       
2026-10-05T16:36:53.2289817Z       When testing, code that causes React state updates should be wrapped into act(...):
2026-10-05T16:36:53.2290581Z       
2026-10-05T16:36:53.2290929Z       act(() => {
2026-10-05T16:36:53.2291407Z         /* fire events that update state */
2026-10-05T16:36:53.2291916Z       });
2026-10-05T16:36:53.2292358Z       /* assert on the output */
2026-10-05T16:36:53.2292788Z       
2026-10-05T16:36:53.2293913Z       This ensures that you're testing the behavior the user would see in the browser. Learn more at https://react.dev/link/wrap-tests-with-act
2026-10-05T16:36:53.2294881Z 
2026-10-05T16:36:53.2295657Z     [0m [90m 359 |[39m         showMessage(connectFailureMessage(err[33m,[39m name))[33m;[39m
2026-10-05T16:36:53.2296736Z      [90m 360 |[39m       } [36mfinally[39m {
2026-10-05T16:36:53.2297923Z     [31m[1m>[22m[39m[90m 361 |[39m         [36mif[39m (current()) setImporting([36mfalse[39m)[33m;[39m
2026-10-05T16:36:53.2299304Z      [90m     |[39m                        [31m[1m^[22m[39m
2026-10-05T16:36:53.2299959Z      [90m 362 |[39m       }
2026-10-05T16:36:53.2300570Z      [90m 363 |[39m     }[33m,[39m
2026-10-05T16:36:53.2301945Z      [90m 364 |[39m     [handleImportOutcome[33m,[39m invalidate[33m,[39m isCurrentAttempt[33m,[39m showMessage][33m,[39m[0m
2026-10-05T16:36:53.2302833Z 
2026-10-05T16:36:53.2303383Z       at node_modules/react-reconciler/cjs/react-reconciler.development.js:16307:19
2026-10-05T16:36:53.2304662Z       at runWithFiberInDEV (node_modules/react-reconciler/cjs/react-reconciler.development.js:2508:13)
2026-10-05T16:36:53.2306269Z       at warnIfUpdatesNotWrappedWithActDEV (node_modules/react-reconciler/cjs/react-reconciler.development.js:16306:9)
2026-10-05T16:36:53.2307881Z       at scheduleUpdateOnFiber (node_modules/react-reconciler/cjs/react-reconciler.development.js:14070:11)
2026-10-05T16:36:53.2309892Z       at dispatchSetStateInternal (node_modules/react-reconciler/cjs/react-reconciler.development.js:6784:13)
2026-10-05T16:36:53.2311364Z       at dispatchSetState (node_modules/react-reconciler/cjs/react-reconciler.development.js:6741:7)
2026-10-05T16:36:53.2312890Z       at setImporting (src/screens/client/wearables/ConnectProviderSheet.tsx:361:24)
2026-10-05T16:36:53.2313828Z           at Generator.throw (<anonymous>)
2026-10-05T16:36:53.2315034Z       at asyncGeneratorStep (node_modules/@babel/runtime/helpers/asyncToGenerator.js:3:17)
2026-10-05T16:36:53.2316183Z       at _throw (node_modules/@babel/runtime/helpers/asyncToGenerator.js:20:9)
2026-10-05T16:36:53.2316764Z 
2026-10-05T16:36:53.2316945Z     console.error
2026-10-05T16:36:53.2317694Z       An update to ConnectProviderSheet inside a test was not wrapped in act(...).
2026-10-05T16:36:53.2318722Z       
2026-10-05T16:36:53.2319460Z       When testing, code that causes React state updates should be wrapped into act(...):
2026-10-05T16:36:53.2320238Z       
2026-10-05T16:36:53.2320596Z       act(() => {
2026-10-05T16:36:53.2321069Z         /* fire events that update state */
2026-10-05T16:36:53.2321596Z       });
2026-10-05T16:36:53.2322024Z       /* assert on the output */
2026-10-05T16:36:53.2322475Z       
2026-10-05T16:36:53.2323610Z       This ensures that you're testing the behavior the user would see in the browser. Learn more at https://react.dev/link/wrap-tests-with-act
2026-10-05T16:36:53.2324599Z 
2026-10-05T16:36:53.2325446Z     [0m [90m 529 |[39m       [90m// B-317-11: only this attempt's own sheet is un-busied; a close or[39m
2026-10-05T16:36:53.2326784Z      [90m 530 |[39m       [90m// provider change already reset it for the next one.[39m
2026-10-05T16:36:53.2329102Z     [31m[1m>[22m[39m[90m 531 |[39m       [36mif[39m (mountedRef[33m.[39mcurrent [33m&&[39m epochRef[33m.[39mcurrent [33m===[39m epoch) setRequestingOnDevice([36mfalse[39m)[33m;[39m
2026-10-05T16:36:53.2330853Z      [90m     |[39m                                                             [31m[1m^[22m[39m
2026-10-05T16:36:53.2331596Z      [90m 532 |[39m     }
2026-10-05T16:36:53.2332205Z      [90m 533 |[39m   }[33m,[39m [
2026-10-05T16:36:53.2332901Z      [90m 534 |[39m     provider[33m,[39m[0m
2026-10-05T16:36:53.2333283Z 
2026-10-05T16:36:53.2333840Z       at node_modules/react-reconciler/cjs/react-reconciler.development.js:16307:19
2026-10-05T16:36:53.2335167Z       at runWithFiberInDEV (node_modules/react-reconciler/cjs/react-reconciler.development.js:2508:13)
2026-10-05T16:36:53.2336791Z       at warnIfUpdatesNotWrappedWithActDEV (node_modules/react-reconciler/cjs/react-reconciler.development.js:16306:9)
2026-10-05T16:36:53.2338686Z       at scheduleUpdateOnFiber (node_modules/react-reconciler/cjs/react-reconciler.development.js:14070:11)
2026-10-05T16:36:53.2340242Z       at dispatchSetStateInternal (node_modules/react-reconciler/cjs/react-reconciler.development.js:6784:13)
2026-10-05T16:36:53.2341741Z       at dispatchSetState (node_modules/react-reconciler/cjs/react-reconciler.development.js:6741:7)
2026-10-05T16:36:53.2343116Z       at setRequestingOnDevice (src/screens/client/wearables/ConnectProviderSheet.tsx:531:61)
2026-10-05T16:36:53.2344396Z       at asyncGeneratorStep (node_modules/@babel/runtime/helpers/asyncToGenerator.js:3:17)
2026-10-05T16:36:53.2345554Z       at _next (node_modules/@babel/runtime/helpers/asyncToGenerator.js:17:9)
2026-10-05T16:36:53.2346136Z 
2026-10-05T16:36:53.2346316Z     console.error
2026-10-05T16:36:53.2347074Z       An update to ConnectProviderSheet inside a test was not wrapped in act(...).
2026-10-05T16:36:53.2347847Z       
2026-10-05T16:36:53.2349055Z       When testing, code that causes React state updates should be wrapped into act(...):
2026-10-05T16:36:53.2349868Z       
2026-10-05T16:36:53.2350245Z       act(() => {
2026-10-05T16:36:53.2350730Z         /* fire events that update state */
2026-10-05T16:36:53.2351259Z       });
2026-10-05T16:36:53.2351678Z       /* assert on the output */
2026-10-05T16:36:53.2352144Z       
2026-10-05T16:36:53.2353273Z       This ensures that you're testing the behavior the user would see in the browser. Learn more at https://react.dev/link/wrap-tests-with-act
2026-10-05T16:36:53.2354228Z 
2026-10-05T16:36:53.2355467Z     [0m [90m 332 |[39m         [36mif[39m (currentAuthGeneration() [33m===[39m generation) invalidate()[33m;[39m
2026-10-05T16:36:53.2356633Z      [90m 333 |[39m       }[33m;[39m
2026-10-05T16:36:53.2358026Z     [31m[1m>[22m[39m[90m 334 |[39m       [36mif[39m (current()) setImporting([36mtrue[39m)[33m;[39m
2026-10-05T16:36:53.2359437Z      [90m     |[39m                      [31m[1m^[22m[39m
2026-10-05T16:36:53.2360222Z      [90m 335 |[39m       [36mtry[39m {
2026-10-05T16:36:53.2361254Z      [90m 336 |[39m         [36mconst[39m outcome [33m=[39m [36mawait[39m run()[33m;[39m
2026-10-05T16:36:53.2362814Z      [90m 337 |[39m         [36mif[39m ([33m![39mcurrent() [33m||[39m currentAuthGeneration() [33m!==[39m generation) {[0m
2026-10-05T16:36:53.2363611Z 
2026-10-05T16:36:53.2364175Z       at node_modules/react-reconciler/cjs/react-reconciler.development.js:16307:19
2026-10-05T16:36:53.2365515Z       at runWithFiberInDEV (node_modules/react-reconciler/cjs/react-reconciler.development.js:2508:13)
2026-10-05T16:36:53.2367167Z       at warnIfUpdatesNotWrappedWithActDEV (node_modules/react-reconciler/cjs/react-reconciler.development.js:16306:9)
2026-10-05T16:36:53.2369049Z       at scheduleUpdateOnFiber (node_modules/react-reconciler/cjs/react-reconciler.development.js:14070:11)
2026-10-05T16:36:53.2370613Z       at dispatchSetStateInternal (node_modules/react-reconciler/cjs/react-reconciler.development.js:6784:13)
2026-10-05T16:36:53.2372141Z       at dispatchSetState (node_modules/react-reconciler/cjs/react-reconciler.development.js:6741:7)
2026-10-05T16:36:53.2373443Z       at setImporting (src/screens/client/wearables/ConnectProviderSheet.tsx:334:22)
2026-10-05T16:36:53.2374661Z       at asyncGeneratorStep (node_modules/@babel/runtime/helpers/asyncToGenerator.js:3:17)
2026-10-05T16:36:53.2375785Z       at _next (node_modules/@babel/runtime/helpers/asyncToGenerator.js:17:9)
2026-10-05T16:36:53.2376762Z       at node_modules/@babel/runtime/helpers/asyncToGenerator.js:22:7
2026-10-05T16:36:53.2377727Z       at node_modules/@babel/runtime/helpers/asyncToGenerator.js:14:12
2026-10-05T16:36:53.2378971Z       at apply (src/screens/client/wearables/ConnectProviderSheet.tsx:363:6)
2026-10-05T16:36:53.2380047Z       at runImport (src/screens/client/wearables/ConnectProviderSheet.tsx:436:17)
2026-10-05T16:36:53.2381228Z       at asyncGeneratorStep (node_modules/@babel/runtime/helpers/asyncToGenerator.js:3:17)
2026-10-05T16:36:53.2382357Z       at _next (node_modules/@babel/runtime/helpers/asyncToGenerator.js:17:9)
2026-10-05T16:36:53.2382931Z 
2026-10-05T16:36:53.2383099Z     console.error
2026-10-05T16:36:53.2383863Z       An update to ConnectProviderSheet inside a test was not wrapped in act(...).
2026-10-05T16:36:53.2384599Z       
2026-10-05T16:36:53.2385313Z       When testing, code that causes React state updates should be wrapped into act(...):
2026-10-05T16:36:53.2386095Z       
2026-10-05T16:36:53.2386449Z       act(() => {
2026-10-05T16:36:53.2386933Z         /* fire events that update state */
2026-10-05T16:36:53.2387473Z       });
2026-10-05T16:36:53.2387897Z       /* assert on the output */
2026-10-05T16:36:53.2388735Z       
2026-10-05T16:36:53.2389890Z       This ensures that you're testing the behavior the user would see in the browser. Learn more at https://react.dev/link/wrap-tests-with-act
2026-10-05T16:36:53.2390858Z 
2026-10-05T16:36:53.2391349Z     [0m [90m 294 |[39m         [36mreturn[39m[33m;[39m
2026-10-05T16:36:53.2391997Z      [90m 295 |[39m       }
2026-10-05T16:36:53.2392894Z     [31m[1m>[22m[39m[90m 296 |[39m       setResumeTarget([36mnull[39m)[33m;[39m
2026-10-05T16:36:53.2393814Z      [90m     |[39m       [31m[1m^[22m[39m
2026-10-05T16:36:53.2394824Z      [90m 297 |[39m       emitTutorialSignal([32m'wearable_connected'[39m)[33m;[39m
2026-10-05T16:36:53.2396309Z      [90m 298 |[39m       [36mif[39m (firstRun [33m&&[39m outcome[33m.[39mpostedCount [33m===[39m [35m0[39m) {
2026-10-05T16:36:53.2398109Z      [90m 299 |[39m         [90m// Connected, nothing to bring in (S-WEAR-3): say so and where to check,[39m[0m
2026-10-05T16:36:53.2399103Z 
2026-10-05T16:36:53.2399636Z       at node_modules/react-reconciler/cjs/react-reconciler.development.js:16307:19
2026-10-05T16:36:53.2401157Z       at runWithFiberInDEV (node_modules/react-reconciler/cjs/react-reconciler.development.js:2508:13)
2026-10-05T16:36:53.2402759Z       at warnIfUpdatesNotWrappedWithActDEV (node_modules/react-reconciler/cjs/react-reconciler.development.js:16306:9)
2026-10-05T16:36:53.2404391Z       at scheduleUpdateOnFiber (node_modules/react-reconciler/cjs/react-reconciler.development.js:14070:11)
2026-10-05T16:36:53.2405970Z       at dispatchSetStateInternal (node_modules/react-reconciler/cjs/react-reconciler.development.js:6784:13)
2026-10-05T16:36:53.2407459Z       at dispatchSetState (node_modules/react-reconciler/cjs/react-reconciler.development.js:6741:7)
2026-10-05T16:36:53.2409096Z       at setResumeTarget (src/screens/client/wearables/ConnectProviderSheet.tsx:296:7)
2026-10-05T16:36:53.2410387Z       at handleImportOutcome (src/screens/client/wearables/ConnectProviderSheet.tsx:343:9)
2026-10-05T16:36:53.2411654Z       at asyncGeneratorStep (node_modules/@babel/runtime/helpers/asyncToGenerator.js:3:17)
2026-10-05T16:36:53.2412793Z       at _next (node_modules/@babel/runtime/helpers/asyncToGenerator.js:17:9)
2026-10-05T16:36:53.2413360Z 
2026-10-05T16:36:53.2413546Z     console.error
2026-10-05T16:36:53.2414260Z       An update to ConnectProviderSheet inside a test was not wrapped in act(...).
2026-10-05T16:36:53.2415032Z       
2026-10-05T16:36:53.2415750Z       When testing, code that causes React state updates should be wrapped into act(...):
2026-10-05T16:36:53.2416506Z       
2026-10-05T16:36:53.2416868Z       act(() => {
2026-10-05T16:36:53.2417347Z         /* fire events that update state */
2026-10-05T16:36:53.2417859Z       });
2026-10-05T16:36:53.2418662Z       /* assert on the output */
2026-10-05T16:36:53.2419153Z       
2026-10-05T16:36:53.2420308Z       This ensures that you're testing the behavior the user would see in the browser. Learn more at https://react.dev/link/wrap-tests-with-act
2026-10-05T16:36:53.2421278Z 
2026-10-05T16:36:53.2422045Z     [0m [90m 359 |[39m         showMessage(connectFailureMessage(err[33m,[39m name))[33m;[39m
2026-10-05T16:36:53.2423084Z      [90m 360 |[39m       } [36mfinally[39m {
2026-10-05T16:36:53.2424216Z     [31m[1m>[22m[39m[90m 361 |[39m         [36mif[39m (current()) setImporting([36mfalse[39m)[33m;[39m
2026-10-05T16:36:53.2425355Z      [90m     |[39m                        [31m[1m^[22m[39m
2026-10-05T16:36:53.2426024Z      [90m 362 |[39m       }
2026-10-05T16:36:53.2426637Z      [90m 363 |[39m     }[33m,[39m
2026-10-05T16:36:53.2428012Z      [90m 364 |[39m     [handleImportOutcome[33m,[39m invalidate[33m,[39m isCurrentAttempt[33m,[39m showMessage][33m,[39m[0m
2026-10-05T16:36:53.2429088Z 
2026-10-05T16:36:53.2429594Z       at node_modules/react-reconciler/cjs/react-reconciler.development.js:16307:19
2026-10-05T16:36:53.2430892Z       at runWithFiberInDEV (node_modules/react-reconciler/cjs/react-reconciler.development.js:2508:13)
2026-10-05T16:36:53.2432524Z       at warnIfUpdatesNotWrappedWithActDEV (node_modules/react-reconciler/cjs/react-reconciler.development.js:16306:9)
2026-10-05T16:36:53.2434205Z       at scheduleUpdateOnFiber (node_modules/react-reconciler/cjs/react-reconciler.development.js:14070:11)
2026-10-05T16:36:53.2435747Z       at dispatchSetStateInternal (node_modules/react-reconciler/cjs/react-reconciler.development.js:6784:13)
2026-10-05T16:36:53.2437238Z       at dispatchSetState (node_modules/react-reconciler/cjs/react-reconciler.development.js:6741:7)
2026-10-05T16:36:53.2438808Z       at setImporting (src/screens/client/wearables/ConnectProviderSheet.tsx:361:24)
2026-10-05T16:36:53.2440024Z       at asyncGeneratorStep (node_modules/@babel/runtime/helpers/asyncToGenerator.js:3:17)
2026-10-05T16:36:53.2441166Z       at _next (node_modules/@babel/runtime/helpers/asyncToGenerator.js:17:9)
2026-10-05T16:36:53.2441975Z 
2026-10-05T16:36:53.2442182Z     console.error
2026-10-05T16:36:53.2442948Z       An update to ConnectProviderSheet inside a test was not wrapped in act(...).
2026-10-05T16:36:53.2443924Z       
2026-10-05T16:36:53.2444656Z       When testing, code that causes React state updates should be wrapped into act(...):
2026-10-05T16:36:53.2445455Z       
2026-10-05T16:36:53.2445807Z       act(() => {
2026-10-05T16:36:53.2446283Z         /* fire events that update state */
2026-10-05T16:36:53.2446806Z       });
2026-10-05T16:36:53.2447242Z       /* assert on the output */
2026-10-05T16:36:53.2447691Z       
2026-10-05T16:36:53.2449192Z       This ensures that you're testing the behavior the user would see in the browser. Learn more at https://react.dev/link/wrap-tests-with-act
2026-10-05T16:36:53.2450168Z 
2026-10-05T16:36:53.2451010Z     [0m [90m 529 |[39m       [90m// B-317-11: only this attempt's own sheet is un-busied; a close or[39m
2026-10-05T16:36:53.2452364Z      [90m 530 |[39m       [90m// provider change already reset it for the next one.[39m
2026-10-05T16:36:53.2454424Z     [31m[1m>[22m[39m[90m 531 |[39m       [36mif[39m (mountedRef[33m.[39mcurrent [33m&&[39m epochRef[33m.[39mcurrent [33m===[39m epoch) setRequestingOnDevice([36mfalse[39m)[33m;[39m
2026-10-05T16:36:53.2456220Z      [90m     |[39m                                                             [31m[1m^[22m[39m
2026-10-05T16:36:53.2457016Z      [90m 532 |[39m     }
2026-10-05T16:36:53.2457633Z      [90m 533 |[39m   }[33m,[39m [
2026-10-05T16:36:53.2458596Z      [90m 534 |[39m     provider[33m,[39m[0m
2026-10-05T16:36:53.2458986Z 
2026-10-05T16:36:53.2459535Z       at node_modules/react-reconciler/cjs/react-reconciler.development.js:16307:19
2026-10-05T16:36:53.2460869Z       at runWithFiberInDEV (node_modules/react-reconciler/cjs/react-reconciler.development.js:2508:13)
2026-10-05T16:36:53.2462481Z       at warnIfUpdatesNotWrappedWithActDEV (node_modules/react-reconciler/cjs/react-reconciler.development.js:16306:9)
2026-10-05T16:36:53.2464126Z       at scheduleUpdateOnFiber (node_modules/react-reconciler/cjs/react-reconciler.development.js:14070:11)
2026-10-05T16:36:53.2465642Z       at dispatchSetStateInternal (node_modules/react-reconciler/cjs/react-reconciler.development.js:6784:13)
2026-10-05T16:36:53.2467100Z       at dispatchSetState (node_modules/react-reconciler/cjs/react-reconciler.development.js:6741:7)
2026-10-05T16:36:53.2468845Z       at setRequestingOnDevice (src/screens/client/wearables/ConnectProviderSheet.tsx:531:61)
2026-10-05T16:36:53.2470153Z       at asyncGeneratorStep (node_modules/@babel/runtime/helpers/asyncToGenerator.js:3:17)
2026-10-05T16:36:53.2471306Z       at _next (node_modules/@babel/runtime/helpers/asyncToGenerator.js:17:9)
2026-10-05T16:36:53.2471880Z 
2026-10-05T16:36:53.2472051Z     console.error
2026-10-05T16:36:53.2472794Z       An update to ConnectProviderSheet inside a test was not wrapped in act(...).
2026-10-05T16:36:53.2473549Z       
2026-10-05T16:36:53.2474312Z       When testing, code that causes React state updates should be wrapped into act(...):
2026-10-05T16:36:53.2475071Z       
2026-10-05T16:36:53.2475410Z       act(() => {
2026-10-05T16:36:53.2475908Z         /* fire events that update state */
2026-10-05T16:36:53.2476418Z       });
2026-10-05T16:36:53.2476843Z       /* assert on the output */
2026-10-05T16:36:53.2477301Z       
2026-10-05T16:36:53.2478680Z       This ensures that you're testing the behavior the user would see in the browser. Learn more at https://react.dev/link/wrap-tests-with-act
2026-10-05T16:36:53.2479661Z 
2026-10-05T16:36:53.2480590Z     [0m [90m 332 |[39m         [36mif[39m (currentAuthGeneration() [33m===[39m generation) invalidate()[33m;[39m
2026-10-05T16:36:53.2481675Z      [90m 333 |[39m       }[33m;[39m
2026-10-05T16:36:53.2482738Z     [31m[1m>[22m[39m[90m 334 |[39m       [36mif[39m (current()) setImporting([36mtrue[39m)[33m;[39m
2026-10-05T16:36:53.2484060Z      [90m     |[39m                      [31m[1m^[22m[39m
2026-10-05T16:36:53.2484839Z      [90m 335 |[39m       [36mtry[39m {
2026-10-05T16:36:53.2486021Z      [90m 336 |[39m         [36mconst[39m outcome [33m=[39m [36mawait[39m run()[33m;[39m
2026-10-05T16:36:53.2487569Z      [90m 337 |[39m         [36mif[39m ([33m![39mcurrent() [33m||[39m currentAuthGeneration() [33m!==[39m generation) {[0m
2026-10-05T16:36:53.2488615Z 
2026-10-05T16:36:53.2489181Z       at node_modules/react-reconciler/cjs/react-reconciler.development.js:16307:19
2026-10-05T16:36:53.2490525Z       at runWithFiberInDEV (node_modules/react-reconciler/cjs/react-reconciler.development.js:2508:13)
2026-10-05T16:36:53.2492030Z       at warnIfUpdatesNotWrappedWithActDEV (node_modules/react-reconciler/cjs/react-reconciler.development.js:16306:9)
2026-10-05T16:36:53.2493632Z       at scheduleUpdateOnFiber (node_modules/react-reconciler/cjs/react-reconciler.development.js:14070:11)
2026-10-05T16:36:53.2495157Z       at dispatchSetStateInternal (node_modules/react-reconciler/cjs/react-reconciler.development.js:6784:13)
2026-10-05T16:36:53.2496606Z       at dispatchSetState (node_modules/react-reconciler/cjs/react-reconciler.development.js:6741:7)
2026-10-05T16:36:53.2497904Z       at setImporting (src/screens/client/wearables/ConnectProviderSheet.tsx:334:22)
2026-10-05T16:36:53.2499527Z       at asyncGeneratorStep (node_modules/@babel/runtime/helpers/asyncToGenerator.js:3:17)
2026-10-05T16:36:53.2500694Z       at _next (node_modules/@babel/runtime/helpers/asyncToGenerator.js:17:9)
2026-10-05T16:36:53.2501662Z       at node_modules/@babel/runtime/helpers/asyncToGenerator.js:22:7
2026-10-05T16:36:53.2502613Z       at node_modules/@babel/runtime/helpers/asyncToGenerator.js:14:12
2026-10-05T16:36:53.2503614Z       at apply (src/screens/client/wearables/ConnectProviderSheet.tsx:363:6)
2026-10-05T16:36:53.2504703Z       at runImport (src/screens/client/wearables/ConnectProviderSheet.tsx:436:17)
2026-10-05T16:36:53.2505917Z       at asyncGeneratorStep (node_modules/@babel/runtime/helpers/asyncToGenerator.js:3:17)
2026-10-05T16:36:53.2507072Z       at _next (node_modules/@babel/runtime/helpers/asyncToGenerator.js:17:9)
2026-10-05T16:36:53.2507658Z 
2026-10-05T16:36:53.2507835Z     console.error
2026-10-05T16:36:53.2508906Z       An update to ConnectProviderSheet inside a test was not wrapped in act(...).
2026-10-05T16:36:53.2509670Z       
2026-10-05T16:36:53.2510421Z       When testing, code that causes React state updates should be wrapped into act(...):
2026-10-05T16:36:53.2511216Z       
2026-10-05T16:36:53.2511571Z       act(() => {
2026-10-05T16:36:53.2512062Z         /* fire events that update state */
2026-10-05T16:36:53.2512579Z       });
2026-10-05T16:36:53.2513012Z       /* assert on the output */
2026-10-05T16:36:53.2513458Z       
2026-10-05T16:36:53.2514597Z       This ensures that you're testing the behavior the user would see in the browser. Learn more at https://react.dev/link/wrap-tests-with-act
2026-10-05T16:36:53.2515579Z 
2026-10-05T16:36:53.2516067Z     [0m [90m 294 |[39m         [36mreturn[39m[33m;[39m
2026-10-05T16:36:53.2516630Z      [90m 295 |[39m       }
2026-10-05T16:36:53.2517384Z     [31m[1m>[22m[39m[90m 296 |[39m       setResumeTarget([36mnull[39m)[33m;[39m
2026-10-05T16:36:53.2518052Z      [90m     |[39m       [31m[1m^[22m[39m
2026-10-05T16:36:53.2519067Z      [90m 297 |[39m       emitTutorialSignal([32m'wearable_connected'[39m)[33m;[39m
2026-10-05T16:36:53.2520116Z      [90m 298 |[39m       [36mif[39m (firstRun [33m&&[39m outcome[33m.[39mpostedCount [33m===[39m [35m0[39m) {
2026-10-05T16:36:53.2521258Z      [90m 299 |[39m         [90m// Connected, nothing to bring in (S-WEAR-3): say so and where to check,[39m[0m
2026-10-05T16:36:53.2521789Z 
2026-10-05T16:36:53.2522188Z       at node_modules/react-reconciler/cjs/react-reconciler.development.js:16307:19
2026-10-05T16:36:53.2523213Z       at runWithFiberInDEV (node_modules/react-reconciler/cjs/react-reconciler.development.js:2508:13)
2026-10-05T16:36:53.2524904Z       at warnIfUpdatesNotWrappedWithActDEV (node_modules/react-reconciler/cjs/react-reconciler.development.js:16306:9)
2026-10-05T16:36:53.2526583Z       at scheduleUpdateOnFiber (node_modules/react-reconciler/cjs/react-reconciler.development.js:14070:11)
2026-10-05T16:36:53.2527966Z       at dispatchSetStateInternal (node_modules/react-reconciler/cjs/react-reconciler.development.js:6784:13)
2026-10-05T16:36:53.2557884Z       at dispatchSetState (node_modules/react-reconciler/cjs/react-reconciler.development.js:6741:7)
2026-10-05T16:36:53.2559653Z       at setResumeTarget (src/screens/client/wearables/ConnectProviderSheet.tsx:296:7)
2026-10-05T16:36:53.2560795Z       at handleImportOutcome (src/screens/client/wearables/ConnectProviderSheet.tsx:343:9)
2026-10-05T16:36:53.2561947Z       at asyncGeneratorStep (node_modules/@babel/runtime/helpers/asyncToGenerator.js:3:17)
2026-10-05T16:36:53.2562884Z       at _next (node_modules/@babel/runtime/helpers/asyncToGenerator.js:17:9)
2026-10-05T16:36:53.2563386Z 
2026-10-05T16:36:53.2563555Z     console.error
2026-10-05T16:36:53.2564295Z       An update to ConnectProviderSheet inside a test was not wrapped in act(...).
2026-10-05T16:36:53.2564910Z       
2026-10-05T16:36:53.2565544Z       When testing, code that causes React state updates should be wrapped into act(...):
2026-10-05T16:36:53.2566307Z       
2026-10-05T16:36:53.2566680Z       act(() => {
2026-10-05T16:36:53.2567158Z         /* fire events that update state */
2026-10-05T16:36:53.2567686Z       });
2026-10-05T16:36:53.2568104Z       /* assert on the output */
2026-10-05T16:36:53.2568861Z       
2026-10-05T16:36:53.2569996Z       This ensures that you're testing the behavior the user would see in the browser. Learn more at https://react.dev/link/wrap-tests-with-act
2026-10-05T16:36:53.2570972Z 
2026-10-05T16:36:53.2571771Z     [0m [90m 359 |[39m         showMessage(connectFailureMessage(err[33m,[39m name))[33m;[39m
2026-10-05T16:36:53.2572813Z      [90m 360 |[39m       } [36mfinally[39m {
2026-10-05T16:36:53.2573970Z     [31m[1m>[22m[39m[90m 361 |[39m         [36mif[39m (current()) setImporting([36mfalse[39m)[33m;[39m
2026-10-05T16:36:53.2575101Z      [90m     |[39m                        [31m[1m^[22m[39m
2026-10-05T16:36:53.2575763Z      [90m 362 |[39m       }
2026-10-05T16:36:53.2576365Z      [90m 363 |[39m     }[33m,[39m
2026-10-05T16:36:53.2577693Z      [90m 364 |[39m     [handleImportOutcome[33m,[39m invalidate[33m,[39m isCurrentAttempt[33m,[39m showMessage][33m,[39m[0m
2026-10-05T16:36:53.2578801Z 
2026-10-05T16:36:53.2579365Z       at node_modules/react-reconciler/cjs/react-reconciler.development.js:16307:19
2026-10-05T16:36:53.2580677Z       at runWithFiberInDEV (node_modules/react-reconciler/cjs/react-reconciler.development.js:2508:13)
2026-10-05T16:36:53.2582299Z       at warnIfUpdatesNotWrappedWithActDEV (node_modules/react-reconciler/cjs/react-reconciler.development.js:16306:9)
2026-10-05T16:36:53.2583958Z       at scheduleUpdateOnFiber (node_modules/react-reconciler/cjs/react-reconciler.development.js:14070:11)
2026-10-05T16:36:53.2585557Z       at dispatchSetStateInternal (node_modules/react-reconciler/cjs/react-reconciler.development.js:6784:13)
2026-10-05T16:36:53.2587043Z       at dispatchSetState (node_modules/react-reconciler/cjs/react-reconciler.development.js:6741:7)
2026-10-05T16:36:53.2588786Z       at setImporting (src/screens/client/wearables/ConnectProviderSheet.tsx:361:24)
2026-10-05T16:36:53.2590025Z       at asyncGeneratorStep (node_modules/@babel/runtime/helpers/asyncToGenerator.js:3:17)
2026-10-05T16:36:53.2591170Z       at _next (node_modules/@babel/runtime/helpers/asyncToGenerator.js:17:9)
2026-10-05T16:36:53.2591738Z 
2026-10-05T16:36:53.2591909Z     console.error
2026-10-05T16:36:53.2592675Z       An update to ConnectProviderSheet inside a test was not wrapped in act(...).
2026-10-05T16:36:53.2593427Z       
2026-10-05T16:36:53.2594404Z       When testing, code that causes React state updates should be wrapped into act(...):
2026-10-05T16:36:53.2595180Z       
2026-10-05T16:36:53.2595506Z       act(() => {
2026-10-05T16:36:53.2596143Z         /* fire events that update state */
2026-10-05T16:36:53.2596661Z       });
2026-10-05T16:36:53.2597062Z       /* assert on the output */
2026-10-05T16:36:53.2597494Z       
2026-10-05T16:36:53.2599065Z       This ensures that you're testing the behavior the user would see in the browser. Learn more at https://react.dev/link/wrap-tests-with-act
2026-10-05T16:36:53.2600045Z 
2026-10-05T16:36:53.2600885Z     [0m [90m 529 |[39m       [90m// B-317-11: only this attempt's own sheet is un-busied; a close or[39m
2026-10-05T16:36:53.2602233Z      [90m 530 |[39m       [90m// provider change already reset it for the next one.[39m
2026-10-05T16:36:53.2604303Z     [31m[1m>[22m[39m[90m 531 |[39m       [36mif[39m (mountedRef[33m.[39mcurrent [33m&&[39m epochRef[33m.[39mcurrent [33m===[39m epoch) setRequestingOnDevice([36mfalse[39m)[33m;[39m
2026-10-05T16:36:53.2606089Z      [90m     |[39m                                                             [31m[1m^[22m[39m
2026-10-05T16:36:53.2606891Z      [90m 532 |[39m     }
2026-10-05T16:36:53.2607514Z      [90m 533 |[39m   }[33m,[39m [
2026-10-05T16:36:53.2608505Z      [90m 534 |[39m     provider[33m,[39m[0m
2026-10-05T16:36:53.2608955Z 
2026-10-05T16:36:53.2609511Z       at node_modules/react-reconciler/cjs/react-reconciler.development.js:16307:19
2026-10-05T16:36:53.2610847Z       at runWithFiberInDEV (node_modules/react-reconciler/cjs/react-reconciler.development.js:2508:13)
2026-10-05T16:36:53.2612464Z       at warnIfUpdatesNotWrappedWithActDEV (node_modules/react-reconciler/cjs/react-reconciler.development.js:16306:9)
2026-10-05T16:36:53.2614117Z       at scheduleUpdateOnFiber (node_modules/react-reconciler/cjs/react-reconciler.development.js:14070:11)
2026-10-05T16:36:53.2615685Z       at dispatchSetStateInternal (node_modules/react-reconciler/cjs/react-reconciler.development.js:6784:13)
2026-10-05T16:36:53.2617169Z       at dispatchSetState (node_modules/react-reconciler/cjs/react-reconciler.development.js:6741:7)
2026-10-05T16:36:53.2618812Z       at setRequestingOnDevice (src/screens/client/wearables/ConnectProviderSheet.tsx:531:61)
2026-10-05T16:36:53.2620113Z       at asyncGeneratorStep (node_modules/@babel/runtime/helpers/asyncToGenerator.js:3:17)
2026-10-05T16:36:53.2621267Z       at _next (node_modules/@babel/runtime/helpers/asyncToGenerator.js:17:9)
2026-10-05T16:36:53.2621834Z 
2026-10-05T16:36:53.2622310Z PASS src/config/__tests__/androidHealthConnectConfig.test.js
2026-10-05T16:36:53.2623222Z PASS src/services/__tests__/authActions.signOut.test.ts
2026-10-05T16:36:53.2624063Z   ● Console
2026-10-05T16:36:53.2624277Z 
2026-10-05T16:36:53.2624556Z     console.warn
2026-10-05T16:36:53.2625843Z       [AuthActions] clearUserScopedKeys: storage sweep failed TypeError: storage.getAllKeys is not a function
2026-10-05T16:36:53.2645578Z           at getAllKeys (/home/runner/work/growth-project-mobile/growth-project-mobile/src/services/authActions.ts:203:45)
2026-10-05T16:36:53.2646765Z           at Generator.next (<anonymous>)
2026-10-05T16:36:53.2648520Z           at asyncGeneratorStep (/home/runner/work/growth-project-mobile/growth-project-mobile/node_modules/@babel/runtime/helpers/asyncToGenerator.js:3:17)
2026-10-05T16:36:53.2650641Z           at _next (/home/runner/work/growth-project-mobile/growth-project-mobile/node_modules/@babel/runtime/helpers/asyncToGenerator.js:17:9)
2026-10-05T16:36:53.2652616Z           at /home/runner/work/growth-project-mobile/growth-project-mobile/node_modules/@babel/runtime/helpers/asyncToGenerator.js:22:7
2026-10-05T16:36:53.2653848Z           at new Promise (<anonymous>)
2026-10-05T16:36:53.2655146Z           at /home/runner/work/growth-project-mobile/growth-project-mobile/node_modules/@babel/runtime/helpers/asyncToGenerator.js:14:12
2026-10-05T16:36:53.2657183Z           at _loop (/home/runner/work/growth-project-mobile/growth-project-mobile/src/services/authActions.ts:212:8)
2026-10-05T16:36:53.2658713Z           at _loop.next (<anonymous>)
2026-10-05T16:36:53.2659883Z           at _loop (/home/runner/work/growth-project-mobile/growth-project-mobile/src/services/authActions.ts:194:42)
2026-10-05T16:36:53.2661223Z           at Generator.next (<anonymous>)
2026-10-05T16:36:53.2662706Z           at asyncGeneratorStep (/home/runner/work/growth-project-mobile/growth-project-mobile/node_modules/@babel/runtime/helpers/asyncToGenerator.js:3:17)
2026-10-05T16:36:53.2664837Z           at _next (/home/runner/work/growth-project-mobile/growth-project-mobile/node_modules/@babel/runtime/helpers/asyncToGenerator.js:17:9)
2026-10-05T16:36:53.2666780Z           at /home/runner/work/growth-project-mobile/growth-project-mobile/node_modules/@babel/runtime/helpers/asyncToGenerator.js:22:7
2026-10-05T16:36:53.2667992Z           at new Promise (<anonymous>)
2026-10-05T16:36:53.2669564Z           at /home/runner/work/growth-project-mobile/growth-project-mobile/node_modules/@babel/runtime/helpers/asyncToGenerator.js:14:12
2026-10-05T16:36:53.2671263Z           at apply (/home/runner/work/growth-project-mobile/growth-project-mobile/src/services/authActions.ts:235:2)
2026-10-05T16:36:53.2672815Z           at apply (/home/runner/work/growth-project-mobile/growth-project-mobile/src/services/authActions.ts:190:42)
2026-10-05T16:36:53.2674522Z           at clearUserScopedKeys (/home/runner/work/growth-project-mobile/growth-project-mobile/src/services/authActions.ts:411:7)
2026-10-05T16:36:53.2675688Z           at Generator.next (<anonymous>)
2026-10-05T16:36:53.2677109Z           at asyncGeneratorStep (/home/runner/work/growth-project-mobile/growth-project-mobile/node_modules/@babel/runtime/helpers/asyncToGenerator.js:3:17)
2026-10-05T16:36:53.2679335Z           at _next (/home/runner/work/growth-project-mobile/growth-project-mobile/node_modules/@babel/runtime/helpers/asyncToGenerator.js:17:9)
2026-10-05T16:36:53.2680749Z           at processTicksAndRejections (node:internal/process/task_queues:105:5)
2026-10-05T16:36:53.2681327Z 
2026-10-05T16:36:53.2682575Z     [0m [90m 16 |[39m [36mfunction[39m log(level[33m:[39m [33mLogLevel[39m[33m,[39m context[33m:[39m string[33m,[39m [33m...[39margs[33m:[39m unknown[]) {
2026-10-05T16:36:53.2683906Z      [90m 17 |[39m   [36mif[39m (__DEV__) {
2026-10-05T16:36:53.2685099Z     [31m[1m>[22m[39m[90m 18 |[39m     console[level]([32m`[${context}]`[39m[33m,[39m [33m...[39margs)[33m;[39m
2026-10-05T16:36:53.2686199Z      [90m    |[39m                   [31m[1m^[22m[39m
2026-10-05T16:36:53.2686804Z      [90m 19 |[39m   }
2026-10-05T16:36:53.2687644Z      [90m 20 |[39m   [90m// In production, could forward to Sentry breadcrumbs here[39m
2026-10-05T16:36:53.2688721Z      [90m 21 |[39m }[0m
2026-10-05T16:36:53.2688980Z 
2026-10-05T16:36:53.2689215Z       at log (src/utils/logger.ts:18:19)
2026-10-05T16:36:53.2689845Z       at Object.log [as warn] (src/utils/logger.ts:25:50)
2026-10-05T16:36:53.2690135Z       at warn (src/services/authActions.ts:210:18)
2026-10-05T16:36:53.2690693Z       at asyncGeneratorStep (node_modules/@babel/runtime/helpers/asyncToGenerator.js:3:17)
2026-10-05T16:36:53.2691178Z       at _next (node_modules/@babel/runtime/helpers/asyncToGenerator.js:17:9)
2026-10-05T16:36:53.2691607Z       at node_modules/@babel/runtime/helpers/asyncToGenerator.js:22:7
2026-10-05T16:36:53.2692030Z       at node_modules/@babel/runtime/helpers/asyncToGenerator.js:14:12
2026-10-05T16:36:53.2692324Z       at _loop (src/services/authActions.ts:212:8)
2026-10-05T16:36:53.2692574Z           at _loop.next (<anonymous>)
2026-10-05T16:36:53.2692873Z       at _loop (src/services/authActions.ts:194:42)
2026-10-05T16:36:53.2693430Z       at asyncGeneratorStep (node_modules/@babel/runtime/helpers/asyncToGenerator.js:3:17)
2026-10-05T16:36:53.2693893Z       at _next (node_modules/@babel/runtime/helpers/asyncToGenerator.js:17:9)
2026-10-05T16:36:53.2694314Z       at node_modules/@babel/runtime/helpers/asyncToGenerator.js:22:7
2026-10-05T16:36:53.2694964Z       at node_modules/@babel/runtime/helpers/asyncToGenerator.js:14:12
2026-10-05T16:36:53.2695266Z       at apply (src/services/authActions.ts:235:2)
2026-10-05T16:36:53.2695778Z       at apply (src/services/authActions.ts:190:42)
2026-10-05T16:36:53.2696163Z       at clearUserScopedKeys (src/services/authActions.ts:411:7)
2026-10-05T16:36:53.2696724Z       at asyncGeneratorStep (node_modules/@babel/runtime/helpers/asyncToGenerator.js:3:17)
2026-10-05T16:36:53.2697159Z       at _next (node_modules/@babel/runtime/helpers/asyncToGenerator.js:17:9)
2026-10-05T16:36:53.2697176Z 
2026-10-05T16:36:53.2697337Z     console.warn
2026-10-05T16:36:53.2698084Z       [AuthActions] clearUserScopedKeys: storage sweep failed TypeError: storage.getAllKeys is not a function
2026-10-05T16:36:53.2699314Z           at getAllKeys (/home/runner/work/growth-project-mobile/growth-project-mobile/src/services/authActions.ts:203:45)
2026-10-05T16:36:53.2699558Z           at Generator.next (<anonymous>)
2026-10-05T16:36:53.2700611Z           at asyncGeneratorStep (/home/runner/work/growth-project-mobile/growth-project-mobile/node_modules/@babel/runtime/helpers/asyncToGenerator.js:3:17)
2026-10-05T16:36:53.2701549Z           at _next (/home/runner/work/growth-project-mobile/growth-project-mobile/node_modules/@babel/runtime/helpers/asyncToGenerator.js:17:9)
2026-10-05T16:36:53.2702434Z           at /home/runner/work/growth-project-mobile/growth-project-mobile/node_modules/@babel/runtime/helpers/asyncToGenerator.js:22:7
2026-10-05T16:36:53.2702662Z           at new Promise (<anonymous>)
2026-10-05T16:36:53.2703518Z           at /home/runner/work/growth-project-mobile/growth-project-mobile/node_modules/@babel/runtime/helpers/asyncToGenerator.js:14:12
2026-10-05T16:36:53.2704281Z           at _loop (/home/runner/work/growth-project-mobile/growth-project-mobile/src/services/authActions.ts:212:8)
2026-10-05T16:36:53.2704514Z           at _loop.next (<anonymous>)
2026-10-05T16:36:53.2705227Z           at _loop (/home/runner/work/growth-project-mobile/growth-project-mobile/src/services/authActions.ts:194:42)
2026-10-05T16:36:53.2705466Z           at Generator.next (<anonymous>)
2026-10-05T16:36:53.2706480Z           at asyncGeneratorStep (/home/runner/work/growth-project-mobile/growth-project-mobile/node_modules/@babel/runtime/helpers/asyncToGenerator.js:3:17)
2026-10-05T16:36:53.2707354Z           at _next (/home/runner/work/growth-project-mobile/growth-project-mobile/node_modules/@babel/runtime/helpers/asyncToGenerator.js:17:9)
2026-10-05T16:36:53.2708431Z           at /home/runner/work/growth-project-mobile/growth-project-mobile/node_modules/@babel/runtime/helpers/asyncToGenerator.js:22:7
2026-10-05T16:36:53.2708662Z           at new Promise (<anonymous>)
2026-10-05T16:36:53.2709544Z           at /home/runner/work/growth-project-mobile/growth-project-mobile/node_modules/@babel/runtime/helpers/asyncToGenerator.js:14:12
2026-10-05T16:36:53.2710262Z           at apply (/home/runner/work/growth-project-mobile/growth-project-mobile/src/services/authActions.ts:235:2)
2026-10-05T16:36:53.2711029Z           at apply (/home/runner/work/growth-project-mobile/growth-project-mobile/src/services/authActions.ts:190:42)
2026-10-05T16:36:53.2711839Z           at clearUserScopedKeys (/home/runner/work/growth-project-mobile/growth-project-mobile/src/services/authActions.ts:411:7)
2026-10-05T16:36:53.2712082Z           at Generator.next (<anonymous>)
2026-10-05T16:36:53.2713130Z           at asyncGeneratorStep (/home/runner/work/growth-project-mobile/growth-project-mobile/node_modules/@babel/runtime/helpers/asyncToGenerator.js:3:17)
2026-10-05T16:36:53.2714102Z           at _next (/home/runner/work/growth-project-mobile/growth-project-mobile/node_modules/@babel/runtime/helpers/asyncToGenerator.js:17:9)
2026-10-05T16:36:53.2714592Z           at processTicksAndRejections (node:internal/process/task_queues:105:5)
2026-10-05T16:36:53.2714609Z 
2026-10-05T16:36:53.2716033Z     [0m [90m 16 |[39m [36mfunction[39m log(level[33m:[39m [33mLogLevel[39m[33m,[39m context[33m:[39m string[33m,[39m [33m...[39margs[33m:[39m unknown[]) {
2026-10-05T16:36:53.2716433Z      [90m 17 |[39m   [36mif[39m (__DEV__) {
2026-10-05T16:36:53.2717444Z     [31m[1m>[22m[39m[90m 18 |[39m     console[level]([32m`[${context}]`[39m[33m,[39m [33m...[39margs)[33m;[39m
2026-10-05T16:36:53.2717855Z      [90m    |[39m                   [31m[1m^[22m[39m
2026-10-05T16:36:53.2718093Z      [90m 19 |[39m   }
2026-10-05T16:36:53.2719143Z      [90m 20 |[39m   [90m// In production, could forward to Sentry breadcrumbs here[39m
2026-10-05T16:36:53.2719395Z      [90m 21 |[39m }[0m
2026-10-05T16:36:53.2719410Z 
2026-10-05T16:36:53.2719647Z       at log (src/utils/logger.ts:18:19)
2026-10-05T16:36:53.2719983Z       at Object.log [as warn] (src/utils/logger.ts:25:50)
2026-10-05T16:36:53.2720287Z       at warn (src/services/authActions.ts:210:18)
2026-10-05T16:36:53.2720884Z       at asyncGeneratorStep (node_modules/@babel/runtime/helpers/asyncToGenerator.js:3:17)
2026-10-05T16:36:53.2721364Z       at _next (node_modules/@babel/runtime/helpers/asyncToGenerator.js:17:9)
2026-10-05T16:36:53.2721794Z       at node_modules/@babel/runtime/helpers/asyncToGenerator.js:22:7
2026-10-05T16:36:53.2722212Z       at node_modules/@babel/runtime/helpers/asyncToGenerator.js:14:12
2026-10-05T16:36:53.2722502Z       at _loop (src/services/authActions.ts:212:8)
2026-10-05T16:36:53.2722737Z           at _loop.next (<anonymous>)
2026-10-05T16:36:53.2723023Z       at _loop (src/services/authActions.ts:194:42)
2026-10-05T16:36:53.2723599Z       at asyncGeneratorStep (node_modules/@babel/runtime/helpers/asyncToGenerator.js:3:17)
2026-10-05T16:36:53.2724055Z       at _next (node_modules/@babel/runtime/helpers/asyncToGenerator.js:17:9)
2026-10-05T16:36:53.2724468Z       at node_modules/@babel/runtime/helpers/asyncToGenerator.js:22:7
2026-10-05T16:36:53.2724872Z       at node_modules/@babel/runtime/helpers/asyncToGenerator.js:14:12
2026-10-05T16:36:53.2725174Z       at apply (src/services/authActions.ts:235:2)
2026-10-05T16:36:53.2725474Z       at apply (src/services/authActions.ts:190:42)
2026-10-05T16:36:53.2725872Z       at clearUserScopedKeys (src/services/authActions.ts:411:7)
2026-10-05T16:36:53.2726449Z       at asyncGeneratorStep (node_modules/@babel/runtime/helpers/asyncToGenerator.js:3:17)
2026-10-05T16:36:53.2726915Z       at _next (node_modules/@babel/runtime/helpers/asyncToGenerator.js:17:9)
2026-10-05T16:36:53.2726933Z 
2026-10-05T16:36:53.2727095Z     console.warn
2026-10-05T16:36:53.2727836Z       [AuthActions] clearUserScopedKeys: storage sweep failed TypeError: storage.getAllKeys is not a function
2026-10-05T16:36:53.2728933Z           at getAllKeys (/home/runner/work/growth-project-mobile/growth-project-mobile/src/services/authActions.ts:203:45)
2026-10-05T16:36:53.2729205Z           at Generator.next (<anonymous>)
2026-10-05T16:36:53.2730288Z           at asyncGeneratorStep (/home/runner/work/growth-project-mobile/growth-project-mobile/node_modules/@babel/runtime/helpers/asyncToGenerator.js:3:17)
2026-10-05T16:36:53.2731192Z           at _next (/home/runner/work/growth-project-mobile/growth-project-mobile/node_modules/@babel/runtime/helpers/asyncToGenerator.js:17:9)
2026-10-05T16:36:53.2732059Z           at /home/runner/work/growth-project-mobile/growth-project-mobile/node_modules/@babel/runtime/helpers/asyncToGenerator.js:22:7
2026-10-05T16:36:53.2732307Z           at new Promise (<anonymous>)
2026-10-05T16:36:53.2733227Z           at /home/runner/work/growth-project-mobile/growth-project-mobile/node_modules/@babel/runtime/helpers/asyncToGenerator.js:14:12
2026-10-05T16:36:53.2733995Z           at _loop (/home/runner/work/growth-project-mobile/growth-project-mobile/src/services/authActions.ts:212:8)
2026-10-05T16:36:53.2734239Z           at _loop.next (<anonymous>)
2026-10-05T16:36:53.2735004Z           at _loop (/home/runner/work/growth-project-mobile/growth-project-mobile/src/services/authActions.ts:194:42)
2026-10-05T16:36:53.2735258Z           at Generator.next (<anonymous>)
2026-10-05T16:36:53.2736720Z           at asyncGeneratorStep (/home/runner/work/growth-project-mobile/growth-project-mobile/node_modules/@babel/runtime/helpers/asyncToGenerator.js:3:17)
2026-10-05T16:36:53.2737898Z           at _next (/home/runner/work/growth-project-mobile/growth-project-mobile/node_modules/@babel/runtime/helpers/asyncToGenerator.js:17:9)
2026-10-05T16:36:53.2739077Z           at /home/runner/work/growth-project-mobile/growth-project-mobile/node_modules/@babel/runtime/helpers/asyncToGenerator.js:22:7
2026-10-05T16:36:53.2739344Z           at new Promise (<anonymous>)
2026-10-05T16:36:53.2740263Z           at /home/runner/work/growth-project-mobile/growth-project-mobile/node_modules/@babel/runtime/helpers/asyncToGenerator.js:14:12
2026-10-05T16:36:53.2741043Z           at apply (/home/runner/work/growth-project-mobile/growth-project-mobile/src/services/authActions.ts:190:42)
2026-10-05T16:36:53.2741963Z           at clearUserScopedKeys (/home/runner/work/growth-project-mobile/growth-project-mobile/src/services/authActions.ts:411:7)
2026-10-05T16:36:53.2742225Z           at Generator.next (<anonymous>)
2026-10-05T16:36:53.2743314Z           at asyncGeneratorStep (/home/runner/work/growth-project-mobile/growth-project-mobile/node_modules/@babel/runtime/helpers/asyncToGenerator.js:3:17)
2026-10-05T16:36:53.2744289Z           at _next (/home/runner/work/growth-project-mobile/growth-project-mobile/node_modules/@babel/runtime/helpers/asyncToGenerator.js:17:9)
2026-10-05T16:36:53.2744798Z           at processTicksAndRejections (node:internal/process/task_queues:105:5)
2026-10-05T16:36:53.2744816Z 
2026-10-05T16:36:53.2746081Z     [0m [90m 16 |[39m [36mfunction[39m log(level[33m:[39m [33mLogLevel[39m[33m,[39m context[33m:[39m string[33m,[39m [33m...[39margs[33m:[39m unknown[]) {
2026-10-05T16:36:53.2746432Z      [90m 17 |[39m   [36mif[39m (__DEV__) {
2026-10-05T16:36:53.2747275Z     [31m[1m>[22m[39m[90m 18 |[39m     console[level]([32m`[${context}]`[39m[33m,[39m [33m...[39margs)[33m;[39m
2026-10-05T16:36:53.2747683Z      [90m    |[39m                   [31m[1m^[22m[39m
2026-10-05T16:36:53.2747931Z      [90m 19 |[39m   }
2026-10-05T16:36:53.2748821Z      [90m 20 |[39m   [90m// In production, could forward to Sentry breadcrumbs here[39m
2026-10-05T16:36:53.2749082Z      [90m 21 |[39m }[0m
2026-10-05T16:36:53.2749098Z 
2026-10-05T16:36:53.2749342Z       at log (src/utils/logger.ts:18:19)
2026-10-05T16:36:53.2749673Z       at Object.log [as warn] (src/utils/logger.ts:25:50)
2026-10-05T16:36:53.2749966Z       at warn (src/services/authActions.ts:210:18)
2026-10-05T16:36:53.2750550Z       at asyncGeneratorStep (node_modules/@babel/runtime/helpers/asyncToGenerator.js:3:17)
2026-10-05T16:36:53.2751018Z       at _next (node_modules/@babel/runtime/helpers/asyncToGenerator.js:17:9)
2026-10-05T16:36:53.2751432Z       at node_modules/@babel/runtime/helpers/asyncToGenerator.js:22:7
2026-10-05T16:36:53.2751844Z       at node_modules/@babel/runtime/helpers/asyncToGenerator.js:14:12
2026-10-05T16:36:53.2752151Z       at _loop (src/services/authActions.ts:212:8)
2026-10-05T16:36:53.2752390Z           at _loop.next (<anonymous>)
2026-10-05T16:36:53.2752685Z       at _loop (src/services/authActions.ts:194:42)
2026-10-05T16:36:53.2753271Z       at asyncGeneratorStep (node_modules/@babel/runtime/helpers/asyncToGenerator.js:3:17)
2026-10-05T16:36:53.2753732Z       at _next (node_modules/@babel/runtime/helpers/asyncToGenerator.js:17:9)
2026-10-05T16:36:53.2754142Z       at node_modules/@babel/runtime/helpers/asyncToGenerator.js:22:7
2026-10-05T16:36:53.2754545Z       at node_modules/@babel/runtime/helpers/asyncToGenerator.js:14:12
2026-10-05T16:36:53.2754842Z       at apply (src/services/authActions.ts:190:42)
2026-10-05T16:36:53.2755221Z       at clearUserScopedKeys (src/services/authActions.ts:411:7)
2026-10-05T16:36:53.2755754Z       at asyncGeneratorStep (node_modules/@babel/runtime/helpers/asyncToGenerator.js:3:17)
2026-10-05T16:36:53.2756383Z       at _next (node_modules/@babel/runtime/helpers/asyncToGenerator.js:17:9)
2026-10-05T16:36:53.2756402Z 
2026-10-05T16:36:53.2756570Z     console.warn
2026-10-05T16:36:53.2757395Z       [AuthActions] clearUserScopedKeys: storage sweep failed TypeError: storage.getAllKeys is not a function
2026-10-05T16:36:53.2758402Z           at getAllKeys (/home/runner/work/growth-project-mobile/growth-project-mobile/src/services/authActions.ts:203:45)
2026-10-05T16:36:53.2758647Z           at Generator.next (<anonymous>)
2026-10-05T16:36:53.2759645Z           at asyncGeneratorStep (/home/runner/work/growth-project-mobile/growth-project-mobile/node_modules/@babel/runtime/helpers/asyncToGenerator.js:3:17)
2026-10-05T16:36:53.2760543Z           at _next (/home/runner/work/growth-project-mobile/growth-project-mobile/node_modules/@babel/runtime/helpers/asyncToGenerator.js:17:9)
2026-10-05T16:36:53.2761402Z           at /home/runner/work/growth-project-mobile/growth-project-mobile/node_modules/@babel/runtime/helpers/asyncToGenerator.js:22:7
2026-10-05T16:36:53.2761630Z           at new Promise (<anonymous>)
2026-10-05T16:36:53.2762502Z           at /home/runner/work/growth-project-mobile/growth-project-mobile/node_modules/@babel/runtime/helpers/asyncToGenerator.js:14:12
2026-10-05T16:36:53.2763236Z           at _loop (/home/runner/work/growth-project-mobile/growth-project-mobile/src/services/authActions.ts:212:8)
2026-10-05T16:36:53.2763453Z           at _loop.next (<anonymous>)
2026-10-05T16:36:53.2764118Z           at _loop (/home/runner/work/growth-project-mobile/growth-project-mobile/src/services/authActions.ts:194:42)
2026-10-05T16:36:53.2764359Z           at Generator.next (<anonymous>)
2026-10-05T16:36:53.2765427Z           at asyncGeneratorStep (/home/runner/work/growth-project-mobile/growth-project-mobile/node_modules/@babel/runtime/helpers/asyncToGenerator.js:3:17)
2026-10-05T16:36:53.2766382Z           at _next (/home/runner/work/growth-project-mobile/growth-project-mobile/node_modules/@babel/runtime/helpers/asyncToGenerator.js:17:9)
2026-10-05T16:36:53.2767280Z           at /home/runner/work/growth-project-mobile/growth-project-mobile/node_modules/@babel/runtime/helpers/asyncToGenerator.js:22:7
2026-10-05T16:36:53.2767536Z           at new Promise (<anonymous>)
2026-10-05T16:36:53.2768701Z           at /home/runner/work/growth-project-mobile/growth-project-mobile/node_modules/@babel/runtime/helpers/asyncToGenerator.js:14:12
2026-10-05T16:36:53.2769472Z           at apply (/home/runner/work/growth-project-mobile/growth-project-mobile/src/services/authActions.ts:190:42)
2026-10-05T16:36:53.2770342Z           at clearUserScopedKeys (/home/runner/work/growth-project-mobile/growth-project-mobile/src/services/authActions.ts:411:7)
2026-10-05T16:36:53.2770576Z           at Generator.next (<anonymous>)
2026-10-05T16:36:53.2771625Z           at asyncGeneratorStep (/home/runner/work/growth-project-mobile/growth-project-mobile/node_modules/@babel/runtime/helpers/asyncToGenerator.js:3:17)
2026-10-05T16:36:53.2772567Z           at _next (/home/runner/work/growth-project-mobile/growth-project-mobile/node_modules/@babel/runtime/helpers/asyncToGenerator.js:17:9)
2026-10-05T16:36:53.2773055Z           at processTicksAndRejections (node:internal/process/task_queues:105:5)
2026-10-05T16:36:53.2773076Z 
2026-10-05T16:36:53.2774307Z     [0m [90m 16 |[39m [36mfunction[39m log(level[33m:[39m [33mLogLevel[39m[33m,[39m context[33m:[39m string[33m,[39m [33m...[39margs[33m:[39m unknown[]) {
2026-10-05T16:36:53.2774641Z      [90m 17 |[39m   [36mif[39m (__DEV__) {
2026-10-05T16:36:53.2775450Z     [31m[1m>[22m[39m[90m 18 |[39m     console[level]([32m`[${context}]`[39m[33m,[39m [33m...[39margs)[33m;[39m
2026-10-05T16:36:53.2775836Z      [90m    |[39m                   [31m[1m^[22m[39m
2026-10-05T16:36:53.2776044Z      [90m 19 |[39m   }
2026-10-05T16:36:53.2776642Z      [90m 20 |[39m   [90m// In production, could forward to Sentry breadcrumbs here[39m
2026-10-05T16:36:53.2776853Z      [90m 21 |[39m }[0m
2026-10-05T16:36:53.2776866Z 
2026-10-05T16:36:53.2777310Z       at log (src/utils/logger.ts:18:19)
2026-10-05T16:36:53.2777635Z       at Object.log [as warn] (src/utils/logger.ts:25:50)
2026-10-05T16:36:53.2778069Z       at warn (src/services/authActions.ts:210:18)
2026-10-05T16:36:53.2778850Z       at asyncGeneratorStep (node_modules/@babel/runtime/helpers/asyncToGenerator.js:3:17)
2026-10-05T16:36:53.2779299Z       at _next (node_modules/@babel/runtime/helpers/asyncToGenerator.js:17:9)
2026-10-05T16:36:53.2779685Z       at node_modules/@babel/runtime/helpers/asyncToGenerator.js:22:7
2026-10-05T16:36:53.2780085Z       at node_modules/@babel/runtime/helpers/asyncToGenerator.js:14:12
2026-10-05T16:36:53.2780366Z       at _loop (src/services/authActions.ts:212:8)
2026-10-05T16:36:53.2780581Z           at _loop.next (<anonymous>)
2026-10-05T16:36:53.2780867Z       at _loop (src/services/authActions.ts:194:42)
2026-10-05T16:36:53.2781421Z       at asyncGeneratorStep (node_modules/@babel/runtime/helpers/asyncToGenerator.js:3:17)
2026-10-05T16:36:53.2781865Z       at _next (node_modules/@babel/runtime/helpers/asyncToGenerator.js:17:9)
2026-10-05T16:36:53.2782240Z       at node_modules/@babel/runtime/helpers/asyncToGenerator.js:22:7
2026-10-05T16:36:53.2782646Z       at node_modules/@babel/runtime/helpers/asyncToGenerator.js:14:12
2026-10-05T16:36:53.2782924Z       at apply (src/services/authActions.ts:190:42)
2026-10-05T16:36:53.2783284Z       at clearUserScopedKeys (src/services/authActions.ts:411:7)
2026-10-05T16:36:53.2783814Z       at asyncGeneratorStep (node_modules/@babel/runtime/helpers/asyncToGenerator.js:3:17)
2026-10-05T16:36:53.2784242Z       at _next (node_modules/@babel/runtime/helpers/asyncToGenerator.js:17:9)
2026-10-05T16:36:53.2784255Z 
2026-10-05T16:36:53.2784412Z     console.warn
2026-10-05T16:36:53.2784881Z       [AuthActions] resetUserScopedStores: coachStore reset failed Error: boom
2026-10-05T16:36:53.2785857Z           at Object.reset (/home/runner/work/growth-project-mobile/growth-project-mobile/src/services/__tests__/authActions.signOut.test.ts:166:15)
2026-10-05T16:36:53.2786614Z           at reset (/home/runner/work/growth-project-mobile/growth-project-mobile/src/services/authActions.ts:473:51)
2026-10-05T16:36:53.2787336Z           at reset (/home/runner/work/growth-project-mobile/growth-project-mobile/src/services/authActions.ts:480:7)
2026-10-05T16:36:53.2788121Z           at resetUserScopedStores (/home/runner/work/growth-project-mobile/growth-project-mobile/src/services/authActions.ts:445:3)
2026-10-05T16:36:53.2788578Z           at Generator.next (<anonymous>)
2026-10-05T16:36:53.2789564Z           at asyncGeneratorStep (/home/runner/work/growth-project-mobile/growth-project-mobile/node_modules/@babel/runtime/helpers/asyncToGenerator.js:3:17)
2026-10-05T16:36:53.2790557Z           at _next (/home/runner/work/growth-project-mobile/growth-project-mobile/node_modules/@babel/runtime/helpers/asyncToGenerator.js:17:9)
2026-10-05T16:36:53.2791032Z           at processTicksAndRejections (node:internal/process/task_queues:105:5)
2026-10-05T16:36:53.2791053Z 
2026-10-05T16:36:53.2792199Z     [0m [90m 16 |[39m [36mfunction[39m log(level[33m:[39m [33mLogLevel[39m[33m,[39m context[33m:[39m string[33m,[39m [33m...[39margs[33m:[39m unknown[]) {
2026-10-05T16:36:53.2792540Z      [90m 17 |[39m   [36mif[39m (__DEV__) {
2026-10-05T16:36:53.2793333Z     [31m[1m>[22m[39m[90m 18 |[39m     console[level]([32m`[${context}]`[39m[33m,[39m [33m...[39margs)[33m;[39m
2026-10-05T16:36:53.2793757Z      [90m    |[39m                   [31m[1m^[22m[39m
2026-10-05T16:36:53.2793993Z      [90m 19 |[39m   }
2026-10-05T16:36:53.2794622Z      [90m 20 |[39m   [90m// In production, could forward to Sentry breadcrumbs here[39m
2026-10-05T16:36:53.2794864Z      [90m 21 |[39m }[0m
2026-10-05T16:36:53.2794878Z 
2026-10-05T16:36:53.2795124Z       at log (src/utils/logger.ts:18:19)
2026-10-05T16:36:53.2795440Z       at Object.log [as warn] (src/utils/logger.ts:25:50)
2026-10-05T16:36:53.2795950Z       at warn (src/services/authActions.ts:482:14)
2026-10-05T16:36:53.2796386Z       at resetUserScopedStores (src/services/authActions.ts:445:3)
2026-10-05T16:36:53.2797149Z       at asyncGeneratorStep (node_modules/@babel/runtime/helpers/asyncToGenerator.js:3:17)
2026-10-05T16:36:53.2797608Z       at _next (node_modules/@babel/runtime/helpers/asyncToGenerator.js:17:9)
2026-10-05T16:36:53.2797633Z 
2026-10-05T16:36:53.2797790Z     console.warn
2026-10-05T16:36:53.2798616Z       [AuthActions] resetUserScopedStores: coachStore reset failed Error: coach reset boom
2026-10-05T16:36:53.2799631Z           at Object.reset (/home/runner/work/growth-project-mobile/growth-project-mobile/src/services/__tests__/authActions.signOut.test.ts:183:15)
2026-10-05T16:36:53.2800386Z           at reset (/home/runner/work/growth-project-mobile/growth-project-mobile/src/services/authActions.ts:473:51)
2026-10-05T16:36:53.2801137Z           at reset (/home/runner/work/growth-project-mobile/growth-project-mobile/src/services/authActions.ts:480:7)
2026-10-05T16:36:53.2802045Z           at /home/runner/work/growth-project-mobile/growth-project-mobile/src/services/__tests__/authActions.signOut.test.ts:187:39
2026-10-05T16:36:53.2803087Z           at Object.<anonymous> (/home/runner/work/growth-project-mobile/growth-project-mobile/node_modules/expect/build/toThrowMatchers.js:74:11)
2026-10-05T16:36:53.2804139Z           at Object.throwingMatcher [as toThrow] (/home/runner/work/growth-project-mobile/growth-project-mobile/node_modules/expect/build/index.js:320:21)
2026-10-05T16:36:53.2805151Z           at Object.toThrow (/home/runner/work/growth-project-mobile/growth-project-mobile/src/services/__tests__/authActions.signOut.test.ts:187:47)
2026-10-05T16:36:53.2806148Z           at Promise.then.completed (/home/runner/work/growth-project-mobile/growth-project-mobile/node_modules/jest-circus/build/utils.js:298:28)
2026-10-05T16:36:53.2806398Z           at new Promise (<anonymous>)
2026-10-05T16:36:53.2807363Z           at callAsyncCircusFn (/home/runner/work/growth-project-mobile/growth-project-mobile/node_modules/jest-circus/build/utils.js:231:10)
2026-10-05T16:36:53.2808483Z           at _callCircusTest (/home/runner/work/growth-project-mobile/growth-project-mobile/node_modules/jest-circus/build/run.js:316:40)
2026-10-05T16:36:53.2809052Z           at processTicksAndRejections (node:internal/process/task_queues:105:5)
2026-10-05T16:36:53.2809910Z           at _runTest (/home/runner/work/growth-project-mobile/growth-project-mobile/node_modules/jest-circus/build/run.js:252:3)
2026-10-05T16:36:53.2810832Z           at _runTestsForDescribeBlock (/home/runner/work/growth-project-mobile/growth-project-mobile/node_modules/jest-circus/build/run.js:126:9)
2026-10-05T16:36:53.2811750Z           at _runTestsForDescribeBlock (/home/runner/work/growth-project-mobile/growth-project-mobile/node_modules/jest-circus/build/run.js:121:9)
2026-10-05T16:36:53.2812510Z           at run (/home/runner/work/growth-project-mobile/growth-project-mobile/node_modules/jest-circus/build/run.js:71:3)
2026-10-05T16:36:53.2813891Z           at runAndTransformResultsToJestFormat (/home/runner/work/growth-project-mobile/growth-project-mobile/node_modules/jest-circus/build/legacy-code-todo-rewrite/jestAdapterInit.js:122:21)
2026-10-05T16:36:53.2815029Z           at jestAdapter (/home/runner/work/growth-project-mobile/growth-project-mobile/node_modules/jest-circus/build/legacy-code-todo-rewrite/jestAdapter.js:79:19)
2026-10-05T16:36:53.2815970Z           at runTestInternal (/home/runner/work/growth-project-mobile/growth-project-mobile/node_modules/jest-runner/build/runTest.js:367:16)
2026-10-05T16:36:53.2816850Z           at runTest (/home/runner/work/growth-project-mobile/growth-project-mobile/node_modules/jest-runner/build/runTest.js:444:34)
2026-10-05T16:36:53.2817738Z           at Object.worker (/home/runner/work/growth-project-mobile/growth-project-mobile/node_modules/jest-runner/build/testWorker.js:106:12)
2026-10-05T16:36:53.2817756Z 
2026-10-05T16:36:53.2819514Z     [0m [90m 16 |[39m [36mfunction[39m log(level[33m:[39m [33mLogLevel[39m[33m,[39m context[33m:[39m string[33m,[39m [33m...[39margs[33m:[39m unknown[]) {
2026-10-05T16:36:53.2820038Z      [90m 17 |[39m   [36mif[39m (__DEV__) {
2026-10-05T16:36:53.2820837Z     [31m[1m>[22m[39m[90m 18 |[39m     console[level]([32m`[${context}]`[39m[33m,[39m [33m...[39margs)[33m;[39m
2026-10-05T16:36:53.2821215Z      [90m    |[39m                   [31m[1m^[22m[39m
2026-10-05T16:36:53.2821439Z      [90m 19 |[39m   }
2026-10-05T16:36:53.2822053Z      [90m 20 |[39m   [90m// In production, could forward to Sentry breadcrumbs here[39m
2026-10-05T16:36:53.2822275Z      [90m 21 |[39m }[0m
2026-10-05T16:36:53.2822290Z 
2026-10-05T16:36:53.2822517Z       at log (src/utils/logger.ts:18:19)
2026-10-05T16:36:53.2822833Z       at Object.log [as warn] (src/utils/logger.ts:25:50)
2026-10-05T16:36:53.2823119Z       at warn (src/services/authActions.ts:482:14)
2026-10-05T16:36:53.2823508Z       at src/services/__tests__/authActions.signOut.test.ts:187:39
2026-10-05T16:36:53.2823969Z       at Object.<anonymous> (node_modules/expect/build/toThrowMatchers.js:74:11)
2026-10-05T16:36:53.2824507Z       at Object.throwingMatcher [as toThrow] (node_modules/expect/build/index.js:320:21)
2026-10-05T16:36:53.2825003Z       at Object.toThrow (src/services/__tests__/authActions.signOut.test.ts:187:47)
2026-10-05T16:36:53.2825016Z 
2026-10-05T16:36:53.3665510Z PASS src/services/health/__tests__/onDeviceState.signOutDrain.test.ts
2026-10-05T16:36:53.4817398Z PASS src/hooks/useWearableConnections.transport.test.tsx
2026-10-05T16:36:53.5255037Z PASS src/services/__tests__/authActions.healthDrainFinally.test.ts
2026-10-05T16:36:53.5322540Z PASS src/services/health/__tests__/onDeviceState.serialQueue.test.ts
2026-10-05T16:36:53.6533634Z PASS src/services/health/__tests__/sessionFence.test.ts
2026-10-05T16:36:53.6806358Z PASS src/services/health/__tests__/retireNativeOrder.sol119.test.ts
2026-10-05T16:36:53.8092665Z PASS src/services/health/__tests__/onDeviceState.test.ts
2026-10-05T16:36:53.9427572Z PASS src/services/health/__tests__/onDeviceState.failedGrantChain.sol119f.test.ts
2026-10-05T16:36:54.0549370Z PASS src/hooks/useWearableConnections.test.tsx
2026-10-05T16:36:54.0550292Z   ● Console
2026-10-05T16:36:54.0550505Z 
2026-10-05T16:36:54.0550679Z     console.error
2026-10-05T16:36:54.0551368Z       An update to HookContainer inside a test was not wrapped in act(...).
2026-10-05T16:36:54.0552057Z       
2026-10-05T16:36:54.0552792Z       When testing, code that causes React state updates should be wrapped into act(...):
2026-10-05T16:36:54.0553553Z       
2026-10-05T16:36:54.0553897Z       act(() => {
2026-10-05T16:36:54.0554365Z         /* fire events that update state */
2026-10-05T16:36:54.0554854Z       });
2026-10-05T16:36:54.0555261Z       /* assert on the output */
2026-10-05T16:36:54.0555672Z       
2026-10-05T16:36:54.0556635Z       This ensures that you're testing the behavior the user would see in the browser. Learn more at https://react.dev/link/wrap-tests-with-act
2026-10-05T16:36:54.0557186Z 
2026-10-05T16:36:54.0557481Z       at node_modules/react-reconciler/cjs/react-reconciler.development.js:16307:19
2026-10-05T16:36:54.0558550Z       at runWithFiberInDEV (node_modules/react-reconciler/cjs/react-reconciler.development.js:2508:13)
2026-10-05T16:36:54.0560218Z       at warnIfUpdatesNotWrappedWithActDEV (node_modules/react-reconciler/cjs/react-reconciler.development.js:16306:9)
2026-10-05T16:36:54.0561640Z       at scheduleUpdateOnFiber (node_modules/react-reconciler/cjs/react-reconciler.development.js:14070:11)
2026-10-05T16:36:54.0562879Z       at forceStoreRerender (node_modules/react-reconciler/cjs/react-reconciler.development.js:5935:24)
2026-10-05T16:36:54.0563942Z       at node_modules/react-reconciler/cjs/react-reconciler.development.js:5920:11
2026-10-05T16:36:54.0564790Z       at node_modules/@tanstack/query-core/src/notifyManager.ts:73:11
2026-10-05T16:36:54.0565591Z       at notifyFn (node_modules/@tanstack/query-core/src/notifyManager.ts:21:5)
2026-10-05T16:36:54.0566858Z       at node_modules/@tanstack/query-core/src/notifyManager.ts:44:13
2026-10-05T16:36:54.0567686Z           at Array.forEach (<anonymous>)
2026-10-05T16:36:54.0568490Z       at node_modules/@tanstack/query-core/src/notifyManager.ts:43:25
2026-10-05T16:36:54.0569332Z       at batchNotifyFn (node_modules/@tanstack/query-core/src/notifyManager.ts:24:5)
2026-10-05T16:36:54.0570287Z       at Timeout._onTimeout (node_modules/@tanstack/query-core/src/notifyManager.ts:42:9)
2026-10-05T16:36:54.0570811Z 
2026-10-05T16:36:54.2092197Z PASS src/screens/client/wearables/__tests__/ConnectionsScreen.emptyImport.test.tsx
2026-10-05T16:36:54.7696624Z A worker process has failed to exit gracefully and has been force exited. This is likely caused by tests leaking due to improper teardown. Try running with --detectOpenHandles to find leaks. Active timers can also cause this, ensure that .unref() was called on them.
2026-10-05T16:36:54.7720063Z 
2026-10-05T16:36:54.7720356Z Summary of all failing tests
2026-10-05T16:36:54.7721287Z FAIL src/services/__tests__/authActions.interruptedAuthority.sol120.test.ts
2026-10-05T16:36:54.7723163Z   ● interrupted actual signOut at session read: a pre-logout Connect must not recreate durable consent after the immediate revocation
2026-10-05T16:36:54.7724051Z 
2026-10-05T16:36:54.7724586Z     expect(received).toEqual(expected) // deep equality
2026-10-05T16:36:54.7724983Z 
2026-10-05T16:36:54.7725559Z     - Expected  - 2
2026-10-05T16:36:54.7726568Z     + Received  + 2
2026-10-05T16:36:54.7726794Z 
2026-10-05T16:36:54.7727431Z       Object {
2026-10-05T16:36:54.7729867Z     -   "kind": "not_authorized",
2026-10-05T16:36:54.7730843Z     -   "syncCalls": 0,
2026-10-05T16:36:54.7732108Z     +   "kind": "imported",
2026-10-05T16:36:54.7733192Z     +   "syncCalls": 1,
2026-10-05T16:36:54.7733608Z       }
2026-10-05T16:36:54.7733782Z 
2026-10-05T16:36:54.7742302Z     [0m [90m 438 |[39m   }))[33m.[39mkind)[33m.[39mtoBe([32m'not_authorized'[39m)[33m;[39m [90m// full-drain control[39m
2026-10-05T16:36:54.7749520Z      [90m 439 |[39m   expect({ kind[33m:[39m outcome[33m?[39m[33m.[39mkind[33m,[39m syncCalls[33m:[39m syncHealthConnect[33m.[39mmock[33m.[39mcalls[33m.[39mlength })
2026-10-05T16:36:54.7758593Z     [31m[1m>[22m[39m[90m 440 |[39m     [33m.[39mtoEqual({ kind[33m:[39m [32m'not_authorized'[39m[33m,[39m syncCalls[33m:[39m [35m0[39m })[33m;[39m
2026-10-05T16:36:54.7759824Z      [90m     |[39m      [31m[1m^[22m[39m
2026-10-05T16:36:54.7761612Z      [90m 441 |[39m })[33m;[39m
2026-10-05T16:36:54.7762684Z      [90m 442 |[39m[0m
2026-10-05T16:36:54.7762956Z 
2026-10-05T16:36:54.7768113Z       at toEqual (src/services/__tests__/authActions.interruptedAuthority.sol120.test.ts:440:6)
2026-10-05T16:36:54.7772347Z       at asyncGeneratorStep (node_modules/@babel/runtime/helpers/asyncToGenerator.js:3:17)
2026-10-05T16:36:54.7775797Z       at _next (node_modules/@babel/runtime/helpers/asyncToGenerator.js:17:9)
2026-10-05T16:36:54.7776335Z 
2026-10-05T16:36:54.7783415Z   ● interrupted actual signOut at authority creation: a pre-logout Connect must not recreate durable consent after the immediate revocation
2026-10-05T16:36:54.7784370Z 
2026-10-05T16:36:54.7784921Z     expect(received).toEqual(expected) // deep equality
2026-10-05T16:36:54.7785325Z 
2026-10-05T16:36:54.7785680Z     - Expected  - 2
2026-10-05T16:36:54.7786697Z     + Received  + 2
2026-10-05T16:36:54.7786917Z 
2026-10-05T16:36:54.7787524Z       Object {
2026-10-05T16:36:54.7789416Z     -   "kind": "not_authorized",
2026-10-05T16:36:54.7790424Z     -   "syncCalls": 0,
2026-10-05T16:36:54.7791569Z     +   "kind": "imported",
2026-10-05T16:36:54.7792857Z     +   "syncCalls": 1,
2026-10-05T16:36:54.7793089Z       }
2026-10-05T16:36:54.7793212Z 
2026-10-05T16:36:54.7800425Z     [0m [90m 438 |[39m   }))[33m.[39mkind)[33m.[39mtoBe([32m'not_authorized'[39m)[33m;[39m [90m// full-drain control[39m
2026-10-05T16:36:54.7809396Z      [90m 439 |[39m   expect({ kind[33m:[39m outcome[33m?[39m[33m.[39mkind[33m,[39m syncCalls[33m:[39m syncHealthConnect[33m.[39mmock[33m.[39mcalls[33m.[39mlength })
2026-10-05T16:36:54.7817879Z     [31m[1m>[22m[39m[90m 440 |[39m     [33m.[39mtoEqual({ kind[33m:[39m [32m'not_authorized'[39m[33m,[39m syncCalls[33m:[39m [35m0[39m })[33m;[39m
2026-10-05T16:36:54.7819404Z      [90m     |[39m      [31m[1m^[22m[39m
2026-10-05T16:36:54.7820892Z      [90m 441 |[39m })[33m;[39m
2026-10-05T16:36:54.7822090Z      [90m 442 |[39m[0m
2026-10-05T16:36:54.7822367Z 
2026-10-05T16:36:54.7827847Z       at toEqual (src/services/__tests__/authActions.interruptedAuthority.sol120.test.ts:440:6)
2026-10-05T16:36:54.7832304Z       at asyncGeneratorStep (node_modules/@babel/runtime/helpers/asyncToGenerator.js:3:17)
2026-10-05T16:36:54.7835595Z       at _next (node_modules/@babel/runtime/helpers/asyncToGenerator.js:17:9)
2026-10-05T16:36:54.7836136Z 
2026-10-05T16:36:54.7836145Z 
2026-10-05T16:36:54.7842235Z Test Suites: 1 failed, 29 passed, 30 total
2026-10-05T16:36:54.7842882Z Tests:       2 failed, 439 passed, 441 total
2026-10-05T16:36:54.7843411Z Snapshots:   0 total
2026-10-05T16:36:54.7843805Z Time:        16.165 s
2026-10-05T16:36:54.7854156Z Ran all test suites matching /src\/services\/__tests__\/authActions.interruptedAuthority.sol120.test.ts|src\/services\/__tests__\/authActions.storageOutage.sol119g.test.ts|src\/services\/__tests__\/authActions.healthDrainFinally.test.ts|src\/services\/__tests__\/authActions.healthQueue.sol119e.test.ts|src\/services\/health\/__tests__\/onDeviceState.authorityStore.test.ts|src\/services\/health\/__tests__\/onDeviceState.signOutDurable.test.ts|src\/services\/health\/__tests__\/onDeviceState.failedGrantChain.sol119f.test.ts|src\/services\/health\/__tests__\/onDeviceState.signOutDrain.test.ts|src\/services\/health\/__tests__\/onDeviceState.serialQueue.test.ts|src\/services\/health\/__tests__\/onDeviceState.test.ts|src\/services\/health\/__tests__\/retireNativeOrder.sol119.test.ts|src\/services\/health\/__tests__\/sessionFence.test.ts|src\/services\/health\/__tests__\/onDeviceSync.test.ts|src\/services\/__tests__\/authActions.test.ts|src\/services\/__tests__\/authActions.signOut.test.ts|src\/screens\/settings\/__tests__\/DeleteAccountScreen.test.tsx|src\/hooks\/useWearableConnections.disconnect.test.tsx|src\/hooks\/useWearableConnections.sessionEpoch.test.tsx|src\/hooks\/useWearableConnections.transport.test.tsx|src\/hooks\/useWearableConnections.test.tsx|src\/services\/health\/healthConnect\/__tests__\/healthConnectSyncService.test.ts|src\/services\/health\/healthkit\/__tests__\/healthKitSyncService.test.ts|src\/api\/wearablesConnectionsApi.test.ts|src\/screens\/client\/wearables\/__tests__\/ConnectionsScreen.test.tsx|src\/screens\/client\/wearables\/__tests__\/ConnectionsScreen.emptyImport.test.tsx|src\/screens\/client\/wearables\/__tests__\/ConnectProviderSheet.accountSwitch.test.tsx|src\/screens\/client\/wearables\/__tests__\/ConnectProviderSheet.attemptFence.test.tsx|src\/screens\/client\/wearables\/__tests__\/ConnectProviderSheet.importEpoch.test.tsx|src\/config\/__tests__\/androidHealthConnectConfig.test.js|scripts\/__tests__\/easUpdateGuard.test.js/i.
2026-10-05T16:36:54.8761164Z ##[error]Process completed with exit code 1.
2026-10-05T16:36:54.8907467Z Post job cleanup.
2026-10-05T16:36:54.9714462Z [command]/usr/bin/git version
2026-10-05T16:36:54.9750467Z git version 2.55.0
2026-10-05T16:36:54.9789576Z Temporarily overriding HOME='/home/runner/work/_temp/f39ecfa7-a14c-4807-9800-5d4f985f7924' before making global git config changes
2026-10-05T16:36:54.9791376Z Adding repository directory to the temporary git global config as a safe directory
2026-10-05T16:36:54.9795471Z [command]/usr/bin/git config --global --add safe.directory /home/runner/work/growth-project-mobile/growth-project-mobile
2026-10-05T16:36:54.9824663Z Removing SSH command configuration
2026-10-05T16:36:54.9831493Z [command]/usr/bin/git config --local --name-only --get-regexp core\.sshCommand
2026-10-05T16:36:54.9865056Z [command]/usr/bin/git submodule foreach --recursive sh -c "git config --local --name-only --get-regexp 'core\.sshCommand' && git config --local --unset-all 'core.sshCommand' || :"
2026-10-05T16:36:55.0082428Z Removing HTTP extra header
2026-10-05T16:36:55.0086960Z [command]/usr/bin/git config --local --name-only --get-regexp http\.https\:\/\/github\.com\/\.extraheader
2026-10-05T16:36:55.0120099Z [command]/usr/bin/git submodule foreach --recursive sh -c "git config --local --name-only --get-regexp 'http\.https\:\/\/github\.com\/\.extraheader' && git config --local --unset-all 'http.https://github.com/.extraheader' || :"
2026-10-05T16:36:55.0332450Z Removing includeIf entries pointing to credentials config files
2026-10-05T16:36:55.0337919Z [command]/usr/bin/git config --local --name-only --get-regexp ^includeIf\.gitdir:
2026-10-05T16:36:55.0365654Z includeif.gitdir:/home/runner/work/growth-project-mobile/growth-project-mobile/.git.path
2026-10-05T16:36:55.0367125Z includeif.gitdir:/home/runner/work/growth-project-mobile/growth-project-mobile/.git/worktrees/*.path
2026-10-05T16:36:55.0368405Z includeif.gitdir:/github/workspace/.git.path
2026-10-05T16:36:55.0369222Z includeif.gitdir:/github/workspace/.git/worktrees/*.path
2026-10-05T16:36:55.0375124Z [command]/usr/bin/git config --local --get-all includeif.gitdir:/home/runner/work/growth-project-mobile/growth-project-mobile/.git.path
2026-10-05T16:36:55.0396208Z /home/runner/work/_temp/git-credentials-4fa3affc-f07b-4487-b817-d085b378f680.config
2026-10-05T16:36:55.0406335Z [command]/usr/bin/git config --local --unset includeif.gitdir:/home/runner/work/growth-project-mobile/growth-project-mobile/.git.path /home/runner/work/_temp/git-credentials-4fa3affc-f07b-4487-b817-d085b378f680.config
2026-10-05T16:36:55.0441227Z [command]/usr/bin/git config --local --get-all includeif.gitdir:/home/runner/work/growth-project-mobile/growth-project-mobile/.git/worktrees/*.path
2026-10-05T16:36:55.0462026Z /home/runner/work/_temp/git-credentials-4fa3affc-f07b-4487-b817-d085b378f680.config
2026-10-05T16:36:55.0472661Z [command]/usr/bin/git config --local --unset includeif.gitdir:/home/runner/work/growth-project-mobile/growth-project-mobile/.git/worktrees/*.path /home/runner/work/_temp/git-credentials-4fa3affc-f07b-4487-b817-d085b378f680.config
2026-10-05T16:36:55.0504598Z [command]/usr/bin/git config --local --get-all includeif.gitdir:/github/workspace/.git.path
2026-10-05T16:36:55.0525064Z /github/runner_temp/git-credentials-4fa3affc-f07b-4487-b817-d085b378f680.config
2026-10-05T16:36:55.0533001Z [command]/usr/bin/git config --local --unset includeif.gitdir:/github/workspace/.git.path /github/runner_temp/git-credentials-4fa3affc-f07b-4487-b817-d085b378f680.config
2026-10-05T16:36:55.0563031Z [command]/usr/bin/git config --local --get-all includeif.gitdir:/github/workspace/.git/worktrees/*.path
2026-10-05T16:36:55.0582700Z /github/runner_temp/git-credentials-4fa3affc-f07b-4487-b817-d085b378f680.config
2026-10-05T16:36:55.0590819Z [command]/usr/bin/git config --local --unset includeif.gitdir:/github/workspace/.git/worktrees/*.path /github/runner_temp/git-credentials-4fa3affc-f07b-4487-b817-d085b378f680.config
2026-10-05T16:36:55.0626202Z [command]/usr/bin/git submodule foreach --recursive git config --local --show-origin --name-only --get-regexp remote.origin.url
2026-10-05T16:36:55.0843475Z Removing credentials config '/home/runner/work/_temp/git-credentials-4fa3affc-f07b-4487-b817-d085b378f680.config'
2026-10-05T16:36:55.0986280Z Cleaning up orphan processes
