2026-10-06T04:57:15.5102919Z Current runner version: '2.337.0'
2026-10-06T04:57:15.5123126Z ##[group]Runner Image Provisioner
2026-10-06T04:57:15.5123793Z Hosted Compute Agent
2026-10-06T04:57:15.5124404Z Version: 20260901.588
2026-10-06T04:57:15.5124919Z Commit: f88ec8081b781fac6c440065ac7ff9e710ce3d0b
2026-10-06T04:57:15.5125740Z Build Date: 2026-09-01T19:56:44Z
2026-10-06T04:57:15.5126291Z Worker ID: {776b76d3-d8a8-4a50-be16-59f7081a3c2d}
2026-10-06T04:57:15.5126850Z Azure Region: westus3
2026-10-06T04:57:15.5127376Z ##[endgroup]
2026-10-06T04:57:15.5128400Z ##[group]Operating System
2026-10-06T04:57:15.5128970Z Ubuntu
2026-10-06T04:57:15.5129407Z 24.04.5
2026-10-06T04:57:15.5129833Z LTS
2026-10-06T04:57:15.5130369Z ##[endgroup]
2026-10-06T04:57:15.5130822Z ##[group]Runner Image
2026-10-06T04:57:15.5131349Z Image: ubuntu-24.04
2026-10-06T04:57:15.5131819Z Version: 20260927.320.1
2026-10-06T04:57:15.5132852Z Included Software: https://github.com/actions/runner-images/blob/ubuntu24/20260927.320/images/ubuntu/Ubuntu2404-Readme.md
2026-10-06T04:57:15.5134125Z Image Release: https://github.com/actions/runner-images/releases/tag/ubuntu24%2F20260927.320
2026-10-06T04:57:15.5134945Z ##[endgroup]
2026-10-06T04:57:15.5136212Z ##[group]GITHUB_TOKEN Permissions
2026-10-06T04:57:15.5137897Z Contents: read
2026-10-06T04:57:15.5138396Z Metadata: read
2026-10-06T04:57:15.5138887Z Packages: read
2026-10-06T04:57:15.5139389Z ##[endgroup]
2026-10-06T04:57:15.5141014Z Secret source: Actions
2026-10-06T04:57:15.5141851Z Cache mode: write
2026-10-06T04:57:15.5142416Z Prepare workflow directory
2026-10-06T04:57:15.5517721Z Prepare all required actions
2026-10-06T04:57:15.5556617Z Getting action download info
2026-10-06T04:57:15.8517620Z Download action repository 'actions/checkout@v6' (SHA:d23441a48e516b6c34aea4fa41551a30e30af803)
2026-10-06T04:57:15.9348283Z Download action repository 'actions/setup-node@v6' (SHA:249970729cb0ef3589644e2896645e5dc5ba9c38)
2026-10-06T04:57:16.1304248Z Complete job name: community-live-tests
2026-10-06T04:57:16.1714321Z ##[group]Checking docker version
2026-10-06T04:57:16.1724960Z ##[command]/usr/bin/docker version --format '{{.Server.APIVersion}}'
2026-10-06T04:57:16.3607101Z '1.48'
2026-10-06T04:57:16.3613708Z Docker daemon API version: '1.48'
2026-10-06T04:57:16.3614400Z ##[command]/usr/bin/docker version --format '{{.Client.APIVersion}}'
2026-10-06T04:57:16.3749506Z '1.48'
2026-10-06T04:57:16.3761442Z Docker client API version: '1.48'
2026-10-06T04:57:16.3767209Z ##[endgroup]
2026-10-06T04:57:16.3770636Z ##[group]Clean up resources from previous jobs
2026-10-06T04:57:16.3775722Z ##[command]/usr/bin/docker ps --all --quiet --no-trunc --filter "label=49cf0c"
2026-10-06T04:57:16.3907102Z ##[command]/usr/bin/docker network prune --force --filter "label=49cf0c"
2026-10-06T04:57:16.4009204Z ##[endgroup]
2026-10-06T04:57:16.4009658Z ##[group]Create local container network
2026-10-06T04:57:16.4017871Z ##[command]/usr/bin/docker network create --label 49cf0c github_network_e115461ec6e44f54a9b4a4872682ee8c
2026-10-06T04:57:16.5369123Z 548c9a1d6253e6f8686422145c535d8be923ae565bb843dd0edf013565edd907
2026-10-06T04:57:16.5385141Z ##[endgroup]
2026-10-06T04:57:16.5405259Z ##[group]Starting postgres service container
2026-10-06T04:57:16.5422416Z ##[command]/usr/bin/docker pull postgres:15
2026-10-06T04:57:17.3274611Z 15: Pulling from library/postgres
2026-10-06T04:57:17.5451597Z ecc510c1e359: Pulling fs layer
2026-10-06T04:57:17.5452608Z 4b5dc4352899: Pulling fs layer
2026-10-06T04:57:17.5453556Z 070873950b18: Pulling fs layer
2026-10-06T04:57:17.5454356Z 8bc3c2e35349: Pulling fs layer
2026-10-06T04:57:17.5455224Z 2260c4957d6a: Pulling fs layer
2026-10-06T04:57:17.5456329Z 9147e7910f0b: Pulling fs layer
2026-10-06T04:57:17.5457113Z 2fc81bab6318: Pulling fs layer
2026-10-06T04:57:17.5457977Z 284f94de039c: Pulling fs layer
2026-10-06T04:57:17.5458783Z 554af8d1cb5e: Pulling fs layer
2026-10-06T04:57:17.5459551Z c503228ba229: Pulling fs layer
2026-10-06T04:57:17.5460307Z f410f7e4b5bb: Pulling fs layer
2026-10-06T04:57:17.5461155Z 1334c6144a55: Pulling fs layer
2026-10-06T04:57:17.5462403Z 79f55b6c0eb9: Pulling fs layer
2026-10-06T04:57:17.5463225Z b3db397181ff: Pulling fs layer
2026-10-06T04:57:17.5463987Z 2260c4957d6a: Waiting
2026-10-06T04:57:17.5464719Z 9147e7910f0b: Waiting
2026-10-06T04:57:17.5465575Z f410f7e4b5bb: Waiting
2026-10-06T04:57:17.5466320Z 2fc81bab6318: Waiting
2026-10-06T04:57:17.5467081Z 1334c6144a55: Waiting
2026-10-06T04:57:17.5467804Z b3db397181ff: Waiting
2026-10-06T04:57:17.5468804Z 284f94de039c: Waiting
2026-10-06T04:57:17.5469880Z c503228ba229: Waiting
2026-10-06T04:57:17.5470985Z 79f55b6c0eb9: Waiting
2026-10-06T04:57:17.5472007Z 8bc3c2e35349: Waiting
2026-10-06T04:57:17.7222900Z 4b5dc4352899: Download complete
2026-10-06T04:57:17.7416273Z 070873950b18: Verifying Checksum
2026-10-06T04:57:17.7418747Z 070873950b18: Download complete
2026-10-06T04:57:17.7875377Z ecc510c1e359: Verifying Checksum
2026-10-06T04:57:17.7877348Z ecc510c1e359: Download complete
2026-10-06T04:57:17.9016898Z 8bc3c2e35349: Verifying Checksum
2026-10-06T04:57:17.9017492Z 8bc3c2e35349: Download complete
2026-10-06T04:57:17.9384259Z 2260c4957d6a: Download complete
2026-10-06T04:57:17.9591443Z 9147e7910f0b: Verifying Checksum
2026-10-06T04:57:17.9592740Z 9147e7910f0b: Download complete
2026-10-06T04:57:18.0675293Z 2fc81bab6318: Verifying Checksum
2026-10-06T04:57:18.0676256Z 2fc81bab6318: Download complete
2026-10-06T04:57:18.1020867Z 284f94de039c: Verifying Checksum
2026-10-06T04:57:18.2366367Z 284f94de039c: Download complete
2026-10-06T04:57:18.2367118Z c503228ba229: Verifying Checksum
2026-10-06T04:57:18.2367445Z c503228ba229: Download complete
2026-10-06T04:57:18.2661719Z f410f7e4b5bb: Verifying Checksum
2026-10-06T04:57:18.2662368Z f410f7e4b5bb: Download complete
2026-10-06T04:57:18.4037017Z 1334c6144a55: Verifying Checksum
2026-10-06T04:57:18.4037449Z 1334c6144a55: Download complete
2026-10-06T04:57:18.4266823Z 554af8d1cb5e: Verifying Checksum
2026-10-06T04:57:18.4267245Z 554af8d1cb5e: Download complete
2026-10-06T04:57:18.4448378Z 79f55b6c0eb9: Verifying Checksum
2026-10-06T04:57:18.4448767Z 79f55b6c0eb9: Download complete
2026-10-06T04:57:18.5697012Z b3db397181ff: Verifying Checksum
2026-10-06T04:57:18.5697407Z b3db397181ff: Download complete
2026-10-06T04:57:18.7081362Z ecc510c1e359: Pull complete
2026-10-06T04:57:25.6460369Z 4b5dc4352899: Pull complete
2026-10-06T04:57:25.8885375Z 070873950b18: Pull complete
2026-10-06T04:57:26.0092013Z 8bc3c2e35349: Pull complete
2026-10-06T04:57:26.5817894Z 2260c4957d6a: Pull complete
2026-10-06T04:57:26.8325200Z 9147e7910f0b: Pull complete
2026-10-06T04:57:26.8596952Z 2fc81bab6318: Pull complete
2026-10-06T04:57:26.9620937Z 284f94de039c: Pull complete
2026-10-06T04:57:30.6698442Z 554af8d1cb5e: Pull complete
2026-10-06T04:57:30.6834780Z c503228ba229: Pull complete
2026-10-06T04:57:30.7109647Z f410f7e4b5bb: Pull complete
2026-10-06T04:57:30.7928907Z 1334c6144a55: Pull complete
2026-10-06T04:57:30.9083386Z 79f55b6c0eb9: Pull complete
2026-10-06T04:57:30.9142536Z b3db397181ff: Pull complete
2026-10-06T04:57:30.9183764Z Digest: sha256:c67d80f67f7618bedcee720e33d4e5bab04294d3a51b985955b79b605800ad64
2026-10-06T04:57:30.9202771Z Status: Downloaded newer image for postgres:15
2026-10-06T04:57:30.9211340Z docker.io/library/postgres:15
2026-10-06T04:57:30.9261543Z ##[command]/usr/bin/docker create --name 1859e6ca6f32431280dce92d564103f2_postgres15_9e86f4 --label 49cf0c --network github_network_e115461ec6e44f54a9b4a4872682ee8c --network-alias postgres -p 5432:5432 --health-cmd "pg_isready -U postgres" --health-interval 10s --health-timeout 5s --health-retries 10 -e "POSTGRES_USER=postgres" -e "POSTGRES_PASSWORD=postgres" -e "POSTGRES_DB=postgres" -e GITHUB_ACTIONS=true -e CI=true postgres:15
2026-10-06T04:57:30.9679497Z 432cc92a37adffffbf5babeaa3b70b824f28319e21b92d0de9c560c455fe8085
2026-10-06T04:57:30.9699240Z ##[command]/usr/bin/docker start 432cc92a37adffffbf5babeaa3b70b824f28319e21b92d0de9c560c455fe8085
2026-10-06T04:57:31.6285019Z 432cc92a37adffffbf5babeaa3b70b824f28319e21b92d0de9c560c455fe8085
2026-10-06T04:57:31.6301865Z ##[command]/usr/bin/docker ps --all --filter id=432cc92a37adffffbf5babeaa3b70b824f28319e21b92d0de9c560c455fe8085 --filter status=running --no-trunc --format "{{.ID}} {{.Status}}"
2026-10-06T04:57:31.6413410Z 432cc92a37adffffbf5babeaa3b70b824f28319e21b92d0de9c560c455fe8085 Up Less than a second (health: starting)
2026-10-06T04:57:31.6431894Z ##[command]/usr/bin/docker port 432cc92a37adffffbf5babeaa3b70b824f28319e21b92d0de9c560c455fe8085
2026-10-06T04:57:31.6565206Z 5432/tcp -> 0.0.0.0:5432
2026-10-06T04:57:31.6566564Z 5432/tcp -> [::]:5432
2026-10-06T04:57:31.6605258Z ##[endgroup]
2026-10-06T04:57:31.6612602Z ##[group]Waiting for all services to be ready
2026-10-06T04:57:31.6626936Z ##[command]/usr/bin/docker inspect --format="{{if .Config.Healthcheck}}{{print .State.Health.Status}}{{end}}" 432cc92a37adffffbf5babeaa3b70b824f28319e21b92d0de9c560c455fe8085
2026-10-06T04:57:31.6739624Z starting
2026-10-06T04:57:31.6758100Z postgres service is starting, waiting 2 seconds before checking again.
2026-10-06T04:57:33.6762177Z ##[command]/usr/bin/docker inspect --format="{{if .Config.Healthcheck}}{{print .State.Health.Status}}{{end}}" 432cc92a37adffffbf5babeaa3b70b824f28319e21b92d0de9c560c455fe8085
2026-10-06T04:57:33.6865313Z starting
2026-10-06T04:57:33.6876303Z postgres service is starting, waiting 3 seconds before checking again.
2026-10-06T04:57:37.3590771Z ##[command]/usr/bin/docker inspect --format="{{if .Config.Healthcheck}}{{print .State.Health.Status}}{{end}}" 432cc92a37adffffbf5babeaa3b70b824f28319e21b92d0de9c560c455fe8085
2026-10-06T04:57:37.3692290Z starting
2026-10-06T04:57:37.3713680Z postgres service is starting, waiting 8 seconds before checking again.
2026-10-06T04:57:46.0485186Z ##[command]/usr/bin/docker inspect --format="{{if .Config.Healthcheck}}{{print .State.Health.Status}}{{end}}" 432cc92a37adffffbf5babeaa3b70b824f28319e21b92d0de9c560c455fe8085
2026-10-06T04:57:46.0586491Z healthy
2026-10-06T04:57:46.0600108Z postgres service is healthy.
2026-10-06T04:57:46.0601029Z ##[endgroup]
2026-10-06T04:57:46.0880605Z ##[group]Run actions/checkout@v6
2026-10-06T04:57:46.0880998Z with:
2026-10-06T04:57:46.0881246Z   repository: BradleyGleavePortfolio/growth-project-backend
2026-10-06T04:57:46.0883211Z   token: ***
2026-10-06T04:57:46.0883393Z   ssh-strict: true
2026-10-06T04:57:46.0883574Z   ssh-user: git
2026-10-06T04:57:46.0883753Z   persist-credentials: true
2026-10-06T04:57:46.0883947Z   clean: true
2026-10-06T04:57:46.0884130Z   sparse-checkout-cone-mode: true
2026-10-06T04:57:46.0884338Z   fetch-depth: 1
2026-10-06T04:57:46.0884503Z   fetch-tags: false
2026-10-06T04:57:46.0884672Z   show-progress: true
2026-10-06T04:57:46.0884846Z   lfs: false
2026-10-06T04:57:46.0885008Z   submodules: false
2026-10-06T04:57:46.0885177Z   set-safe-directory: true
2026-10-06T04:57:46.0885375Z   allow-unsafe-pr-checkout: false
2026-10-06T04:57:46.0886031Z env:
2026-10-06T04:57:46.0886396Z   DATABASE_URL: ***localhost:5432/postgres
2026-10-06T04:57:46.0886751Z   DIRECT_URL: ***localhost:5432/postgres
2026-10-06T04:57:46.0887148Z   COMMUNITY_TEST_DATABASE_URL: ***localhost:5432/postgres
2026-10-06T04:57:46.0887424Z   SUPABASE_URL: http://127.0.0.1:54321
2026-10-06T04:57:46.0887716Z   SUPABASE_SERVICE_ROLE_KEY: ci-community-live-tests-not-a-secret
2026-10-06T04:57:46.0887994Z ##[endgroup]
2026-10-06T04:57:46.1682719Z Syncing repository: BradleyGleavePortfolio/growth-project-backend
2026-10-06T04:57:46.1683845Z ##[group]Getting Git version info
2026-10-06T04:57:46.1684217Z Working directory is '/home/runner/work/growth-project-backend/growth-project-backend'
2026-10-06T04:57:46.1684730Z [command]/usr/bin/git version
2026-10-06T04:57:46.1976831Z git version 2.55.0
2026-10-06T04:57:46.1994274Z ##[endgroup]
2026-10-06T04:57:46.2006790Z Temporarily overriding HOME='/home/runner/work/_temp/ab7afc9d-b917-4499-8494-99a2ca481ec5' before making global git config changes
2026-10-06T04:57:46.2007831Z Adding repository directory to the temporary git global config as a safe directory
2026-10-06T04:57:46.2012523Z [command]/usr/bin/git config --global --add safe.directory /home/runner/work/growth-project-backend/growth-project-backend
2026-10-06T04:57:46.2052505Z Deleting the contents of '/home/runner/work/growth-project-backend/growth-project-backend'
2026-10-06T04:57:46.2055373Z ##[group]Determining repository object format
2026-10-06T04:57:46.2057426Z ##[endgroup]
2026-10-06T04:57:46.2057794Z ##[group]Initializing the repository
2026-10-06T04:57:46.2061907Z [command]/usr/bin/git init /home/runner/work/growth-project-backend/growth-project-backend
2026-10-06T04:57:46.2139778Z hint: Using 'master' as the name for the initial branch. This default branch name
2026-10-06T04:57:46.2140689Z hint: will change to "main" in Git 3.0. To configure the initial branch name
2026-10-06T04:57:46.2141316Z hint: to use in all of your new repositories, which will suppress this warning,
2026-10-06T04:57:46.2141786Z hint: call:
2026-10-06T04:57:46.2142040Z hint:
2026-10-06T04:57:46.2142383Z hint: 	git config --global init.defaultBranch <name>
2026-10-06T04:57:46.2142800Z hint:
2026-10-06T04:57:46.2143187Z hint: Names commonly chosen instead of 'master' are 'main', 'trunk' and
2026-10-06T04:57:46.2143706Z hint: 'development'. The just-created branch can be renamed via this command:
2026-10-06T04:57:46.2143996Z hint:
2026-10-06T04:57:46.2144159Z hint: 	git branch -m <name>
2026-10-06T04:57:46.2144342Z hint:
2026-10-06T04:57:46.2144591Z hint: Disable this message with "git config set advice.defaultBranchName false"
2026-10-06T04:57:46.2145175Z Initialized empty Git repository in /home/runner/work/growth-project-backend/growth-project-backend/.git/
2026-10-06T04:57:46.2151488Z [command]/usr/bin/git remote add origin https://github.com/BradleyGleavePortfolio/growth-project-backend
2026-10-06T04:57:46.2191162Z ##[endgroup]
2026-10-06T04:57:46.2191502Z ##[group]Disabling automatic garbage collection
2026-10-06T04:57:46.2195569Z [command]/usr/bin/git config --local gc.auto 0
2026-10-06T04:57:46.2219389Z ##[endgroup]
2026-10-06T04:57:46.2220083Z ##[group]Setting up auth
2026-10-06T04:57:46.2220672Z Removing SSH command configuration
2026-10-06T04:57:46.2225774Z [command]/usr/bin/git config --local --name-only --get-regexp core\.sshCommand
2026-10-06T04:57:46.2250185Z [command]/usr/bin/git submodule foreach --recursive sh -c "git config --local --name-only --get-regexp 'core\.sshCommand' && git config --local --unset-all 'core.sshCommand' || :"
2026-10-06T04:57:46.2656743Z Removing HTTP extra header
2026-10-06T04:57:46.2662131Z [command]/usr/bin/git config --local --name-only --get-regexp http\.https\:\/\/github\.com\/\.extraheader
2026-10-06T04:57:46.2691031Z [command]/usr/bin/git submodule foreach --recursive sh -c "git config --local --name-only --get-regexp 'http\.https\:\/\/github\.com\/\.extraheader' && git config --local --unset-all 'http.https://github.com/.extraheader' || :"
2026-10-06T04:57:46.2871368Z Removing includeIf entries pointing to credentials config files
2026-10-06T04:57:46.2878249Z [command]/usr/bin/git config --local --name-only --get-regexp ^includeIf\.gitdir:
2026-10-06T04:57:46.2905377Z [command]/usr/bin/git submodule foreach --recursive git config --local --show-origin --name-only --get-regexp remote.origin.url
2026-10-06T04:57:46.3091164Z [command]/usr/bin/git config --file /home/runner/work/_temp/git-credentials-7eccf858-1103-4b5b-862d-19221458eb95.config http.https://github.com/.extraheader AUTHORIZATION: basic ***
2026-10-06T04:57:46.3122621Z [command]/usr/bin/git config --local includeIf.gitdir:/home/runner/work/growth-project-backend/growth-project-backend/.git.path /home/runner/work/_temp/git-credentials-7eccf858-1103-4b5b-862d-19221458eb95.config
2026-10-06T04:57:46.3150266Z [command]/usr/bin/git config --local includeIf.gitdir:/home/runner/work/growth-project-backend/growth-project-backend/.git/worktrees/*.path /home/runner/work/_temp/git-credentials-7eccf858-1103-4b5b-862d-19221458eb95.config
2026-10-06T04:57:46.3178191Z [command]/usr/bin/git config --local includeIf.gitdir:/github/workspace/.git.path /github/runner_temp/git-credentials-7eccf858-1103-4b5b-862d-19221458eb95.config
2026-10-06T04:57:46.3238779Z [command]/usr/bin/git config --local includeIf.gitdir:/github/workspace/.git/worktrees/*.path /github/runner_temp/git-credentials-7eccf858-1103-4b5b-862d-19221458eb95.config
2026-10-06T04:57:46.3260351Z ##[endgroup]
2026-10-06T04:57:46.3260683Z ##[group]Fetching the repository
2026-10-06T04:57:46.3267151Z [command]/usr/bin/git -c protocol.version=2 fetch --no-tags --prune --no-recurse-submodules --depth=1 origin +79f7f602b129726e129feecae8412e8778ff33bd:refs/remotes/pull/753/merge
2026-10-06T04:57:48.4529835Z From https://github.com/BradleyGleavePortfolio/growth-project-backend
2026-10-06T04:57:48.4530421Z  * [new ref]         79f7f602b129726e129feecae8412e8778ff33bd -> pull/753/merge
2026-10-06T04:57:48.4536139Z ##[endgroup]
2026-10-06T04:57:48.4536659Z ##[group]Determining the checkout info
2026-10-06T04:57:48.4537163Z ##[endgroup]
2026-10-06T04:57:48.4541881Z [command]/usr/bin/git sparse-checkout disable
2026-10-06T04:57:48.4587581Z [command]/usr/bin/git config --local --unset-all extensions.worktreeConfig
2026-10-06T04:57:48.4612225Z ##[group]Checking out the ref
2026-10-06T04:57:48.4625026Z [command]/usr/bin/git checkout --progress --force refs/remotes/pull/753/merge
2026-10-06T04:57:48.6535645Z Note: switching to 'refs/remotes/pull/753/merge'.
2026-10-06T04:57:48.6535982Z 
2026-10-06T04:57:48.6536249Z You are in 'detached HEAD' state. You can look around, make experimental
2026-10-06T04:57:48.6536822Z changes and commit them, and you can discard any commits you make in this
2026-10-06T04:57:48.6537387Z state without impacting any branches by switching back to a branch.
2026-10-06T04:57:48.6537850Z 
2026-10-06T04:57:48.6538077Z If you want to create a new branch to retain commits you create, you may
2026-10-06T04:57:48.6538567Z do so (now or later) by using -c with the switch command. Example:
2026-10-06T04:57:48.6538854Z 
2026-10-06T04:57:48.6538972Z   git switch -c <new-branch-name>
2026-10-06T04:57:48.6539172Z 
2026-10-06T04:57:48.6539506Z Or undo this operation with:
2026-10-06T04:57:48.6539694Z 
2026-10-06T04:57:48.6539789Z   git switch -
2026-10-06T04:57:48.6539925Z 
2026-10-06T04:57:48.6540168Z Turn off this advice by setting config variable advice.detachedHead to false
2026-10-06T04:57:48.6540517Z 
2026-10-06T04:57:48.6540925Z HEAD is now at 79f7f60 Merge d5cdf747e4e5442929a911a9a96d44f74bd6021f into 5230306cb63df7290459bb362340a42f385f39d5
2026-10-06T04:57:48.6548981Z ##[endgroup]
2026-10-06T04:57:48.6586755Z [command]/usr/bin/git log -1 --format=%H
2026-10-06T04:57:48.6606296Z 79f7f602b129726e129feecae8412e8778ff33bd
2026-10-06T04:57:48.6813375Z ##[group]Run actions/setup-node@v6
2026-10-06T04:57:48.6813593Z with:
2026-10-06T04:57:48.6813752Z   node-version: 20
2026-10-06T04:57:48.6813923Z   cache: npm
2026-10-06T04:57:48.6814086Z   check-latest: false
2026-10-06T04:57:48.6816148Z   token: ***
2026-10-06T04:57:48.6816332Z   package-manager-cache: true
2026-10-06T04:57:48.6816525Z env:
2026-10-06T04:57:48.6816829Z   DATABASE_URL: ***localhost:5432/postgres
2026-10-06T04:57:48.6817187Z   DIRECT_URL: ***localhost:5432/postgres
2026-10-06T04:57:48.6817526Z   COMMUNITY_TEST_DATABASE_URL: ***localhost:5432/postgres
2026-10-06T04:57:48.6817788Z   SUPABASE_URL: http://127.0.0.1:54321
2026-10-06T04:57:48.6818079Z   SUPABASE_SERVICE_ROLE_KEY: ci-community-live-tests-not-a-secret
2026-10-06T04:57:48.6818353Z ##[endgroup]
2026-10-06T04:57:48.7944744Z Attempting to download 20...
2026-10-06T04:57:49.8103591Z Acquiring 20.20.2 - x64 from https://github.com/actions/node-versions/releases/download/20.20.2-23521894959/node-20.20.2-linux-x64.tar.gz
2026-10-06T04:57:50.3303293Z Extracting ...
2026-10-06T04:57:50.3398916Z [command]/usr/bin/tar xz --strip 1 --warning=no-unknown-keyword --overwrite -C /home/runner/work/_temp/bd5dea12-9893-4e47-9fd9-d3c865c578f8 -f /home/runner/work/_temp/6997b4d8-40fe-47c9-b0b1-213bc2a989c6
2026-10-06T04:57:51.1930736Z Adding to the cache ...
2026-10-06T04:57:53.2769217Z ##[group]Environment details
2026-10-06T04:57:53.4604562Z node: v20.20.2
2026-10-06T04:57:53.4605186Z npm: 10.8.2
2026-10-06T04:57:53.4605573Z yarn: 1.22.22
2026-10-06T04:57:53.4606120Z ##[endgroup]
2026-10-06T04:57:53.4621079Z [command]/opt/hostedtoolcache/node/20.20.2/x64/bin/npm config get cache
2026-10-06T04:57:53.5449306Z /home/runner/.npm
2026-10-06T04:57:53.7521582Z Cache hit for: node-cache-Linux-x64-npm-8a411e6a123bf69525d3e6f67e8b9c073f4a0260e74c8c6610476d0b4a2564e0
2026-10-06T04:57:54.9889568Z Received 33554432 of 86834019 (38.6%), 32.0 MBs/sec
2026-10-06T04:57:55.2909402Z Received 86834019 of 86834019 (100.0%), 63.6 MBs/sec
2026-10-06T04:57:55.2910326Z Cache Size: ~83 MB (86834019 B)
2026-10-06T04:57:55.2960941Z [command]/usr/bin/tar -xf /home/runner/work/_temp/0fbe43b6-bf43-4e56-81f8-ee77bca0bdea/cache.tzst -P -C /home/runner/work/growth-project-backend/growth-project-backend --use-compress-program unzstd
2026-10-06T04:57:55.4273847Z Cache restored successfully
2026-10-06T04:57:55.4316448Z Cache restored from key: node-cache-Linux-x64-npm-8a411e6a123bf69525d3e6f67e8b9c073f4a0260e74c8c6610476d0b4a2564e0
2026-10-06T04:57:55.4482148Z ##[group]Run npm ci
2026-10-06T04:57:55.4482401Z [36;1mnpm ci[0m
2026-10-06T04:57:55.4666392Z shell: /usr/bin/bash -e {0}
2026-10-06T04:57:55.4666631Z env:
2026-10-06T04:57:55.4667076Z   DATABASE_URL: ***localhost:5432/postgres
2026-10-06T04:57:55.4667416Z   DIRECT_URL: ***localhost:5432/postgres
2026-10-06T04:57:55.4667788Z   COMMUNITY_TEST_DATABASE_URL: ***localhost:5432/postgres
2026-10-06T04:57:55.4668077Z   SUPABASE_URL: http://127.0.0.1:54321
2026-10-06T04:57:55.4668379Z   SUPABASE_SERVICE_ROLE_KEY: ci-community-live-tests-not-a-secret
2026-10-06T04:57:55.4668666Z ##[endgroup]
2026-10-06T04:57:59.9188818Z npm warn deprecated inflight@1.0.6: This module is not supported, and leaks memory. Do not use it. Check out lru-cache if you want a good and tested way to coalesce async requests by a key value, which is much more comprehensive and powerful.
2026-10-06T04:58:00.4401653Z npm warn deprecated jpeg-exif@1.1.4: Package no longer supported. Contact Support at https://www.npmjs.com/support for more info.
2026-10-06T04:58:01.8457721Z npm warn deprecated glob@7.2.3: Old versions of glob are not supported, and contain widely publicized security vulnerabilities, which have been fixed in the current version. Please update. Support for old versions may be purchased (at exorbitant rates) by contacting i@izs.me
2026-10-06T04:58:02.7692663Z npm warn deprecated glob@10.5.0: Old versions of glob are not supported, and contain widely publicized security vulnerabilities, which have been fixed in the current version. Please update. Support for old versions may be purchased (at exorbitant rates) by contacting i@izs.me
2026-10-06T04:58:02.7932601Z npm warn deprecated glob@10.5.0: Old versions of glob are not supported, and contain widely publicized security vulnerabilities, which have been fixed in the current version. Please update. Support for old versions may be purchased (at exorbitant rates) by contacting i@izs.me
2026-10-06T04:58:02.8267972Z npm warn deprecated glob@10.5.0: Old versions of glob are not supported, and contain widely publicized security vulnerabilities, which have been fixed in the current version. Please update. Support for old versions may be purchased (at exorbitant rates) by contacting i@izs.me
2026-10-06T04:58:14.9361075Z 
2026-10-06T04:58:14.9361774Z > growth-project-backend@1.0.0 postinstall
2026-10-06T04:58:14.9362196Z > prisma generate
2026-10-06T04:58:14.9362511Z 
2026-10-06T04:58:15.7086028Z Prisma schema loaded from prisma/schema.prisma
2026-10-06T04:58:20.2367966Z ┌─────────────────────────────────────────────────────────┐
2026-10-06T04:58:20.2368689Z │  Update available 6.19.3 -> 8.0.0-rc.20                 │
2026-10-06T04:58:20.2369307Z │                                                         │
2026-10-06T04:58:20.2369919Z │  This is a major update - please follow the guide at    │
2026-10-06T04:58:20.2370570Z │  https://pris.ly/d/major-version-upgrade                │
2026-10-06T04:58:20.2371183Z │                                                         │
2026-10-06T04:58:20.2372079Z │  Run the following to update                            │
2026-10-06T04:58:20.2372689Z │    npm i --save-dev prisma@latest                       │
2026-10-06T04:58:20.2373290Z │    npm i @prisma/client@latest                          │
2026-10-06T04:58:20.2373887Z └─────────────────────────────────────────────────────────┘
2026-10-06T04:58:20.2375738Z 
2026-10-06T04:58:20.2376190Z ✔ Generated Prisma Client (v6.19.3) to ./node_modules/@prisma/client in 2.67s
2026-10-06T04:58:20.2376454Z 
2026-10-06T04:58:20.2376753Z Start by importing your Prisma Client (See: https://pris.ly/d/importing-client)
2026-10-06T04:58:20.2377017Z 
2026-10-06T04:58:20.2377433Z Tip: Need your database queries to be 1000x faster? Accelerate offers you that and more: https://pris.ly/tip-2-accelerate
2026-10-06T04:58:20.2377787Z 
2026-10-06T04:58:20.2889929Z 
2026-10-06T04:58:20.2890507Z > growth-project-backend@1.0.0 prepare
2026-10-06T04:58:20.2890963Z > lefthook install
2026-10-06T04:58:20.2891139Z 
2026-10-06T04:58:20.3309834Z sync hooks: ✔️(pre-commit, commit-msg)
2026-10-06T04:58:20.3447193Z 
2026-10-06T04:58:20.3447884Z added 1115 packages, and audited 1116 packages in 25s
2026-10-06T04:58:20.3448245Z 
2026-10-06T04:58:20.3448453Z 203 packages are looking for funding
2026-10-06T04:58:20.3448817Z   run `npm fund` for details
2026-10-06T04:58:20.3792830Z 
2026-10-06T04:58:20.3793530Z 23 vulnerabilities (20 moderate, 3 high)
2026-10-06T04:58:20.3793853Z 
2026-10-06T04:58:20.3794140Z To address issues that do not require attention, run:
2026-10-06T04:58:20.3794733Z   npm audit fix
2026-10-06T04:58:20.3794914Z 
2026-10-06T04:58:20.3795205Z To address all issues (including breaking changes), run:
2026-10-06T04:58:20.3795808Z   npm audit fix --force
2026-10-06T04:58:20.3795995Z 
2026-10-06T04:58:20.3796141Z Run `npm audit` for details.
2026-10-06T04:58:20.4309959Z ##[group]Run npx prisma generate
2026-10-06T04:58:20.4310217Z [36;1mnpx prisma generate[0m
2026-10-06T04:58:20.4364980Z shell: /usr/bin/bash -e {0}
2026-10-06T04:58:20.4365225Z env:
2026-10-06T04:58:20.4365723Z   DATABASE_URL: ***localhost:5432/postgres
2026-10-06T04:58:20.4366065Z   DIRECT_URL: ***localhost:5432/postgres
2026-10-06T04:58:20.4366419Z   COMMUNITY_TEST_DATABASE_URL: ***localhost:5432/postgres
2026-10-06T04:58:20.4366692Z   SUPABASE_URL: http://127.0.0.1:54321
2026-10-06T04:58:20.4366985Z   SUPABASE_SERVICE_ROLE_KEY: ci-community-live-tests-not-a-secret
2026-10-06T04:58:20.4367265Z ##[endgroup]
2026-10-06T04:58:21.3899044Z Prisma schema loaded from prisma/schema.prisma
2026-10-06T04:58:25.7443710Z 
2026-10-06T04:58:25.7444827Z ✔ Generated Prisma Client (v6.19.3) to ./node_modules/@prisma/client in 2.67s
2026-10-06T04:58:25.7445123Z 
2026-10-06T04:58:25.7445560Z Start by importing your Prisma Client (See: https://pris.ly/d/importing-client)
2026-10-06T04:58:25.7446015Z 
2026-10-06T04:58:25.7446246Z Tip: Want to turn off tips and other hints? https://pris.ly/tip-4-nohints
2026-10-06T04:58:25.7446479Z 
2026-10-06T04:58:25.8032757Z ##[group]Run sudo apt-get update && sudo apt-get install -y postgresql-client
2026-10-06T04:58:25.8033459Z [36;1msudo apt-get update && sudo apt-get install -y postgresql-client[0m
2026-10-06T04:58:25.8090527Z shell: /usr/bin/bash -e {0}
2026-10-06T04:58:25.8090753Z env:
2026-10-06T04:58:25.8091339Z   DATABASE_URL: ***localhost:5432/postgres
2026-10-06T04:58:25.8091686Z   DIRECT_URL: ***localhost:5432/postgres
2026-10-06T04:58:25.8092039Z   COMMUNITY_TEST_DATABASE_URL: ***localhost:5432/postgres
2026-10-06T04:58:25.8092321Z   SUPABASE_URL: http://127.0.0.1:54321
2026-10-06T04:58:25.8092623Z   SUPABASE_SERVICE_ROLE_KEY: ci-community-live-tests-not-a-secret
2026-10-06T04:58:25.8092958Z ##[endgroup]
2026-10-06T04:58:25.9105189Z Get:1 file:/etc/apt/apt-mirrors.txt Mirrorlist [144 B]
2026-10-06T04:58:25.9354027Z Hit:2 http://azure.archive.ubuntu.com/ubuntu noble InRelease
2026-10-06T04:58:25.9365855Z Get:3 http://azure.archive.ubuntu.com/ubuntu noble-updates InRelease [126 kB]
2026-10-06T04:58:25.9396335Z Get:6 https://packages.microsoft.com/ubuntu/24.04/prod noble InRelease [3600 B]
2026-10-06T04:58:25.9416822Z Get:4 http://azure.archive.ubuntu.com/ubuntu noble-backports InRelease [126 kB]
2026-10-06T04:58:25.9430161Z Get:5 http://azure.archive.ubuntu.com/ubuntu noble-security InRelease [126 kB]
2026-10-06T04:58:26.0364524Z Get:7 https://packages.microsoft.com/ubuntu/24.04/prod noble/main armhf Packages [12.6 kB]
2026-10-06T04:58:26.0444373Z Get:8 https://packages.microsoft.com/ubuntu/24.04/prod noble/main arm64 Packages [458 kB]
2026-10-06T04:58:26.0518966Z Get:9 https://packages.microsoft.com/ubuntu/24.04/prod noble/main amd64 Packages [515 kB]
2026-10-06T04:58:26.0808054Z Get:10 http://azure.archive.ubuntu.com/ubuntu noble-updates/main amd64 Packages [1370 kB]
2026-10-06T04:58:26.0866079Z Get:11 http://azure.archive.ubuntu.com/ubuntu noble-updates/main Translation-en [305 kB]
2026-10-06T04:58:26.0885654Z Get:12 http://azure.archive.ubuntu.com/ubuntu noble-updates/main amd64 Components [181 kB]
2026-10-06T04:58:26.0906495Z Get:13 http://azure.archive.ubuntu.com/ubuntu noble-updates/universe amd64 Packages [1701 kB]
2026-10-06T04:58:26.0988754Z Get:14 http://azure.archive.ubuntu.com/ubuntu noble-updates/universe Translation-en [341 kB]
2026-10-06T04:58:26.1016404Z Get:15 http://azure.archive.ubuntu.com/ubuntu noble-updates/universe amd64 Components [388 kB]
2026-10-06T04:58:26.1040427Z Get:16 http://azure.archive.ubuntu.com/ubuntu noble-updates/restricted amd64 Packages [1728 kB]
2026-10-06T04:58:26.1127633Z Get:17 http://azure.archive.ubuntu.com/ubuntu noble-updates/restricted Translation-en [395 kB]
2026-10-06T04:58:26.1161682Z Get:18 http://azure.archive.ubuntu.com/ubuntu noble-updates/multiverse Translation-en [13.3 kB]
2026-10-06T04:58:26.1162394Z Get:19 http://azure.archive.ubuntu.com/ubuntu noble-updates/multiverse amd64 Components [940 B]
2026-10-06T04:58:26.1793220Z Get:20 http://azure.archive.ubuntu.com/ubuntu noble-backports/main amd64 Components [5764 B]
2026-10-06T04:58:26.1803659Z Get:21 http://azure.archive.ubuntu.com/ubuntu noble-backports/universe amd64 Components [12.6 kB]
2026-10-06T04:58:26.1814047Z Get:22 http://azure.archive.ubuntu.com/ubuntu noble-security/main amd64 Packages [1071 kB]
2026-10-06T04:58:26.1863312Z Get:23 http://azure.archive.ubuntu.com/ubuntu noble-security/main Translation-en [222 kB]
2026-10-06T04:58:26.1878331Z Get:24 http://azure.archive.ubuntu.com/ubuntu noble-security/main amd64 Components [46.4 kB]
2026-10-06T04:58:26.1889808Z Get:25 http://azure.archive.ubuntu.com/ubuntu noble-security/universe amd64 Packages [1216 kB]
2026-10-06T04:58:26.1948791Z Get:26 http://azure.archive.ubuntu.com/ubuntu noble-security/universe Translation-en [244 kB]
2026-10-06T04:58:26.1970393Z Get:27 http://azure.archive.ubuntu.com/ubuntu noble-security/universe amd64 Components [76.3 kB]
2026-10-06T04:58:26.1978230Z Get:28 http://azure.archive.ubuntu.com/ubuntu noble-security/restricted amd64 Packages [1566 kB]
2026-10-06T04:58:26.2046868Z Get:29 http://azure.archive.ubuntu.com/ubuntu noble-security/restricted Translation-en [361 kB]
2026-10-06T04:58:34.2714194Z Fetched 12.6 MB in 1s (11.3 MB/s)
2026-10-06T04:58:34.9539430Z Reading package lists...
2026-10-06T04:58:34.9805732Z Reading package lists...
2026-10-06T04:58:35.1832661Z Building dependency tree...
2026-10-06T04:58:35.1839037Z Reading state information...
2026-10-06T04:58:35.3578990Z The following NEW packages will be installed:
2026-10-06T04:58:35.3579535Z   postgresql-client
2026-10-06T04:58:35.3725415Z 0 upgraded, 1 newly installed, 0 to remove and 25 not upgraded.
2026-10-06T04:58:35.3728329Z Need to get 11.6 kB of archives.
2026-10-06T04:58:35.3728686Z After this operation, 17.4 kB of additional disk space will be used.
2026-10-06T04:58:35.3729078Z Get:1 file:/etc/apt/apt-mirrors.txt Mirrorlist [144 B]
2026-10-06T04:58:35.4517230Z Get:2 http://azure.archive.ubuntu.com/ubuntu noble-updates/main amd64 postgresql-client all 16+257build1.1 [11.6 kB]
2026-10-06T04:58:35.7163578Z Fetched 11.6 kB in 0s (132 kB/s)
2026-10-06T04:58:35.7446034Z Selecting previously unselected package postgresql-client.
2026-10-06T04:58:35.7697426Z (Reading database ... 
2026-10-06T04:58:35.7697737Z (Reading database ... 5%
2026-10-06T04:58:35.7697976Z (Reading database ... 10%
2026-10-06T04:58:35.7698188Z (Reading database ... 15%
2026-10-06T04:58:35.7698383Z (Reading database ... 20%
2026-10-06T04:58:35.7699057Z (Reading database ... 25%
2026-10-06T04:58:35.7699254Z (Reading database ... 30%
2026-10-06T04:58:35.7699452Z (Reading database ... 35%
2026-10-06T04:58:35.7699659Z (Reading database ... 40%
2026-10-06T04:58:35.7699869Z (Reading database ... 45%
2026-10-06T04:58:35.7700071Z (Reading database ... 50%
2026-10-06T04:58:35.7750604Z (Reading database ... 55%
2026-10-06T04:58:35.8778897Z (Reading database ... 60%
2026-10-06T04:58:36.0123091Z (Reading database ... 65%
2026-10-06T04:58:36.1709065Z (Reading database ... 70%
2026-10-06T04:58:36.2412379Z (Reading database ... 75%
2026-10-06T04:58:36.3251155Z (Reading database ... 80%
2026-10-06T04:58:36.4881481Z (Reading database ... 85%
2026-10-06T04:58:36.7846910Z (Reading database ... 90%
2026-10-06T04:58:37.1825934Z (Reading database ... 95%
2026-10-06T04:58:37.1826249Z (Reading database ... 100%
2026-10-06T04:58:37.1826612Z (Reading database ... 202296 files and directories currently installed.)
2026-10-06T04:58:37.1867414Z Preparing to unpack .../postgresql-client_16+257build1.1_all.deb ...
2026-10-06T04:58:37.2487616Z Unpacking postgresql-client (16+257build1.1) ...
2026-10-06T04:58:37.2800893Z Setting up postgresql-client (16+257build1.1) ...
2026-10-06T04:58:39.0277615Z 
2026-10-06T04:58:39.0278223Z Running kernel seems to be up-to-date.
2026-10-06T04:58:39.0278515Z 
2026-10-06T04:58:39.0278685Z No services need to be restarted.
2026-10-06T04:58:39.0278906Z 
2026-10-06T04:58:39.0279091Z No containers need to be restarted.
2026-10-06T04:58:39.0279297Z 
2026-10-06T04:58:39.0279497Z No user sessions are running outdated binaries.
2026-10-06T04:58:39.0279740Z 
2026-10-06T04:58:39.0280117Z No VM guests are running outdated hypervisor (qemu) binaries on this host.
2026-10-06T04:58:39.8267377Z ##[group]Run psql "$DATABASE_URL" -v ON_ERROR_STOP=1 -f prisma/migrations/_supabase_bootstrap.sql
2026-10-06T04:58:39.8267928Z [36;1mpsql "$DATABASE_URL" -v ON_ERROR_STOP=1 -f prisma/migrations/_supabase_bootstrap.sql[0m
2026-10-06T04:58:39.8324535Z shell: /usr/bin/bash -e {0}
2026-10-06T04:58:39.8324754Z env:
2026-10-06T04:58:39.8325172Z   DATABASE_URL: ***localhost:5432/postgres
2026-10-06T04:58:39.8325674Z   DIRECT_URL: ***localhost:5432/postgres
2026-10-06T04:58:39.8326151Z   COMMUNITY_TEST_DATABASE_URL: ***localhost:5432/postgres
2026-10-06T04:58:39.8326430Z   SUPABASE_URL: http://127.0.0.1:54321
2026-10-06T04:58:39.8326720Z   SUPABASE_SERVICE_ROLE_KEY: ci-community-live-tests-not-a-secret
2026-10-06T04:58:39.8327009Z ##[endgroup]
2026-10-06T04:58:40.0504390Z CREATE SCHEMA
2026-10-06T04:58:40.0512090Z CREATE FUNCTION
2026-10-06T04:58:40.0535750Z DO
2026-10-06T04:58:40.0574021Z ##[group]Run npx prisma migrate deploy
2026-10-06T04:58:40.0574321Z [36;1mnpx prisma migrate deploy[0m
2026-10-06T04:58:40.0629010Z shell: /usr/bin/bash -e {0}
2026-10-06T04:58:40.0629215Z env:
2026-10-06T04:58:40.0629630Z   DATABASE_URL: ***localhost:5432/postgres
2026-10-06T04:58:40.0629980Z   DIRECT_URL: ***localhost:5432/postgres
2026-10-06T04:58:40.0630380Z   COMMUNITY_TEST_DATABASE_URL: ***localhost:5432/postgres
2026-10-06T04:58:40.0630662Z   SUPABASE_URL: http://127.0.0.1:54321
2026-10-06T04:58:40.0630947Z   SUPABASE_SERVICE_ROLE_KEY: ci-community-live-tests-not-a-secret
2026-10-06T04:58:40.0631226Z ##[endgroup]
2026-10-06T04:58:41.0188934Z Prisma schema loaded from prisma/schema.prisma
2026-10-06T04:58:41.0408309Z Datasource "db": PostgreSQL database "postgres", schema "public" at "localhost:5432"
2026-10-06T04:58:41.2250839Z 
2026-10-06T04:58:41.2251550Z 205 migrations found in prisma/migrations
2026-10-06T04:58:41.2251795Z 
2026-10-06T04:58:41.4182977Z Applying migration `00000000000000_baseline`
2026-10-06T04:58:41.5348695Z Applying migration `20260423190000_add_indexes_and_orphan_fks`
2026-10-06T04:58:41.5384444Z Applying migration `20260424000000_add_invite_codes`
2026-10-06T04:58:41.5436205Z Applying migration `20260424120000_add_coach_messages`
2026-10-06T04:58:41.5501442Z Applying migration `20260424180000_add_coach_nudges`
2026-10-06T04:58:41.5634154Z Applying migration `20260424200000_add_meal_plans_and_extend_checkins`
2026-10-06T04:58:41.5697125Z Applying migration `20260425030000_add_community_win_and_coach_guideline`
2026-10-06T04:58:41.5767117Z Applying migration `20260425030001_add_community_win_visibility`
2026-10-06T04:58:41.5784862Z Applying migration `20260427000000_add_owner_role_and_coach_profile`
2026-10-06T04:58:41.5857440Z Applying migration `20260427000100_add_saas_billing_and_drafts`
2026-10-06T04:58:41.6039285Z Applying migration `20260427120000_add_audit_log_and_gdpr_lifecycle`
2026-10-06T04:58:41.6315596Z Applying migration `20260428000000_add_client_coach_consent`
2026-10-06T04:58:41.6372360Z Applying migration `20260429210000_add_diet_and_workout_cadence_to_user_profile`
2026-10-06T04:58:41.6391576Z Applying migration `20260430000000_drop_doctrine_drift_remnants`
2026-10-06T04:58:41.6408012Z Applying migration `20260430120000_add_equipment_access_to_user_profile`
2026-10-06T04:58:41.6426475Z Applying migration `20260506000000_add_ptm_phase_1`
2026-10-06T04:58:41.6563014Z Applying migration `20260506010000_add_diagnostic_engine`
2026-10-06T04:58:41.6642332Z Applying migration `20260506020000_add_build_week`
2026-10-06T04:58:41.6871357Z Applying migration `20260506030000_add_coach_signals`
2026-10-06T04:58:41.6963181Z Applying migration `20260506040000_add_voice_notes_and_coach_onboarding`
2026-10-06T04:58:41.7010022Z Applying migration `20260506050000_add_first_win`
2026-10-06T04:58:41.7031786Z Applying migration `20260506060000_add_leaderboard`
2026-10-06T04:58:41.7051634Z Applying migration `20260507000000_add_notification_center`
2026-10-06T04:58:41.7148107Z Applying migration `20260507100000_add_gdpr_deletion_flow`
2026-10-06T04:58:41.7191524Z Applying migration `20260508000000_add_data_export`
2026-10-06T04:58:41.7244448Z Applying migration `20260508000000_add_workout_builder`
2026-10-06T04:58:41.7342774Z Applying migration `20260508000001_rls_workout_builder`
2026-10-06T04:58:41.7371117Z Applying migration `20260508000002_workout_exercise_soft_delete`
2026-10-06T04:58:41.7408488Z Applying migration `20260508000003_workout_builder_idempotency_and_completion`
2026-10-06T04:58:41.7486897Z Applying migration `20260509000000_add_sprint_b_macros_meals_insights`
2026-10-06T04:58:41.7680369Z Applying migration `20260509120000_coach_practice_type_stage3`
2026-10-06T04:58:41.7699656Z Applying migration `20260510000000_add_ai_gateway_audit_and_drafts`
2026-10-06T04:58:41.7831451Z Applying migration `20260510000000_add_team_mode`
2026-10-06T04:58:41.7932206Z Applying migration `20260510000001_team_audit_revenue_sharing_changed`
2026-10-06T04:58:41.7950116Z Applying migration `20260511000000_add_bloodwork`
2026-10-06T04:58:41.8072015Z Applying migration `20260512000000_concierge_scheduling`
2026-10-06T04:58:41.8575954Z Applying migration `20260513000000_food_logger_trainerize_floor`
2026-10-06T04:58:41.8636763Z Applying migration `20260515100000_add_secret_rotation_log`
2026-10-06T04:58:41.8677776Z Applying migration `20260516000000_kms_wrap_bloodwork_and_calendar`
2026-10-06T04:58:41.8696984Z Applying migration `20260517000000_booking_notifications`
2026-10-06T04:58:41.8758273Z Applying migration `20260520000000_setnull_owner_rels`
2026-10-06T04:58:41.8830564Z Applying migration `20260520000001_add_gcal_channel_tracking_to_calendar_connection`
2026-10-06T04:58:41.8862312Z Applying migration `20260521000000_add_connect_account`
2026-10-06T04:58:41.8910738Z Applying migration `20260524000000_add_sub_coach_assignment_and_idempotency`
2026-10-06T04:58:41.8987112Z Applying migration `20260525000000_sub_coach_rls_and_fks`
2026-10-06T04:58:41.9078562Z Applying migration `20260525120000_add_coach_brief_tables`
2026-10-06T04:58:42.1030996Z Applying migration `20260525130000_add_coach_brief_last_push_date`
2026-10-06T04:58:42.1052879Z Applying migration `20260525170000_data_export_one_active_per_user`
2026-10-06T04:58:42.1080056Z Applying migration `20260525180000_recent_auth_nonce`
2026-10-06T04:58:42.1121767Z Applying migration `20260528000000_stream1_coach_ai_credits`
2026-10-06T04:58:42.1236939Z Applying migration `20260528120000_stream1_round1_fixes`
2026-10-06T04:58:42.1308455Z Applying migration `20260530000000_coach_ai_engine_v1`
2026-10-06T04:58:42.1392667Z Applying migration `20260531000000_wearables_foundation`
2026-10-06T04:58:42.2064871Z Applying migration `20260601000000_add_connect_packages_purchases_customers`
2026-10-06T04:58:42.2228222Z Applying migration `20260601000000_add_email_send_log`
2026-10-06T04:58:42.2769195Z Applying migration `20260601000000_add_exercise_catalog_video`
2026-10-06T04:58:42.3107410Z Applying migration `20260602000000_add_connect_fee_split_and_dunning`
2026-10-06T04:58:42.3351004Z Applying migration `20260602000000_add_exercise_video_provider_fields`
2026-10-06T04:58:42.3447811Z Applying migration `20260603000000_add_connect_payout_reconciliation_refund_dispute`
2026-10-06T04:58:42.3620913Z Applying migration `20260604000000_add_team_profile_and_sub_coach_invite`
2026-10-06T04:58:42.3745167Z Applying migration `20260604000001_subcoach_invite_token_hash`
2026-10-06T04:58:42.3768510Z Applying migration `20260605000000_add_meal_plan_days_json`
2026-10-06T04:58:42.3786122Z Applying migration `20260606000000_add_expo_push_token`
2026-10-06T04:58:42.3803425Z Applying migration `20260606000001_payment_failure_event_unique`
2026-10-06T04:58:42.3828905Z Applying migration `20260606000002_food_entry_client_uuid`
2026-10-06T04:58:42.4075946Z Applying migration `20260606000003_rls_financial_tables`
2026-10-06T04:58:42.4104925Z Applying migration `20260607000000_rls_remaining_gaps`
2026-10-06T04:58:42.4273906Z Applying migration `20260607000001_workout_assignment_completion_payload`
2026-10-06T04:58:42.4301274Z Applying migration `20260608000000_rls_team_tables`
2026-10-06T04:58:42.4331332Z Applying migration `20260609000000_add_coach_direct_enabled`
2026-10-06T04:58:42.4365954Z Applying migration `20260610000000_fasting_unique_active`
2026-10-06T04:58:42.4388128Z Applying migration `20260611000000_invite_intended_email`
2026-10-06T04:58:42.4417951Z Applying migration `20260611000001_messagedraft_rls`
2026-10-06T04:58:42.4445888Z Applying migration `20260612000000_add_message_model_and_checkin_reviewed`
2026-10-06T04:58:42.4499044Z Applying migration `20260612000001_message_rls`
2026-10-06T04:58:42.4521742Z Applying migration `20260613000000_message_rls_split_update`
2026-10-06T04:58:42.4542485Z Applying migration `20260613000001_message_fk_cascade`
2026-10-06T04:58:42.4573433Z Applying migration `20260613000002_message_thread_reverse_index`
2026-10-06T04:58:42.4596074Z Applying migration `20260614000000_coach_subscription_tier`
2026-10-06T04:58:42.4623040Z Applying migration `20260614065425_add_coach_first_payment_notification`
2026-10-06T04:58:42.4664378Z Applying migration `20260615000000_drop_coach_direct_enabled`
2026-10-06T04:58:42.4687713Z Applying migration `20260616000000_add_message_reports_and_user_blocks`
2026-10-06T04:58:42.4804434Z Applying migration `20260617000000_fix_message_report_rls_participation_check`
2026-10-06T04:58:42.4826616Z Applying migration `20260618000000_add_rls_payment_revenue_tables`
2026-10-06T04:58:42.4861649Z Applying migration `20260619000000_add_churn_intervention`
2026-10-06T04:58:42.5369541Z Applying migration `20260620000000_workout_builder_p1_fixes`
2026-10-06T04:58:42.5411960Z Applying migration `20260621000000_fix_workout_rls_policies`
2026-10-06T04:58:42.5432705Z Applying migration `20260701235900_add_sub_coach_role_value`
2026-10-06T04:58:42.5551787Z Applying migration `20260702000000_fix_workout_rls_coach_role`
2026-10-06T04:58:42.5592468Z Applying migration `20260703000000_add_coach_brief_generation_lease`
2026-10-06T04:58:42.5654240Z Applying migration `20260703000001_add_coach_brief_push_ledger`
2026-10-06T04:58:42.5688303Z Applying migration `20260703000002_add_coach_brief_check_constraints`
2026-10-06T04:58:42.5732469Z Applying migration `20260704000000_coach_brief_push_ledger_bounded_retry`
2026-10-06T04:58:42.5752423Z Applying migration `20260704000000_rls01_helper_searchpath_hibp`
2026-10-06T04:58:42.5777233Z Applying migration `20260704000001_coach_brief_cwa_index_concurrent`
2026-10-06T04:58:42.5811691Z Applying migration `20260801000000_r43_storefront_phase1`
2026-10-06T04:58:42.5883707Z Applying migration `20260803000000_share_token_21char_invalidate_legacy`
2026-10-06T04:58:42.5904266Z Applying migration `20260804000000_guest_checkout_retryable_conversion`
2026-10-06T04:58:42.5945550Z Applying migration `20260805000000_guest_checkout_pii_retention`
2026-10-06T04:58:42.5971712Z Applying migration `20260806000000_share_link_expiry_revoke`
2026-10-06T04:58:42.5998984Z Applying migration `20260901000000_r46_landing_page_builder_phase1`
2026-10-06T04:58:42.6226162Z Applying migration `20260902000000_r47_landing_pages_phase3_crm_sync`
2026-10-06T04:58:42.6315150Z Applying migration `20260903000000_r47_lead_sync_persistent_state`
2026-10-06T04:58:42.6350005Z Applying migration `20260903000000_r52_landing_pages_renderer_v2`
2026-10-06T04:58:42.6369994Z Applying migration `20260920000000_r48_checkout_hardening`
2026-10-06T04:58:42.6395711Z Applying migration `20260921000000_add_refunded_disputed_to_guest_checkout_status`
2026-10-06T04:58:42.6415630Z Applying migration `20261001000000_dunning_v1`
2026-10-06T04:58:42.6478771Z Applying migration `20261002000000_dunning_v1_send_retry_cas`
2026-10-06T04:58:42.6509034Z Applying migration `20261002000000_nudge_v1`
2026-10-06T04:58:42.7293495Z Applying migration `20261110000000_ai_action_draft_materialised`
2026-10-06T04:58:42.7318284Z Applying migration `20261201000000_stream2_ai_execution_draft_links`
2026-10-06T04:58:42.7361100Z Applying migration `20261202000000_pr3_drip_schema_foundation`
2026-10-06T04:58:42.7513802Z Applying migration `20261203000000_pr7_meal_plan_drip_drop_unique`
2026-10-06T04:58:42.7555375Z Applying migration `20261203100000_pr6_packages_publish_pricing`
2026-10-06T04:58:42.7581099Z Applying migration `20261204000000_pr9_drip_resolver_marker`
2026-10-06T04:58:42.7628429Z Applying migration `20261205000000_pr10_scheduled_drop_retry_lock`
2026-10-06T04:58:42.7657015Z Applying migration `20261206000000_pr12_coach_media_upload_status`
2026-10-06T04:58:42.8079067Z Applying migration `20261207000000_pr14_client_purchase_landing_page_id_and_guest_subscription`
2026-10-06T04:58:42.8103430Z Applying migration `20261207000001_pr14_client_purchase_landing_page_idx_concurrent`
2026-10-06T04:58:42.8236671Z Applying migration `20261208000000_pr15_coach_new_purchase_prefs`
2026-10-06T04:58:42.8263542Z Applying migration `20261209000000_pr17_scheduled_drop_push_seq`
2026-10-06T04:58:42.8291656Z Applying migration `20261210000000_pr_wave0_ai_quota_ltv_peak`
2026-10-06T04:58:42.8362272Z Applying migration `20261211000000_add_sleep_consistency_metrics`
2026-10-06T04:58:42.8378926Z Applying migration `20261211000001_seed_sleep_consistency_metric_defs`
2026-10-06T04:58:42.8405898Z Applying migration `20261212000000_community_v1_1_schema`
2026-10-06T04:58:43.0371602Z Applying migration `20261212000000_rls_helper_search_path`
2026-10-06T04:58:43.0393554Z Applying migration `20261212010000_rls_tier2_coach_team`
2026-10-06T04:58:43.0466983Z Applying migration `20261213000000_rls_tier1_phi_financial_privacy`
2026-10-06T04:58:43.2414630Z Applying migration `20261213000000_rls_tier2_sessions`
2026-10-06T04:58:43.2461668Z Applying migration `20261213000000_rls_tier3_nutrition`
2026-10-06T04:58:43.2528252Z Applying migration `20261213000000_rls_tier3_workouts`
2026-10-06T04:58:43.2600475Z Applying migration `20261213000000_rls_tier4_learning_analytics`
2026-10-06T04:58:43.2681987Z Applying migration `20261213000000_rls_tier5_notifications_community`
2026-10-06T04:58:43.3521085Z Applying migration `20261214000000_dunning_v2_lockout_recovery`
2026-10-06T04:58:43.4922253Z Applying migration `20261215000000_b5_digital_contracts`
2026-10-06T04:58:43.5214581Z Applying migration `20261215000000_mwb_1_data_model`
2026-10-06T04:58:43.5573949Z Applying migration `20261215000000_payouts_v2_bank_payout_methods`
2026-10-06T04:58:43.5676023Z Applying migration `20261215000100_seed_b5_contract_templates`
2026-10-06T04:58:43.5714601Z Applying migration `20261215000200_contracts_rls`
2026-10-06T04:58:43.5750097Z Applying migration `20261215000300_named_regimes_and_partial_refund_decision`
2026-10-06T04:58:43.5826151Z Applying migration `20261216000000_add_roman_chat`
2026-10-06T04:58:43.7369977Z Applying migration `20261216000100_add_plan_context_payload`
2026-10-06T04:58:43.7395307Z Applying migration `20261216000200_community_classroom_posts`
2026-10-06T04:58:43.7726659Z Applying migration `20261217000000_community_voice_notes`
2026-10-06T04:58:43.7890549Z Applying migration `20261217000100_community_search_index`
2026-10-06T04:58:43.8042689Z Applying migration `20261217000200_community_wearable_prompts`
2026-10-06T04:58:43.8142097Z Applying migration `20261218000000_add_coach_reviewed_at`
2026-10-06T04:58:43.8201559Z Applying migration `20261218000100_rls_partial_refund_decision`
2026-10-06T04:58:43.8226100Z Applying migration `20261218000200_rename_decided_by_coach_user_id`
2026-10-06T04:58:43.8243937Z Applying migration `20261219000000_community_wearable_prompts_uuid_id`
2026-10-06T04:58:43.8377608Z Applying migration `20261219000000_conv_review_coach_reviewed_at_idx`
2026-10-06T04:58:43.8405110Z Applying migration `20261220000000_talent_marketplace_rls`
2026-10-06T04:58:43.9219515Z Applying migration `20261220000010_marketplace_idempotency_claim_nonce`
2026-10-06T04:58:43.9392927Z Applying migration `20261220000020_marketplace_abuse_signal_rls`
2026-10-06T04:58:43.9761757Z Applying migration `20261220000030_marketplace_connect_event`
2026-10-06T04:58:43.9957596Z Applying migration `20261220000031_application_applicant_listing_unique`
2026-10-06T04:58:43.9981420Z Applying migration `20261221000000_enable_pg_stat_statements`
2026-10-06T04:58:44.0055214Z Applying migration `20261221010000_add_signup_ref_to_user`
2026-10-06T04:58:44.0081021Z Applying migration `20261222000000_add_extension_pair_codes`
2026-10-06T04:58:44.0138580Z Applying migration `20261222000000_scout_ingest_entity`
2026-10-06T04:58:44.0189677Z Applying migration `20261222000000_scout_progress_and_completion`
2026-10-06T04:58:44.0256767Z Applying migration `20261223000100_scout_import_state`
2026-10-06T04:58:44.0301606Z Applying migration `20261223000200_scout_reconstruction`
2026-10-06T04:58:44.0370843Z Applying migration `20261223000300_scout_reconstructed_entity`
2026-10-06T04:58:44.0417302Z Applying migration `20261224000000_rls_close_public_exposure`
2026-10-06T04:58:44.0532879Z Applying migration `20270117000000_durable_import_setup`
2026-10-06T04:58:44.0675939Z Applying migration `20270118000000_scout_ledger_platform_expand`
2026-10-06T04:58:44.0703179Z Applying migration `20270119000000_scout_ledger_obsolete_writer_fence`
2026-10-06T04:58:44.0746347Z Applying migration `20270120000000_scout_identity_ready`
2026-10-06T04:58:44.0798007Z Applying migration `20270121000000_scout_identity_contract`
2026-10-06T04:58:44.0838201Z Applying migration `20270122000000_scout_native_provenance_expand`
2026-10-06T04:58:44.0998952Z Applying migration `20270123000000_scout_run_lifecycle_expand`
2026-10-06T04:58:44.1050668Z Applying migration `20270124000000_scout_run_observation_expand`
2026-10-06T04:58:44.1268742Z Applying migration `20270125000000_restore_schema_declared_objects`
2026-10-06T04:58:44.1643257Z Applying migration `20270203000000_ai_processing_consent_ledger`
2026-10-06T04:58:44.1695945Z Applying migration `20270204000000_recipe_private_by_default`
2026-10-06T04:58:44.1719104Z Applying migration `20270205000000_invite_grant_bindings`
2026-10-06T04:58:44.1766062Z Applying migration `20270210000000_s_fee_charge_settlement`
2026-10-06T04:58:44.2215237Z Applying migration `20270211000000_community_reports_voice_notes_and_wins`
2026-10-06T04:58:44.2432868Z Applying migration `20270212000000_clinic_onboarding_intake`
2026-10-06T04:58:44.7268645Z Applying migration `20270213000000_clinic_engagement`
2026-10-06T04:58:44.7475610Z Applying migration `20270215000000_dunning_billing_actions`
2026-10-06T04:58:44.7594883Z Applying migration `20270216000000_package_first_published_at`
2026-10-06T04:58:44.7626819Z Applying migration `20270220000000_data_export_archive_cleanup`
2026-10-06T04:58:44.7670877Z Applying migration `20270221000000_data_export_storage_bucket`
2026-10-06T04:58:44.7688166Z Applying migration `20270222000000_scheduling_lifecycle_integrity`
2026-10-06T04:58:44.9492984Z Applying migration `20270223000000_mwb_program_delivery`
2026-10-06T04:58:44.9538536Z Applying migration `20270224000000_build_week_day1_consultation_copy`
2026-10-06T04:58:44.9567666Z Applying migration `20270225000000_native_subscription_trials`
2026-10-06T04:58:44.9587869Z Applying migration `20270226000000_scheduling_request_expiry`
2026-10-06T04:58:44.9629398Z Applying migration `20270227000000_roman_workout_adjustments`
2026-10-06T04:58:44.9721114Z Applying migration `20270228000000_package_free_trials`
2026-10-06T04:58:45.1834178Z Applying migration `20270301000000_coachless_featured_coach`
2026-10-06T04:58:45.1957108Z Applying migration `20270301000000_community_win_coach_matcher`
2026-10-06T04:58:45.1982241Z Applying migration `20270301000000_notification_zone_provenance_reminder_generation`
2026-10-06T04:58:45.2019507Z Applying migration `20270302000000_coach_code_tools`
2026-10-06T04:58:45.2885314Z Applying migration `20270303000000_messaging_core_actions`
2026-10-06T04:58:45.3026473Z Applying migration `20270304000000_a4_broadcasts_cards_saved_replies`
2026-10-06T04:58:45.3296870Z Applying migration `20270307000000_push_outbox_quiet_hours`
2026-10-06T04:58:45.3385390Z Applying migration `20270311000000_subscription_checkout_terms`
2026-10-06T04:58:45.3402809Z Applying migration `20270313000000_package_trial_truth`
2026-10-06T04:58:45.3470052Z Applying migration `20270314000000_charge_refund_transfer_reversal_review`
2026-10-06T04:58:45.3506366Z Applying migration `20270317116000_split_ledger_reversal_posting`
2026-10-06T04:58:45.3574169Z Applying migration `20270318000000_dunning_dispute_pause_effects`
2026-10-06T04:58:45.3593074Z Applying migration `20270318122000_coach_booking_options`
2026-10-06T04:58:45.3633026Z 
2026-10-06T04:58:45.3646028Z The following migration(s) have been applied:
2026-10-06T04:58:45.3646479Z 
2026-10-06T04:58:45.3646722Z migrations/
2026-10-06T04:58:45.3647262Z   └─ 00000000000000_baseline/
2026-10-06T04:58:45.3647631Z     └─ migration.sql
2026-10-06T04:58:45.3648251Z   └─ 20260423190000_add_indexes_and_orphan_fks/
2026-10-06T04:58:45.3648634Z     └─ migration.sql
2026-10-06T04:58:45.3649013Z   └─ 20260424000000_add_invite_codes/
2026-10-06T04:58:45.3649342Z     └─ migration.sql
2026-10-06T04:58:45.3649981Z   └─ 20260424120000_add_coach_messages/
2026-10-06T04:58:45.3650445Z     └─ migration.sql
2026-10-06T04:58:45.3650817Z   └─ 20260424180000_add_coach_nudges/
2026-10-06T04:58:45.3651074Z     └─ migration.sql
2026-10-06T04:58:45.3651363Z   └─ 20260424200000_add_meal_plans_and_extend_checkins/
2026-10-06T04:58:45.3651635Z     └─ migration.sql
2026-10-06T04:58:45.3651927Z   └─ 20260425030000_add_community_win_and_coach_guideline/
2026-10-06T04:58:45.3652240Z     └─ migration.sql
2026-10-06T04:58:45.3652499Z   └─ 20260425030001_add_community_win_visibility/
2026-10-06T04:58:45.3652745Z     └─ migration.sql
2026-10-06T04:58:45.3653011Z   └─ 20260427000000_add_owner_role_and_coach_profile/
2026-10-06T04:58:45.3653272Z     └─ migration.sql
2026-10-06T04:58:45.3653515Z   └─ 20260427000100_add_saas_billing_and_drafts/
2026-10-06T04:58:45.3653770Z     └─ migration.sql
2026-10-06T04:58:45.3654022Z   └─ 20260427120000_add_audit_log_and_gdpr_lifecycle/
2026-10-06T04:58:45.3654273Z     └─ migration.sql
2026-10-06T04:58:45.3654524Z   └─ 20260428000000_add_client_coach_consent/
2026-10-06T04:58:45.3654770Z     └─ migration.sql
2026-10-06T04:58:45.3655222Z   └─ 20260429210000_add_diet_and_workout_cadence_to_user_profile/
2026-10-06T04:58:45.3655706Z     └─ migration.sql
2026-10-06T04:58:45.3656124Z   └─ 20260430000000_drop_doctrine_drift_remnants/
2026-10-06T04:58:45.3656474Z     └─ migration.sql
2026-10-06T04:58:45.3656883Z   └─ 20260430120000_add_equipment_access_to_user_profile/
2026-10-06T04:58:45.3657332Z     └─ migration.sql
2026-10-06T04:58:45.3657682Z   └─ 20260506000000_add_ptm_phase_1/
2026-10-06T04:58:45.3658043Z     └─ migration.sql
2026-10-06T04:58:45.3658408Z   └─ 20260506010000_add_diagnostic_engine/
2026-10-06T04:58:45.3658784Z     └─ migration.sql
2026-10-06T04:58:45.3659105Z   └─ 20260506020000_add_build_week/
2026-10-06T04:58:45.3659458Z     └─ migration.sql
2026-10-06T04:58:45.3659790Z   └─ 20260506030000_add_coach_signals/
2026-10-06T04:58:45.3660113Z     └─ migration.sql
2026-10-06T04:58:45.3660559Z   └─ 20260506040000_add_voice_notes_and_coach_onboarding/
2026-10-06T04:58:45.3660969Z     └─ migration.sql
2026-10-06T04:58:45.3661329Z   └─ 20260506050000_add_first_win/
2026-10-06T04:58:45.3661657Z     └─ migration.sql
2026-10-06T04:58:45.3662015Z   └─ 20260506060000_add_leaderboard/
2026-10-06T04:58:45.3662349Z     └─ migration.sql
2026-10-06T04:58:45.3662711Z   └─ 20260507000000_add_notification_center/
2026-10-06T04:58:45.3663119Z     └─ migration.sql
2026-10-06T04:58:45.3663481Z   └─ 20260507100000_add_gdpr_deletion_flow/
2026-10-06T04:58:45.3663890Z     └─ migration.sql
2026-10-06T04:58:45.3664240Z   └─ 20260508000000_add_data_export/
2026-10-06T04:58:45.3664582Z     └─ migration.sql
2026-10-06T04:58:45.3665017Z   └─ 20260508000000_add_workout_builder/
2026-10-06T04:58:45.3665551Z     └─ migration.sql
2026-10-06T04:58:45.3665908Z   └─ 20260508000001_rls_workout_builder/
2026-10-06T04:58:45.3666284Z     └─ migration.sql
2026-10-06T04:58:45.3666749Z   └─ 20260508000002_workout_exercise_soft_delete/
2026-10-06T04:58:45.3667167Z     └─ migration.sql
2026-10-06T04:58:45.3667640Z   └─ 20260508000003_workout_builder_idempotency_and_completion/
2026-10-06T04:58:45.3668119Z     └─ migration.sql
2026-10-06T04:58:45.3668534Z   └─ 20260509000000_add_sprint_b_macros_meals_insights/
2026-10-06T04:58:45.3668933Z     └─ migration.sql
2026-10-06T04:58:45.3669313Z   └─ 20260509120000_coach_practice_type_stage3/
2026-10-06T04:58:45.3669743Z     └─ migration.sql
2026-10-06T04:58:45.3670144Z   └─ 20260510000000_add_ai_gateway_audit_and_drafts/
2026-10-06T04:58:45.3670549Z     └─ migration.sql
2026-10-06T04:58:45.3670887Z   └─ 20260510000000_add_team_mode/
2026-10-06T04:58:45.3671226Z     └─ migration.sql
2026-10-06T04:58:45.3671635Z   └─ 20260510000001_team_audit_revenue_sharing_changed/
2026-10-06T04:58:45.3672045Z     └─ migration.sql
2026-10-06T04:58:45.3672378Z   └─ 20260511000000_add_bloodwork/
2026-10-06T04:58:45.3672714Z     └─ migration.sql
2026-10-06T04:58:45.3673078Z   └─ 20260512000000_concierge_scheduling/
2026-10-06T04:58:45.3673447Z     └─ migration.sql
2026-10-06T04:58:45.3674025Z   └─ 20260513000000_food_logger_trainerize_floor/
2026-10-06T04:58:45.3674419Z     └─ migration.sql
2026-10-06T04:58:45.3674765Z   └─ 20260515100000_add_secret_rotation_log/
2026-10-06T04:58:45.3675156Z     └─ migration.sql
2026-10-06T04:58:45.3675869Z   └─ 20260516000000_kms_wrap_bloodwork_and_calendar/
2026-10-06T04:58:45.3676154Z     └─ migration.sql
2026-10-06T04:58:45.3676399Z   └─ 20260517000000_booking_notifications/
2026-10-06T04:58:45.3676647Z     └─ migration.sql
2026-10-06T04:58:45.3676877Z   └─ 20260520000000_setnull_owner_rels/
2026-10-06T04:58:45.3677116Z     └─ migration.sql
2026-10-06T04:58:45.3677426Z   └─ 20260520000001_add_gcal_channel_tracking_to_calendar_connection/
2026-10-06T04:58:45.3677732Z     └─ migration.sql
2026-10-06T04:58:45.3677957Z   └─ 20260521000000_add_connect_account/
2026-10-06T04:58:45.3678182Z     └─ migration.sql
2026-10-06T04:58:45.3678472Z   └─ 20260524000000_add_sub_coach_assignment_and_idempotency/
2026-10-06T04:58:45.3678765Z     └─ migration.sql
2026-10-06T04:58:45.3678989Z   └─ 20260525000000_sub_coach_rls_and_fks/
2026-10-06T04:58:45.3679376Z     └─ migration.sql
2026-10-06T04:58:45.3679604Z   └─ 20260525120000_add_coach_brief_tables/
2026-10-06T04:58:45.3679834Z     └─ migration.sql
2026-10-06T04:58:45.3680087Z   └─ 20260525130000_add_coach_brief_last_push_date/
2026-10-06T04:58:45.3680339Z     └─ migration.sql
2026-10-06T04:58:45.3680585Z   └─ 20260525170000_data_export_one_active_per_user/
2026-10-06T04:58:45.3680842Z     └─ migration.sql
2026-10-06T04:58:45.3681071Z   └─ 20260525180000_recent_auth_nonce/
2026-10-06T04:58:45.3681307Z     └─ migration.sql
2026-10-06T04:58:45.3681540Z   └─ 20260528000000_stream1_coach_ai_credits/
2026-10-06T04:58:45.3681796Z     └─ migration.sql
2026-10-06T04:58:45.3682022Z   └─ 20260528120000_stream1_round1_fixes/
2026-10-06T04:58:45.3682248Z     └─ migration.sql
2026-10-06T04:58:45.3682475Z   └─ 20260530000000_coach_ai_engine_v1/
2026-10-06T04:58:45.3682697Z     └─ migration.sql
2026-10-06T04:58:45.3682930Z   └─ 20260531000000_wearables_foundation/
2026-10-06T04:58:45.3683175Z     └─ migration.sql
2026-10-06T04:58:45.3683455Z   └─ 20260601000000_add_connect_packages_purchases_customers/
2026-10-06T04:58:45.3683728Z     └─ migration.sql
2026-10-06T04:58:45.3683953Z   └─ 20260601000000_add_email_send_log/
2026-10-06T04:58:45.3684174Z     └─ migration.sql
2026-10-06T04:58:45.3684414Z   └─ 20260601000000_add_exercise_catalog_video/
2026-10-06T04:58:45.3684658Z     └─ migration.sql
2026-10-06T04:58:45.3684922Z   └─ 20260602000000_add_connect_fee_split_and_dunning/
2026-10-06T04:58:45.3685177Z     └─ migration.sql
2026-10-06T04:58:45.3685574Z   └─ 20260602000000_add_exercise_video_provider_fields/
2026-10-06T04:58:45.3685877Z     └─ migration.sql
2026-10-06T04:58:45.3686197Z   └─ 20260603000000_add_connect_payout_reconciliation_refund_dispute/
2026-10-06T04:58:45.3686509Z     └─ migration.sql
2026-10-06T04:58:45.3686794Z   └─ 20260604000000_add_team_profile_and_sub_coach_invite/
2026-10-06T04:58:45.3687075Z     └─ migration.sql
2026-10-06T04:58:45.3687317Z   └─ 20260604000001_subcoach_invite_token_hash/
2026-10-06T04:58:45.3687574Z     └─ migration.sql
2026-10-06T04:58:45.3687831Z   └─ 20260605000000_add_meal_plan_days_json/
2026-10-06T04:58:45.3688073Z     └─ migration.sql
2026-10-06T04:58:45.3688304Z   └─ 20260606000000_add_expo_push_token/
2026-10-06T04:58:45.3688533Z     └─ migration.sql
2026-10-06T04:58:45.3688782Z   └─ 20260606000001_payment_failure_event_unique/
2026-10-06T04:58:45.3689039Z     └─ migration.sql
2026-10-06T04:58:45.3689270Z   └─ 20260606000002_food_entry_client_uuid/
2026-10-06T04:58:45.3689505Z     └─ migration.sql
2026-10-06T04:58:45.3689726Z   └─ 20260606000003_rls_financial_tables/
2026-10-06T04:58:45.3689961Z     └─ migration.sql
2026-10-06T04:58:45.3690178Z   └─ 20260607000000_rls_remaining_gaps/
2026-10-06T04:58:45.3690422Z     └─ migration.sql
2026-10-06T04:58:45.3690699Z   └─ 20260607000001_workout_assignment_completion_payload/
2026-10-06T04:58:45.3690964Z     └─ migration.sql
2026-10-06T04:58:45.3691323Z   └─ 20260608000000_rls_team_tables/
2026-10-06T04:58:45.3691570Z     └─ migration.sql
2026-10-06T04:58:45.3691803Z   └─ 20260609000000_add_coach_direct_enabled/
2026-10-06T04:58:45.3692035Z     └─ migration.sql
2026-10-06T04:58:45.3692267Z   └─ 20260610000000_fasting_unique_active/
2026-10-06T04:58:45.3692497Z     └─ migration.sql
2026-10-06T04:58:45.3692723Z   └─ 20260611000000_invite_intended_email/
2026-10-06T04:58:45.3692948Z     └─ migration.sql
2026-10-06T04:58:45.3693182Z   └─ 20260611000001_messagedraft_rls/
2026-10-06T04:58:45.3693409Z     └─ migration.sql
2026-10-06T04:58:45.3693683Z   └─ 20260612000000_add_message_model_and_checkin_reviewed/
2026-10-06T04:58:45.3693969Z     └─ migration.sql
2026-10-06T04:58:45.3694185Z   └─ 20260612000001_message_rls/
2026-10-06T04:58:45.3694398Z     └─ migration.sql
2026-10-06T04:58:45.3694640Z   └─ 20260613000000_message_rls_split_update/
2026-10-06T04:58:45.3694874Z     └─ migration.sql
2026-10-06T04:58:45.3695101Z   └─ 20260613000001_message_fk_cascade/
2026-10-06T04:58:45.3695331Z     └─ migration.sql
2026-10-06T04:58:45.3695830Z   └─ 20260613000002_message_thread_reverse_index/
2026-10-06T04:58:45.3696097Z     └─ migration.sql
2026-10-06T04:58:45.3696345Z   └─ 20260614000000_coach_subscription_tier/
2026-10-06T04:58:45.3696606Z     └─ migration.sql
2026-10-06T04:58:45.3696930Z   └─ 20260614065425_add_coach_first_payment_notification/
2026-10-06T04:58:45.3697212Z     └─ migration.sql
2026-10-06T04:58:45.3697468Z   └─ 20260615000000_drop_coach_direct_enabled/
2026-10-06T04:58:45.3697739Z     └─ migration.sql
2026-10-06T04:58:45.3698030Z   └─ 20260616000000_add_message_reports_and_user_blocks/
2026-10-06T04:58:45.3698310Z     └─ migration.sql
2026-10-06T04:58:45.3698623Z   └─ 20260617000000_fix_message_report_rls_participation_check/
2026-10-06T04:58:45.3698928Z     └─ migration.sql
2026-10-06T04:58:45.3699199Z   └─ 20260618000000_add_rls_payment_revenue_tables/
2026-10-06T04:58:45.3699468Z     └─ migration.sql
2026-10-06T04:58:45.3699734Z   └─ 20260619000000_add_churn_intervention/
2026-10-06T04:58:45.3699993Z     └─ migration.sql
2026-10-06T04:58:45.3700254Z   └─ 20260620000000_workout_builder_p1_fixes/
2026-10-06T04:58:45.3700509Z     └─ migration.sql
2026-10-06T04:58:45.3700757Z   └─ 20260621000000_fix_workout_rls_policies/
2026-10-06T04:58:45.3701009Z     └─ migration.sql
2026-10-06T04:58:45.3701260Z   └─ 20260701235900_add_sub_coach_role_value/
2026-10-06T04:58:45.3701507Z     └─ migration.sql
2026-10-06T04:58:45.3701759Z   └─ 20260702000000_fix_workout_rls_coach_role/
2026-10-06T04:58:45.3702025Z     └─ migration.sql
2026-10-06T04:58:45.3702317Z   └─ 20260703000000_add_coach_brief_generation_lease/
2026-10-06T04:58:45.3702601Z     └─ migration.sql
2026-10-06T04:58:45.3702872Z   └─ 20260703000001_add_coach_brief_push_ledger/
2026-10-06T04:58:45.3703140Z     └─ migration.sql
2026-10-06T04:58:45.3703425Z   └─ 20260703000002_add_coach_brief_check_constraints/
2026-10-06T04:58:45.3703701Z     └─ migration.sql
2026-10-06T04:58:45.3704007Z   └─ 20260704000000_coach_brief_push_ledger_bounded_retry/
2026-10-06T04:58:45.3704311Z     └─ migration.sql
2026-10-06T04:58:45.3704577Z   └─ 20260704000000_rls01_helper_searchpath_hibp/
2026-10-06T04:58:45.3704848Z     └─ migration.sql
2026-10-06T04:58:45.3705124Z   └─ 20260704000001_coach_brief_cwa_index_concurrent/
2026-10-06T04:58:45.3705394Z     └─ migration.sql
2026-10-06T04:58:45.3705906Z   └─ 20260801000000_r43_storefront_phase1/
2026-10-06T04:58:45.3706312Z     └─ migration.sql
2026-10-06T04:58:45.3706794Z   └─ 20260803000000_share_token_21char_invalidate_legacy/
2026-10-06T04:58:45.3707236Z     └─ migration.sql
2026-10-06T04:58:45.3707701Z   └─ 20260804000000_guest_checkout_retryable_conversion/
2026-10-06T04:58:45.3707990Z     └─ migration.sql
2026-10-06T04:58:45.3708253Z   └─ 20260805000000_guest_checkout_pii_retention/
2026-10-06T04:58:45.3708515Z     └─ migration.sql
2026-10-06T04:58:45.3708778Z   └─ 20260806000000_share_link_expiry_revoke/
2026-10-06T04:58:45.3709032Z     └─ migration.sql
2026-10-06T04:58:45.3709424Z   └─ 20260901000000_r46_landing_page_builder_phase1/
2026-10-06T04:58:45.3709819Z     └─ migration.sql
2026-10-06T04:58:45.3710091Z   └─ 20260902000000_r47_landing_pages_phase3_crm_sync/
2026-10-06T04:58:45.3710360Z     └─ migration.sql
2026-10-06T04:58:45.3710628Z   └─ 20260903000000_r47_lead_sync_persistent_state/
2026-10-06T04:58:45.3710898Z     └─ migration.sql
2026-10-06T04:58:45.3711175Z   └─ 20260903000000_r52_landing_pages_renderer_v2/
2026-10-06T04:58:45.3711458Z     └─ migration.sql
2026-10-06T04:58:45.3711714Z   └─ 20260920000000_r48_checkout_hardening/
2026-10-06T04:58:45.3711975Z     └─ migration.sql
2026-10-06T04:58:45.3712304Z   └─ 20260921000000_add_refunded_disputed_to_guest_checkout_status/
2026-10-06T04:58:45.3712707Z     └─ migration.sql
2026-10-06T04:58:45.3712975Z   └─ 20261001000000_dunning_v1/
2026-10-06T04:58:45.3713211Z     └─ migration.sql
2026-10-06T04:58:45.3713485Z   └─ 20261002000000_dunning_v1_send_retry_cas/
2026-10-06T04:58:45.3713761Z     └─ migration.sql
2026-10-06T04:58:45.3713982Z   └─ 20261002000000_nudge_v1/
2026-10-06T04:58:45.3714228Z     └─ migration.sql
2026-10-06T04:58:45.3714500Z   └─ 20261110000000_ai_action_draft_materialised/
2026-10-06T04:58:45.3714769Z     └─ migration.sql
2026-10-06T04:58:45.3715050Z   └─ 20261201000000_stream2_ai_execution_draft_links/
2026-10-06T04:58:45.3715324Z     └─ migration.sql
2026-10-06T04:58:45.3715784Z   └─ 20261202000000_pr3_drip_schema_foundation/
2026-10-06T04:58:45.3716116Z     └─ migration.sql
2026-10-06T04:58:45.3716388Z   └─ 20261203000000_pr7_meal_plan_drip_drop_unique/
2026-10-06T04:58:45.3716667Z     └─ migration.sql
2026-10-06T04:58:45.3716934Z   └─ 20261203100000_pr6_packages_publish_pricing/
2026-10-06T04:58:45.3717198Z     └─ migration.sql
2026-10-06T04:58:45.3717459Z   └─ 20261204000000_pr9_drip_resolver_marker/
2026-10-06T04:58:45.3717717Z     └─ migration.sql
2026-10-06T04:58:45.3717980Z   └─ 20261205000000_pr10_scheduled_drop_retry_lock/
2026-10-06T04:58:45.3718249Z     └─ migration.sql
2026-10-06T04:58:45.3718526Z   └─ 20261206000000_pr12_coach_media_upload_status/
2026-10-06T04:58:45.3718813Z     └─ migration.sql
2026-10-06T04:58:45.3719180Z   └─ 20261207000000_pr14_client_purchase_landing_page_id_and_guest_subscription/
2026-10-06T04:58:45.3719554Z     └─ migration.sql
2026-10-06T04:58:45.3719883Z   └─ 20261207000001_pr14_client_purchase_landing_page_idx_concurrent/
2026-10-06T04:58:45.3720200Z     └─ migration.sql
2026-10-06T04:58:45.3720484Z   └─ 20261208000000_pr15_coach_new_purchase_prefs/
2026-10-06T04:58:45.3720757Z     └─ migration.sql
2026-10-06T04:58:45.3721026Z   └─ 20261209000000_pr17_scheduled_drop_push_seq/
2026-10-06T04:58:45.3721298Z     └─ migration.sql
2026-10-06T04:58:45.3721561Z   └─ 20261210000000_pr_wave0_ai_quota_ltv_peak/
2026-10-06T04:58:45.3721824Z     └─ migration.sql
2026-10-06T04:58:45.3722098Z   └─ 20261211000000_add_sleep_consistency_metrics/
2026-10-06T04:58:45.3722363Z     └─ migration.sql
2026-10-06T04:58:45.3722653Z   └─ 20261211000001_seed_sleep_consistency_metric_defs/
2026-10-06T04:58:45.3722935Z     └─ migration.sql
2026-10-06T04:58:45.3723191Z   └─ 20261212000000_community_v1_1_schema/
2026-10-06T04:58:45.3723444Z     └─ migration.sql
2026-10-06T04:58:45.3723713Z   └─ 20261212000000_rls_helper_search_path/
2026-10-06T04:58:45.3723964Z     └─ migration.sql
2026-10-06T04:58:45.3724194Z   └─ 20261212010000_rls_tier2_coach_team/
2026-10-06T04:58:45.3724425Z     └─ migration.sql
2026-10-06T04:58:45.3724696Z   └─ 20261213000000_rls_tier1_phi_financial_privacy/
2026-10-06T04:58:45.3724968Z     └─ migration.sql
2026-10-06T04:58:45.3725207Z   └─ 20261213000000_rls_tier2_sessions/
2026-10-06T04:58:45.3725609Z     └─ migration.sql
2026-10-06T04:58:45.3725863Z   └─ 20261213000000_rls_tier3_nutrition/
2026-10-06T04:58:45.3726111Z     └─ migration.sql
2026-10-06T04:58:45.3726355Z   └─ 20261213000000_rls_tier3_workouts/
2026-10-06T04:58:45.3726596Z     └─ migration.sql
2026-10-06T04:58:45.3726862Z   └─ 20261213000000_rls_tier4_learning_analytics/
2026-10-06T04:58:45.3727266Z     └─ migration.sql
2026-10-06T04:58:45.3727553Z   └─ 20261213000000_rls_tier5_notifications_community/
2026-10-06T04:58:45.3727925Z     └─ migration.sql
2026-10-06T04:58:45.3728211Z   └─ 20261214000000_dunning_v2_lockout_recovery/
2026-10-06T04:58:45.3728471Z     └─ migration.sql
2026-10-06T04:58:45.3728715Z   └─ 20261215000000_b5_digital_contracts/
2026-10-06T04:58:45.3728977Z     └─ migration.sql
2026-10-06T04:58:45.3729224Z   └─ 20261215000000_mwb_1_data_model/
2026-10-06T04:58:45.3729469Z     └─ migration.sql
2026-10-06T04:58:45.3729743Z   └─ 20261215000000_payouts_v2_bank_payout_methods/
2026-10-06T04:58:45.3730034Z     └─ migration.sql
2026-10-06T04:58:45.3730313Z   └─ 20261215000100_seed_b5_contract_templates/
2026-10-06T04:58:45.3730594Z     └─ migration.sql
2026-10-06T04:58:45.3730855Z   └─ 20261215000200_contracts_rls/
2026-10-06T04:58:45.3731097Z     └─ migration.sql
2026-10-06T04:58:45.3731406Z   └─ 20261215000300_named_regimes_and_partial_refund_decision/
2026-10-06T04:58:45.3731725Z     └─ migration.sql
2026-10-06T04:58:45.3731941Z   └─ 20261216000000_add_roman_chat/
2026-10-06T04:58:45.3732183Z     └─ migration.sql
2026-10-06T04:58:45.3732438Z   └─ 20261216000100_add_plan_context_payload/
2026-10-06T04:58:45.3732686Z     └─ migration.sql
2026-10-06T04:58:45.3732925Z   └─ 20261216000200_community_classroom_posts/
2026-10-06T04:58:45.3733167Z     └─ migration.sql
2026-10-06T04:58:45.3733407Z   └─ 20261217000000_community_voice_notes/
2026-10-06T04:58:45.3733638Z     └─ migration.sql
2026-10-06T04:58:45.3733882Z   └─ 20261217000100_community_search_index/
2026-10-06T04:58:45.3734129Z     └─ migration.sql
2026-10-06T04:58:45.3734385Z   └─ 20261217000200_community_wearable_prompts/
2026-10-06T04:58:45.3734644Z     └─ migration.sql
2026-10-06T04:58:45.3734890Z   └─ 20261218000000_add_coach_reviewed_at/
2026-10-06T04:58:45.3735124Z     └─ migration.sql
2026-10-06T04:58:45.3735400Z   └─ 20261218000100_rls_partial_refund_decision/
2026-10-06T04:58:45.3735806Z     └─ migration.sql
2026-10-06T04:58:45.3736085Z   └─ 20261218000200_rename_decided_by_coach_user_id/
2026-10-06T04:58:45.3736365Z     └─ migration.sql
2026-10-06T04:58:45.3736625Z   └─ 20261219000000_community_wearable_prompts_uuid_id/
2026-10-06T04:58:45.3737010Z     └─ migration.sql
2026-10-06T04:58:45.3737300Z   └─ 20261219000000_conv_review_coach_reviewed_at_idx/
2026-10-06T04:58:45.3737600Z     └─ migration.sql
2026-10-06T04:58:45.3737854Z   └─ 20261220000000_talent_marketplace_rls/
2026-10-06T04:58:45.3738129Z     └─ migration.sql
2026-10-06T04:58:45.3738443Z   └─ 20261220000010_marketplace_idempotency_claim_nonce/
2026-10-06T04:58:45.3738757Z     └─ migration.sql
2026-10-06T04:58:45.3739047Z   └─ 20261220000020_marketplace_abuse_signal_rls/
2026-10-06T04:58:45.3739339Z     └─ migration.sql
2026-10-06T04:58:45.3739617Z   └─ 20261220000030_marketplace_connect_event/
2026-10-06T04:58:45.3739910Z     └─ migration.sql
2026-10-06T04:58:45.3740213Z   └─ 20261220000031_application_applicant_listing_unique/
2026-10-06T04:58:45.3740670Z     └─ migration.sql
2026-10-06T04:58:45.3740953Z   └─ 20261221000000_enable_pg_stat_statements/
2026-10-06T04:58:45.3741238Z     └─ migration.sql
2026-10-06T04:58:45.3741499Z   └─ 20261221010000_add_signup_ref_to_user/
2026-10-06T04:58:45.3741772Z     └─ migration.sql
2026-10-06T04:58:45.3742041Z   └─ 20261222000000_add_extension_pair_codes/
2026-10-06T04:58:45.3742325Z     └─ migration.sql
2026-10-06T04:58:45.3742588Z   └─ 20261222000000_scout_ingest_entity/
2026-10-06T04:58:45.3742855Z     └─ migration.sql
2026-10-06T04:58:45.3743134Z   └─ 20261222000000_scout_progress_and_completion/
2026-10-06T04:58:45.3743444Z     └─ migration.sql
2026-10-06T04:58:45.3743701Z   └─ 20261223000100_scout_import_state/
2026-10-06T04:58:45.3743961Z     └─ migration.sql
2026-10-06T04:58:45.3744232Z   └─ 20261223000200_scout_reconstruction/
2026-10-06T04:58:45.3744501Z     └─ migration.sql
2026-10-06T04:58:45.3744770Z   └─ 20261223000300_scout_reconstructed_entity/
2026-10-06T04:58:45.3745046Z     └─ migration.sql
2026-10-06T04:58:45.3745331Z   └─ 20261224000000_rls_close_public_exposure/
2026-10-06T04:58:45.3745754Z     └─ migration.sql
2026-10-06T04:58:45.3746144Z   └─ 20270117000000_durable_import_setup/
2026-10-06T04:58:45.3746417Z     └─ migration.sql
2026-10-06T04:58:45.3746697Z   └─ 20270118000000_scout_ledger_platform_expand/
2026-10-06T04:58:45.3746984Z     └─ migration.sql
2026-10-06T04:58:45.3747284Z   └─ 20270119000000_scout_ledger_obsolete_writer_fence/
2026-10-06T04:58:45.3747599Z     └─ migration.sql
2026-10-06T04:58:45.3747876Z   └─ 20270120000000_scout_identity_ready/
2026-10-06T04:58:45.3748166Z     └─ migration.sql
2026-10-06T04:58:45.3748441Z   └─ 20270121000000_scout_identity_contract/
2026-10-06T04:58:45.3748710Z     └─ migration.sql
2026-10-06T04:58:45.3749001Z   └─ 20270122000000_scout_native_provenance_expand/
2026-10-06T04:58:45.3749293Z     └─ migration.sql
2026-10-06T04:58:45.3749585Z   └─ 20270123000000_scout_run_lifecycle_expand/
2026-10-06T04:58:45.3749875Z     └─ migration.sql
2026-10-06T04:58:45.3750187Z   └─ 20270124000000_scout_run_observation_expand/
2026-10-06T04:58:45.3750476Z     └─ migration.sql
2026-10-06T04:58:45.3750774Z   └─ 20270125000000_restore_schema_declared_objects/
2026-10-06T04:58:45.3751066Z     └─ migration.sql
2026-10-06T04:58:45.3751345Z   └─ 20270203000000_ai_processing_consent_ledger/
2026-10-06T04:58:45.3751618Z     └─ migration.sql
2026-10-06T04:58:45.3751896Z   └─ 20270204000000_recipe_private_by_default/
2026-10-06T04:58:45.3752184Z     └─ migration.sql
2026-10-06T04:58:45.3752460Z   └─ 20270205000000_invite_grant_bindings/
2026-10-06T04:58:45.3752796Z     └─ migration.sql
2026-10-06T04:58:45.3753128Z   └─ 20270210000000_s_fee_charge_settlement/
2026-10-06T04:58:45.3753410Z     └─ migration.sql
2026-10-06T04:58:45.3753726Z   └─ 20270211000000_community_reports_voice_notes_and_wins/
2026-10-06T04:58:45.3754050Z     └─ migration.sql
2026-10-06T04:58:45.3754342Z   └─ 20270212000000_clinic_onboarding_intake/
2026-10-06T04:58:45.3754629Z     └─ migration.sql
2026-10-06T04:58:45.3754911Z   └─ 20270213000000_clinic_engagement/
2026-10-06T04:58:45.3755173Z     └─ migration.sql
2026-10-06T04:58:45.3755580Z   └─ 20270215000000_dunning_billing_actions/
2026-10-06T04:58:45.3755860Z     └─ migration.sql
2026-10-06T04:58:45.3756137Z   └─ 20270216000000_package_first_published_at/
2026-10-06T04:58:45.3756420Z     └─ migration.sql
2026-10-06T04:58:45.3756706Z   └─ 20270220000000_data_export_archive_cleanup/
2026-10-06T04:58:45.3756982Z     └─ migration.sql
2026-10-06T04:58:45.3757264Z   └─ 20270221000000_data_export_storage_bucket/
2026-10-06T04:58:45.3757539Z     └─ migration.sql
2026-10-06T04:58:45.3757824Z   └─ 20270222000000_scheduling_lifecycle_integrity/
2026-10-06T04:58:45.3758124Z     └─ migration.sql
2026-10-06T04:58:45.3758383Z   └─ 20270223000000_mwb_program_delivery/
2026-10-06T04:58:45.3758676Z     └─ migration.sql
2026-10-06T04:58:45.3758978Z   └─ 20270224000000_build_week_day1_consultation_copy/
2026-10-06T04:58:45.3759289Z     └─ migration.sql
2026-10-06T04:58:45.3759710Z   └─ 20270225000000_native_subscription_trials/
2026-10-06T04:58:45.3760002Z     └─ migration.sql
2026-10-06T04:58:45.3760281Z   └─ 20270226000000_scheduling_request_expiry/
2026-10-06T04:58:45.3760575Z     └─ migration.sql
2026-10-06T04:58:45.3760850Z   └─ 20270227000000_roman_workout_adjustments/
2026-10-06T04:58:45.3761125Z     └─ migration.sql
2026-10-06T04:58:45.3761392Z   └─ 20270228000000_package_free_trials/
2026-10-06T04:58:45.3761663Z     └─ migration.sql
2026-10-06T04:58:45.3761934Z   └─ 20270301000000_coachless_featured_coach/
2026-10-06T04:58:45.3762210Z     └─ migration.sql
2026-10-06T04:58:45.3762493Z   └─ 20270301000000_community_win_coach_matcher/
2026-10-06T04:58:45.3762754Z     └─ migration.sql
2026-10-06T04:58:45.3763129Z   └─ 20270301000000_notification_zone_provenance_reminder_generation/
2026-10-06T04:58:45.3763478Z     └─ migration.sql
2026-10-06T04:58:45.3763733Z   └─ 20270302000000_coach_code_tools/
2026-10-06T04:58:45.3763987Z     └─ migration.sql
2026-10-06T04:58:45.3764265Z   └─ 20270303000000_messaging_core_actions/
2026-10-06T04:58:45.3764548Z     └─ migration.sql
2026-10-06T04:58:45.3764979Z   └─ 20270304000000_a4_broadcasts_cards_saved_replies/
2026-10-06T04:58:45.3765271Z     └─ migration.sql
2026-10-06T04:58:45.3765725Z   └─ 20270307000000_push_outbox_quiet_hours/
2026-10-06T04:58:45.3765996Z     └─ migration.sql
2026-10-06T04:58:45.3766293Z   └─ 20270311000000_subscription_checkout_terms/
2026-10-06T04:58:45.3766568Z     └─ migration.sql
2026-10-06T04:58:45.3766828Z   └─ 20270313000000_package_trial_truth/
2026-10-06T04:58:45.3767100Z     └─ migration.sql
2026-10-06T04:58:45.3767441Z   └─ 20270314000000_charge_refund_transfer_reversal_review/
2026-10-06T04:58:45.3767799Z     └─ migration.sql
2026-10-06T04:58:45.3768136Z   └─ 20270317116000_split_ledger_reversal_posting/
2026-10-06T04:58:45.3768487Z     └─ migration.sql
2026-10-06T04:58:45.3768815Z   └─ 20270318000000_dunning_dispute_pause_effects/
2026-10-06T04:58:45.3769153Z     └─ migration.sql
2026-10-06T04:58:45.3769474Z   └─ 20270318122000_coach_booking_options/
2026-10-06T04:58:45.3769781Z     └─ migration.sql
2026-10-06T04:58:45.3770009Z       
2026-10-06T04:58:45.3770314Z All migrations have been successfully applied.
2026-10-06T04:58:45.3910409Z ##[group]Run npx jest test/community/rls/community-wins-rls.live.spec.ts test/community/rls/community-message-shape.live.spec.ts test/messaging/rls/coach-thread-state-rls.live.spec.ts test/community/community-moderation.e2e.spec.ts test/community/community-reactions.e2e.spec.ts test/community/community-dms.e2e.spec.ts test/community/community-foundation.e2e.spec.ts test/community/community-plan-context.e2e.spec.ts test/community/community-posts.e2e.spec.ts test/community/community-messages.e2e.spec.ts test/community/events/community-events.e2e.spec.ts test/invite-codes/coach-code-tools.live.spec.ts test/broadcasts/broadcasts-dispatch.live.spec.ts --runInBand --testTimeout=60000
2026-10-06T04:58:45.3914085Z [36;1mnpx jest test/community/rls/community-wins-rls.live.spec.ts test/community/rls/community-message-shape.live.spec.ts test/messaging/rls/coach-thread-state-rls.live.spec.ts test/community/community-moderation.e2e.spec.ts test/community/community-reactions.e2e.spec.ts test/community/community-dms.e2e.spec.ts test/community/community-foundation.e2e.spec.ts test/community/community-plan-context.e2e.spec.ts test/community/community-posts.e2e.spec.ts test/community/community-messages.e2e.spec.ts test/community/events/community-events.e2e.spec.ts test/invite-codes/coach-code-tools.live.spec.ts test/broadcasts/broadcasts-dispatch.live.spec.ts --runInBand --testTimeout=60000[0m
2026-10-06T04:58:45.3970866Z shell: /usr/bin/bash -e {0}
2026-10-06T04:58:45.3971088Z env:
2026-10-06T04:58:45.3971460Z   DATABASE_URL: ***localhost:5432/postgres
2026-10-06T04:58:45.3971834Z   DIRECT_URL: ***localhost:5432/postgres
2026-10-06T04:58:45.3972214Z   COMMUNITY_TEST_DATABASE_URL: ***localhost:5432/postgres
2026-10-06T04:58:45.3972483Z   SUPABASE_URL: http://127.0.0.1:54321
2026-10-06T04:58:45.3972770Z   SUPABASE_SERVICE_ROLE_KEY: ci-community-live-tests-not-a-secret
2026-10-06T04:58:45.3973079Z   NODE_OPTIONS: --max-old-space-size=4096
2026-10-06T04:58:45.3973308Z ##[endgroup]
2026-10-06T04:58:52.9039415Z PASS test/broadcasts/broadcasts-dispatch.live.spec.ts (6.633 s, 148 MB heap size)
2026-10-06T04:58:54.1367410Z [31m[Nest] 3614  - [39m10/06/2026, 4:58:54 AM [31m  ERROR[39m [38;5;3m[NotificationsService] [39m[31mNotificationsService started without PushDeliveryService: no inbox notification would reach a device.[39m
2026-10-06T04:58:54.7348901Z PASS test/community/events/community-events.e2e.spec.ts (169 MB heap size)
2026-10-06T04:58:55.5794586Z PASS test/community/community-foundation.e2e.spec.ts (221 MB heap size)
2026-10-06T04:58:56.6480322Z PASS test/community/community-plan-context.e2e.spec.ts (279 MB heap size)
2026-10-06T04:58:57.2958853Z [31m[Nest] 3614  - [39m10/06/2026, 4:58:57 AM [31m  ERROR[39m [38;5;3m[NotificationsService] [39m[31mNotificationsService started without PushDeliveryService: no inbox notification would reach a device.[39m
2026-10-06T04:58:57.5181466Z [31m[Nest] 3614  - [39m10/06/2026, 4:58:57 AM [31m  ERROR[39m [38;5;3m[ExceptionsHandler] [39mPrismaClientUnknownRequestError: 
2026-10-06T04:58:57.5182408Z Invalid `tx.notification.create()` invocation in
2026-10-06T04:58:57.5183021Z /home/runner/work/growth-project-backend/growth-project-backend/src/community/safety/community-moderation-notices.ts:81:25
2026-10-06T04:58:57.5183420Z 
2026-10-06T04:58:57.5183674Z   78 if (existing.some((n) => isJsonObject(n.payload) && n.payload.idempotency_key === key)) {
2026-10-06T04:58:57.5184025Z   79   return 'exists';
2026-10-06T04:58:57.5184215Z   80 }
2026-10-06T04:58:57.5184474Z → 81 await tx.notification.create(
2026-10-06T04:58:57.5184743Z Error occurred during query execution:
2026-10-06T04:58:57.5185771Z ConnectorError(ConnectorError { user_facing_error: None, kind: QueryError(PostgresError { code: "P0001", message: "B-610-13 probe: notice insert refused", severity: "ERROR", detail: None, column: None, hint: None }), transient: false })
2026-10-06T04:58:57.5187230Z     at ei.handleRequestError [90m(/home/runner/work/growth-project-backend/growth-project-backend/[39mnode_modules/[4m@prisma/client[24m/src/runtime/RequestHandler.ts:237:13[90m)[39m
2026-10-06T04:58:57.5188414Z     at ei.handleAndLogRequestError [90m(/home/runner/work/growth-project-backend/growth-project-backend/[39mnode_modules/[4m@prisma/client[24m/src/runtime/RequestHandler.ts:174:12[90m)[39m
2026-10-06T04:58:57.5189697Z     at ei.request [90m(/home/runner/work/growth-project-backend/growth-project-backend/[39mnode_modules/[4m@prisma/client[24m/src/runtime/RequestHandler.ts:143:12[90m)[39m
2026-10-06T04:58:57.5190685Z     at a [90m(/home/runner/work/growth-project-backend/growth-project-backend/[39mnode_modules/[4m@prisma/client[24m/src/runtime/getPrismaClient.ts:833:24[90m)[39m
2026-10-06T04:58:57.5191833Z     at storeModerationNotice [90m(/home/runner/work/growth-project-backend/growth-project-backend/[39msrc/community/safety/community-moderation-notices.ts:81:3[90m)[39m
2026-10-06T04:58:57.5193220Z     at [90m/home/runner/work/growth-project-backend/growth-project-backend/[39msrc/community/moderation/community-moderation.service.ts:471:18
2026-10-06T04:58:57.5194835Z     at Proxy._transactionWithCallback [90m(/home/runner/work/growth-project-backend/growth-project-backend/[39mnode_modules/[4m@prisma/client[24m/src/runtime/getPrismaClient.ts:722:18[90m)[39m
2026-10-06T04:58:57.5196702Z     at CommunityModerationService.act [90m(/home/runner/work/growth-project-backend/growth-project-backend/[39msrc/community/moderation/community-moderation.service.ts:449:44[90m)[39m
2026-10-06T04:58:57.5198326Z     at [90m/home/runner/work/growth-project-backend/growth-project-backend/[39mnode_modules/[4m@nestjs/core[24m/router/router-execution-context.js:47:62
2026-10-06T04:58:57.5199460Z     at [90m/home/runner/work/growth-project-backend/growth-project-backend/[39mnode_modules/[4m@nestjs/core[24m/router/router-proxy.js:9:17 {
2026-10-06T04:58:57.5199989Z   clientVersion: [32m'6.19.3'[39m
2026-10-06T04:58:57.5200220Z }
2026-10-06T04:58:57.6082740Z PASS test/community/community-moderation.e2e.spec.ts (344 MB heap size)
2026-10-06T04:58:58.4799335Z PASS test/community/community-messages.e2e.spec.ts (396 MB heap size)
2026-10-06T04:58:59.1374069Z [31m[Nest] 3614  - [39m10/06/2026, 4:58:59 AM [31m  ERROR[39m [38;5;3m[NotificationsService] [39m[31mNotificationsService started without PushDeliveryService: no inbox notification would reach a device.[39m
2026-10-06T04:58:59.4451641Z PASS test/community/community-posts.e2e.spec.ts (219 MB heap size)
2026-10-06T04:58:59.9894155Z [31m[Nest] 3614  - [39m10/06/2026, 4:58:59 AM [31m  ERROR[39m [38;5;3m[NotificationsService] [39m[31mNotificationsService started without PushDeliveryService: no inbox notification would reach a device.[39m
2026-10-06T04:59:00.2525925Z PASS test/community/community-dms.e2e.spec.ts (271 MB heap size)
2026-10-06T04:59:01.0490449Z PASS test/community/rls/community-wins-rls.live.spec.ts (295 MB heap size)
2026-10-06T04:59:01.4948447Z PASS test/messaging/rls/coach-thread-state-rls.live.spec.ts (318 MB heap size)
2026-10-06T04:59:02.1688118Z [95m[Nest] 3614  - [39m10/06/2026, 4:59:02 AM [95m  DEBUG[39m [38;5;3m[InviteCodesService] [39m[95mattach no-op: user=b493d30a-e863-4880-92fe-60b486d19985 already attached to coach=765f56c0-6e71-4431-8810-bdde6a6eb7a0[39m
2026-10-06T04:59:02.1689623Z [95m[Nest] 3614  - [39m10/06/2026, 4:59:02 AM [95m  DEBUG[39m [38;5;3m[InviteCodesService] [39m[95mattach no-op: user=b493d30a-e863-4880-92fe-60b486d19985 already attached to coach=765f56c0-6e71-4431-8810-bdde6a6eb7a0[39m
2026-10-06T04:59:02.4305124Z PASS test/invite-codes/coach-code-tools.live.spec.ts (372 MB heap size)
2026-10-06T04:59:03.1663256Z PASS test/community/community-reactions.e2e.spec.ts (423 MB heap size)
2026-10-06T04:59:03.4666399Z PASS test/community/rls/community-message-shape.live.spec.ts (439 MB heap size)
2026-10-06T04:59:03.4683091Z 
2026-10-06T04:59:03.4691446Z Test Suites: 13 passed, 13 total
2026-10-06T04:59:03.4691964Z Tests:       129 passed, 129 total
2026-10-06T04:59:03.4692906Z Snapshots:   0 total
2026-10-06T04:59:03.4693522Z Time:        17.387 s
2026-10-06T04:59:03.4698119Z Ran all test suites matching test/community/rls/community-wins-rls.live.spec.ts|test/community/rls/community-message-shape.live.spec.ts|test/messaging/rls/coach-thread-state-rls.live.spec.ts|test/community/community-moderation.e2e.spec.ts|test/community/community-reactions.e2e.spec.ts|test/community/community-dms.e2e.spec.ts|test/community/community-foundation.e2e.spec.ts|test/community/community-plan-context.e2e.spec.ts|test/community/community-posts.e2e.spec.ts|test/community/community-messages.e2e.spec.ts|test/community/events/community-events.e2e.spec.ts|test/invite-codes/coach-code-tools.live.spec.ts|test/broadcasts/broadcasts-dispatch.live.spec.ts.
2026-10-06T04:59:04.4732925Z Jest did not exit one second after the test run has completed.
2026-10-06T04:59:04.4733261Z 
2026-10-06T04:59:04.4734122Z 'This usually means that there are asynchronous operations that weren't stopped in your tests. Consider running Jest with `--detectOpenHandles` to troubleshoot this issue.
2026-10-06T04:59:59.9270919Z Post job cleanup.
2026-10-06T05:00:00.0222328Z Cache hit occurred on the primary key node-cache-Linux-x64-npm-8a411e6a123bf69525d3e6f67e8b9c073f4a0260e74c8c6610476d0b4a2564e0, not saving cache.
2026-10-06T05:00:00.0328069Z Post job cleanup.
2026-10-06T05:00:00.1013287Z [command]/usr/bin/git version
2026-10-06T05:00:00.1043117Z git version 2.55.0
2026-10-06T05:00:00.1072355Z Temporarily overriding HOME='/home/runner/work/_temp/be811be2-9e7d-458d-ac3b-85e04535fabd' before making global git config changes
2026-10-06T05:00:00.1073468Z Adding repository directory to the temporary git global config as a safe directory
2026-10-06T05:00:00.1077025Z [command]/usr/bin/git config --global --add safe.directory /home/runner/work/growth-project-backend/growth-project-backend
2026-10-06T05:00:00.1101709Z Removing SSH command configuration
2026-10-06T05:00:00.1106427Z [command]/usr/bin/git config --local --name-only --get-regexp core\.sshCommand
2026-10-06T05:00:00.1136500Z [command]/usr/bin/git submodule foreach --recursive sh -c "git config --local --name-only --get-regexp 'core\.sshCommand' && git config --local --unset-all 'core.sshCommand' || :"
2026-10-06T05:00:00.1323241Z Removing HTTP extra header
2026-10-06T05:00:00.1327291Z [command]/usr/bin/git config --local --name-only --get-regexp http\.https\:\/\/github\.com\/\.extraheader
2026-10-06T05:00:00.1354207Z [command]/usr/bin/git submodule foreach --recursive sh -c "git config --local --name-only --get-regexp 'http\.https\:\/\/github\.com\/\.extraheader' && git config --local --unset-all 'http.https://github.com/.extraheader' || :"
2026-10-06T05:00:00.1534353Z Removing includeIf entries pointing to credentials config files
2026-10-06T05:00:00.1539593Z [command]/usr/bin/git config --local --name-only --get-regexp ^includeIf\.gitdir:
2026-10-06T05:00:00.1562575Z includeif.gitdir:/home/runner/work/growth-project-backend/growth-project-backend/.git.path
2026-10-06T05:00:00.1563893Z includeif.gitdir:/home/runner/work/growth-project-backend/growth-project-backend/.git/worktrees/*.path
2026-10-06T05:00:00.1566621Z includeif.gitdir:/github/workspace/.git.path
2026-10-06T05:00:00.1567150Z includeif.gitdir:/github/workspace/.git/worktrees/*.path
2026-10-06T05:00:00.1569800Z [command]/usr/bin/git config --local --get-all includeif.gitdir:/home/runner/work/growth-project-backend/growth-project-backend/.git.path
2026-10-06T05:00:00.1587182Z /home/runner/work/_temp/git-credentials-7eccf858-1103-4b5b-862d-19221458eb95.config
2026-10-06T05:00:00.1597219Z [command]/usr/bin/git config --local --unset includeif.gitdir:/home/runner/work/growth-project-backend/growth-project-backend/.git.path /home/runner/work/_temp/git-credentials-7eccf858-1103-4b5b-862d-19221458eb95.config
2026-10-06T05:00:00.1628393Z [command]/usr/bin/git config --local --get-all includeif.gitdir:/home/runner/work/growth-project-backend/growth-project-backend/.git/worktrees/*.path
2026-10-06T05:00:00.1645243Z /home/runner/work/_temp/git-credentials-7eccf858-1103-4b5b-862d-19221458eb95.config
2026-10-06T05:00:00.1652382Z [command]/usr/bin/git config --local --unset includeif.gitdir:/home/runner/work/growth-project-backend/growth-project-backend/.git/worktrees/*.path /home/runner/work/_temp/git-credentials-7eccf858-1103-4b5b-862d-19221458eb95.config
2026-10-06T05:00:00.1678411Z [command]/usr/bin/git config --local --get-all includeif.gitdir:/github/workspace/.git.path
2026-10-06T05:00:00.1695036Z /github/runner_temp/git-credentials-7eccf858-1103-4b5b-862d-19221458eb95.config
2026-10-06T05:00:00.1701551Z [command]/usr/bin/git config --local --unset includeif.gitdir:/github/workspace/.git.path /github/runner_temp/git-credentials-7eccf858-1103-4b5b-862d-19221458eb95.config
2026-10-06T05:00:00.1728595Z [command]/usr/bin/git config --local --get-all includeif.gitdir:/github/workspace/.git/worktrees/*.path
2026-10-06T05:00:00.1745400Z /github/runner_temp/git-credentials-7eccf858-1103-4b5b-862d-19221458eb95.config
2026-10-06T05:00:00.1752111Z [command]/usr/bin/git config --local --unset includeif.gitdir:/github/workspace/.git/worktrees/*.path /github/runner_temp/git-credentials-7eccf858-1103-4b5b-862d-19221458eb95.config
2026-10-06T05:00:00.1781048Z [command]/usr/bin/git submodule foreach --recursive git config --local --show-origin --name-only --get-regexp remote.origin.url
2026-10-06T05:00:00.1961214Z Removing credentials config '/home/runner/work/_temp/git-credentials-7eccf858-1103-4b5b-862d-19221458eb95.config'
2026-10-06T05:00:00.2065262Z Print service container logs: 1859e6ca6f32431280dce92d564103f2_postgres15_9e86f4
2026-10-06T05:00:00.2069115Z ##[command]/usr/bin/docker logs --details 432cc92a37adffffbf5babeaa3b70b824f28319e21b92d0de9c560c455fe8085
2026-10-06T05:00:00.2174517Z  The files belonging to this database system will be owned by user "postgres".
2026-10-06T05:00:00.2179749Z  initdb: warning: enabling "trust" authentication for local connections
2026-10-06T05:00:00.2180633Z  initdb: hint: You can change this by editing pg_hba.conf or using the option -A, or --auth-local and --auth-host, the next time you run initdb.
2026-10-06T05:00:00.2181806Z  2026-10-06 04:57:32.857 UTC [1] LOG:  starting PostgreSQL 15.19 (Debian 15.19-1.pgdg13+2) on x86_64-pc-linux-gnu, compiled by gcc (Debian 14.2.0-19) 14.2.0, 64-bit
2026-10-06T05:00:00.2182513Z  2026-10-06 04:57:32.857 UTC [1] LOG:  listening on IPv4 address "0.0.0.0", port 5432
2026-10-06T05:00:00.2182922Z  2026-10-06 04:57:32.857 UTC [1] LOG:  listening on IPv6 address "::", port 5432
2026-10-06T05:00:00.2183324Z  2026-10-06 04:57:32.934 UTC [1] LOG:  listening on Unix socket "/var/run/postgresql/.s.PGSQL.5432"
2026-10-06T05:00:00.2183749Z  2026-10-06 04:57:32.946 UTC [63] LOG:  database system was shut down at 2026-10-06 04:57:32 UTC
2026-10-06T05:00:00.2184140Z  2026-10-06 04:57:32.993 UTC [1] LOG:  database system is ready to accept connections
2026-10-06T05:00:00.2184583Z  2026-10-06 04:58:52.724 UTC [138] ERROR:  new row violates row-level security policy for table "coach_saved_replies"
2026-10-06T05:00:00.2185805Z  2026-10-06 04:58:52.724 UTC [138] STATEMENT:  INSERT INTO "coach_saved_replies" (id, owner_user_id, title, body, updated_at) VALUES ('20230463-18c6-44c1-a3bf-4c588d84ea6b', 'f8005ed9-cb00-4c54-aff8-a7697c186f6c', 'xanon', 'y', now())
2026-10-06T05:00:00.2187087Z  2026-10-06 04:58:52.815 UTC [138] ERROR:  new row violates row-level security policy for table "coach_saved_replies"
2026-10-06T05:00:00.2188411Z  2026-10-06 04:58:52.815 UTC [138] STATEMENT:  INSERT INTO "coach_saved_replies" (id, owner_user_id, title, body, updated_at) VALUES ('37d43137-5fc4-445c-92ca-a1ea2199e488', 'f8005ed9-cb00-4c54-aff8-a7697c186f6c', 'xauthenticated', 'y', now())
2026-10-06T05:00:00.2189598Z  2026-10-06 04:58:57.432 UTC [161] ERROR:  B-610-13 probe: notice insert refused
2026-10-06T05:00:00.2190251Z  2026-10-06 04:58:57.432 UTC [161] CONTEXT:  PL/pgSQL function b610_13_notice_probe_37e7cbcaef9f() line 1 at RAISE
2026-10-06T05:00:00.2192849Z  2026-10-06 04:58:57.432 UTC [161] STATEMENT:  INSERT INTO "public"."Notification" ("id","user_id","kind","payload","body","deep_link","channel","created_at","inbox_hidden") VALUES ($1,$2,$3,$4,$5,$6,$7,$8,$9) RETURNING "public"."Notification"."id", "public"."Notification"."user_id", "public"."Notification"."kind", "public"."Notification"."payload", "public"."Notification"."body", "public"."Notification"."deep_link", "public"."Notification"."channel", "public"."Notification"."read_at", "public"."Notification"."created_at", "public"."Notification"."ai_draft_id", "public"."Notification"."inbox_hidden"
2026-10-06T05:00:00.2195679Z  2026-10-06 04:59:00.815 UTC [165] ERROR:  community.win.moderation_column: only a moderator can hide or unhide a win
2026-10-06T05:00:00.2196507Z  2026-10-06 04:59:00.815 UTC [165] CONTEXT:  PL/pgSQL function community_win_guard_moderation() line 40 at RAISE
2026-10-06T05:00:00.2197243Z  2026-10-06 04:59:00.815 UTC [165] STATEMENT:  UPDATE "CommunityWin" SET hidden_at = now() WHERE id = $1
2026-10-06T05:00:00.2198091Z  2026-10-06 04:59:00.902 UTC [165] ERROR:  community.win.moderation_column: author, coach and visibility cannot be changed
2026-10-06T05:00:00.2198931Z  2026-10-06 04:59:00.902 UTC [165] CONTEXT:  PL/pgSQL function community_win_guard_moderation() line 32 at RAISE
2026-10-06T05:00:00.2199531Z  This user must also own the server process.
2026-10-06T05:00:00.2200168Z  2026-10-06 04:59:00.902 UTC [165] STATEMENT:  UPDATE "CommunityWin" SET visibility = 'public' WHERE id = $1
2026-10-06T05:00:00.2201167Z  2026-10-06 04:59:00.906 UTC [165] ERROR:  community.win.moderation_column: author, coach and visibility cannot be changed
2026-10-06T05:00:00.2201705Z  2026-10-06 04:59:00.906 UTC [165] CONTEXT:  PL/pgSQL function community_win_guard_moderation() line 32 at RAISE
2026-10-06T05:00:00.2202183Z  2026-10-06 04:59:00.906 UTC [165] STATEMENT:  UPDATE "CommunityWin" SET coach_id = $1 WHERE id = $2
2026-10-06T05:00:00.2202641Z  2026-10-06 04:59:00.909 UTC [165] ERROR:  community.win.moderation_column: only a moderator can hide a win
2026-10-06T05:00:00.2203125Z  2026-10-06 04:59:00.909 UTC [165] CONTEXT:  PL/pgSQL function community_win_guard_moderation() line 20 at RAISE
2026-10-06T05:00:00.2203487Z  2026-10-06 04:59:00.909 UTC [165] STATEMENT:  
2026-10-06T05:00:00.2203854Z  	          INSERT INTO "CommunityWin" (id, user_id, coach_id, title, description, visibility, hidden_at)
2026-10-06T05:00:00.2204227Z  	          VALUES ($1, $2, $3, 'x', 'y', 'circle', now())
2026-10-06T05:00:00.2204606Z  2026-10-06 04:59:00.912 UTC [165] ERROR:  new row violates row-level security policy for table "CommunityWin"
2026-10-06T05:00:00.2204973Z  2026-10-06 04:59:00.912 UTC [165] STATEMENT:  
2026-10-06T05:00:00.2205295Z  	          INSERT INTO "CommunityWin" (id, user_id, coach_id, title, description, visibility)
2026-10-06T05:00:00.2205822Z  	          VALUES ($1, $2, $3, 'x', 'y', 'public')
2026-10-06T05:00:00.2206192Z  2026-10-06 04:59:00.924 UTC [165] ERROR:  community.win.moderation_column: coach_id must be the author's coach
2026-10-06T05:00:00.2206821Z  2026-10-06 04:59:00.924 UTC [165] CONTEXT:  PL/pgSQL function community_win_guard_moderation() line 16 at RAISE
2026-10-06T05:00:00.2207183Z  2026-10-06 04:59:00.924 UTC [165] STATEMENT:  
2026-10-06T05:00:00.2207502Z  	        INSERT INTO "CommunityWin" (id, user_id, coach_id, title, description, visibility)
2026-10-06T05:00:00.2207834Z  	        VALUES ($1, $2, $3, 'x', 'y', 'circle')
2026-10-06T05:00:00.2208200Z  2026-10-06 04:59:00.927 UTC [165] ERROR:  community.win.moderation_column: coach_id must be the author's coach
2026-10-06T05:00:00.2208690Z  2026-10-06 04:59:00.927 UTC [165] CONTEXT:  PL/pgSQL function community_win_guard_moderation() line 16 at RAISE
2026-10-06T05:00:00.2209043Z  2026-10-06 04:59:00.927 UTC [165] STATEMENT:  
2026-10-06T05:00:00.2209348Z  	        INSERT INTO "CommunityWin" (id, user_id, coach_id, title, description, visibility)
2026-10-06T05:00:00.2209663Z  	        VALUES ($1, $2, $3, 'x', 'y', 'circle')
2026-10-06T05:00:00.2210006Z  2026-10-06 04:59:00.930 UTC [165] ERROR:  community.win.moderation_column: coach_id must be the author's coach
2026-10-06T05:00:00.2210479Z  2026-10-06 04:59:00.930 UTC [165] CONTEXT:  PL/pgSQL function community_win_guard_moderation() line 16 at RAISE
2026-10-06T05:00:00.2210836Z  2026-10-06 04:59:00.930 UTC [165] STATEMENT:  
2026-10-06T05:00:00.2211134Z  	        INSERT INTO "CommunityWin" (id, user_id, coach_id, title, description, visibility)
2026-10-06T05:00:00.2211446Z  	        VALUES ($1, $2, $3, 'x', 'y', 'circle')
2026-10-06T05:00:00.2211789Z  2026-10-06 04:59:00.936 UTC [165] ERROR:  community.win.moderation_column: coach_id must be the author's coach
2026-10-06T05:00:00.2212266Z  2026-10-06 04:59:00.936 UTC [165] CONTEXT:  PL/pgSQL function community_win_guard_moderation() line 16 at RAISE
2026-10-06T05:00:00.2212616Z  2026-10-06 04:59:00.936 UTC [165] STATEMENT:  
2026-10-06T05:00:00.2212920Z  	        INSERT INTO "CommunityWin" (id, user_id, coach_id, title, description, visibility)
2026-10-06T05:00:00.2213231Z  	        VALUES ($1, $2, $3, 'x', 'y', 'circle')
2026-10-06T05:00:00.2213554Z  2026-10-06 04:59:00.966 UTC [165] ERROR:  permission denied for function community_win_author_coach
2026-10-06T05:00:00.2213978Z  2026-10-06 04:59:00.966 UTC [165] STATEMENT:  SELECT app.community_win_author_coach($1) AS c
2026-10-06T05:00:00.2214389Z  2026-10-06 04:59:00.969 UTC [165] ERROR:  permission denied for function community_win_author_coach
2026-10-06T05:00:00.2214911Z  2026-10-06 04:59:00.969 UTC [165] STATEMENT:  SELECT app.community_win_author_coach($1) AS c
2026-10-06T05:00:00.2215371Z  2026-10-06 04:59:01.330 UTC [166] ERROR:  new row violates row-level security policy for table "CoachThreadState"
2026-10-06T05:00:00.2215936Z  2026-10-06 04:59:01.330 UTC [166] STATEMENT:  
2026-10-06T05:00:00.2216264Z  	        INSERT INTO "CoachThreadState" (id, user_id, coach_id, client_id, muted_until, updated_at)
2026-10-06T05:00:00.2216599Z  	        VALUES ($1, $2, $3, $4, now(), now())
2026-10-06T05:00:00.2216990Z  2026-10-06 04:59:01.409 UTC [166] ERROR:  new row violates row-level security policy for table "CoachThreadState"
2026-10-06T05:00:00.2217423Z  2026-10-06 04:59:01.409 UTC [166] STATEMENT:  
2026-10-06T05:00:00.2217752Z  	        INSERT INTO "CoachThreadState" (id, user_id, coach_id, client_id, muted_until, updated_at)
2026-10-06T05:00:00.2218077Z  	        VALUES ($1, $2, $3, $4, now(), now())
2026-10-06T05:00:00.2218424Z  2026-10-06 04:59:01.412 UTC [166] ERROR:  new row violates row-level security policy for table "CoachThreadState"
2026-10-06T05:00:00.2218782Z  2026-10-06 04:59:01.412 UTC [166] STATEMENT:  
2026-10-06T05:00:00.2219105Z  	        INSERT INTO "CoachThreadState" (id, user_id, coach_id, client_id, muted_until, updated_at)
2026-10-06T05:00:00.2219431Z  	        VALUES ($1, $2, $3, $4, now(), now())
2026-10-06T05:00:00.2219841Z  2026-10-06 04:59:01.434 UTC [166] ERROR:  duplicate key value violates unique constraint "CoachMessage_sender_id_client_message_id_key"
2026-10-06T05:00:00.2220598Z  2026-10-06 04:59:01.434 UTC [166] DETAIL:  Key (sender_id, client_message_id)=(2e0dc6d7-4be5-44fa-b1a8-b2077252a313, dbdbc356-key) already exists.
2026-10-06T05:00:00.2223116Z  2026-10-06 04:59:01.434 UTC [166] STATEMENT:  INSERT INTO "public"."CoachMessage" ("id","coach_id","client_id","sender_id","body","created_at","client_message_id") VALUES ($1,$2,$3,$4,$5,$6,$7) RETURNING "public"."CoachMessage"."id", "public"."CoachMessage"."coach_id", "public"."CoachMessage"."client_id", "public"."CoachMessage"."sender_id", "public"."CoachMessage"."body", "public"."CoachMessage"."voice_url", "public"."CoachMessage"."voice_duration_sec", "public"."CoachMessage"."voice_size_bytes", "public"."CoachMessage"."voice_content_type", "public"."CoachMessage"."created_at", "public"."CoachMessage"."read_at", "public"."CoachMessage"."ai_draft_id", "public"."CoachMessage"."welcome_job_id", "public"."CoachMessage"."client_message_id", "public"."CoachMessage"."reply_to_id", "public"."CoachMessage"."edited_at", "public"."CoachMessage"."deleted_at", "public"."CoachMessage"."deleted_by_id", "public"."CoachMessage"."pinned_at", "public"."CoachMessage"."pinned_by_id"
2026-10-06T05:00:00.2225598Z  2026-10-06 04:59:02.089 UTC [168] ERROR:  permission denied for function is_owner
2026-10-06T05:00:00.2225906Z  2026-10-06 04:59:02.089 UTC [168] STATEMENT:  
2026-10-06T05:00:00.2226201Z  	        SELECT count(*)::bigint AS n FROM "InviteRedemption" WHERE coach_id = $1
2026-10-06T05:00:00.2226629Z  2026-10-06 04:59:02.173 UTC [168] ERROR:  new row violates row-level security policy for table "InviteRedemption"
2026-10-06T05:00:00.2227156Z  2026-10-06 04:59:02.173 UTC [168] STATEMENT:  INSERT INTO "InviteRedemption" (id, coach_id, client_user_id, code, source)
2026-10-06T05:00:00.2227566Z  	          VALUES ($1, $2, $3, 'GP-FAKE22', 'invite_code')
2026-10-06T05:00:00.2228061Z  2026-10-06 04:59:03.337 UTC [180] ERROR:  new row for relation "community_messages_default" violates check constraint "community_messages_scope_shape_check"
2026-10-06T05:00:00.2229360Z  2026-10-06 04:59:03.337 UTC [180] DETAIL:  Failing row contains (46f19ca8-464a-474a-85a8-a773b85e43de, 2026-10-06 04:59:03.337126+00, 40019cd2-add9-4b04-a0ad-2f5f3c21dca4, null, cohort, null, null, c8d00389-6844-42e7-b46c-4174d5a1b799, text, shape probe, null, null, null, null, null, 9ba82c25-8db2-450f-bb05-f5a85033b9b9, null, null, null, null, null, null, active, null, 2026-10-06 04:59:03.337126+00, null).
2026-10-06T05:00:00.2230396Z  2026-10-06 04:59:03.337 UTC [180] STATEMENT:  
2026-10-06T05:00:00.2230742Z  	      INSERT INTO community_messages
2026-10-06T05:00:00.2231013Z  	        (id, workspace_id, cohort_id, scope, dm_key, sender_id, body,
2026-10-06T05:00:00.2231315Z  	         plan_context_type, plan_context_id, updated_at)
2026-10-06T05:00:00.2231554Z  	      VALUES
2026-10-06T05:00:00.2231721Z  	        ($1::uuid, $2::uuid,
2026-10-06T05:00:00.2231903Z  	         $3::uuid,
2026-10-06T05:00:00.2232113Z  	         $4::"CommunityMessageScope", $5, $6, 'shape probe',
2026-10-06T05:00:00.2232365Z  	         $7, $8::uuid, now())
2026-10-06T05:00:00.2232804Z  2026-10-06 04:59:03.419 UTC [180] ERROR:  new row for relation "community_messages_default" violates check constraint "community_messages_scope_shape_check"
2026-10-06T05:00:00.2234006Z  2026-10-06 04:59:03.419 UTC [180] DETAIL:  Failing row contains (6260067f-5dd4-4bd9-9dda-56faa31023d0, 2026-10-06 04:59:03.419722+00, 40019cd2-add9-4b04-a0ad-2f5f3c21dca4, null, cohort, null, null, c8d00389-6844-42e7-b46c-4174d5a1b799, text, shape probe, null, null, null, null, null, null, null, null, null, null, null, null, active, null, 2026-10-06 04:59:03.419722+00, null).
2026-10-06T05:00:00.2234957Z  2026-10-06 04:59:03.419 UTC [180] STATEMENT:  
2026-10-06T05:00:00.2235189Z  	      INSERT INTO community_messages
2026-10-06T05:00:00.2235602Z  	        (id, workspace_id, cohort_id, scope, dm_key, sender_id, body,
2026-10-06T05:00:00.2235905Z  	         plan_context_type, plan_context_id, updated_at)
2026-10-06T05:00:00.2236241Z  	      VALUES
2026-10-06T05:00:00.2236406Z  	        ($1::uuid, $2::uuid,
2026-10-06T05:00:00.2236584Z  	         $3::uuid,
2026-10-06T05:00:00.2236784Z  	         $4::"CommunityMessageScope", $5, $6, 'shape probe',
2026-10-06T05:00:00.2237024Z  	         $7, $8::uuid, now())
2026-10-06T05:00:00.2237466Z  2026-10-06 04:59:03.421 UTC [180] ERROR:  new row for relation "community_messages_default" violates check constraint "community_messages_scope_shape_check"
2026-10-06T05:00:00.2238876Z  2026-10-06 04:59:03.421 UTC [180] DETAIL:  Failing row contains (8453d0ca-ef38-4ead-9bd3-f5308841295e, 2026-10-06 04:59:03.421673+00, 40019cd2-add9-4b04-a0ad-2f5f3c21dca4, null, cohort, null, null, c8d00389-6844-42e7-b46c-4174d5a1b799, text, shape probe, null, null, null, null, community_post_comment, null, null, null, null, null, null, null, active, null, 2026-10-06 04:59:03.421673+00, null).
2026-10-06T05:00:00.2239890Z  2026-10-06 04:59:03.421 UTC [180] STATEMENT:  
2026-10-06T05:00:00.2240128Z  	      INSERT INTO community_messages
2026-10-06T05:00:00.2240392Z  	        (id, workspace_id, cohort_id, scope, dm_key, sender_id, body,
2026-10-06T05:00:00.2240698Z  	         plan_context_type, plan_context_id, updated_at)
2026-10-06T05:00:00.2240930Z  	      VALUES
2026-10-06T05:00:00.2241093Z  	        ($1::uuid, $2::uuid,
2026-10-06T05:00:00.2241279Z  	         $3::uuid,
2026-10-06T05:00:00.2241486Z  	         $4::"CommunityMessageScope", $5, $6, 'shape probe',
2026-10-06T05:00:00.2241729Z  	         $7, $8::uuid, now())
2026-10-06T05:00:00.2242176Z  2026-10-06 04:59:03.423 UTC [180] ERROR:  new row for relation "community_messages_default" violates check constraint "community_messages_scope_shape_check"
2026-10-06T05:00:00.2243467Z  2026-10-06 04:59:03.423 UTC [180] DETAIL:  Failing row contains (add1f7e9-23f1-4a9a-9f32-f0831a38664a, 2026-10-06 04:59:03.423022+00, 40019cd2-add9-4b04-a0ad-2f5f3c21dca4, null, cohort, null, null, c8d00389-6844-42e7-b46c-4174d5a1b799, text, shape probe, null, null, null, null, plan_week, bbcc5a2a-5cd1-4429-9231-5a46edb77274, null, null, null, null, null, null, active, null, 2026-10-06 04:59:03.423022+00, null).
2026-10-06T05:00:00.2244509Z  2026-10-06 04:59:03.423 UTC [180] STATEMENT:  
2026-10-06T05:00:00.2244742Z  	      INSERT INTO community_messages
2026-10-06T05:00:00.2245000Z  	        (id, workspace_id, cohort_id, scope, dm_key, sender_id, body,
2026-10-06T05:00:00.2245290Z  	         plan_context_type, plan_context_id, updated_at)
2026-10-06T05:00:00.2245714Z  	      VALUES
2026-10-06T05:00:00.2246028Z  	        ($1::uuid, $2::uuid,
2026-10-06T05:00:00.2246211Z  	         $3::uuid,
2026-10-06T05:00:00.2246417Z  	         $4::"CommunityMessageScope", $5, $6, 'shape probe',
2026-10-06T05:00:00.2246657Z  	         $7, $8::uuid, now())
2026-10-06T05:00:00.2247089Z  2026-10-06 04:59:03.424 UTC [180] ERROR:  new row for relation "community_messages_default" violates check constraint "community_messages_scope_shape_check"
2026-10-06T05:00:00.2248422Z  2026-10-06 04:59:03.424 UTC [180] DETAIL:  Failing row contains (7be7796c-68d1-4d82-8c2f-2f4af1bd8931, 2026-10-06 04:59:03.424279+00, 40019cd2-add9-4b04-a0ad-2f5f3c21dca4, null, cohort, dm:fd74b620, null, c8d00389-6844-42e7-b46c-4174d5a1b799, text, shape probe, null, null, null, null, community_post_comment, fc1a3c9a-e7de-4d3d-aa93-63262b939cf0, null, null, null, null, null, null, active, null, 2026-10-06 04:59:03.424279+00, null).
2026-10-06T05:00:00.2249529Z  2026-10-06 04:59:03.424 UTC [180] STATEMENT:  
2026-10-06T05:00:00.2249756Z  	      INSERT INTO community_messages
2026-10-06T05:00:00.2250021Z  	        (id, workspace_id, cohort_id, scope, dm_key, sender_id, body,
2026-10-06T05:00:00.2250315Z  	         plan_context_type, plan_context_id, updated_at)
2026-10-06T05:00:00.2250549Z  	      VALUES
2026-10-06T05:00:00.2250721Z  	        ($1::uuid, $2::uuid,
2026-10-06T05:00:00.2250906Z  	         $3::uuid,
2026-10-06T05:00:00.2251107Z  	         $4::"CommunityMessageScope", $5, $6, 'shape probe',
2026-10-06T05:00:00.2251509Z  	         $7, $8::uuid, now())
2026-10-06T05:00:00.2251947Z  2026-10-06 04:59:03.425 UTC [180] ERROR:  new row for relation "community_messages_default" violates check constraint "community_messages_scope_shape_check"
2026-10-06T05:00:00.2253228Z  2026-10-06 04:59:03.425 UTC [180] DETAIL:  Failing row contains (f28e10bb-e143-4ef8-b78a-e0340b37a317, 2026-10-06 04:59:03.425564+00, 40019cd2-add9-4b04-a0ad-2f5f3c21dca4, 32e16162-117f-48e1-abeb-7d36974ae4bc, cohort, dm:fd74b620, null, c8d00389-6844-42e7-b46c-4174d5a1b799, text, shape probe, null, null, null, null, null, null, null, null, null, null, null, null, active, null, 2026-10-06 04:59:03.425564+00, null).
2026-10-06T05:00:00.2254277Z  2026-10-06 04:59:03.425 UTC [180] STATEMENT:  
2026-10-06T05:00:00.2254507Z  	      INSERT INTO community_messages
2026-10-06T05:00:00.2254766Z  	        (id, workspace_id, cohort_id, scope, dm_key, sender_id, body,
2026-10-06T05:00:00.2255065Z  	         plan_context_type, plan_context_id, updated_at)
2026-10-06T05:00:00.2255301Z  	      VALUES
2026-10-06T05:00:00.2255588Z  	        ($1::uuid, $2::uuid,
2026-10-06T05:00:00.2255771Z  	         $3::uuid,
2026-10-06T05:00:00.2255984Z  	         $4::"CommunityMessageScope", $5, $6, 'shape probe',
2026-10-06T05:00:00.2256239Z  	         $7, $8::uuid, now())
2026-10-06T05:00:00.2256678Z  2026-10-06 04:59:03.426 UTC [180] ERROR:  new row for relation "community_messages_default" violates check constraint "community_messages_scope_shape_check"
2026-10-06T05:00:00.2257955Z  2026-10-06 04:59:03.426 UTC [180] DETAIL:  Failing row contains (55367eb9-43c9-4941-b0fd-847722f4ea63, 2026-10-06 04:59:03.426493+00, 40019cd2-add9-4b04-a0ad-2f5f3c21dca4, 32e16162-117f-48e1-abeb-7d36974ae4bc, dm, dm:fd74b620, null, c8d00389-6844-42e7-b46c-4174d5a1b799, text, shape probe, null, null, null, null, null, null, null, null, null, null, null, null, active, null, 2026-10-06 04:59:03.426493+00, null).
2026-10-06T05:00:00.2258986Z  2026-10-06 04:59:03.426 UTC [180] STATEMENT:  
2026-10-06T05:00:00.2259217Z  	      INSERT INTO community_messages
2026-10-06T05:00:00.2259482Z  	        (id, workspace_id, cohort_id, scope, dm_key, sender_id, body,
2026-10-06T05:00:00.2259774Z  	         plan_context_type, plan_context_id, updated_at)
2026-10-06T05:00:00.2260005Z  	      VALUES
2026-10-06T05:00:00.2260168Z  	        ($1::uuid, $2::uuid,
2026-10-06T05:00:00.2260353Z  	         $3::uuid,
2026-10-06T05:00:00.2260551Z  	         $4::"CommunityMessageScope", $5, $6, 'shape probe',
2026-10-06T05:00:00.2260788Z  	         $7, $8::uuid, now())
2026-10-06T05:00:00.2261348Z  2026-10-06 04:59:03.427 UTC [180] ERROR:  new row for relation "community_messages_default" violates check constraint "community_messages_scope_shape_check"
2026-10-06T05:00:00.2262520Z  2026-10-06 04:59:03.427 UTC [180] DETAIL:  Failing row contains (930c5312-8c1b-4bdf-a7d5-3fc4790ec526, 2026-10-06 04:59:03.42758+00, 40019cd2-add9-4b04-a0ad-2f5f3c21dca4, null, dm, null, null, c8d00389-6844-42e7-b46c-4174d5a1b799, text, shape probe, null, null, null, null, null, null, null, null, null, null, null, null, active, null, 2026-10-06 04:59:03.42758+00, null).
2026-10-06T05:00:00.2263465Z  2026-10-06 04:59:03.427 UTC [180] STATEMENT:  
2026-10-06T05:00:00.2263691Z  	      INSERT INTO community_messages
2026-10-06T05:00:00.2263946Z  	        (id, workspace_id, cohort_id, scope, dm_key, sender_id, body,
2026-10-06T05:00:00.2264242Z  	         plan_context_type, plan_context_id, updated_at)
2026-10-06T05:00:00.2264623Z  	      VALUES
2026-10-06T05:00:00.2264893Z  	        ($1::uuid, $2::uuid,
2026-10-06T05:00:00.2265163Z  	         $3::uuid,
2026-10-06T05:00:00.2277000Z  	         $4::"CommunityMessageScope", $5, $6, 'shape probe',
2026-10-06T05:00:00.2277373Z  	         $7, $8::uuid, now())
2026-10-06T05:00:00.2278011Z  2026-10-06 04:59:03.428 UTC [180] ERROR:  new row for relation "community_messages_default" violates check constraint "community_messages_scope_shape_check"
2026-10-06T05:00:00.2279359Z  2026-10-06 04:59:03.428 UTC [180] DETAIL:  Failing row contains (b6ff67e4-48f1-4a5f-95ce-4fac7b8a3dc4, 2026-10-06 04:59:03.428586+00, 40019cd2-add9-4b04-a0ad-2f5f3c21dca4, null, dm, null, null, c8d00389-6844-42e7-b46c-4174d5a1b799, text, shape probe, null, null, null, null, community_post_comment, 58b3b514-4b42-4c8d-9704-a20b3f7116f9, null, null, null, null, null, null, active, null, 2026-10-06 04:59:03.428586+00, null).
2026-10-06T05:00:00.2280600Z  2026-10-06 04:59:03.428 UTC [180] STATEMENT:  
2026-10-06T05:00:00.2280842Z  	      INSERT INTO community_messages
2026-10-06T05:00:00.2281114Z  	        (id, workspace_id, cohort_id, scope, dm_key, sender_id, body,
2026-10-06T05:00:00.2281433Z  	         plan_context_type, plan_context_id, updated_at)
2026-10-06T05:00:00.2281674Z  	      VALUES
2026-10-06T05:00:00.2281843Z  	        ($1::uuid, $2::uuid,
2026-10-06T05:00:00.2282030Z  	         $3::uuid,
2026-10-06T05:00:00.2282236Z  	         $4::"CommunityMessageScope", $5, $6, 'shape probe',
2026-10-06T05:00:00.2282485Z  	         $7, $8::uuid, now())
2026-10-06T05:00:00.2282671Z  
2026-10-06T05:00:00.2282892Z  The database cluster will be initialized with locale "en_US.utf8".
2026-10-06T05:00:00.2283229Z  The default database encoding has accordingly been set to "UTF8".
2026-10-06T05:00:00.2283550Z  The default text search configuration will be set to "english".
2026-10-06T05:00:00.2283797Z  
2026-10-06T05:00:00.2283955Z  Data page checksums are disabled.
2026-10-06T05:00:00.2284150Z  
2026-10-06T05:00:00.2284381Z  fixing permissions on existing directory /var/lib/postgresql/data ... ok
2026-10-06T05:00:00.2284680Z  creating subdirectories ... ok
2026-10-06T05:00:00.2284929Z  selecting dynamic shared memory implementation ... posix
2026-10-06T05:00:00.2285198Z  selecting default max_connections ... 100
2026-10-06T05:00:00.2285573Z  selecting default shared_buffers ... 128MB
2026-10-06T05:00:00.2285836Z  selecting default time zone ... Etc/UTC
2026-10-06T05:00:00.2286051Z  creating configuration files ... ok
2026-10-06T05:00:00.2286263Z  running bootstrap script ... ok
2026-10-06T05:00:00.2286503Z  performing post-bootstrap initialization ... ok
2026-10-06T05:00:00.2286753Z  syncing data to disk ... ok
2026-10-06T05:00:00.2286941Z  
2026-10-06T05:00:00.2287084Z  
2026-10-06T05:00:00.2287276Z  Success. You can now start the database server using:
2026-10-06T05:00:00.2287508Z  
2026-10-06T05:00:00.2287705Z      pg_ctl -D /var/lib/postgresql/data -l logfile start
2026-10-06T05:00:00.2287949Z  
2026-10-06T05:00:00.2288552Z  waiting for server to start....2026-10-06 04:57:32.676 UTC [49] LOG:  starting PostgreSQL 15.19 (Debian 15.19-1.pgdg13+2) on x86_64-pc-linux-gnu, compiled by gcc (Debian 14.2.0-19) 14.2.0, 64-bit
2026-10-06T05:00:00.2289241Z  2026-10-06 04:57:32.677 UTC [49] LOG:  listening on Unix socket "/var/run/postgresql/.s.PGSQL.5432"
2026-10-06T05:00:00.2289668Z  2026-10-06 04:57:32.681 UTC [52] LOG:  database system was shut down at 2026-10-06 04:57:32 UTC
2026-10-06T05:00:00.2290052Z  2026-10-06 04:57:32.684 UTC [49] LOG:  database system is ready to accept connections
2026-10-06T05:00:00.2290342Z   done
2026-10-06T05:00:00.2290495Z  server started
2026-10-06T05:00:00.2290661Z  
2026-10-06T05:00:00.2290913Z  /usr/local/bin/docker-entrypoint.sh: ignoring /docker-entrypoint-initdb.d/*
2026-10-06T05:00:00.2291211Z  
2026-10-06T05:00:00.2291416Z  2026-10-06 04:57:32.719 UTC [49] LOG:  received fast shutdown request
2026-10-06T05:00:00.2291806Z  waiting for server to shut down....2026-10-06 04:57:32.808 UTC [49] LOG:  aborting any active transactions
2026-10-06T05:00:00.2292316Z  2026-10-06 04:57:32.810 UTC [49] LOG:  background worker "logical replication launcher" (PID 55) exited with exit code 1
2026-10-06T05:00:00.2292731Z  2026-10-06 04:57:32.810 UTC [50] LOG:  shutting down
2026-10-06T05:00:00.2293034Z  2026-10-06 04:57:32.810 UTC [50] LOG:  checkpoint starting: shutdown immediate
2026-10-06T05:00:00.2293746Z  2026-10-06 04:57:32.812 UTC [50] LOG:  checkpoint complete: wrote 3 buffers (0.0%); 0 WAL file(s) added, 0 removed, 0 recycled; write=0.001 s, sync=0.001 s, total=0.002 s; sync files=2, longest=0.001 s, average=0.001 s; distance=0 kB, estimate=0 kB
2026-10-06T05:00:00.2294534Z  2026-10-06 04:57:32.815 UTC [49] LOG:  database system is shut down
2026-10-06T05:00:00.2294787Z   done
2026-10-06T05:00:00.2294939Z  server stopped
2026-10-06T05:00:00.2295102Z  
2026-10-06T05:00:00.2295296Z  PostgreSQL init process complete; ready for start up.
2026-10-06T05:00:00.2295702Z  
2026-10-06T05:00:00.2300225Z Stop and remove container: 1859e6ca6f32431280dce92d564103f2_postgres15_9e86f4
2026-10-06T05:00:00.2303857Z ##[command]/usr/bin/docker rm --force 432cc92a37adffffbf5babeaa3b70b824f28319e21b92d0de9c560c455fe8085
2026-10-06T05:00:00.8210057Z 432cc92a37adffffbf5babeaa3b70b824f28319e21b92d0de9c560c455fe8085
2026-10-06T05:00:00.8234008Z Remove container network: github_network_e115461ec6e44f54a9b4a4872682ee8c
2026-10-06T05:00:00.8238023Z ##[command]/usr/bin/docker network rm github_network_e115461ec6e44f54a9b4a4872682ee8c
2026-10-06T05:00:00.9578719Z github_network_e115461ec6e44f54a9b4a4872682ee8c
2026-10-06T05:00:00.9640722Z Cleaning up orphan processes
