2026-10-03T19:35:52.7138967Z Current runner version: '2.337.0'
2026-10-03T19:35:52.7155431Z ##[group]Runner Image Provisioner
2026-10-03T19:35:52.7156122Z Hosted Compute Agent
2026-10-03T19:35:52.7156513Z Version: 20260901.588
2026-10-03T19:35:52.7156989Z Commit: f88ec8081b781fac6c440065ac7ff9e710ce3d0b
2026-10-03T19:35:52.7157491Z Build Date: 2026-09-01T19:56:44Z
2026-10-03T19:35:52.7158181Z Worker ID: {13512727-d98c-4187-a6e1-99f6d74623ab}
2026-10-03T19:35:52.7158718Z Azure Region: centralus
2026-10-03T19:35:52.7159119Z ##[endgroup]
2026-10-03T19:35:52.7160070Z ##[group]Operating System
2026-10-03T19:35:52.7160504Z Ubuntu
2026-10-03T19:35:52.7160903Z 24.04.5
2026-10-03T19:35:52.7161290Z LTS
2026-10-03T19:35:52.7161648Z ##[endgroup]
2026-10-03T19:35:52.7162035Z ##[group]Runner Image
2026-10-03T19:35:52.7162451Z Image: ubuntu-24.04
2026-10-03T19:35:52.7162831Z Version: 20260927.320.1
2026-10-03T19:35:52.7163744Z Included Software: https://github.com/actions/runner-images/blob/ubuntu24/20260927.320/images/ubuntu/Ubuntu2404-Readme.md
2026-10-03T19:35:52.7164800Z Image Release: https://github.com/actions/runner-images/releases/tag/ubuntu24%2F20260927.320
2026-10-03T19:35:52.7165462Z ##[endgroup]
2026-10-03T19:35:52.7166323Z ##[group]GITHUB_TOKEN Permissions
2026-10-03T19:35:52.7167721Z Contents: read
2026-10-03T19:35:52.7168288Z Metadata: read
2026-10-03T19:35:52.7168722Z Packages: read
2026-10-03T19:35:52.7169102Z ##[endgroup]
2026-10-03T19:35:52.7170620Z Secret source: Actions
2026-10-03T19:35:52.7171276Z Cache mode: write
2026-10-03T19:35:52.7171766Z Prepare workflow directory
2026-10-03T19:35:52.7465124Z Prepare all required actions
2026-10-03T19:35:52.7501659Z Getting action download info
2026-10-03T19:35:52.9819009Z Download action repository 'actions/checkout@v6' (SHA:d23441a48e516b6c34aea4fa41551a30e30af803)
2026-10-03T19:35:53.3726318Z Download action repository 'actions/setup-node@v6' (SHA:249970729cb0ef3589644e2896645e5dc5ba9c38)
2026-10-03T19:35:54.1923756Z Complete job name: build-and-test
2026-10-03T19:35:54.2306263Z ##[group]Checking docker version
2026-10-03T19:35:54.2315554Z ##[command]/usr/bin/docker version --format '{{.Server.APIVersion}}'
2026-10-03T19:35:55.0429104Z '1.48'
2026-10-03T19:35:55.0437403Z Docker daemon API version: '1.48'
2026-10-03T19:35:55.0438908Z ##[command]/usr/bin/docker version --format '{{.Client.APIVersion}}'
2026-10-03T19:35:55.0584909Z '1.48'
2026-10-03T19:35:55.0594431Z Docker client API version: '1.48'
2026-10-03T19:35:55.0599590Z ##[endgroup]
2026-10-03T19:35:55.0601970Z ##[group]Clean up resources from previous jobs
2026-10-03T19:35:55.0606529Z ##[command]/usr/bin/docker ps --all --quiet --no-trunc --filter "label=da8386"
2026-10-03T19:35:55.0745003Z ##[command]/usr/bin/docker network prune --force --filter "label=da8386"
2026-10-03T19:35:55.0853392Z ##[endgroup]
2026-10-03T19:35:55.0854397Z ##[group]Create local container network
2026-10-03T19:35:55.0863310Z ##[command]/usr/bin/docker network create --label da8386 github_network_cd7cb99a0afb4fe08064fa9a9a878641
2026-10-03T19:35:55.2654436Z b6533d4466ff92e5675528eab4b3ef25d4b9bf5d5f2218c6bdad423c1c9576b4
2026-10-03T19:35:55.2670577Z ##[endgroup]
2026-10-03T19:35:55.2692178Z ##[group]Starting redis service container
2026-10-03T19:35:55.2709871Z ##[command]/usr/bin/docker pull redis:7-alpine
2026-10-03T19:35:56.7047467Z 7-alpine: Pulling from library/redis
2026-10-03T19:35:57.0953062Z 16333ee0c00f: Pulling fs layer
2026-10-03T19:35:57.0953682Z 83234986c742: Pulling fs layer
2026-10-03T19:35:57.0953989Z 7eb50503c2b0: Pulling fs layer
2026-10-03T19:35:57.0954331Z 1522f9c6f453: Pulling fs layer
2026-10-03T19:35:57.0954583Z 9928009b15c8: Pulling fs layer
2026-10-03T19:35:57.0954861Z 1522f9c6f453: Waiting
2026-10-03T19:35:57.0955120Z 4f4fb700ef54: Pulling fs layer
2026-10-03T19:35:57.0955372Z 4eb14bae0e1d: Pulling fs layer
2026-10-03T19:35:57.0955796Z 9928009b15c8: Waiting
2026-10-03T19:35:57.0956086Z 4f4fb700ef54: Waiting
2026-10-03T19:35:57.0956353Z 4eb14bae0e1d: Waiting
2026-10-03T19:35:57.3192263Z 83234986c742: Download complete
2026-10-03T19:35:57.3381885Z 7eb50503c2b0: Verifying Checksum
2026-10-03T19:35:57.3382339Z 7eb50503c2b0: Download complete
2026-10-03T19:35:57.4031248Z 16333ee0c00f: Verifying Checksum
2026-10-03T19:35:57.4031930Z 16333ee0c00f: Download complete
2026-10-03T19:35:57.5901759Z 4f4fb700ef54: Download complete
2026-10-03T19:35:57.5902561Z 9928009b15c8: Download complete
2026-10-03T19:35:57.6901086Z 16333ee0c00f: Pull complete
2026-10-03T19:35:57.7256577Z 4eb14bae0e1d: Download complete
2026-10-03T19:35:57.8616332Z 1522f9c6f453: Verifying Checksum
2026-10-03T19:35:57.8616810Z 1522f9c6f453: Download complete
2026-10-03T19:35:58.9960937Z 83234986c742: Pull complete
2026-10-03T19:36:05.2358812Z 7eb50503c2b0: Pull complete
2026-10-03T19:36:05.5917855Z 1522f9c6f453: Pull complete
2026-10-03T19:36:05.6103858Z 9928009b15c8: Pull complete
2026-10-03T19:36:05.6217713Z 4f4fb700ef54: Pull complete
2026-10-03T19:36:05.6344286Z 4eb14bae0e1d: Pull complete
2026-10-03T19:36:05.6386133Z Digest: sha256:858f009f9709ce576febc734aa78b8f6d624b82571f9ddb6bda4377c833b3499
2026-10-03T19:36:05.6406219Z Status: Downloaded newer image for redis:7-alpine
2026-10-03T19:36:05.6416850Z docker.io/library/redis:7-alpine
2026-10-03T19:36:05.6452140Z ##[command]/usr/bin/docker create --name 64496b49b2304615b7f64a58d19014ad_redis7alpine_79413c --label da8386 --network github_network_cd7cb99a0afb4fe08064fa9a9a878641 --network-alias redis -p 6379:6379 --health-cmd "redis-cli ping" --health-interval 5s --health-timeout 3s --health-retries 10 -e GITHUB_ACTIONS=true -e CI=true redis:7-alpine
2026-10-03T19:36:05.6744954Z c20c2ef856f22712629a06a627360ccb9982ddf0ee2a45802d8222fb348b4680
2026-10-03T19:36:05.6758906Z ##[command]/usr/bin/docker start c20c2ef856f22712629a06a627360ccb9982ddf0ee2a45802d8222fb348b4680
2026-10-03T19:36:06.1469204Z c20c2ef856f22712629a06a627360ccb9982ddf0ee2a45802d8222fb348b4680
2026-10-03T19:36:06.1483206Z ##[command]/usr/bin/docker ps --all --filter id=c20c2ef856f22712629a06a627360ccb9982ddf0ee2a45802d8222fb348b4680 --filter status=running --no-trunc --format "{{.ID}} {{.Status}}"
2026-10-03T19:36:06.1605560Z c20c2ef856f22712629a06a627360ccb9982ddf0ee2a45802d8222fb348b4680 Up Less than a second (health: starting)
2026-10-03T19:36:06.1620976Z ##[command]/usr/bin/docker port c20c2ef856f22712629a06a627360ccb9982ddf0ee2a45802d8222fb348b4680
2026-10-03T19:36:06.1732873Z 6379/tcp -> 0.0.0.0:6379
2026-10-03T19:36:06.1738256Z 6379/tcp -> [::]:6379
2026-10-03T19:36:06.1765872Z ##[endgroup]
2026-10-03T19:36:06.1773148Z ##[group]Waiting for all services to be ready
2026-10-03T19:36:06.1784337Z ##[command]/usr/bin/docker inspect --format="{{if .Config.Healthcheck}}{{print .State.Health.Status}}{{end}}" c20c2ef856f22712629a06a627360ccb9982ddf0ee2a45802d8222fb348b4680
2026-10-03T19:36:06.1892912Z starting
2026-10-03T19:36:06.1906432Z redis service is starting, waiting 2 seconds before checking again.
2026-10-03T19:36:08.1904776Z ##[command]/usr/bin/docker inspect --format="{{if .Config.Healthcheck}}{{print .State.Health.Status}}{{end}}" c20c2ef856f22712629a06a627360ccb9982ddf0ee2a45802d8222fb348b4680
2026-10-03T19:36:08.2024121Z starting
2026-10-03T19:36:08.2036382Z redis service is starting, waiting 4 seconds before checking again.
2026-10-03T19:36:12.4373065Z ##[command]/usr/bin/docker inspect --format="{{if .Config.Healthcheck}}{{print .State.Health.Status}}{{end}}" c20c2ef856f22712629a06a627360ccb9982ddf0ee2a45802d8222fb348b4680
2026-10-03T19:36:12.4491870Z healthy
2026-10-03T19:36:12.4511014Z redis service is healthy.
2026-10-03T19:36:12.4511613Z ##[endgroup]
2026-10-03T19:36:12.4741325Z ##[group]Run actions/checkout@v6
2026-10-03T19:36:12.4741782Z with:
2026-10-03T19:36:12.4742102Z   repository: BradleyGleavePortfolio/growth-project-backend
2026-10-03T19:36:12.4744272Z   token: ***
2026-10-03T19:36:12.4744537Z   ssh-strict: true
2026-10-03T19:36:12.4744784Z   ssh-user: git
2026-10-03T19:36:12.4745025Z   persist-credentials: true
2026-10-03T19:36:12.4745284Z   clean: true
2026-10-03T19:36:12.4745521Z   sparse-checkout-cone-mode: true
2026-10-03T19:36:12.4745792Z   fetch-depth: 1
2026-10-03T19:36:12.4746189Z   fetch-tags: false
2026-10-03T19:36:12.4746411Z   show-progress: true
2026-10-03T19:36:12.4747039Z   lfs: false
2026-10-03T19:36:12.4747256Z   submodules: false
2026-10-03T19:36:12.4747487Z   set-safe-directory: true
2026-10-03T19:36:12.4747767Z   allow-unsafe-pr-checkout: false
2026-10-03T19:36:12.4748347Z ##[endgroup]
2026-10-03T19:36:12.5465559Z Syncing repository: BradleyGleavePortfolio/growth-project-backend
2026-10-03T19:36:12.5466762Z ##[group]Getting Git version info
2026-10-03T19:36:12.5467172Z Working directory is '/home/runner/work/growth-project-backend/growth-project-backend'
2026-10-03T19:36:12.5467804Z [command]/usr/bin/git version
2026-10-03T19:36:12.6711988Z git version 2.55.0
2026-10-03T19:36:12.6729015Z ##[endgroup]
2026-10-03T19:36:12.6741296Z Temporarily overriding HOME='/home/runner/work/_temp/41f42cf7-1af7-40c6-b85f-948382c0f712' before making global git config changes
2026-10-03T19:36:12.6742467Z Adding repository directory to the temporary git global config as a safe directory
2026-10-03T19:36:12.6744958Z [command]/usr/bin/git config --global --add safe.directory /home/runner/work/growth-project-backend/growth-project-backend
2026-10-03T19:36:12.6788398Z Deleting the contents of '/home/runner/work/growth-project-backend/growth-project-backend'
2026-10-03T19:36:12.6791874Z ##[group]Determining repository object format
2026-10-03T19:36:12.6793603Z ##[endgroup]
2026-10-03T19:36:12.6794048Z ##[group]Initializing the repository
2026-10-03T19:36:12.6797431Z [command]/usr/bin/git init /home/runner/work/growth-project-backend/growth-project-backend
2026-10-03T19:36:12.6894411Z hint: Using 'master' as the name for the initial branch. This default branch name
2026-10-03T19:36:12.6895105Z hint: will change to "main" in Git 3.0. To configure the initial branch name
2026-10-03T19:36:12.6895703Z hint: to use in all of your new repositories, which will suppress this warning,
2026-10-03T19:36:12.6896161Z hint: call:
2026-10-03T19:36:12.6896442Z hint:
2026-10-03T19:36:12.6896786Z hint: 	git config --global init.defaultBranch <name>
2026-10-03T19:36:12.6897092Z hint:
2026-10-03T19:36:12.6897392Z hint: Names commonly chosen instead of 'master' are 'main', 'trunk' and
2026-10-03T19:36:12.6897837Z hint: 'development'. The just-created branch can be renamed via this command:
2026-10-03T19:36:12.6898398Z hint:
2026-10-03T19:36:12.6898685Z hint: 	git branch -m <name>
2026-10-03T19:36:12.6899023Z hint:
2026-10-03T19:36:12.6899432Z hint: Disable this message with "git config set advice.defaultBranchName false"
2026-10-03T19:36:12.6900180Z Initialized empty Git repository in /home/runner/work/growth-project-backend/growth-project-backend/.git/
2026-10-03T19:36:12.6903783Z [command]/usr/bin/git remote add origin https://github.com/BradleyGleavePortfolio/growth-project-backend
2026-10-03T19:36:12.6944440Z ##[endgroup]
2026-10-03T19:36:12.6945185Z ##[group]Disabling automatic garbage collection
2026-10-03T19:36:12.6946234Z [command]/usr/bin/git config --local gc.auto 0
2026-10-03T19:36:12.6970207Z ##[endgroup]
2026-10-03T19:36:12.6971123Z ##[group]Setting up auth
2026-10-03T19:36:12.6971544Z Removing SSH command configuration
2026-10-03T19:36:12.6975568Z [command]/usr/bin/git config --local --name-only --get-regexp core\.sshCommand
2026-10-03T19:36:12.6999158Z [command]/usr/bin/git submodule foreach --recursive sh -c "git config --local --name-only --get-regexp 'core\.sshCommand' && git config --local --unset-all 'core.sshCommand' || :"
2026-10-03T19:36:13.5446379Z Removing HTTP extra header
2026-10-03T19:36:13.5447318Z [command]/usr/bin/git config --local --name-only --get-regexp http\.https\:\/\/github\.com\/\.extraheader
2026-10-03T19:36:13.5471041Z [command]/usr/bin/git submodule foreach --recursive sh -c "git config --local --name-only --get-regexp 'http\.https\:\/\/github\.com\/\.extraheader' && git config --local --unset-all 'http.https://github.com/.extraheader' || :"
2026-10-03T19:36:13.5620790Z Removing includeIf entries pointing to credentials config files
2026-10-03T19:36:13.5627321Z [command]/usr/bin/git config --local --name-only --get-regexp ^includeIf\.gitdir:
2026-10-03T19:36:13.5650230Z [command]/usr/bin/git submodule foreach --recursive git config --local --show-origin --name-only --get-regexp remote.origin.url
2026-10-03T19:36:13.5801417Z [command]/usr/bin/git config --file /home/runner/work/_temp/git-credentials-cbc76a5e-5100-4001-b43a-3d20c9a23052.config http.https://github.com/.extraheader AUTHORIZATION: basic ***
2026-10-03T19:36:13.5829557Z [command]/usr/bin/git config --local includeIf.gitdir:/home/runner/work/growth-project-backend/growth-project-backend/.git.path /home/runner/work/_temp/git-credentials-cbc76a5e-5100-4001-b43a-3d20c9a23052.config
2026-10-03T19:36:13.5852523Z [command]/usr/bin/git config --local includeIf.gitdir:/home/runner/work/growth-project-backend/growth-project-backend/.git/worktrees/*.path /home/runner/work/_temp/git-credentials-cbc76a5e-5100-4001-b43a-3d20c9a23052.config
2026-10-03T19:36:13.6227388Z [command]/usr/bin/git config --local includeIf.gitdir:/github/workspace/.git.path /github/runner_temp/git-credentials-cbc76a5e-5100-4001-b43a-3d20c9a23052.config
2026-10-03T19:36:13.6261790Z [command]/usr/bin/git config --local includeIf.gitdir:/github/workspace/.git/worktrees/*.path /github/runner_temp/git-credentials-cbc76a5e-5100-4001-b43a-3d20c9a23052.config
2026-10-03T19:36:13.6280604Z ##[endgroup]
2026-10-03T19:36:13.6281232Z ##[group]Fetching the repository
2026-10-03T19:36:13.6283256Z [command]/usr/bin/git -c protocol.version=2 fetch --no-tags --prune --no-recurse-submodules --depth=1 origin +09cd20d2a879417d43d17a1ad4e47cd6aebabb47:refs/remotes/pull/668/merge
2026-10-03T19:36:15.5077834Z From https://github.com/BradleyGleavePortfolio/growth-project-backend
2026-10-03T19:36:15.5078719Z  * [new ref]         09cd20d2a879417d43d17a1ad4e47cd6aebabb47 -> pull/668/merge
2026-10-03T19:36:15.5083855Z ##[endgroup]
2026-10-03T19:36:15.5084705Z ##[group]Determining the checkout info
2026-10-03T19:36:15.5085247Z ##[endgroup]
2026-10-03T19:36:15.5090589Z [command]/usr/bin/git sparse-checkout disable
2026-10-03T19:36:15.5137560Z [command]/usr/bin/git config --local --unset-all extensions.worktreeConfig
2026-10-03T19:36:15.5163627Z ##[group]Checking out the ref
2026-10-03T19:36:15.5166903Z [command]/usr/bin/git checkout --progress --force refs/remotes/pull/668/merge
2026-10-03T19:36:15.6842239Z Note: switching to 'refs/remotes/pull/668/merge'.
2026-10-03T19:36:15.6842520Z 
2026-10-03T19:36:15.6842780Z You are in 'detached HEAD' state. You can look around, make experimental
2026-10-03T19:36:15.6843222Z changes and commit them, and you can discard any commits you make in this
2026-10-03T19:36:15.6843682Z state without impacting any branches by switching back to a branch.
2026-10-03T19:36:15.6843940Z 
2026-10-03T19:36:15.6844154Z If you want to create a new branch to retain commits you create, you may
2026-10-03T19:36:15.6844755Z do so (now or later) by using -c with the switch command. Example:
2026-10-03T19:36:15.6845042Z 
2026-10-03T19:36:15.6845208Z   git switch -c <new-branch-name>
2026-10-03T19:36:15.6845419Z 
2026-10-03T19:36:15.6845588Z Or undo this operation with:
2026-10-03T19:36:15.6846030Z 
2026-10-03T19:36:15.6846159Z   git switch -
2026-10-03T19:36:15.6846346Z 
2026-10-03T19:36:15.6846612Z Turn off this advice by setting config variable advice.detachedHead to false
2026-10-03T19:36:15.6846932Z 
2026-10-03T19:36:15.6847400Z HEAD is now at 09cd20d Merge fabc2268ffde1e6dca3ea1a18d6bff49c69f7b6f into 0ec835ca1cc9697bde71e6c67ed627ea3a000691
2026-10-03T19:36:15.6849321Z ##[endgroup]
2026-10-03T19:36:15.6886681Z [command]/usr/bin/git log -1 --format=%H
2026-10-03T19:36:15.6908367Z 09cd20d2a879417d43d17a1ad4e47cd6aebabb47
2026-10-03T19:36:15.7061305Z ##[group]Run if [ -n "$(git ls-files dist/ 2>/dev/null)" ]; then
2026-10-03T19:36:15.7061736Z [36;1mif [ -n "$(git ls-files dist/ 2>/dev/null)" ]; then[0m
2026-10-03T19:36:15.7062168Z [36;1m  echo "ERROR: dist/ is committed. Run: git rm -r --cached dist/"[0m
2026-10-03T19:36:15.7062556Z [36;1m  exit 1[0m
2026-10-03T19:36:15.7062924Z [36;1mfi[0m
2026-10-03T19:36:15.7285967Z shell: /usr/bin/bash -e {0}
2026-10-03T19:36:15.7286289Z ##[endgroup]
2026-10-03T19:36:15.7418238Z ##[group]Run if git grep -nI 'tgp\.app' -- ':(exclude)package-lock.json' ':(exclude)node_modules'; then
2026-10-03T19:36:15.7418872Z [36;1mif git grep -nI 'tgp\.app' -- ':(exclude)package-lock.json' ':(exclude)node_modules'; then[0m
2026-10-03T19:36:15.7419396Z [36;1m  echo "ERROR: R45 violation — the banned hostname appears in source."[0m
2026-10-03T19:36:15.7419751Z [36;1m  exit 1[0m
2026-10-03T19:36:15.7420001Z [36;1mfi[0m
2026-10-03T19:36:15.7453771Z shell: /usr/bin/bash -e {0}
2026-10-03T19:36:15.7454057Z ##[endgroup]
2026-10-03T19:36:15.7842295Z ##[group]Run actions/setup-node@v6
2026-10-03T19:36:15.7842580Z with:
2026-10-03T19:36:15.7842841Z   node-version: 20
2026-10-03T19:36:15.7843071Z   cache: npm
2026-10-03T19:36:15.7843337Z   check-latest: false
2026-10-03T19:36:15.7845380Z   token: ***
2026-10-03T19:36:15.7845626Z   package-manager-cache: true
2026-10-03T19:36:15.7845948Z ##[endgroup]
2026-10-03T19:36:15.9090932Z Attempting to download 20...
2026-10-03T19:36:16.6461652Z Acquiring 20.20.2 - x64 from https://github.com/actions/node-versions/releases/download/20.20.2-23521894959/node-20.20.2-linux-x64.tar.gz
2026-10-03T19:36:17.0976583Z Extracting ...
2026-10-03T19:36:17.1063683Z [command]/usr/bin/tar xz --strip 1 --warning=no-unknown-keyword --overwrite -C /home/runner/work/_temp/461fc9e1-55b7-4b4e-b424-38d5c98a4e70 -f /home/runner/work/_temp/f87edf6a-c5be-4c16-80d3-c759010fb33e
2026-10-03T19:36:17.9631872Z Adding to the cache ...
2026-10-03T19:36:19.6012883Z ##[group]Environment details
2026-10-03T19:36:19.9442388Z node: v20.20.2
2026-10-03T19:36:19.9443022Z npm: 10.8.2
2026-10-03T19:36:19.9443351Z yarn: 1.22.22
2026-10-03T19:36:19.9444009Z ##[endgroup]
2026-10-03T19:36:19.9460490Z [command]/opt/hostedtoolcache/node/20.20.2/x64/bin/npm config get cache
2026-10-03T19:36:20.0178446Z /home/runner/.npm
2026-10-03T19:36:20.1959193Z Cache hit for: node-cache-Linux-x64-npm-1c658f1a35f7b309848c416454e12a0f8c258736d5e30a9676088e8641c298ba
2026-10-03T19:36:21.3059333Z Received 86861520 of 86861520 (100.0%), 88.9 MBs/sec
2026-10-03T19:36:21.3060090Z Cache Size: ~83 MB (86861520 B)
2026-10-03T19:36:21.3166180Z [command]/usr/bin/tar -xf /home/runner/work/_temp/31475932-0829-4025-827e-9fc28801daf4/cache.tzst -P -C /home/runner/work/growth-project-backend/growth-project-backend --use-compress-program unzstd
2026-10-03T19:36:21.4174397Z Cache restored successfully
2026-10-03T19:36:21.4207992Z Cache restored from key: node-cache-Linux-x64-npm-1c658f1a35f7b309848c416454e12a0f8c258736d5e30a9676088e8641c298ba
2026-10-03T19:36:21.4316658Z ##[group]Run npm ci
2026-10-03T19:36:21.4316964Z [36;1mnpm ci[0m
2026-10-03T19:36:21.4352982Z shell: /usr/bin/bash -e {0}
2026-10-03T19:36:21.4353259Z ##[endgroup]
2026-10-03T19:36:25.7227156Z npm warn deprecated inflight@1.0.6: This module is not supported, and leaks memory. Do not use it. Check out lru-cache if you want a good and tested way to coalesce async requests by a key value, which is much more comprehensive and powerful.
2026-10-03T19:36:26.3364330Z npm warn deprecated jpeg-exif@1.1.4: Package no longer supported. Contact Support at https://www.npmjs.com/support for more info.
2026-10-03T19:36:27.4855424Z npm warn deprecated glob@7.2.3: Old versions of glob are not supported, and contain widely publicized security vulnerabilities, which have been fixed in the current version. Please update. Support for old versions may be purchased (at exorbitant rates) by contacting i@izs.me
2026-10-03T19:36:28.5079460Z npm warn deprecated glob@10.5.0: Old versions of glob are not supported, and contain widely publicized security vulnerabilities, which have been fixed in the current version. Please update. Support for old versions may be purchased (at exorbitant rates) by contacting i@izs.me
2026-10-03T19:36:28.5119155Z npm warn deprecated glob@10.5.0: Old versions of glob are not supported, and contain widely publicized security vulnerabilities, which have been fixed in the current version. Please update. Support for old versions may be purchased (at exorbitant rates) by contacting i@izs.me
2026-10-03T19:36:28.5658742Z npm warn deprecated glob@10.5.0: Old versions of glob are not supported, and contain widely publicized security vulnerabilities, which have been fixed in the current version. Please update. Support for old versions may be purchased (at exorbitant rates) by contacting i@izs.me
2026-10-03T19:36:38.4881057Z 
2026-10-03T19:36:38.4882147Z > growth-project-backend@1.0.0 postinstall
2026-10-03T19:36:38.4882833Z > prisma generate
2026-10-03T19:36:38.4883060Z 
2026-10-03T19:36:39.1260180Z Prisma schema loaded from prisma/schema.prisma
2026-10-03T19:36:42.0574429Z ┌─────────────────────────────────────────────────────────┐
2026-10-03T19:36:42.0575344Z │  Update available 6.19.3 -> 8.0.0-rc.19                 │
2026-10-03T19:36:42.0576047Z │                                                         │
2026-10-03T19:36:42.0576562Z │  This is a major update - please follow the guide at    │
2026-10-03T19:36:42.0577172Z │  https://pris.ly/d/major-version-upgrade                │
2026-10-03T19:36:42.0577707Z │                                                         │
2026-10-03T19:36:42.0578466Z │  Run the following to update                            │
2026-10-03T19:36:42.0579022Z │    npm i --save-dev prisma@latest                       │
2026-10-03T19:36:42.0579528Z │    npm i @prisma/client@latest                          │
2026-10-03T19:36:42.0580153Z └─────────────────────────────────────────────────────────┘
2026-10-03T19:36:42.0580491Z 
2026-10-03T19:36:42.0580864Z ✔ Generated Prisma Client (v6.19.3) to ./node_modules/@prisma/client in 1.57s
2026-10-03T19:36:42.0581178Z 
2026-10-03T19:36:42.0581561Z Start by importing your Prisma Client (See: https://pris.ly/d/importing-client)
2026-10-03T19:36:42.0581841Z 
2026-10-03T19:36:42.0582136Z Tip: Want to turn off tips and other hints? https://pris.ly/tip-4-nohints
2026-10-03T19:36:42.0582481Z 
2026-10-03T19:36:42.0889588Z 
2026-10-03T19:36:42.0890925Z > growth-project-backend@1.0.0 prepare
2026-10-03T19:36:42.0891530Z > lefthook install
2026-10-03T19:36:42.0891815Z 
2026-10-03T19:36:42.1256055Z sync hooks: ✔️(pre-commit, commit-msg)
2026-10-03T19:36:42.1374614Z 
2026-10-03T19:36:42.1375310Z added 1117 packages, and audited 1118 packages in 21s
2026-10-03T19:36:42.1375646Z 
2026-10-03T19:36:42.1375869Z 202 packages are looking for funding
2026-10-03T19:36:42.1376363Z   run `npm fund` for details
2026-10-03T19:36:42.1401650Z 
2026-10-03T19:36:42.1402470Z 4 vulnerabilities (1 moderate, 3 high)
2026-10-03T19:36:42.1402853Z 
2026-10-03T19:36:42.1403577Z To address issues that do not require attention, run:
2026-10-03T19:36:42.1404270Z   npm audit fix
2026-10-03T19:36:42.1404451Z 
2026-10-03T19:36:42.1404717Z To address all issues (including breaking changes), run:
2026-10-03T19:36:42.1405189Z   npm audit fix --force
2026-10-03T19:36:42.1405420Z 
2026-10-03T19:36:42.1405562Z Run `npm audit` for details.
2026-10-03T19:36:42.1695998Z ##[group]Run npm run guard:vendors
2026-10-03T19:36:42.1696375Z [36;1mnpm run guard:vendors[0m
2026-10-03T19:36:42.1742067Z shell: /usr/bin/bash -e {0}
2026-10-03T19:36:42.1742450Z ##[endgroup]
2026-10-03T19:36:42.2541359Z 
2026-10-03T19:36:42.2542157Z > growth-project-backend@1.0.0 guard:vendors
2026-10-03T19:36:42.2542739Z > node scripts/vendor-name-guard.mjs
2026-10-03T19:36:42.2542987Z 
2026-10-03T19:36:42.4045123Z .vendor-name-guard.json: 6 hit(s) — Guard configuration names the quarantined oracle path.; retire: V1 learned-path parity
2026-10-03T19:36:42.4046264Z src/scout/**/*.spec.ts: 6 hit(s) — Importer unit tests preserve legacy source-contract evidence.; retire: V1 learned-path parity
2026-10-03T19:36:42.4048515Z src/extension-pair/**/__tests__/**: 47 hit(s) — Importer pairing tests preserve legacy source-contract evidence.; retire: V1 learned-path parity
2026-10-03T19:36:42.4050018Z test/scout/**: 349 hit(s) — Importer tests preserve legacy source-contract evidence.; retire: V1 learned-path parity
2026-10-03T19:36:42.4051658Z docs/importer/NORTH_STAR.md: 3 hit(s) — Current importer governance record states the retired legacy oracle.; retire: V1 learned-path parity
2026-10-03T19:36:42.4052825Z src/scout/reconstruct/sources/truecoach.json: 1 hit(s) — Quarantined legacy oracle.; retire: V1 learned-path parity
2026-10-03T19:36:42.4053562Z README.md: 4 hit(s) — non-importer domain; retire: n/a (other domain)
2026-10-03T19:36:42.4054604Z prisma/migrations/20260513000000_food_logger_trainerize_floor/migration.sql: 2 hit(s) — non-importer domain; retire: n/a (other domain)
2026-10-03T19:36:42.4055615Z src/common/env-validation.ts: 1 hit(s) — non-importer domain; retire: n/a (other domain)
2026-10-03T19:36:42.4056753Z src/food/food-density.ts: 1 hit(s) — non-importer domain; retire: n/a (other domain)
2026-10-03T19:36:42.4057703Z src/food/food-query-parser.ts: 1 hit(s) — non-importer domain; retire: n/a (other domain)
2026-10-03T19:36:42.4058925Z src/log/log.dto.ts: 1 hit(s) — non-importer domain; retire: n/a (other domain)
2026-10-03T19:36:42.4059909Z docs/decisions/2026-07-16-importer-f-scout-reconstruct.md: 4 hit(s) — Historical importer decision record.; retire: Historical record retained
2026-10-03T19:36:42.4061151Z docs/decisions/2026-07-19-importer-h-multi-family-reconstruction.md: 2 hit(s) — Historical importer decision record.; retire: Historical record retained
2026-10-03T19:36:42.4062491Z docs/decisions/2026-09-18-g2-transition-writer-cursors.md: 1 hit(s) — Historical importer decision record.; retire: Historical record retained
2026-10-03T19:36:42.4063829Z docs/decisions/2026-09-24-s8-native-contract.md: 10 hit(s) — Historical importer decision record.; retire: Historical record retained
2026-10-03T19:36:42.4064841Z test/env-validation.spec.ts: 1 hit(s) — non-importer domain; retire: n/a (other domain)
2026-10-03T19:36:42.4065883Z test/fixtures/conformance/conformance-alpha.json.raw: 1 hit(s) — Importer fixture.; retire: V1 learned-path parity
2026-10-03T19:36:42.4067284Z test/fixtures/truecoach/client-history.golden.json: 5 hit(s) — Importer fixture.; retire: V1 learned-path parity
2026-10-03T19:36:42.4068663Z test/fixtures/truecoach/clients.golden.json: 5 hit(s) — Importer fixture.; retire: V1 learned-path parity
2026-10-03T19:36:42.4070084Z test/fixtures/truecoach/workouts.golden.json: 5 hit(s) — Importer fixture.; retire: V1 learned-path parity
2026-10-03T19:36:42.4071042Z test/rls-c1-setup.spec.ts: 36 hit(s) — Importer RLS test.; retire: V1 learned-path parity
2026-10-03T19:36:42.4071773Z test/rls-g2-b-drain.spec.ts: 16 hit(s) — Importer RLS test.; retire: V1 learned-path parity
2026-10-03T19:36:42.4072632Z test/rls-g2-c-contract.spec.ts: 48 hit(s) — Importer RLS test.; retire: V1 learned-path parity
2026-10-03T19:36:42.4073467Z test/rls-g2-ledger-expand.spec.ts: 10 hit(s) — Importer RLS test.; retire: V1 learned-path parity
2026-10-03T19:36:42.4074774Z test/rls-g2-nq1.spec.ts: 26 hit(s) — Importer RLS test.; retire: V1 learned-path parity
2026-10-03T19:36:42.4075947Z test/rls-g2-pg17-etq0.spec.ts: 63 hit(s) — Importer RLS test.; retire: V1 learned-path parity
2026-10-03T19:36:42.4076786Z test/rls-g2-r-ready.spec.ts: 21 hit(s) — Importer RLS test.; retire: V1 learned-path parity
2026-10-03T19:36:42.4077564Z test/rls-g2-s8b.spec.ts: 5 hit(s) — Importer RLS test.; retire: V1 learned-path parity
2026-10-03T19:36:42.4078464Z test/rls-g2-s8c.spec.ts: 2 hit(s) — Importer RLS test.; retire: V1 learned-path parity
2026-10-03T19:36:42.4079180Z test/rls-g2-s8f.spec.ts: 5 hit(s) — Importer RLS test.; retire: V1 learned-path parity
2026-10-03T19:36:42.4079868Z test/rls-g2-tq0.spec.ts: 24 hit(s) — Importer RLS test.; retire: V1 learned-path parity
2026-10-03T19:36:42.4080624Z test/truecoach-golden-fixture.spec.ts: 5 hit(s) — Importer fixture test.; retire: V1 learned-path parity
2026-10-03T19:36:42.4081427Z test/utils/g2-b-drain-pg-harness.ts: 3 hit(s) — Importer test harness.; retire: V1 learned-path parity
2026-10-03T19:36:42.4082361Z test/utils/g2-c-harness.ts: 1 hit(s) — Importer test harness.; retire: V1 learned-path parity
2026-10-03T19:36:42.4083112Z test/utils/g2-c-pg-harness.ts: 3 hit(s) — Importer test harness.; retire: V1 learned-path parity
2026-10-03T19:36:42.4083722Z test/utils/g2-nq1-pg-harness.ts: 3 hit(s) — Importer test harness.; retire: V1 learned-path parity
2026-10-03T19:36:42.4084364Z test/utils/g2-pg17-harness.ts: 3 hit(s) — Importer test harness.; retire: V1 learned-path parity
2026-10-03T19:36:42.4084998Z test/utils/g2-r-ready-pg-harness.ts: 3 hit(s) — Importer test harness.; retire: V1 learned-path parity
2026-10-03T19:36:42.4085598Z test/utils/g2-s10b-harness.ts: 1 hit(s) — Importer test harness.; retire: V1 learned-path parity
2026-10-03T19:36:42.4086277Z test/utils/g2-s7l-harness.ts: 2 hit(s) — Importer test harness.; retire: V1 learned-path parity
2026-10-03T19:36:42.4086883Z test/utils/g2-s7l-worker.cjs: 1 hit(s) — Importer test harness.; retire: V1 learned-path parity
2026-10-03T19:36:42.4087648Z test/utils/g2-s8b-harness.ts: 4 hit(s) — Importer test harness.; retire: V1 learned-path parity
2026-10-03T19:36:42.4088622Z test/utils/g2-s8f-pg-harness.ts: 3 hit(s) — Importer test harness.; retire: V1 learned-path parity
2026-10-03T19:36:42.4089253Z test/utils/g2-s8g-harness.ts: 1 hit(s) — Importer test harness.; retire: V1 learned-path parity
2026-10-03T19:36:42.4089862Z test/utils/g2-s9c-harness.ts: 1 hit(s) — Importer test harness.; retire: V1 learned-path parity
2026-10-03T19:36:42.4090263Z vendor-name guard: passed
2026-10-03T19:36:42.4153995Z ##[group]Run npm run test:guard:vendors
2026-10-03T19:36:42.4154315Z [36;1mnpm run test:guard:vendors[0m
2026-10-03T19:36:42.4188101Z shell: /usr/bin/bash -e {0}
2026-10-03T19:36:42.4188531Z ##[endgroup]
2026-10-03T19:36:42.4982783Z 
2026-10-03T19:36:42.4983283Z > growth-project-backend@1.0.0 test:guard:vendors
2026-10-03T19:36:42.4983783Z > node scripts/vendor-name-guard.self-test.mjs
2026-10-03T19:36:42.4984096Z 
2026-10-03T19:36:42.6734976Z vendor-name guard self-test: passed
2026-10-03T19:36:42.6829642Z ##[group]Run npx prisma generate
2026-10-03T19:36:42.6829991Z [36;1mnpx prisma generate[0m
2026-10-03T19:36:42.6864339Z shell: /usr/bin/bash -e {0}
2026-10-03T19:36:42.6864626Z ##[endgroup]
2026-10-03T19:36:43.4802198Z Prisma schema loaded from prisma/schema.prisma
2026-10-03T19:36:46.2904028Z 
2026-10-03T19:36:46.2905397Z ✔ Generated Prisma Client (v6.19.3) to ./node_modules/@prisma/client in 1.57s
2026-10-03T19:36:46.2905805Z 
2026-10-03T19:36:46.2906262Z Start by importing your Prisma Client (See: https://pris.ly/d/importing-client)
2026-10-03T19:36:46.2906663Z 
2026-10-03T19:36:46.2907092Z Tip: Need your database queries to be 1000x faster? Accelerate offers you that and more: https://pris.ly/tip-2-accelerate
2026-10-03T19:36:46.2907484Z 
2026-10-03T19:36:46.3291231Z ##[group]Run npm run lint --if-present
2026-10-03T19:36:46.3291565Z [36;1mnpm run lint --if-present[0m
2026-10-03T19:36:46.3326113Z shell: /usr/bin/bash -e {0}
2026-10-03T19:36:46.3326484Z ##[endgroup]
2026-10-03T19:36:46.4115464Z 
2026-10-03T19:36:46.4116159Z > growth-project-backend@1.0.0 lint
2026-10-03T19:36:46.4116632Z > eslint "src/**/*.ts"
2026-10-03T19:36:46.4116983Z 
2026-10-03T19:36:55.6864004Z 
2026-10-03T19:36:55.6865086Z /home/runner/work/growth-project-backend/growth-project-backend/src/admin/reports/reports.controller.ts
2026-10-03T19:36:55.6889993Z ##[warning]  5:3  warning  'Header' is defined but never used. Allowed unused vars must match /^_/u  @typescript-eslint/no-unused-vars
2026-10-03T19:36:55.6896308Z 
2026-10-03T19:36:55.6896968Z /home/runner/work/growth-project-backend/growth-project-backend/src/ai/client-ai-context.service.ts
2026-10-03T19:36:55.6898888Z ##[warning]  18:3  warning  'NextSessionSummary' is defined but never used. Allowed unused vars must match /^_/u  @typescript-eslint/no-unused-vars
2026-10-03T19:36:55.6900794Z ##[warning]  20:3  warning  'LeaderboardSummary' is defined but never used. Allowed unused vars must match /^_/u  @typescript-eslint/no-unused-vars
2026-10-03T19:36:55.6901717Z 
2026-10-03T19:36:55.6902462Z /home/runner/work/growth-project-backend/growth-project-backend/src/ai/gateway/ai-gateway.controller.ts
2026-10-03T19:36:55.6903899Z ##[warning]  52:30  warning  'req' is defined but never used. Allowed unused args must match /^_/u  @typescript-eslint/no-unused-vars
2026-10-03T19:36:55.6904740Z 
2026-10-03T19:36:55.6905098Z /home/runner/work/growth-project-backend/growth-project-backend/src/build-week/build-week.dto.ts
2026-10-03T19:36:55.6906227Z ##[warning]  2:3  warning  'IsArray' is defined but never used. Allowed unused vars must match /^_/u  @typescript-eslint/no-unused-vars
2026-10-03T19:36:55.6907078Z 
2026-10-03T19:36:55.6907472Z /home/runner/work/growth-project-backend/growth-project-backend/src/coach/command-center/ltv-metrics.service.ts
2026-10-03T19:36:55.6908945Z ##[warning]  77:11  warning  'startOfLastMonth' is assigned a value but never used. Allowed unused vars must match /^_/u  @typescript-eslint/no-unused-vars
2026-10-03T19:36:55.6909896Z 
2026-10-03T19:36:55.6910386Z /home/runner/work/growth-project-backend/growth-project-backend/src/contracts/checkout-contract-gate.service.ts
2026-10-03T19:36:55.6911613Z ##[warning]  8:10  warning  'sampleMergeData' is defined but never used. Allowed unused vars must match /^_/u  @typescript-eslint/no-unused-vars
2026-10-03T19:36:55.6912540Z 
2026-10-03T19:36:55.6912992Z /home/runner/work/growth-project-backend/growth-project-backend/src/contracts/contract-envelope.service.ts
2026-10-03T19:36:55.6914172Z ##[warning]  3:3  warning  'ForbiddenException' is defined but never used. Allowed unused vars must match /^_/u  @typescript-eslint/no-unused-vars
2026-10-03T19:36:55.6915135Z 
2026-10-03T19:36:55.6915549Z /home/runner/work/growth-project-backend/growth-project-backend/src/landing-pages/landing-pages.service.ts
2026-10-03T19:36:55.6916762Z ##[warning]  13:3  warning  'LandingPageStatus' is defined but never used. Allowed unused vars must match /^_/u  @typescript-eslint/no-unused-vars
2026-10-03T19:36:55.6917641Z 
2026-10-03T19:36:55.6918141Z /home/runner/work/growth-project-backend/growth-project-backend/src/lists/lists.dto.ts
2026-10-03T19:36:55.6919286Z ##[warning]  6:3  warning  'IsIn' is defined but never used. Allowed unused vars must match /^_/u  @typescript-eslint/no-unused-vars
2026-10-03T19:36:55.6920219Z 
2026-10-03T19:36:55.6920620Z /home/runner/work/growth-project-backend/growth-project-backend/src/macros/macros.service.ts
2026-10-03T19:36:55.6921771Z ##[warning]  1:10  warning  'ForbiddenException' is defined but never used. Allowed unused vars must match /^_/u  @typescript-eslint/no-unused-vars
2026-10-03T19:36:55.6922739Z 
2026-10-03T19:36:55.6923093Z /home/runner/work/growth-project-backend/growth-project-backend/src/meal-plans/meal-plans.dto.ts
2026-10-03T19:36:55.6924492Z ##[warning]  7:3  warning  'IsObject' is defined but never used. Allowed unused vars must match /^_/u  @typescript-eslint/no-unused-vars
2026-10-03T19:36:55.6925426Z 
2026-10-03T19:36:55.6925905Z /home/runner/work/growth-project-backend/growth-project-backend/src/notifications/nudges/nudge-detector.service.ts
2026-10-03T19:36:55.6927139Z ##[warning]  384:10  warning  'floorDays' is defined but never used. Allowed unused vars must match /^_/u  @typescript-eslint/no-unused-vars
2026-10-03T19:36:55.6928125Z 
2026-10-03T19:36:55.6928573Z /home/runner/work/growth-project-backend/growth-project-backend/src/notifications/nudges/nudge-engine.service.ts
2026-10-03T19:36:55.6929649Z ##[warning]  381:5  warning  'prefs' is defined but never used. Allowed unused args must match /^_/u  @typescript-eslint/no-unused-vars
2026-10-03T19:36:55.6930574Z 
2026-10-03T19:36:55.6930918Z /home/runner/work/growth-project-backend/growth-project-backend/src/prep-guide/prep-guide.service.ts
2026-10-03T19:36:55.6932180Z ##[warning]  32:7  warning  'DAYS' is assigned a value but never used. Allowed unused vars must match /^_/u  @typescript-eslint/no-unused-vars
2026-10-03T19:36:55.6933142Z 
2026-10-03T19:36:55.6933531Z /home/runner/work/growth-project-backend/growth-project-backend/src/real-meal-plans/real-meal-plans.service.ts
2026-10-03T19:36:55.6934917Z ##[warning]  3:3  warning  'ForbiddenException' is defined but never used. Allowed unused vars must match /^_/u  @typescript-eslint/no-unused-vars
2026-10-03T19:36:55.6935856Z 
2026-10-03T19:36:55.6936273Z /home/runner/work/growth-project-backend/growth-project-backend/src/regimes/__tests__/regimes.service.spec.ts
2026-10-03T19:36:55.6937515Z ##[warning]  14:15  warning  'PrismaService' is defined but never used. Allowed unused vars must match /^_/u  @typescript-eslint/no-unused-vars
2026-10-03T19:36:55.6938649Z 
2026-10-03T19:36:55.6939083Z /home/runner/work/growth-project-backend/growth-project-backend/src/roman/context/roman-client-context.service.ts
2026-10-03T19:36:55.6940396Z ##[warning]  45:3  warning  'RomanConsultationSummary' is defined but never used. Allowed unused vars must match /^_/u  @typescript-eslint/no-unused-vars
2026-10-03T19:36:55.6941387Z 
2026-10-03T19:36:55.6941868Z /home/runner/work/growth-project-backend/growth-project-backend/src/storefront/guest-checkout-pii-scrub.service.ts
2026-10-03T19:36:55.6943121Z ##[warning]  3:16  warning  'CronExpression' is defined but never used. Allowed unused vars must match /^_/u  @typescript-eslint/no-unused-vars
2026-10-03T19:36:55.6944064Z 
2026-10-03T19:36:55.6944478Z /home/runner/work/growth-project-backend/growth-project-backend/src/talent-marketplace/apply.service.ts
2026-10-03T19:36:55.6945811Z ##[warning]   6:3   warning  'ForbiddenException' is defined but never used. Allowed unused vars must match /^_/u                  @typescript-eslint/no-unused-vars
2026-10-03T19:36:55.6947538Z ##[warning]  10:22  warning  'randomUUID' is defined but never used. Allowed unused vars must match /^_/u                          @typescript-eslint/no-unused-vars
2026-10-03T19:36:55.6949320Z ##[warning]  15:3   warning  'MARKETPLACE_CLAIM_STATUS_COMPLETED' is defined but never used. Allowed unused vars must match /^_/u  @typescript-eslint/no-unused-vars
2026-10-03T19:36:55.6950436Z 
2026-10-03T19:36:55.6950961Z ✖ 22 problems (0 errors, 22 warnings)
2026-10-03T19:36:55.6951158Z 
2026-10-03T19:36:55.7247345Z ##[group]Run npx --no-install eslint --max-warnings 0 scripts/check-r75.js test/ci/r75-gate.spec.ts test/ci/r75-boundaries.spec.ts test/ci/r75-wiring.spec.ts test/ci/r75-enforcement.spec.ts test/ci/r100-pathspec.spec.ts test/ci/dependency-audit.spec.ts
2026-10-03T19:36:55.7248723Z [36;1mnpx --no-install eslint --max-warnings 0 scripts/check-r75.js test/ci/r75-gate.spec.ts test/ci/r75-boundaries.spec.ts test/ci/r75-wiring.spec.ts test/ci/r75-enforcement.spec.ts test/ci/r100-pathspec.spec.ts test/ci/dependency-audit.spec.ts[0m
2026-10-03T19:36:55.7283568Z shell: /usr/bin/bash --noprofile --norc -e -o pipefail {0}
2026-10-03T19:36:55.7283900Z ##[endgroup]
2026-10-03T19:36:56.7661310Z ##[group]Run npx tsc --noEmit
2026-10-03T19:36:56.7661666Z [36;1mnpx tsc --noEmit[0m
2026-10-03T19:36:56.7694115Z shell: /usr/bin/bash -e {0}
2026-10-03T19:36:56.7694464Z env:
2026-10-03T19:36:56.7694745Z   NODE_OPTIONS: --max-old-space-size=4096
2026-10-03T19:36:56.7695066Z ##[endgroup]
2026-10-03T19:37:33.3393332Z ##[group]Run npm run build
2026-10-03T19:37:33.3393724Z [36;1mnpm run build[0m
2026-10-03T19:37:33.3436460Z shell: /usr/bin/bash -e {0}
2026-10-03T19:37:33.3436848Z ##[endgroup]
2026-10-03T19:37:33.4248741Z 
2026-10-03T19:37:33.4249451Z > growth-project-backend@1.0.0 build
2026-10-03T19:37:33.4249995Z > nest build
2026-10-03T19:37:33.4250188Z 
2026-10-03T19:37:55.2922981Z ##[group]Run npm test --if-present
2026-10-03T19:37:55.2923353Z [36;1mnpm test --if-present[0m
2026-10-03T19:37:55.2957109Z shell: /usr/bin/bash -e {0}
2026-10-03T19:37:55.2957499Z env:
2026-10-03T19:37:55.2957753Z   NODE_OPTIONS: --max-old-space-size=4096
2026-10-03T19:37:55.2958303Z   THROTTLER_LIVE_REDIS_URL: redis://localhost:6379/0
2026-10-03T19:37:55.2958631Z ##[endgroup]
2026-10-03T19:37:55.3861888Z 
2026-10-03T19:37:55.3862476Z > growth-project-backend@1.0.0 test
2026-10-03T19:37:55.3862891Z > jest
2026-10-03T19:37:55.3863165Z 
2026-10-03T19:38:11.4917141Z PASS test/scout/entities/scout-entities.service.spec.ts (15.202 s)
2026-10-03T19:38:11.8880090Z PASS test/scout/lifecycle/lifecycle.service.spec.ts (15.555 s)
2026-10-03T19:38:12.5110783Z [33m[Nest] 3285  - [39m10/03/2026, 7:38:12 PM [33m   WARN[39m [38;5;3m[SubCoachScopeService] [39m[33msub-coach scope: user=sub-x has role=coach and coach_id=other-coach but no membership relation (TeamSubCoachAssignment / SubCoachAssignment); treating as head coach of own roster, NOT as a sub-coach[39m
2026-10-03T19:38:12.5112766Z [33m[Nest] 3285  - [39m10/03/2026, 7:38:12 PM [33m   WARN[39m [38;5;3m[SubCoachScopeService] [39m[33msub-coach scope: user=sub-1 has role=coach and coach_id=other-coach but no membership relation (TeamSubCoachAssignment / SubCoachAssignment); treating as head coach of own roster, NOT as a sub-coach[39m
2026-10-03T19:38:12.5116454Z [33m[Nest] 3285  - [39m10/03/2026, 7:38:12 PM [33m   WARN[39m [38;5;3m[SubCoachScopeService] [39m[33msub-coach scope: user=sub-1 has role=coach and coach_id=coach-1 but no membership relation (TeamSubCoachAssignment / SubCoachAssignment); treating as head coach of own roster, NOT as a sub-coach[39m
2026-10-03T19:38:12.5118798Z [33m[Nest] 3285  - [39m10/03/2026, 7:38:12 PM [33m   WARN[39m [38;5;3m[SubCoachScopeService] [39m[33msub-coach scope: user=sub-x has role=coach and coach_id=other-coach but no membership relation (TeamSubCoachAssignment / SubCoachAssignment); treating as head coach of own roster, NOT as a sub-coach[39m
2026-10-03T19:38:12.5121144Z [33m[Nest] 3285  - [39m10/03/2026, 7:38:12 PM [33m   WARN[39m [38;5;3m[SubCoachScopeService] [39m[33msub-coach scope: user=coach-1 has role=coach and coach_id=other-coach but no membership relation (TeamSubCoachAssignment / SubCoachAssignment); treating as head coach of own roster, NOT as a sub-coach[39m
2026-10-03T19:38:12.5123450Z [33m[Nest] 3285  - [39m10/03/2026, 7:38:12 PM [33m   WARN[39m [38;5;3m[SubCoachScopeService] [39m[33msub-coach scope: user=coach-1 has role=coach and coach_id=third-head but no membership relation (TeamSubCoachAssignment / SubCoachAssignment); treating as head coach of own roster, NOT as a sub-coach[39m
2026-10-03T19:38:12.5125553Z [33m[Nest] 3285  - [39m10/03/2026, 7:38:12 PM [33m   WARN[39m [38;5;3m[SubCoachScopeService] [39m[33msub-coach scope: user=coach-1 has role=coach and coach_id=other-coach but no membership relation (TeamSubCoachAssignment / SubCoachAssignment); treating as head coach of own roster, NOT as a sub-coach[39m
2026-10-03T19:38:12.5127302Z [33m[Nest] 3285  - [39m10/03/2026, 7:38:12 PM [33m   WARN[39m [38;5;3m[SubCoachScopeService] [39m[33msub-coach scope: user=coach-1 has role=coach and coach_id=other-coach but no membership relation (TeamSubCoachAssignment / SubCoachAssignment); treating as head coach of own roster, NOT as a sub-coach[39m
2026-10-03T19:38:12.5130690Z [33m[Nest] 3285  - [39m10/03/2026, 7:38:12 PM [33m   WARN[39m [38;5;3m[SubCoachScopeService] [39m[33msub-coach scope: user=coach-1 has role=coach and coach_id=other-coach but no membership relation (TeamSubCoachAssignment / SubCoachAssignment); treating as head coach of own roster, NOT as a sub-coach[39m
2026-10-03T19:38:12.5135468Z [33m[Nest] 3285  - [39m10/03/2026, 7:38:12 PM [33m   WARN[39m [38;5;3m[SubCoachScopeService] [39m[33msub-coach scope: user=coach-1 has role=coach and coach_id=other-coach but no membership relation (TeamSubCoachAssignment / SubCoachAssignment); treating as head coach of own roster, NOT as a sub-coach[39m
2026-10-03T19:38:12.6230642Z PASS test/onboarding.service.spec.ts (16.365 s)
2026-10-03T19:38:12.6981130Z [33m[Nest] 3285  - [39m10/03/2026, 7:38:12 PM [33m   WARN[39m [38;5;3m[Onboarding] [39m[33mCONSULT_CONSENT_COPY_VERSIONS lists consult-consent-v1, consult-consent-v2, which the server has no consent text for; those names are ignored[39m
2026-10-03T19:38:13.0438841Z PASS test/prod-readiness/auto-flipper.spec.ts
2026-10-03T19:38:13.0790080Z   ● Console
2026-10-03T19:38:13.0828598Z 
2026-10-03T19:38:13.0830181Z     console.warn
2026-10-03T19:38:13.0850075Z       warning: FLY_BIN is unset — relying on PATH to resolve "flyctl" on a secret-mutating path. Set FLY_BIN to an absolute path in CI/staging/prod.
2026-10-03T19:38:13.0850989Z 
2026-10-03T19:38:13.0851477Z     [0m [90m 334 |[39m   [36mif[39m (_flyBinWarned) [36mreturn[39m[33m;[39m
2026-10-03T19:38:13.0852401Z      [90m 335 |[39m   _flyBinWarned [33m=[39m [36mtrue[39m[33m;[39m
2026-10-03T19:38:13.0853049Z     [31m[1m>[22m[39m[90m 336 |[39m   warn(
2026-10-03T19:38:13.0853743Z      [90m     |[39m   [31m[1m^[22m[39m
2026-10-03T19:38:13.0854623Z      [90m 337 |[39m     [32m`warning: ${FLY_BIN_ENV} is unset — relying on PATH to resolve "${FLY_BIN_DEFAULT}" on a `[39m [33m+[39m
2026-10-03T19:38:13.0855720Z      [90m 338 |[39m       [32m`secret-mutating path. Set ${FLY_BIN_ENV} to an absolute path in CI/staging/prod.`[39m[33m,[39m
2026-10-03T19:38:13.0856568Z      [90m 339 |[39m   )[33m;[39m[0m
2026-10-03T19:38:13.0856930Z 
2026-10-03T19:38:13.0857313Z       at warnIfPathResolvedFlyBin (test/prod-readiness/auto-flipper.ts:336:3)
2026-10-03T19:38:13.0858406Z       at runFlyctl (test/prod-readiness/auto-flipper.ts:916:3)
2026-10-03T19:38:13.0859066Z       at run (test/prod-readiness/auto-flipper.ts:1116:57)
2026-10-03T19:38:13.0859752Z       at doCommit (test/prod-readiness/auto-flipper.ts:1187:7)
2026-10-03T19:38:13.0860449Z       at commit (test/prod-readiness/auto-flipper.ts:1103:18)
2026-10-03T19:38:13.0861123Z       at Object.<anonymous> (test/prod-readiness/auto-flipper.spec.ts:429:17)
2026-10-03T19:38:13.0861610Z 
2026-10-03T19:38:15.0630879Z [31m[Nest] 3278  - [39m10/03/2026, 7:38:15 PM [31m  ERROR[39m [38;5;3m[CoachBriefService] [39m[31mCoachBrief Claude call failed for coach=Sarah Johnson: boom[39m
2026-10-03T19:38:15.0670016Z [31m[Nest] 3278  - [39m10/03/2026, 7:38:15 PM [31m  ERROR[39m [38;5;3m[CoachBriefService] [39m[31mCoachBrief Anthropic client init failed: ANTHROPIC_API_KEY not configured[39m
2026-10-03T19:38:15.0719832Z [31m[Nest] 3278  - [39m10/03/2026, 7:38:15 PM [31m  ERROR[39m [38;5;3m[CoachBriefService] [39m[31mCoachBrief Anthropic client init failed: ANTHROPIC_API_KEY not configured[39m
2026-10-03T19:38:15.0899019Z [31m[Nest] 3278  - [39m10/03/2026, 7:38:15 PM [31m  ERROR[39m [38;5;3m[CoachBriefService] [39m[31mCoachBrief Anthropic client init failed: ANTHROPIC_API_KEY not configured[39m
2026-10-03T19:38:15.1630137Z [33m[Nest] 3278  - [39m10/03/2026, 7:38:15 PM [33m   WARN[39m [38;5;3m[CoachBriefService] [39m[33mCoachBrief Claude output failed contract (too_few_sentences:2) for coach=Sarah Johnson; attempting one repair[39m
2026-10-03T19:38:15.1632042Z [33m[Nest] 3278  - [39m10/03/2026, 7:38:15 PM [33m   WARN[39m [38;5;3m[CoachBriefService] [39m[33mCoachBrief Claude repair attempt also failed contract (too_few_sentences:2) for coach=Sarah Johnson; using fallback[39m
2026-10-03T19:38:15.1633514Z [95m[Nest] 3278  - [39m10/03/2026, 7:38:15 PM [95m  DEBUG[39m [38;5;3m[CoachBriefScheduler] [39m[95mcoach brief push deferred for coach=coach1 — summary not ready yet[39m
2026-10-03T19:38:15.1634815Z [32m[Nest] 3278  - [39m10/03/2026, 7:38:15 PM [32m    LOG[39m [38;5;3m[CoachBriefScheduler] [39m[32mcoach brief push sent: coach=coach1 date=2026-05-25[39m
2026-10-03T19:38:15.1637104Z [95m[Nest] 3278  - [39m10/03/2026, 7:38:15 PM [95m  DEBUG[39m [38;5;3m[CoachBriefScheduler] [39m[95mcoach brief push not delivered for coach=coach1 outcome=transport-error attempt=1/5[39m
2026-10-03T19:38:15.1638889Z [95m[Nest] 3278  - [39m10/03/2026, 7:38:15 PM [95m  DEBUG[39m [38;5;3m[CoachBriefScheduler] [39m[95mcoach brief push already delivered for coach=coach1 date=2026-05-25[39m
2026-10-03T19:38:15.1640508Z [33m[Nest] 3278  - [39m10/03/2026, 7:38:15 PM [33m   WARN[39m [38;5;3m[CoachBriefScheduler] [39m[33mcoach brief push retry budget exhausted for coach=coach1 date=2026-05-25 attempts=5[39m
2026-10-03T19:38:15.1642033Z [95m[Nest] 3278  - [39m10/03/2026, 7:38:15 PM [95m  DEBUG[39m [38;5;3m[CoachBriefScheduler] [39m[95mcoach brief push lease held by another instance for coach=coach1[39m
2026-10-03T19:38:15.1890364Z [31m[Nest] 3278  - [39m10/03/2026, 7:38:15 PM [31m  ERROR[39m [38;5;3m[CoachBriefService] [39m[31mCoachBrief Claude call failed for coach=Sarah Johnson: This client hasn't allowed AI help yet. They can turn it on in their app under Settings > Privacy.[39m
2026-10-03T19:38:15.1934671Z [31m[Nest] 3278  - [39m10/03/2026, 7:38:15 PM [31m  ERROR[39m [38;5;3m[CoachBriefService] [39m[31mCoachBrief Claude call failed for coach=Sarah Johnson: This client hasn't allowed AI help yet. They can turn it on in their app under Settings > Privacy.[39m
2026-10-03T19:38:15.2059097Z PASS test/coach-brief.service.spec.ts
2026-10-03T19:38:15.2684249Z [33m[Nest] 3279  - [39m10/03/2026, 7:38:15 PM [33m   WARN[39m [38;5;3m[AuthService] [39m[33mregister: retained Supabase user sup-rollback@example.test without a local row after local user create failed (Error) (created_by_this_request=true); recovered by retry, OAuth or first password sign-in[39m
2026-10-03T19:38:15.2703955Z [33m[Nest] 3278  - [39m10/03/2026, 7:38:25 PM [33m   WARN[39m [38;5;3m[CoachBriefScheduler] [39m[33mcoach brief push failed or timed out for coach coach1 on 2026-05-25: push timeout[39m
2026-10-03T19:38:15.2705677Z [95m[Nest] 3278  - [39m10/03/2026, 7:38:25 PM [95m  DEBUG[39m [38;5;3m[CoachBriefScheduler] [39m[95mcoach brief push not delivered for coach=coach1 outcome=timeout attempt=1/5[39m
2026-10-03T19:38:15.2707215Z [95m[Nest] 3278  - [39m10/03/2026, 7:38:15 PM [95m  DEBUG[39m [38;5;3m[CoachBriefScheduler] [39m[95mcoach brief notifications skipped — COACH_BRIEF_NOTIFICATIONS_ENABLED=off[39m
2026-10-03T19:38:15.2709083Z [95m[Nest] 3278  - [39m10/03/2026, 7:38:15 PM [95m  DEBUG[39m [38;5;3m[CoachBriefScheduler] [39m[95mcoach brief scheduler skipped — COACH_BRIEF_ENABLED=off[39m
2026-10-03T19:38:15.2711129Z [33m[Nest] 3279  - [39m10/03/2026, 7:38:15 PM [33m   WARN[39m [38;5;3m[AuthService] [39m[33mregister: retained Supabase user sup-noaudit@example.test without a local row after local user create failed (Error) (created_by_this_request=true); recovered by retry, OAuth or first password sign-in[39m
2026-10-03T19:38:15.2713597Z [33m[Nest] 3279  - [39m10/03/2026, 7:38:15 PM [33m   WARN[39m [38;5;3m[AuthService] [39m[33mregister: retained Supabase user sup-race@example.test without a local row after local user create failed (Error) (created_by_this_request=true); recovered by retry, OAuth or first password sign-in[39m
2026-10-03T19:38:15.2715776Z [33m[Nest] 3279  - [39m10/03/2026, 7:38:15 PM [33m   WARN[39m [38;5;3m[AuthService] [39m[33mregister: competing signup won for Supabase user sup-race@example.test; identity kept[39m
2026-10-03T19:38:15.2717230Z [32m[Nest] 3278  - [39m10/03/2026, 7:38:15 PM [32m    LOG[39m [38;5;3m[AiEgressService] [39m[32mai_egress.refused surface=coach.brief reason=no_live_grant clients=1 missing=1[39m
2026-10-03T19:38:15.2718969Z [33m[Nest] 3278  - [39m10/03/2026, 7:38:15 PM [33m   WARN[39m [38;5;3m[AiEgressService] [39m[33mai_egress.consent_read_failed (treated as no grant)[39m
2026-10-03T19:38:15.2720646Z [32m[Nest] 3278  - [39m10/03/2026, 7:38:15 PM [32m    LOG[39m [38;5;3m[AiEgressService] [39m[32mai_egress.refused surface=coach.brief reason=no_live_grant clients=1 missing=1[39m
2026-10-03T19:38:15.2722197Z [33m[Nest] 3279  - [39m10/03/2026, 7:38:15 PM [33m   WARN[39m [38;5;3m[AuthService] [39m[33mcreateSignupUser: invite code collision on attempt 1, retrying with a fresh code[39m
2026-10-03T19:38:15.2723725Z [33m[Nest] 3279  - [39m10/03/2026, 7:38:15 PM [33m   WARN[39m [38;5;3m[AuthService] [39m[33mregister: competing signup won for Supabase user sup-dup2@example.test; identity kept[39m
2026-10-03T19:38:15.2725142Z [33m[Nest] 3278  - [39m10/03/2026, 7:38:15 PM [33m   WARN[39m [38;5;3m[AiEgressService] [39m[33mai_egress.consent_read_failed (treated as no grant)[39m
2026-10-03T19:38:15.2726936Z [33m[Nest] 3279  - [39m10/03/2026, 7:38:15 PM [33m   WARN[39m [38;5;3m[AuthService] [39m[33mgoogleAuth: refusing to re-bind supabase_id for existing user u-jane (email=jane@example.com); supabase_id already set[39m
2026-10-03T19:38:15.2728846Z [33m[Nest] 3279  - [39m10/03/2026, 7:38:15 PM [33m   WARN[39m [38;5;3m[AuthService] [39m[33mgoogleAuth: refusing to re-bind supabase_id for existing user u-o (email=boss@example.com); supabase_id already set[39m
2026-10-03T19:38:15.2730754Z [33m[Nest] 3279  - [39m10/03/2026, 7:38:15 PM [33m   WARN[39m [38;5;3m[AuthService] [39m[33mgoogleAuth: refusing to create/link a row for an unverified Google email (supabase_id=sup-unv)[39m
2026-10-03T19:38:15.2732191Z [33m[Nest] 3279  - [39m10/03/2026, 7:38:15 PM [33m   WARN[39m [38;5;3m[AuthService] [39m[33mgoogleAuth: ignoring invite_code for user=u-1 role=coach (coach_cannot_redeem)[39m
2026-10-03T19:38:15.2733695Z [33m[Nest] 3279  - [39m10/03/2026, 7:38:15 PM [33m   WARN[39m [38;5;3m[AuthService] [39m[33mgoogleAuth: ignoring invite_code for user=u-o role=owner (coach_cannot_redeem)[39m
2026-10-03T19:38:15.2735306Z [33m[Nest] 3279  - [39m10/03/2026, 7:38:15 PM [33m   WARN[39m [38;5;3m[AuthService] [39m[33mappleAuth: no raw_nonce provided — token replay protection not active for this sign-in[39m
2026-10-03T19:38:15.2736965Z [33m[Nest] 3279  - [39m10/03/2026, 7:38:15 PM [33m   WARN[39m [38;5;3m[AuthService] [39m[33mappleAuth: no raw_nonce provided — token replay protection not active for this sign-in[39m
2026-10-03T19:38:15.2738856Z [33m[Nest] 3279  - [39m10/03/2026, 7:38:15 PM [33m   WARN[39m [38;5;3m[AuthService] [39m[33mappleAuth: no raw_nonce provided — token replay protection not active for this sign-in[39m
2026-10-03T19:38:15.2740752Z [33m[Nest] 3279  - [39m10/03/2026, 7:38:15 PM [33m   WARN[39m [38;5;3m[AuthService] [39m[33mappleAuth: refusing to re-bind supabase_id for existing user u-j (email=jane@example.com); supabase_id already set[39m
2026-10-03T19:38:15.2742399Z [33m[Nest] 3279  - [39m10/03/2026, 7:38:15 PM [33m   WARN[39m [38;5;3m[AuthService] [39m[33mappleAuth: no raw_nonce provided — token replay protection not active for this sign-in[39m
2026-10-03T19:38:15.2744059Z [33m[Nest] 3279  - [39m10/03/2026, 7:38:15 PM [33m   WARN[39m [38;5;3m[AuthService] [39m[33mappleAuth: ignoring invite_code for user=u-c role=coach (coach_cannot_redeem)[39m
2026-10-03T19:38:15.2745813Z [33m[Nest] 3279  - [39m10/03/2026, 7:38:15 PM [33m   WARN[39m [38;5;3m[AuthService] [39m[33msignupWithCode invite_code attach failed for user=u-1 code=attach_failed: Cannot read properties of undefined (reading 'grant')[39m
2026-10-03T19:38:15.2747731Z [33m[Nest] 3279  - [39m10/03/2026, 7:38:15 PM [33m   WARN[39m [38;5;3m[AuthService] [39m[33msignupWithCode invite_code attach failed for user=u-2 code=attach_failed: Cannot read properties of undefined (reading 'grant')[39m
2026-10-03T19:38:15.2749854Z [33m[Nest] 3279  - [39m10/03/2026, 7:38:15 PM [33m   WARN[39m [38;5;3m[InviteCodesService] [39m[33mattach refused: user=me role=coach tried to redeem a client invite code (not a student)[39m
2026-10-03T19:38:15.2751843Z [33m[Nest] 3279  - [39m10/03/2026, 7:38:15 PM [33m   WARN[39m [38;5;3m[InviteCodesService] [39m[33mattach refused: user=me role=sub_coach tried to redeem a client invite code (not a student)[39m
2026-10-03T19:38:15.2753583Z [33m[Nest] 3285  - [39m10/03/2026, 7:38:15 PM [33m   WARN[39m [38;5;3m[SupabaseArchiveStore] [39m[33mdata export upload failed (STORAGE_HTTP_503), attempt 1 of 3; retrying.[39m
2026-10-03T19:38:15.2755123Z [33m[Nest] 3285  - [39m10/03/2026, 7:38:15 PM [33m   WARN[39m [38;5;3m[SupabaseArchiveStore] [39m[33mdata export upload failed (STORAGE_NETWORK), attempt 2 of 3; retrying.[39m
2026-10-03T19:38:15.2757163Z [33m[Nest] 3285  - [39m10/03/2026, 7:38:15 PM [33m   WARN[39m [38;5;3m[SupabaseArchiveStore] [39m[33mdata export archive delete failed (STORAGE_HTTP_500), attempt 1 of 3; retrying.[39m
2026-10-03T19:38:15.2763473Z [33m[Nest] 3285  - [39m10/03/2026, 7:38:15 PM [33m   WARN[39m [38;5;3m[SupabaseArchiveStore] [39m[33mdata export archive delete failed (STORAGE_HTTP_502), attempt 2 of 3; retrying.[39m
2026-10-03T19:38:15.3241215Z PASS test/auth-signup-role-choice.spec.ts
2026-10-03T19:38:15.3811136Z [33m[Nest] 3279  - [39m10/03/2026, 7:38:15 PM [33m   WARN[39m [38;5;3m[AuthService] [39m[33mregister: retained Supabase user sup-oauth-compensation@example.test without a local row after local user create failed (Error) (created_by_this_request=true); recovered by retry, OAuth or first password sign-in[39m
2026-10-03T19:38:15.3820060Z [33m[Nest] 3279  - [39m10/03/2026, 7:38:15 PM [33m   WARN[39m [38;5;3m[AuthService] [39m[33mregister: competing signup won for Supabase user sup-oauth-first@example.test; identity kept[39m
2026-10-03T19:38:15.3849912Z [33m[Nest] 3279  - [39m10/03/2026, 7:38:15 PM [33m   WARN[39m [38;5;3m[AuthService] [39m[33mregister: competing signup won for Supabase user sup-same.person.creator-commits-first@example.test; identity kept[39m
2026-10-03T19:38:15.3874319Z [33m[Nest] 3279  - [39m10/03/2026, 7:38:15 PM [33m   WARN[39m [38;5;3m[AuthService] [39m[33mregister: competing signup won for Supabase user sup-same.person.retained-commits-first@example.test; identity kept[39m
2026-10-03T19:38:15.3880456Z [33m[Nest] 3279  - [39m10/03/2026, 7:38:15 PM [33m   WARN[39m [38;5;3m[AuthService] [39m[33mregister: retained Supabase user sup-retry@example.test without a local row after local user create failed (Error) (created_by_this_request=true); recovered by retry, OAuth or first password sign-in[39m
2026-10-03T19:38:15.3910305Z [33m[Nest] 3279  - [39m10/03/2026, 7:38:15 PM [33m   WARN[39m [38;5;3m[AuthService] [39m[33mregister: retained Supabase user sup-stranded.login@example.test without a local row after local user create failed (Error) (created_by_this_request=true); recovered by retry, OAuth or first password sign-in[39m
2026-10-03T19:38:15.3939729Z [33m[Nest] 3279  - [39m10/03/2026, 7:38:15 PM [33m   WARN[39m [38;5;3m[AuthService] [39m[33mlogin: adopted stranded Supabase user sup-stranded.login@example.test as a client[39m
2026-10-03T19:38:15.3970318Z [33m[Nest] 3279  - [39m10/03/2026, 7:38:15 PM [33m   WARN[39m [38;5;3m[AuthService] [39m[33mregister: retained Supabase user sup-stranded.extensionlogin@example.test without a local row after local user create failed (Error) (created_by_this_request=true); recovered by retry, OAuth or first password sign-in[39m
2026-10-03T19:38:15.3972616Z [33m[Nest] 3279  - [39m10/03/2026, 7:38:15 PM [33m   WARN[39m [38;5;3m[AuthService] [39m[33mlogin: adopted stranded Supabase user sup-stranded.extensionlogin@example.test as a client[39m
2026-10-03T19:38:15.3974336Z [33m[Nest] 3279  - [39m10/03/2026, 7:38:15 PM [33m   WARN[39m [38;5;3m[AuthService] [39m[33mregister: retained Supabase user sup-attacker-made not bound: caller did not prove its password[39m
2026-10-03T19:38:15.3976765Z [33m[Nest] 3279  - [39m10/03/2026, 7:38:15 PM [33m   WARN[39m [38;5;3m[AuthService] [39m[33mregister: retained Supabase user sup-retry-other-pw@example.test without a local row after local user create failed (Error) (created_by_this_request=true); recovered by retry, OAuth or first password sign-in[39m
2026-10-03T19:38:15.3981392Z [33m[Nest] 3279  - [39m10/03/2026, 7:38:15 PM [33m   WARN[39m [38;5;3m[AuthService] [39m[33mregister: retained Supabase user sup-retry-other-pw@example.test not bound: caller did not prove its password[39m
2026-10-03T19:38:15.3983356Z [33m[Nest] 3285  - [39m10/03/2026, 7:38:15 PM [33m   WARN[39m [38;5;3m[SupabaseArchiveStore] [39m[33mdata export archive check failed (STORAGE_TIMEOUT), attempt 1 of 3; retrying.[39m
2026-10-03T19:38:15.3985136Z [33m[Nest] 3285  - [39m10/03/2026, 7:38:15 PM [33m   WARN[39m [38;5;3m[SupabaseArchiveStore] [39m[33mdata export archive check failed (STORAGE_TIMEOUT), attempt 2 of 3; retrying.[39m
2026-10-03T19:38:15.3986944Z [95m[Nest] 3285  - [39m10/03/2026, 7:38:15 PM [95m  DEBUG[39m [38;5;3m[DataExportStorageDeadline] [39m[95mop: settled after it was abandoned or cancelled: late[39m
2026-10-03T19:38:15.3988703Z [95m[Nest] 3285  - [39m10/03/2026, 7:38:15 PM [95m  DEBUG[39m [38;5;3m[DataExportStorageDeadline] [39m[95mop: settled after it was abandoned or cancelled: late[39m
2026-10-03T19:38:15.5002848Z [95m[Nest] 3285  - [39m10/03/2026, 7:38:15 PM [95m  DEBUG[39m [38;5;3m[DataExportStorageDeadline] [39m[95mdata export read: settled after it was abandoned or cancelled: aborted[39m
2026-10-03T19:38:15.5005173Z [33m[Nest] 3285  - [39m10/03/2026, 7:38:15 PM [33m   WARN[39m [38;5;3m[SupabaseArchiveStore] [39m[33mdata export read failed (STORAGE_TIMEOUT), attempt 1 of 3; retrying.[39m
2026-10-03T19:38:15.5006930Z [95m[Nest] 3285  - [39m10/03/2026, 7:38:15 PM [95m  DEBUG[39m [38;5;3m[DataExportStorageDeadline] [39m[95mdata export read: settled after it was abandoned or cancelled: aborted[39m
2026-10-03T19:38:15.5008956Z [33m[Nest] 3285  - [39m10/03/2026, 7:38:15 PM [33m   WARN[39m [38;5;3m[SupabaseArchiveStore] [39m[33mdata export read failed (STORAGE_TIMEOUT), attempt 2 of 3; retrying.[39m
2026-10-03T19:38:15.5010677Z [95m[Nest] 3285  - [39m10/03/2026, 7:38:15 PM [95m  DEBUG[39m [38;5;3m[DataExportStorageDeadline] [39m[95mdata export read: settled after it was abandoned or cancelled: aborted[39m
2026-10-03T19:38:15.5012681Z [33m[Nest] 3285  - [39m10/03/2026, 7:38:15 PM [33m   WARN[39m [38;5;3m[DataExportService] [39m[33mDATA_EXPORT_TOKEN_SECRET is not set — using the insecure default. Set DATA_EXPORT_TOKEN_SECRET before going to production.[39m
2026-10-03T19:38:15.5014792Z [33m[Nest] 3285  - [39m10/03/2026, 7:38:15 PM [33m   WARN[39m [38;5;3m[DataExportService] [39m[33mDATA_EXPORT_TOKEN_SECRET is not set — using the insecure default. Set DATA_EXPORT_TOKEN_SECRET before going to production.[39m
2026-10-03T19:38:15.5016814Z [33m[Nest] 3285  - [39m10/03/2026, 7:38:15 PM [33m   WARN[39m [38;5;3m[DataExportService] [39m[33mDATA_EXPORT_TOKEN_SECRET is not set — using the insecure default. Set DATA_EXPORT_TOKEN_SECRET before going to production.[39m
2026-10-03T19:38:15.6833446Z [33m[Nest] 3285  - [39m10/03/2026, 7:38:15 PM [33m   WARN[39m [38;5;3m[DataExportService] [39m[33mDATA_EXPORT_TOKEN_SECRET is not set — using the insecure default. Set DATA_EXPORT_TOKEN_SECRET before going to production.[39m
2026-10-03T19:38:15.6860686Z [33m[Nest] 3285  - [39m10/03/2026, 7:38:15 PM [33m   WARN[39m [38;5;3m[DataExportService] [39m[33mDATA_EXPORT_TOKEN_SECRET is not set — using the insecure default. Set DATA_EXPORT_TOKEN_SECRET before going to production.[39m
2026-10-03T19:38:15.6925589Z [33m[Nest] 3285  - [39m10/03/2026, 7:38:15 PM [33m   WARN[39m [38;5;3m[DataExportService] [39m[33mDATA_EXPORT_TOKEN_SECRET is not set — using the insecure default. Set DATA_EXPORT_TOKEN_SECRET before going to production.[39m
2026-10-03T19:38:15.6962551Z [33m[Nest] 3285  - [39m10/03/2026, 7:38:15 PM [33m   WARN[39m [38;5;3m[DataExportService] [39m[33mDATA_EXPORT_TOKEN_SECRET is not set — using the insecure default. Set DATA_EXPORT_TOKEN_SECRET before going to production.[39m
2026-10-03T19:38:15.6980405Z [33m[Nest] 3285  - [39m10/03/2026, 7:38:15 PM [33m   WARN[39m [38;5;3m[DataExportService] [39m[33mDATA_EXPORT_TOKEN_SECRET is not set — using the insecure default. Set DATA_EXPORT_TOKEN_SECRET before going to production.[39m
2026-10-03T19:38:15.6982727Z [33m[Nest] 3285  - [39m10/03/2026, 7:38:15 PM [33m   WARN[39m [38;5;3m[DataExportService] [39m[33mDATA_EXPORT_TOKEN_SECRET is not set — using the insecure default. Set DATA_EXPORT_TOKEN_SECRET before going to production.[39m
2026-10-03T19:38:15.6984974Z [33m[Nest] 3285  - [39m10/03/2026, 7:38:15 PM [33m   WARN[39m [38;5;3m[DataExportService] [39m[33mDATA_EXPORT_TOKEN_SECRET is not set — using the insecure default. Set DATA_EXPORT_TOKEN_SECRET before going to production.[39m
2026-10-03T19:38:15.6987283Z [33m[Nest] 3285  - [39m10/03/2026, 7:38:15 PM [33m   WARN[39m [38;5;3m[DataExportService] [39m[33mDATA_EXPORT_TOKEN_SECRET is not set — using the insecure default. Set DATA_EXPORT_TOKEN_SECRET before going to production.[39m
2026-10-03T19:38:15.6989621Z [33m[Nest] 3285  - [39m10/03/2026, 7:38:15 PM [33m   WARN[39m [38;5;3m[DataExportService] [39m[33mDATA_EXPORT_TOKEN_SECRET is not set — using the insecure default. Set DATA_EXPORT_TOKEN_SECRET before going to production.[39m
2026-10-03T19:38:15.6991632Z [33m[Nest] 3285  - [39m10/03/2026, 7:38:15 PM [33m   WARN[39m [38;5;3m[DataExportService] [39m[33mDATA_EXPORT_TOKEN_SECRET is not set — using the insecure default. Set DATA_EXPORT_TOKEN_SECRET before going to production.[39m
2026-10-03T19:38:15.6993559Z [33m[Nest] 3285  - [39m10/03/2026, 7:38:15 PM [33m   WARN[39m [38;5;3m[DataExportService] [39m[33mDATA_EXPORT_TOKEN_SECRET is not set — using the insecure default. Set DATA_EXPORT_TOKEN_SECRET before going to production.[39m
2026-10-03T19:38:15.6995714Z [33m[Nest] 3285  - [39m10/03/2026, 7:38:15 PM [33m   WARN[39m [38;5;3m[DataExportService] [39m[33mDATA_EXPORT_TOKEN_SECRET is not set — using the insecure default. Set DATA_EXPORT_TOKEN_SECRET before going to production.[39m
2026-10-03T19:38:15.6997733Z [33m[Nest] 3285  - [39m10/03/2026, 7:38:15 PM [33m   WARN[39m [38;5;3m[DataExportService] [39m[33mDATA_EXPORT_TOKEN_SECRET is not set — using the insecure default. Set DATA_EXPORT_TOKEN_SECRET before going to production.[39m
2026-10-03T19:38:15.7705672Z PASS test/data-export-storage.spec.ts
2026-10-03T19:38:15.7835170Z [33m[Nest] 3285  - [39m10/03/2026, 7:38:15 PM [33m   WARN[39m [38;5;3m[DataExportService] [39m[33mDATA_EXPORT_TOKEN_SECRET is not set — using the insecure default. Set DATA_EXPORT_TOKEN_SECRET before going to production.[39m
2026-10-03T19:38:15.7850614Z [33m[Nest] 3285  - [39m10/03/2026, 7:38:15 PM [33m   WARN[39m [38;5;3m[DataExportService] [39m[33mDATA_EXPORT_TOKEN_SECRET is not set — using the insecure default. Set DATA_EXPORT_TOKEN_SECRET before going to production.[39m
2026-10-03T19:38:15.7859800Z [33m[Nest] 3285  - [39m10/03/2026, 7:38:15 PM [33m   WARN[39m [38;5;3m[DataExportService] [39m[33mDATA_EXPORT_TOKEN_SECRET is not set — using the insecure default. Set DATA_EXPORT_TOKEN_SECRET before going to production.[39m
2026-10-03T19:38:15.7888638Z [33m[Nest] 3285  - [39m10/03/2026, 7:38:15 PM [33m   WARN[39m [38;5;3m[DataExportService] [39m[33mDATA_EXPORT_TOKEN_SECRET is not set — using the insecure default. Set DATA_EXPORT_TOKEN_SECRET before going to production.[39m
2026-10-03T19:38:15.7890982Z [33m[Nest] 3285  - [39m10/03/2026, 7:38:15 PM [33m   WARN[39m [38;5;3m[DataExportService] [39m[33mDATA_EXPORT_TOKEN_SECRET is not set — using the insecure default. Set DATA_EXPORT_TOKEN_SECRET before going to production.[39m
2026-10-03T19:38:15.7893271Z [33m[Nest] 3285  - [39m10/03/2026, 7:38:15 PM [33m   WARN[39m [38;5;3m[DataExportService] [39m[33mDATA_EXPORT_TOKEN_SECRET is not set — using the insecure default. Set DATA_EXPORT_TOKEN_SECRET before going to production.[39m
2026-10-03T19:38:15.7895762Z [33m[Nest] 3285  - [39m10/03/2026, 7:38:15 PM [33m   WARN[39m [38;5;3m[DataExportService] [39m[33mDATA_EXPORT_TOKEN_SECRET is not set — using the insecure default. Set DATA_EXPORT_TOKEN_SECRET before going to production.[39m
2026-10-03T19:38:15.7898099Z [33m[Nest] 3285  - [39m10/03/2026, 7:38:15 PM [33m   WARN[39m [38;5;3m[DataExportService] [39m[33mDATA_EXPORT_TOKEN_SECRET is not set — using the insecure default. Set DATA_EXPORT_TOKEN_SECRET before going to production.[39m
2026-10-03T19:38:15.7928512Z [33m[Nest] 3285  - [39m10/03/2026, 7:38:15 PM [33m   WARN[39m [38;5;3m[DataExportService] [39m[33mDATA_EXPORT_TOKEN_SECRET is not set — using the insecure default. Set DATA_EXPORT_TOKEN_SECRET before going to production.[39m
2026-10-03T19:38:15.7930831Z [33m[Nest] 3285  - [39m10/03/2026, 7:38:15 PM [33m   WARN[39m [38;5;3m[DataExportService] [39m[33mDATA_EXPORT_TOKEN_SECRET is not set — using the insecure default. Set DATA_EXPORT_TOKEN_SECRET before going to production.[39m
2026-10-03T19:38:15.7933270Z [33m[Nest] 3285  - [39m10/03/2026, 7:38:15 PM [33m   WARN[39m [38;5;3m[DataExportService] [39m[33mDATA_EXPORT_TOKEN_SECRET is not set — using the insecure default. Set DATA_EXPORT_TOKEN_SECRET before going to production.[39m
2026-10-03T19:38:15.7935201Z [33m[Nest] 3285  - [39m10/03/2026, 7:38:15 PM [33m   WARN[39m [38;5;3m[DataExportService] [39m[33mDATA_EXPORT_TOKEN_SECRET is not set — using the insecure default. Set DATA_EXPORT_TOKEN_SECRET before going to production.[39m
2026-10-03T19:38:15.7936896Z [33m[Nest] 3285  - [39m10/03/2026, 7:38:15 PM [33m   WARN[39m [38;5;3m[DataExportService] [39m[33mDATA_EXPORT_TOKEN_SECRET is not set — using the insecure default. Set DATA_EXPORT_TOKEN_SECRET before going to production.[39m
2026-10-03T19:38:15.7939802Z [33m[Nest] 3285  - [39m10/03/2026, 7:38:15 PM [33m   WARN[39m [38;5;3m[DataExportService] [39m[33mDATA_EXPORT_TOKEN_SECRET is not set — using the insecure default. Set DATA_EXPORT_TOKEN_SECRET before going to production.[39m
2026-10-03T19:38:15.7941607Z [33m[Nest] 3285  - [39m10/03/2026, 7:38:15 PM [33m   WARN[39m [38;5;3m[DataExportService] [39m[33mDATA_EXPORT_TOKEN_SECRET is not set — using the insecure default. Set DATA_EXPORT_TOKEN_SECRET before going to production.[39m
2026-10-03T19:38:15.7943599Z [33m[Nest] 3285  - [39m10/03/2026, 7:38:15 PM [33m   WARN[39m [38;5;3m[DataExportService] [39m[33mDATA_EXPORT_TOKEN_SECRET is not set — using the insecure default. Set DATA_EXPORT_TOKEN_SECRET before going to production.[39m
2026-10-03T19:38:15.7945508Z [33m[Nest] 3285  - [39m10/03/2026, 7:38:15 PM [33m   WARN[39m [38;5;3m[DataExportService] [39m[33mDATA_EXPORT_TOKEN_SECRET is not set — using the insecure default. Set DATA_EXPORT_TOKEN_SECRET before going to production.[39m
2026-10-03T19:38:15.7947478Z [33m[Nest] 3285  - [39m10/03/2026, 7:38:15 PM [33m   WARN[39m [38;5;3m[DataExportService] [39m[33mDATA_EXPORT_TOKEN_SECRET is not set — using the insecure default. Set DATA_EXPORT_TOKEN_SECRET before going to production.[39m
2026-10-03T19:38:15.7949475Z [33m[Nest] 3285  - [39m10/03/2026, 7:38:15 PM [33m   WARN[39m [38;5;3m[SupabaseArchiveStore] [39m[33mdata export archive delete failed (STORAGE_HTTP_500), attempt 1 of 3; retrying.[39m
2026-10-03T19:38:15.7951096Z [33m[Nest] 3285  - [39m10/03/2026, 7:38:15 PM [33m   WARN[39m [38;5;3m[SupabaseArchiveStore] [39m[33mdata export archive delete failed (STORAGE_HTTP_500), attempt 2 of 3; retrying.[39m
2026-10-03T19:38:15.7952879Z [33m[Nest] 3285  - [39m10/03/2026, 7:38:15 PM [33m   WARN[39m [38;5;3m[DataExportService] [39m[33mDATA_EXPORT_TOKEN_SECRET is not set — using the insecure default. Set DATA_EXPORT_TOKEN_SECRET before going to production.[39m
2026-10-03T19:38:15.7954756Z [33m[Nest] 3285  - [39m10/03/2026, 7:38:15 PM [33m   WARN[39m [38;5;3m[DataExportService] [39m[33mDATA_EXPORT_TOKEN_SECRET is not set — using the insecure default. Set DATA_EXPORT_TOKEN_SECRET before going to production.[39m
2026-10-03T19:38:15.7957164Z [33m[Nest] 3285  - [39m10/03/2026, 7:38:15 PM [33m   WARN[39m [38;5;3m[DataExportService] [39m[33mDATA_EXPORT_TOKEN_SECRET is not set — using the insecure default. Set DATA_EXPORT_TOKEN_SECRET before going to production.[39m
2026-10-03T19:38:15.7959308Z [33m[Nest] 3285  - [39m10/03/2026, 7:38:15 PM [33m   WARN[39m [38;5;3m[DataExportService] [39m[33mDATA_EXPORT_TOKEN_SECRET is not set — using the insecure default. Set DATA_EXPORT_TOKEN_SECRET before going to production.[39m
2026-10-03T19:38:15.7961313Z [33m[Nest] 3285  - [39m10/03/2026, 7:38:15 PM [33m   WARN[39m [38;5;3m[DataExportService] [39m[33mDATA_EXPORT_TOKEN_SECRET is not set — using the insecure default. Set DATA_EXPORT_TOKEN_SECRET before going to production.[39m
2026-10-03T19:38:15.7963281Z [33m[Nest] 3285  - [39m10/03/2026, 7:38:15 PM [33m   WARN[39m [38;5;3m[DataExportService] [39m[33mDATA_EXPORT_TOKEN_SECRET is not set — using the insecure default. Set DATA_EXPORT_TOKEN_SECRET before going to production.[39m
2026-10-03T19:38:15.7965184Z [33m[Nest] 3285  - [39m10/03/2026, 7:38:15 PM [33m   WARN[39m [38;5;3m[SupabaseArchiveStore] [39m[33mdata export archive delete failed (STORAGE_HTTP_503), attempt 1 of 3; retrying.[39m
2026-10-03T19:38:15.7966826Z [33m[Nest] 3285  - [39m10/03/2026, 7:38:15 PM [33m   WARN[39m [38;5;3m[SupabaseArchiveStore] [39m[33mdata export archive delete failed (STORAGE_HTTP_503), attempt 2 of 3; retrying.[39m
2026-10-03T19:38:15.7999250Z [33m[Nest] 3285  - [39m10/03/2026, 7:38:15 PM [33m   WARN[39m [38;5;3m[DataExportService] [39m[33mDATA_EXPORT_TOKEN_SECRET is not set — using the insecure default. Set DATA_EXPORT_TOKEN_SECRET before going to production.[39m
2026-10-03T19:38:15.8001519Z [33m[Nest] 3285  - [39m10/03/2026, 7:38:15 PM [33m   WARN[39m [38;5;3m[DataExportService] [39m[33mDATA_EXPORT_TOKEN_SECRET is not set — using the insecure default. Set DATA_EXPORT_TOKEN_SECRET before going to production.[39m
2026-10-03T19:38:15.8003544Z [33m[Nest] 3285  - [39m10/03/2026, 7:38:15 PM [33m   WARN[39m [38;5;3m[DataExportService] [39m[33mDATA_EXPORT_TOKEN_SECRET is not set — using the insecure default. Set DATA_EXPORT_TOKEN_SECRET before going to production.[39m
2026-10-03T19:38:15.8005339Z [33m[Nest] 3285  - [39m10/03/2026, 7:38:15 PM [33m   WARN[39m [38;5;3m[SupabaseArchiveStore] [39m[33mdata export upload failed (STORAGE_HTTP_503), attempt 1 of 3; retrying.[39m
2026-10-03T19:38:15.8007132Z [33m[Nest] 3285  - [39m10/03/2026, 7:38:15 PM [33m   WARN[39m [38;5;3m[DataExportService] [39m[33mDATA_EXPORT_TOKEN_SECRET is not set — using the insecure default. Set DATA_EXPORT_TOKEN_SECRET before going to production.[39m
2026-10-03T19:38:15.8222914Z [33m[Nest] 3285  - [39m10/03/2026, 7:38:15 PM [33m   WARN[39m [38;5;3m[DataExportService] [39m[33mDATA_EXPORT_TOKEN_SECRET is not set — using the insecure default. Set DATA_EXPORT_TOKEN_SECRET before going to production.[39m
2026-10-03T19:38:15.8224971Z [33m[Nest] 3285  - [39m10/03/2026, 7:38:15 PM [33m   WARN[39m [38;5;3m[SupabaseArchiveStore] [39m[33mdata export upload failed (STORAGE_HTTP_504), attempt 1 of 3; retrying.[39m
2026-10-03T19:38:15.8226303Z [33m[Nest] 3285  - [39m10/03/2026, 7:38:15 PM [33m   WARN[39m [38;5;3m[SupabaseArchiveStore] [39m[33mdata export upload failed (STORAGE_HTTP_504), attempt 2 of 3; retrying.[39m
2026-10-03T19:38:15.8228123Z [33m[Nest] 3285  - [39m10/03/2026, 7:38:15 PM [33m   WARN[39m [38;5;3m[DataExportService] [39m[33mDATA_EXPORT_TOKEN_SECRET is not set — using the insecure default. Set DATA_EXPORT_TOKEN_SECRET before going to production.[39m
2026-10-03T19:38:15.8229794Z [33m[Nest] 3285  - [39m10/03/2026, 7:38:15 PM [33m   WARN[39m [38;5;3m[DataExportService] [39m[33mDATA_EXPORT_TOKEN_SECRET is not set — using the insecure default. Set DATA_EXPORT_TOKEN_SECRET before going to production.[39m
2026-10-03T19:38:15.8231487Z [33m[Nest] 3285  - [39m10/03/2026, 7:38:15 PM [33m   WARN[39m [38;5;3m[DataExportService] [39m[33mDATA_EXPORT_TOKEN_SECRET is not set — using the insecure default. Set DATA_EXPORT_TOKEN_SECRET before going to production.[39m
2026-10-03T19:38:15.8233476Z [33m[Nest] 3285  - [39m10/03/2026, 7:38:15 PM [33m   WARN[39m [38;5;3m[DataExportService] [39m[33mDATA_EXPORT_TOKEN_SECRET is not set — using the insecure default. Set DATA_EXPORT_TOKEN_SECRET before going to production.[39m
2026-10-03T19:38:15.8235273Z [33m[Nest] 3285  - [39m10/03/2026, 7:38:15 PM [33m   WARN[39m [38;5;3m[DataExportService] [39m[33mDATA_EXPORT_TOKEN_SECRET is not set — using the insecure default. Set DATA_EXPORT_TOKEN_SECRET before going to production.[39m
2026-10-03T19:38:15.8237010Z [33m[Nest] 3285  - [39m10/03/2026, 7:38:15 PM [33m   WARN[39m [38;5;3m[DataExportService] [39m[33mDATA_EXPORT_TOKEN_SECRET is not set — using the insecure default. Set DATA_EXPORT_TOKEN_SECRET before going to production.[39m
2026-10-03T19:38:15.8239091Z [33m[Nest] 3285  - [39m10/03/2026, 7:38:15 PM [33m   WARN[39m [38;5;3m[DataExportService] [39m[33mDATA_EXPORT_TOKEN_SECRET is not set — using the insecure default. Set DATA_EXPORT_TOKEN_SECRET before going to production.[39m
2026-10-03T19:38:15.8240888Z [33m[Nest] 3285  - [39m10/03/2026, 7:38:15 PM [33m   WARN[39m [38;5;3m[DataExportService] [39m[33mDATA_EXPORT_TOKEN_SECRET is not set — using the insecure default. Set DATA_EXPORT_TOKEN_SECRET before going to production.[39m
2026-10-03T19:38:15.8242670Z [33m[Nest] 3285  - [39m10/03/2026, 7:38:15 PM [33m   WARN[39m [38;5;3m[DataExportService] [39m[33mDATA_EXPORT_TOKEN_SECRET is not set — using the insecure default. Set DATA_EXPORT_TOKEN_SECRET before going to production.[39m
2026-10-03T19:38:15.8274378Z [33m[Nest] 3285  - [39m10/03/2026, 7:38:15 PM [33m   WARN[39m [38;5;3m[DataExportService] [39m[33mDATA_EXPORT_TOKEN_SECRET is not set — using the insecure default. Set DATA_EXPORT_TOKEN_SECRET before going to production.[39m
2026-10-03T19:38:15.8281725Z [33m[Nest] 3285  - [39m10/03/2026, 7:38:15 PM [33m   WARN[39m [38;5;3m[DataExportService] [39m[33mDATA_EXPORT_TOKEN_SECRET is not set — using the insecure default. Set DATA_EXPORT_TOKEN_SECRET before going to production.[39m
2026-10-03T19:38:15.8283345Z [33m[Nest] 3285  - [39m10/03/2026, 7:38:15 PM [33m   WARN[39m [38;5;3m[SupabaseArchiveStore] [39m[33mdata export archive delete failed (STORAGE_HTTP_503), attempt 1 of 3; retrying.[39m
2026-10-03T19:38:15.8284668Z [33m[Nest] 3285  - [39m10/03/2026, 7:38:15 PM [33m   WARN[39m [38;5;3m[SupabaseArchiveStore] [39m[33mdata export archive delete failed (STORAGE_HTTP_503), attempt 2 of 3; retrying.[39m
2026-10-03T19:38:15.8286252Z [33m[Nest] 3285  - [39m10/03/2026, 7:38:15 PM [33m   WARN[39m [38;5;3m[DataExportService] [39m[33mDATA_EXPORT_TOKEN_SECRET is not set — using the insecure default. Set DATA_EXPORT_TOKEN_SECRET before going to production.[39m
2026-10-03T19:38:15.8288153Z [33m[Nest] 3285  - [39m10/03/2026, 7:38:15 PM [33m   WARN[39m [38;5;3m[DataExportService] [39m[33mDATA_EXPORT_TOKEN_SECRET is not set — using the insecure default. Set DATA_EXPORT_TOKEN_SECRET before going to production.[39m
2026-10-03T19:38:15.8289882Z [33m[Nest] 3285  - [39m10/03/2026, 7:38:15 PM [33m   WARN[39m [38;5;3m[DataExportService] [39m[33mDATA_EXPORT_TOKEN_SECRET is not set — using the insecure default. Set DATA_EXPORT_TOKEN_SECRET before going to production.[39m
2026-10-03T19:38:15.8291619Z [33m[Nest] 3285  - [39m10/03/2026, 7:38:15 PM [33m   WARN[39m [38;5;3m[DataExportService] [39m[33mDATA_EXPORT_TOKEN_SECRET is not set — using the insecure default. Set DATA_EXPORT_TOKEN_SECRET before going to production.[39m
2026-10-03T19:38:15.8293439Z [33m[Nest] 3285  - [39m10/03/2026, 7:38:15 PM [33m   WARN[39m [38;5;3m[DataExportService] [39m[33mDATA_EXPORT_TOKEN_SECRET is not set — using the insecure default. Set DATA_EXPORT_TOKEN_SECRET before going to production.[39m
2026-10-03T19:38:15.8295232Z [33m[Nest] 3285  - [39m10/03/2026, 7:38:15 PM [33m   WARN[39m [38;5;3m[DataExportService] [39m[33mDATA_EXPORT_TOKEN_SECRET is not set — using the insecure default. Set DATA_EXPORT_TOKEN_SECRET before going to production.[39m
2026-10-03T19:38:15.8297132Z [33m[Nest] 3285  - [39m10/03/2026, 7:38:15 PM [33m   WARN[39m [38;5;3m[DataExportService] [39m[33mDATA_EXPORT_TOKEN_SECRET is not set — using the insecure default. Set DATA_EXPORT_TOKEN_SECRET before going to production.[39m
2026-10-03T19:38:15.8299230Z [33m[Nest] 3285  - [39m10/03/2026, 7:38:15 PM [33m   WARN[39m [38;5;3m[DataExportService] [39m[33mDATA_EXPORT_TOKEN_SECRET is not set — using the insecure default. Set DATA_EXPORT_TOKEN_SECRET before going to production.[39m
2026-10-03T19:38:15.8301030Z [33m[Nest] 3285  - [39m10/03/2026, 7:38:15 PM [33m   WARN[39m [38;5;3m[DataExportService] [39m[33mDATA_EXPORT_TOKEN_SECRET is not set — using the insecure default. Set DATA_EXPORT_TOKEN_SECRET before going to production.[39m
2026-10-03T19:38:15.8303442Z [33m[Nest] 3285  - [39m10/03/2026, 7:38:15 PM [33m   WARN[39m [38;5;3m[DataExportService] [39m[33mDATA_EXPORT_TOKEN_SECRET is not set — using the insecure default. Set DATA_EXPORT_TOKEN_SECRET before going to production.[39m
2026-10-03T19:38:15.8305302Z [33m[Nest] 3285  - [39m10/03/2026, 7:38:15 PM [33m   WARN[39m [38;5;3m[DataExportService] [39m[33mDATA_EXPORT_TOKEN_SECRET is not set — using the insecure default. Set DATA_EXPORT_TOKEN_SECRET before going to production.[39m
2026-10-03T19:38:15.8307086Z [33m[Nest] 3285  - [39m10/03/2026, 7:38:15 PM [33m   WARN[39m [38;5;3m[DataExportService] [39m[33mDATA_EXPORT_TOKEN_SECRET is not set — using the insecure default. Set DATA_EXPORT_TOKEN_SECRET before going to production.[39m
2026-10-03T19:38:15.8309249Z [33m[Nest] 3285  - [39m10/03/2026, 7:38:15 PM [33m   WARN[39m [38;5;3m[DataExportService] [39m[33mDATA_EXPORT_TOKEN_SECRET is not set — using the insecure default. Set DATA_EXPORT_TOKEN_SECRET before going to production.[39m
2026-10-03T19:38:15.8311034Z [33m[Nest] 3285  - [39m10/03/2026, 7:38:15 PM [33m   WARN[39m [38;5;3m[DataExportService] [39m[33mDATA_EXPORT_TOKEN_SECRET is not set — using the insecure default. Set DATA_EXPORT_TOKEN_SECRET before going to production.[39m
2026-10-03T19:38:15.8312778Z [33m[Nest] 3285  - [39m10/03/2026, 7:38:15 PM [33m   WARN[39m [38;5;3m[DataExportService] [39m[33mDATA_EXPORT_TOKEN_SECRET is not set — using the insecure default. Set DATA_EXPORT_TOKEN_SECRET before going to production.[39m
2026-10-03T19:38:15.8314372Z [33m[Nest] 3285  - [39m10/03/2026, 7:38:15 PM [33m   WARN[39m [38;5;3m[DataExportService] [39m[33mDATA_EXPORT_TOKEN_SECRET is not set — using the insecure default. Set DATA_EXPORT_TOKEN_SECRET before going to production.[39m
2026-10-03T19:38:15.8316044Z [33m[Nest] 3285  - [39m10/03/2026, 7:38:15 PM [33m   WARN[39m [38;5;3m[DataExportService] [39m[33mDATA_EXPORT_TOKEN_SECRET is not set — using the insecure default. Set DATA_EXPORT_TOKEN_SECRET before going to production.[39m
2026-10-03T19:38:15.8317725Z [33m[Nest] 3285  - [39m10/03/2026, 7:38:15 PM [33m   WARN[39m [38;5;3m[DataExportService] [39m[33mDATA_EXPORT_TOKEN_SECRET is not set — using the insecure default. Set DATA_EXPORT_TOKEN_SECRET before going to production.[39m
2026-10-03T19:38:15.8319615Z [33m[Nest] 3285  - [39m10/03/2026, 7:38:15 PM [33m   WARN[39m [38;5;3m[DataExportService] [39m[33mDATA_EXPORT_TOKEN_SECRET is not set — using the insecure default. Set DATA_EXPORT_TOKEN_SECRET before going to production.[39m
2026-10-03T19:38:15.8321336Z [33m[Nest] 3285  - [39m10/03/2026, 7:38:15 PM [33m   WARN[39m [38;5;3m[DataExportService] [39m[33mDATA_EXPORT_TOKEN_SECRET is not set — using the insecure default. Set DATA_EXPORT_TOKEN_SECRET before going to production.[39m
2026-10-03T19:38:15.8327136Z [33m[Nest] 3285  - [39m10/03/2026, 7:38:15 PM [33m   WARN[39m [38;5;3m[DataExportService] [39m[33mDATA_EXPORT_TOKEN_SECRET is not set — using the insecure default. Set DATA_EXPORT_TOKEN_SECRET before going to production.[39m
2026-10-03T19:38:15.8329354Z [33m[Nest] 3285  - [39m10/03/2026, 7:38:15 PM [33m   WARN[39m [38;5;3m[DataExportService] [39m[33mDATA_EXPORT_TOKEN_SECRET is not set — using the insecure default. Set DATA_EXPORT_TOKEN_SECRET before going to production.[39m
2026-10-03T19:38:15.8331012Z [33m[Nest] 3285  - [39m10/03/2026, 7:38:15 PM [33m   WARN[39m [38;5;3m[DataExportService] [39m[33mDATA_EXPORT_TOKEN_SECRET is not set — using the insecure default. Set DATA_EXPORT_TOKEN_SECRET before going to production.[39m
2026-10-03T19:38:15.8332670Z [33m[Nest] 3285  - [39m10/03/2026, 7:38:15 PM [33m   WARN[39m [38;5;3m[DataExportService] [39m[33mDATA_EXPORT_TOKEN_SECRET is not set — using the insecure default. Set DATA_EXPORT_TOKEN_SECRET before going to production.[39m
2026-10-03T19:38:15.8334433Z [33m[Nest] 3285  - [39m10/03/2026, 7:38:15 PM [33m   WARN[39m [38;5;3m[DataExportService] [39m[33mDATA_EXPORT_TOKEN_SECRET is not set — using the insecure default. Set DATA_EXPORT_TOKEN_SECRET before going to production.[39m
2026-10-03T19:38:15.8336367Z [33m[Nest] 3285  - [39m10/03/2026, 7:38:15 PM [33m   WARN[39m [38;5;3m[DataExportService] [39m[33mDATA_EXPORT_TOKEN_SECRET is not set — using the insecure default. Set DATA_EXPORT_TOKEN_SECRET before going to production.[39m
2026-10-03T19:38:15.8338435Z [33m[Nest] 3285  - [39m10/03/2026, 7:38:15 PM [33m   WARN[39m [38;5;3m[DataExportService] [39m[33mDATA_EXPORT_TOKEN_SECRET is not set — using the insecure default. Set DATA_EXPORT_TOKEN_SECRET before going to production.[39m
2026-10-03T19:38:15.8340220Z [33m[Nest] 3285  - [39m10/03/2026, 7:38:15 PM [33m   WARN[39m [38;5;3m[DataExportService] [39m[33mDATA_EXPORT_TOKEN_SECRET is not set — using the insecure default. Set DATA_EXPORT_TOKEN_SECRET before going to production.[39m
2026-10-03T19:38:15.8341940Z [33m[Nest] 3285  - [39m10/03/2026, 7:38:15 PM [33m   WARN[39m [38;5;3m[DataExportService] [39m[33mDATA_EXPORT_TOKEN_SECRET is not set — using the insecure default. Set DATA_EXPORT_TOKEN_SECRET before going to production.[39m
2026-10-03T19:38:15.8343715Z [33m[Nest] 3285  - [39m10/03/2026, 7:38:15 PM [33m   WARN[39m [38;5;3m[DataExportService] [39m[33mDATA_EXPORT_TOKEN_SECRET is not set — using the insecure default. Set DATA_EXPORT_TOKEN_SECRET before going to production.[39m
2026-10-03T19:38:15.8345518Z [33m[Nest] 3285  - [39m10/03/2026, 7:38:15 PM [33m   WARN[39m [38;5;3m[DataExportService] [39m[33mDATA_EXPORT_TOKEN_SECRET is not set — using the insecure default. Set DATA_EXPORT_TOKEN_SECRET before going to production.[39m
2026-10-03T19:38:15.8347235Z [33m[Nest] 3285  - [39m10/03/2026, 7:38:15 PM [33m   WARN[39m [38;5;3m[DataExportService] [39m[33mDATA_EXPORT_TOKEN_SECRET is not set — using the insecure default. Set DATA_EXPORT_TOKEN_SECRET before going to production.[39m
2026-10-03T19:38:15.8348906Z [33m[Nest] 3285  - [39m10/03/2026, 7:38:15 PM [33m   WARN[39m [38;5;3m[SupabaseArchiveStore] [39m[33mdata export archive check failed (STORAGE_HTTP_503), attempt 1 of 3; retrying.[39m
2026-10-03T19:38:15.8350326Z [33m[Nest] 3285  - [39m10/03/2026, 7:38:15 PM [33m   WARN[39m [38;5;3m[SupabaseArchiveStore] [39m[33mdata export archive check failed (STORAGE_HTTP_503), attempt 2 of 3; retrying.[39m
2026-10-03T19:38:15.8351934Z [33m[Nest] 3285  - [39m10/03/2026, 7:38:15 PM [33m   WARN[39m [38;5;3m[DataExportService] [39m[33mDATA_EXPORT_TOKEN_SECRET is not set — using the insecure default. Set DATA_EXPORT_TOKEN_SECRET before going to production.[39m
2026-10-03T19:38:15.8379531Z [33m[Nest] 3285  - [39m10/03/2026, 7:38:15 PM [33m   WARN[39m [38;5;3m[DataExportService] [39m[33mDATA_EXPORT_TOKEN_SECRET is not set — using the insecure default. Set DATA_EXPORT_TOKEN_SECRET before going to production.[39m
2026-10-03T19:38:15.8408871Z [33m[Nest] 3285  - [39m10/03/2026, 7:38:15 PM [33m   WARN[39m [38;5;3m[DataExportService] [39m[33mDATA_EXPORT_TOKEN_SECRET is not set — using the insecure default. Set DATA_EXPORT_TOKEN_SECRET before going to production.[39m
2026-10-03T19:38:15.8410761Z [33m[Nest] 3285  - [39m10/03/2026, 7:38:15 PM [33m   WARN[39m [38;5;3m[DataExportService] [39m[33mDATA_EXPORT_TOKEN_SECRET is not set — using the insecure default. Set DATA_EXPORT_TOKEN_SECRET before going to production.[39m
2026-10-03T19:38:15.8412228Z [33m[Nest] 3285  - [39m10/03/2026, 7:38:15 PM [33m   WARN[39m [38;5;3m[DataExportService] [39m[33mDATA_EXPORT_TOKEN_SECRET is not set — using the insecure default. Set DATA_EXPORT_TOKEN_SECRET before going to production.[39m
2026-10-03T19:38:15.8413790Z [33m[Nest] 3285  - [39m10/03/2026, 7:38:15 PM [33m   WARN[39m [38;5;3m[DataExportService] [39m[33mDATA_EXPORT_TOKEN_SECRET is not set — using the insecure default. Set DATA_EXPORT_TOKEN_SECRET before going to production.[39m
2026-10-03T19:38:15.8415103Z [33m[Nest] 3285  - [39m10/03/2026, 7:38:15 PM [33m   WARN[39m [38;5;3m[SupabaseArchiveStore] [39m[33mdata export read link failed (STORAGE_HTTP_502), attempt 1 of 3; retrying.[39m
2026-10-03T19:38:15.8416395Z [33m[Nest] 3285  - [39m10/03/2026, 7:38:15 PM [33m   WARN[39m [38;5;3m[SupabaseArchiveStore] [39m[33mdata export read link failed (STORAGE_HTTP_502), attempt 2 of 3; retrying.[39m
2026-10-03T19:38:15.8417801Z [33m[Nest] 3285  - [39m10/03/2026, 7:38:15 PM [33m   WARN[39m [38;5;3m[DataExportService] [39m[33mDATA_EXPORT_TOKEN_SECRET is not set — using the insecure default. Set DATA_EXPORT_TOKEN_SECRET before going to production.[39m
2026-10-03T19:38:15.8419587Z [33m[Nest] 3285  - [39m10/03/2026, 7:38:15 PM [33m   WARN[39m [38;5;3m[DataExportService] [39m[33mDATA_EXPORT_TOKEN_SECRET is not set — using the insecure default. Set DATA_EXPORT_TOKEN_SECRET before going to production.[39m
2026-10-03T19:38:15.8421172Z [33m[Nest] 3285  - [39m10/03/2026, 7:38:15 PM [33m   WARN[39m [38;5;3m[DataExportService] [39m[33mDATA_EXPORT_TOKEN_SECRET is not set — using the insecure default. Set DATA_EXPORT_TOKEN_SECRET before going to production.[39m
2026-10-03T19:38:15.8422710Z [33m[Nest] 3285  - [39m10/03/2026, 7:38:15 PM [33m   WARN[39m [38;5;3m[DataExportService] [39m[33mDATA_EXPORT_TOKEN_SECRET is not set — using the insecure default. Set DATA_EXPORT_TOKEN_SECRET before going to production.[39m
2026-10-03T19:38:15.8424218Z [33m[Nest] 3285  - [39m10/03/2026, 7:38:15 PM [33m   WARN[39m [38;5;3m[DataExportService] [39m[33mDATA_EXPORT_TOKEN_SECRET is not set — using the insecure default. Set DATA_EXPORT_TOKEN_SECRET before going to production.[39m
2026-10-03T19:38:15.8425500Z [33m[Nest] 3285  - [39m10/03/2026, 7:38:15 PM [33m   WARN[39m [38;5;3m[DataExportController] [39m[33mDownload of export e1 ended early (client closed).[39m
2026-10-03T19:38:16.5398651Z PASS test/ltv-metrics.service.spec.ts
2026-10-03T19:38:18.2701054Z [31m[Nest] 3285  - [39m10/03/2026, 7:38:18 PM [31m  ERROR[39m [38;5;3m[GuestCheckoutService] [39m[31mStripe createPaymentIntent failed (code=card_declined http=402)[39m
2026-10-03T19:38:18.2901926Z [31m[Nest] 3285  - [39m10/03/2026, 7:38:18 PM [31m  ERROR[39m [38;5;3m[GuestCheckoutService] [39m[31mconvertGuestToUser: Supabase user creation failed for gc-fail (tag=Error)[39m
2026-10-03T19:38:18.2954259Z [31m[Nest] 3285  - [39m10/03/2026, 7:38:18 PM [31m  ERROR[39m [38;5;3m[GuestCheckoutService] [39m[31mconvertGuestToUser: Supabase user creation failed for gc-term (tag=Error)[39m
2026-10-03T19:38:18.2960416Z [31m[Nest] 3285  - [39m10/03/2026, 7:38:18 PM [31m  ERROR[39m [38;5;3m[GuestCheckoutService] [39m[31mGuestCheckout gc-term reached conversion_failed_terminal after 5 retries (last_error=supabase:Error)[39m
2026-10-03T19:38:18.3052653Z [31m[Nest] 3285  - [39m10/03/2026, 7:38:18 PM [31m  ERROR[39m [38;5;3m[GuestCheckoutService] [39m[31mhandlePaymentSucceeded crashed (tag=Error)[39m
2026-10-03T19:38:18.3851350Z [31m[Nest] 3285  - [39m10/03/2026, 7:38:18 PM [31m  ERROR[39m [38;5;3m[GuestCheckoutService] [39m[31mhandlePaymentFailed crashed (tag=Error)[39m
2026-10-03T19:38:18.4370262Z [31m[Nest] 3285  - [39m10/03/2026, 7:38:18 PM [31m  ERROR[39m [38;5;3m[GuestCheckoutService] [39m[31mhandleChargeRefunded crashed (tag=Error) — propagating for Stripe retry[39m
2026-10-03T19:38:18.4438488Z [31m[Nest] 3285  - [39m10/03/2026, 7:38:18 PM [31m  ERROR[39m [38;5;3m[GuestCheckoutService] [39m[31mhandleDisputeOpened crashed (tag=Error) — propagating for Stripe retry[39m
2026-10-03T19:38:18.4526297Z PASS test/guest-checkout.service.spec.ts
2026-10-03T19:38:19.5796195Z [31m[Nest] 3285  - [39m10/03/2026, 7:38:19 PM [31m  ERROR[39m [38;5;3m[RomanService] [39m[31mroman.erase_deleted_session_failed session=legacy_u_a_2026-09-27: Error: db hiccup[39m
2026-10-03T19:38:19.6041044Z [31m[Nest] 3285  - [39m10/03/2026, 7:38:19 PM [31m  ERROR[39m [38;5;3m[RomanService] [39m[31mroman.delete_all_bound_hit erased=2 left=1[39m
2026-10-03T19:38:19.6239924Z [31m[Nest] 3285  - [39m10/03/2026, 7:38:19 PM [31m  ERROR[39m [38;5;3m[RomanService] [39m[31mroman.context_builder_missing[39m
2026-10-03T19:38:19.6312527Z [31m[Nest] 3285  - [39m10/03/2026, 7:38:19 PM [31m  ERROR[39m [38;5;3m[RomanService] [39m[31mroman.context_builder_missing[39m
2026-10-03T19:38:19.6427776Z PASS test/roman/roman.service.spec.ts
2026-10-03T19:38:19.7313726Z [32m[Nest] 3285  - [39m10/03/2026, 7:38:19 PM [32m    LOG[39m [38;5;3m[RomanService] [39m[32mroman.turn session=sess_1 prompt_version=roman-client-v3 router=normal model_call=true rewritten=false guardrails_applied=[] context=unavailable[39m
2026-10-03T19:38:19.7400516Z [32m[Nest] 3285  - [39m10/03/2026, 7:38:19 PM [32m    LOG[39m [38;5;3m[RomanService] [39m[32mroman.turn session=sess_1 prompt_version=roman-client-v3 router=normal model_call=true rewritten=false guardrails_applied=[] context=unavailable[39m
2026-10-03T19:38:20.1478057Z PASS test/prod-readiness/provider-wiring-twilio-aws-fly-sentry-supabase-openai-cf.spec.ts
2026-10-03T19:38:20.6100267Z PASS test/scout/reconciliation/reconcile.spec.ts
2026-10-03T19:38:21.3292499Z PASS test/package-contents.service.spec.ts
2026-10-03T19:38:22.2455805Z PASS test/storefront-public.controller.spec.ts
2026-10-03T19:38:22.3410418Z [32m[Nest] 3285  - [39m10/03/2026, 7:38:22 PM [32m    LOG[39m [38;5;3m[CheckoutIpRateLimiterService] [39m[32mCheckoutIpRateLimiterService: REDIS_URL unset — using in-memory limiter[39m
2026-10-03T19:38:22.3430121Z [32m[Nest] 3285  - [39m10/03/2026, 7:38:22 PM [32m    LOG[39m [38;5;3m[CheckoutIpRateLimiterService] [39m[32mCheckoutIpRateLimiterService: REDIS_URL unset — using in-memory limiter[39m
2026-10-03T19:38:23.0038486Z PASS test/scout/roster/scout-roster.service.spec.ts
2026-10-03T19:38:24.4920233Z [32m[Nest] 3285  - [39m10/03/2026, 7:38:24 PM [32m    LOG[39m [38;5;3m[PackageContentsService] [39m[32mpushToExisting: package=pkg-1 content=content-1 drops_updated=2 buyers_affected=2 skipped_delivered=2[39m
2026-10-03T19:38:24.4960082Z [32m[Nest] 3285  - [39m10/03/2026, 7:38:24 PM [32m    LOG[39m [38;5;3m[PackageContentsService] [39m[32mpushToExisting: package=pkg-1 content=content-1 drops_updated=2 buyers_affected=2 skipped_delivered=0[39m
2026-10-03T19:38:24.4977219Z [32m[Nest] 3285  - [39m10/03/2026, 7:38:24 PM [32m    LOG[39m [38;5;3m[PackageContentsService] [39m[32mpushToExisting: package=pkg-1 content=content-1 drops_updated=2 buyers_affected=2 skipped_delivered=0[39m
2026-10-03T19:38:24.5009539Z [32m[Nest] 3285  - [39m10/03/2026, 7:38:24 PM [32m    LOG[39m [38;5;3m[PackageContentsService] [39m[32mpushToExisting: package=pkg-1 content=content-1 drops_updated=1 buyers_affected=1 skipped_delivered=0[39m
2026-10-03T19:38:24.5039663Z [32m[Nest] 3285  - [39m10/03/2026, 7:38:24 PM [32m    LOG[39m [38;5;3m[PackageContentsService] [39m[32mpushToExisting: package=pkg-1 content=content-1 drops_updated=1 buyers_affected=1 skipped_delivered=0[39m
2026-10-03T19:38:24.5301818Z [31m[Nest] 3285  - [39m10/03/2026, 7:38:24 PM [31m  ERROR[39m [38;5;3m[PackageContentsService] [39m[31mpushToExisting audit write failed: audit backend down[39m
2026-10-03T19:38:24.5406096Z PASS test/package-contents-push-to-existing.spec.ts
2026-10-03T19:38:24.6222666Z [32m[Nest] 3285  - [39m10/03/2026, 7:38:24 PM [32m    LOG[39m [38;5;3m[PackageContentsService] [39m[32mpushToExisting: package=pkg-1 content=content-1 drops_updated=5 buyers_affected=5 skipped_delivered=0[39m
2026-10-03T19:38:24.6226624Z [32m[Nest] 3285  - [39m10/03/2026, 7:38:24 PM [32m    LOG[39m [38;5;3m[PackageContentsService] [39m[32mpushToExisting: package=pkg-1 content=content-1 drops_updated=1 buyers_affected=1 skipped_delivered=0[39m
2026-10-03T19:38:24.6228653Z [32m[Nest] 3285  - [39m10/03/2026, 7:38:24 PM [32m    LOG[39m [38;5;3m[PackageContentsService] [39m[32mpushToExisting: package=pkg-1 content=content-1 drops_updated=1 buyers_affected=1 skipped_delivered=0[39m
2026-10-03T19:38:24.6230730Z [32m[Nest] 3285  - [39m10/03/2026, 7:38:24 PM [32m    LOG[39m [38;5;3m[PackageContentsService] [39m[32mpushToExisting: package=pkg-1 content=content-1 drops_updated=1 buyers_affected=1 skipped_delivered=0[39m
2026-10-03T19:38:24.6232607Z [32m[Nest] 3285  - [39m10/03/2026, 7:38:24 PM [32m    LOG[39m [38;5;3m[PackageContentsService] [39m[32mpushToExisting: package=pkg-1 content=content-1 drops_updated=1 buyers_affected=1 skipped_delivered=0[39m
2026-10-03T19:38:24.6234172Z [32m[Nest] 3285  - [39m10/03/2026, 7:38:24 PM [32m    LOG[39m [38;5;3m[PackageContentsService] [39m[32mpushToExisting: package=pkg-1 content=content-1 drops_updated=1 buyers_affected=1 skipped_delivered=0[39m
2026-10-03T19:38:27.4179522Z PASS test/prod-readiness/env-discovery.spec.ts (12.198 s)
2026-10-03T19:38:28.1857653Z [32m[Nest] 3278  - [39m10/03/2026, 7:38:28 PM [32m    LOG[39m [38;5;3m[ScoutReconstructService] [39m[32mscout.reconstruct completed {"intent_id":"intent-1","coach_id":"coach-1","staged":1,"reconstructed":1,"skipped":0,"failed":0}[39m
2026-10-03T19:38:28.1861103Z [32m[Nest] 3278  - [39m10/03/2026, 7:38:28 PM [32m    LOG[39m [38;5;3m[ScoutReconstructService] [39m[32mscout.reconstruct completed {"intent_id":"intent-1","coach_id":"coach-1","staged":1,"reconstructed":0,"skipped":1,"failed":0}[39m
2026-10-03T19:38:28.1864272Z [33m[Nest] 3278  - [39m10/03/2026, 7:38:28 PM [33m   WARN[39m [38;5;3m[ScoutReconstructService] [39m[33mscout.reconstruct completed with failures {"intent_id":"intent-1","coach_id":"coach-1","staged":1,"reconstructed":0,"skipped":0,"failed":1}[39m
2026-10-03T19:38:28.1867355Z [32m[Nest] 3278  - [39m10/03/2026, 7:38:28 PM [32m    LOG[39m [38;5;3m[ScoutReconstructService] [39m[32mscout.reconstruct completed {"intent_id":"intent-1","coach_id":"coach-1","staged":1,"reconstructed":1,"skipped":0,"failed":0}[39m
2026-10-03T19:38:28.1870533Z [32m[Nest] 3278  - [39m10/03/2026, 7:38:28 PM [32m    LOG[39m [38;5;3m[ScoutReconstructService] [39m[32mscout.reconstruct completed {"intent_id":"intent-1","coach_id":"coach-1","staged":1,"reconstructed":1,"skipped":0,"failed":0}[39m
2026-10-03T19:38:28.1873567Z [32m[Nest] 3278  - [39m10/03/2026, 7:38:28 PM [32m    LOG[39m [38;5;3m[ScoutReconstructService] [39m[32mscout.reconstruct completed {"intent_id":"intent-1","coach_id":"coach-1","staged":1,"reconstructed":1,"skipped":0,"failed":0}[39m
2026-10-03T19:38:28.1876455Z [32m[Nest] 3278  - [39m10/03/2026, 7:38:28 PM [32m    LOG[39m [38;5;3m[ScoutReconstructService] [39m[32mscout.reconstruct completed {"intent_id":"intent-1","coach_id":"coach-1","staged":1,"reconstructed":1,"skipped":0,"failed":0}[39m
2026-10-03T19:38:28.1879501Z [32m[Nest] 3278  - [39m10/03/2026, 7:38:28 PM [32m    LOG[39m [38;5;3m[ScoutReconstructService] [39m[32mscout.reconstruct completed {"intent_id":"intent-1","coach_id":"coach-1","staged":1,"reconstructed":1,"skipped":0,"failed":0}[39m
2026-10-03T19:38:28.1882107Z [32m[Nest] 3278  - [39m10/03/2026, 7:38:28 PM [32m    LOG[39m [38;5;3m[ScoutReconstructService] [39m[32mscout.reconstruct completed {"intent_id":"intent-1","coach_id":"coach-1","staged":1,"reconstructed":2,"skipped":0,"failed":0}[39m
2026-10-03T19:38:28.1884108Z [32m[Nest] 3278  - [39m10/03/2026, 7:38:28 PM [32m    LOG[39m [38;5;3m[ScoutReconstructService] [39m[32mscout.reconstruct completed {"intent_id":"intent-1","coach_id":"coach-1","staged":1,"reconstructed":1,"skipped":0,"failed":0}[39m
2026-10-03T19:38:28.1885587Z [32m[Nest] 3278  - [39m10/03/2026, 7:38:28 PM [32m    LOG[39m [38;5;3m[ScoutReconstructService] [39m[32mscout.reconstruct completed {"intent_id":"intent-1","coach_id":"coach-1","staged":1,"reconstructed":1,"skipped":1,"failed":0}[39m
2026-10-03T19:38:28.1887061Z [32m[Nest] 3278  - [39m10/03/2026, 7:38:28 PM [32m    LOG[39m [38;5;3m[ScoutReconstructService] [39m[32mscout.reconstruct completed {"intent_id":"intent-1","coach_id":"coach-1","staged":1,"reconstructed":1,"skipped":0,"failed":0}[39m
2026-10-03T19:38:28.1889063Z [33m[Nest] 3278  - [39m10/03/2026, 7:38:28 PM [33m   WARN[39m [38;5;3m[ScoutReconstructService] [39m[33mscout.reconstruct completed with failures {"intent_id":"intent-1","coach_id":"coach-1","staged":1,"reconstructed":1,"skipped":0,"failed":1}[39m
2026-10-03T19:38:28.1890623Z [32m[Nest] 3278  - [39m10/03/2026, 7:38:28 PM [32m    LOG[39m [38;5;3m[ScoutReconstructService] [39m[32mscout.reconstruct completed {"intent_id":"intent-1","coach_id":"coach-1","staged":1,"reconstructed":1,"skipped":0,"failed":0}[39m
2026-10-03T19:38:28.1892157Z [33m[Nest] 3278  - [39m10/03/2026, 7:38:28 PM [33m   WARN[39m [38;5;3m[ScoutReconstructService] [39m[33mscout.reconstruct completed with failures {"intent_id":"intent-1","coach_id":"coach-1","staged":1,"reconstructed":0,"skipped":0,"failed":1}[39m
2026-10-03T19:38:28.1893730Z [32m[Nest] 3278  - [39m10/03/2026, 7:38:28 PM [32m    LOG[39m [38;5;3m[ScoutReconstructService] [39m[32mscout.reconstruct completed {"intent_id":"intent-1","coach_id":"coach-1","staged":1,"reconstructed":0,"skipped":1,"failed":0}[39m
2026-10-03T19:38:28.1895404Z [32m[Nest] 3278  - [39m10/03/2026, 7:38:28 PM [32m    LOG[39m [38;5;3m[ScoutReconstructService] [39m[32mscout.reconstruct completed {"intent_id":"intent-1","coach_id":"coach-1","staged":1,"reconstructed":1,"skipped":0,"failed":0}[39m
2026-10-03T19:38:28.1897219Z [33m[Nest] 3278  - [39m10/03/2026, 7:38:28 PM [33m   WARN[39m [38;5;3m[ScoutReconstructService] [39m[33mscout.reconstruct completed with failures {"intent_id":"intent-1","coach_id":"coach-1","staged":2,"reconstructed":1,"skipped":0,"failed":1}[39m
2026-10-03T19:38:28.1899247Z [32m[Nest] 3278  - [39m10/03/2026, 7:38:28 PM [32m    LOG[39m [38;5;3m[ScoutReconstructService] [39m[32mscout.reconstruct completed {"intent_id":"intent-1","coach_id":"coach-1","staged":1,"reconstructed":0,"skipped":1,"failed":0}[39m
2026-10-03T19:38:28.1901093Z [33m[Nest] 3278  - [39m10/03/2026, 7:38:28 PM [33m   WARN[39m [38;5;3m[ScoutReconstructService] [39m[33mscout.reconstruct completed with failures {"intent_id":"intent-1","coach_id":"coach-1","staged":1,"reconstructed":0,"skipped":0,"failed":1}[39m
2026-10-03T19:38:28.1902648Z [32m[Nest] 3278  - [39m10/03/2026, 7:38:28 PM [32m    LOG[39m [38;5;3m[ScoutReconstructService] [39m[32mscout.reconstruct completed {"intent_id":"intent-1","coach_id":"coach-1","staged":1,"reconstructed":0,"skipped":1,"failed":0}[39m
2026-10-03T19:38:28.1904276Z [33m[Nest] 3278  - [39m10/03/2026, 7:38:28 PM [33m   WARN[39m [38;5;3m[ScoutReconstructService] [39m[33mscout.reconstruct completed with failures {"intent_id":"intent-1","coach_id":"coach-1","staged":1,"reconstructed":0,"skipped":0,"failed":1}[39m
2026-10-03T19:38:28.1906026Z [32m[Nest] 3278  - [39m10/03/2026, 7:38:28 PM [32m    LOG[39m [38;5;3m[ScoutReconstructService] [39m[32mscout.reconstruct completed {"intent_id":"intent-1","coach_id":"coach-1","staged":3,"reconstructed":3,"skipped":0,"failed":0}[39m
2026-10-03T19:38:28.1907678Z [32m[Nest] 3278  - [39m10/03/2026, 7:38:28 PM [32m    LOG[39m [38;5;3m[ScoutReconstructService] [39m[32mscout.reconstruct completed {"intent_id":"intent-1","coach_id":"coach-1","staged":2,"reconstructed":2,"skipped":0,"failed":0}[39m
2026-10-03T19:38:28.1909690Z [32m[Nest] 3278  - [39m10/03/2026, 7:38:28 PM [32m    LOG[39m [38;5;3m[ScoutReconstructService] [39m[32mscout.reconstruct completed {"intent_id":"intent-1","coach_id":"coach-1","staged":2,"reconstructed":2,"skipped":0,"failed":0}[39m
2026-10-03T19:38:28.1911390Z [32m[Nest] 3278  - [39m10/03/2026, 7:38:28 PM [32m    LOG[39m [38;5;3m[ScoutReconstructService] [39m[32mscout.reconstruct completed {"intent_id":"intent-1","coach_id":"coach-1","staged":2,"reconstructed":1,"skipped":1,"failed":0}[39m
2026-10-03T19:38:28.1913225Z [33m[Nest] 3278  - [39m10/03/2026, 7:38:28 PM [33m   WARN[39m [38;5;3m[ScoutReconstructService] [39m[33mscout.reconstruct completed with failures {"intent_id":"intent-1","coach_id":"coach-1","staged":3,"reconstructed":2,"skipped":0,"failed":1}[39m
2026-10-03T19:38:28.1915419Z [33m[Nest] 3278  - [39m10/03/2026, 7:38:28 PM [33m   WARN[39m [38;5;3m[ScoutReconstructService] [39m[33mscout.reconstruct completed with failures {"intent_id":"intent-1","coach_id":"coach-1","staged":1,"reconstructed":0,"skipped":0,"failed":1}[39m
2026-10-03T19:38:28.1917164Z [32m[Nest] 3278  - [39m10/03/2026, 7:38:28 PM [32m    LOG[39m [38;5;3m[ScoutReconstructService] [39m[32mscout.reconstruct completed {"intent_id":"intent-empty","coach_id":"coach-1","staged":0,"reconstructed":0,"skipped":0,"failed":0}[39m
2026-10-03T19:38:28.1919208Z [32m[Nest] 3278  - [39m10/03/2026, 7:38:28 PM [32m    LOG[39m [38;5;3m[ScoutReconstructService] [39m[32mscout.reconstruct completed {"intent_id":"intent-1","coach_id":"coach-1","staged":2,"reconstructed":1,"skipped":1,"failed":0}[39m
2026-10-03T19:38:28.1921115Z [33m[Nest] 3278  - [39m10/03/2026, 7:38:28 PM [33m   WARN[39m [38;5;3m[ScoutReconstructService] [39m[33mscout.reconstruct completed with failures {"intent_id":"intent-1","coach_id":"coach-1","staged":5,"reconstructed":2,"skipped":2,"failed":1}[39m
2026-10-03T19:38:28.1922990Z [32m[Nest] 3278  - [39m10/03/2026, 7:38:28 PM [32m    LOG[39m [38;5;3m[ScoutReconstructService] [39m[32mscout.reconstruct completed {"intent_id":"intent-1","coach_id":"coach-1","staged":1,"reconstructed":1,"skipped":0,"failed":0}[39m
2026-10-03T19:38:28.1924910Z [33m[Nest] 3278  - [39m10/03/2026, 7:38:28 PM [33m   WARN[39m [38;5;3m[ScoutReconstructService] [39m[33mscout.reconstruct completed with failures {"intent_id":"intent-1","coach_id":"coach-1","staged":2,"reconstructed":1,"skipped":0,"failed":1}[39m
2026-10-03T19:38:28.1926781Z [32m[Nest] 3278  - [39m10/03/2026, 7:38:28 PM [32m    LOG[39m [38;5;3m[ScoutReconstructService] [39m[32mscout.reconstruct completed {"intent_id":"intent-1","coach_id":"coach-1","staged":2,"reconstructed":2,"skipped":0,"failed":0}[39m
2026-10-03T19:38:28.1928964Z [32m[Nest] 3278  - [39m10/03/2026, 7:38:28 PM [32m    LOG[39m [38;5;3m[ScoutReconstructService] [39m[32mscout.reconstruct completed {"intent_id":"intent-1","coach_id":"coach-1","staged":1,"reconstructed":1,"skipped":0,"failed":0}[39m
2026-10-03T19:38:28.1931121Z [32m[Nest] 3278  - [39m10/03/2026, 7:38:28 PM [32m    LOG[39m [38;5;3m[ScoutReconstructService] [39m[32mscout.reconstruct completed {"intent_id":"intent-1","coach_id":"coach-1","staged":1,"reconstructed":1,"skipped":0,"failed":0}[39m
2026-10-03T19:38:28.1933289Z [32m[Nest] 3278  - [39m10/03/2026, 7:38:28 PM [32m    LOG[39m [38;5;3m[ScoutReconstructService] [39m[32mscout.reconstruct completed {"intent_id":"intent-1","coach_id":"coach-1","staged":1,"reconstructed":1,"skipped":0,"failed":0}[39m
2026-10-03T19:38:28.1935593Z [32m[Nest] 3278  - [39m10/03/2026, 7:38:28 PM [32m    LOG[39m [38;5;3m[ScoutReconstructService] [39m[32mscout.reconstruct completed {"intent_id":"intent-1","coach_id":"coach-1","staged":1,"reconstructed":0,"skipped":1,"failed":0}[39m
2026-10-03T19:38:28.1937832Z [32m[Nest] 3278  - [39m10/03/2026, 7:38:28 PM [32m    LOG[39m [38;5;3m[ScoutReconstructService] [39m[32mscout.reconstruct completed {"intent_id":"intent-1","coach_id":"coach-1","staged":1,"reconstructed":1,"skipped":0,"failed":0}[39m
2026-10-03T19:38:28.1940746Z [32m[Nest] 3278  - [39m10/03/2026, 7:38:28 PM [32m    LOG[39m [38;5;3m[ScoutReconstructService] [39m[32mscout.reconstruct completed {"intent_id":"intent-1","coach_id":"coach-1","staged":1,"reconstructed":1,"skipped":0,"failed":0}[39m
2026-10-03T19:38:28.1942636Z [32m[Nest] 3278  - [39m10/03/2026, 7:38:28 PM [32m    LOG[39m [38;5;3m[ScoutReconstructService] [39m[32mscout.reconstruct completed {"intent_id":"intent-1","coach_id":"coach-1","staged":2,"reconstructed":1,"skipped":1,"failed":0}[39m
2026-10-03T19:38:28.1944513Z [32m[Nest] 3278  - [39m10/03/2026, 7:38:28 PM [32m    LOG[39m [38;5;3m[ScoutReconstructService] [39m[32mscout.reconstruct completed {"intent_id":"intent-1","coach_id":"coach-1","staged":2,"reconstructed":1,"skipped":1,"failed":0}[39m
2026-10-03T19:38:28.1946483Z [32m[Nest] 3278  - [39m10/03/2026, 7:38:28 PM [32m    LOG[39m [38;5;3m[ScoutReconstructService] [39m[32mscout.reconstruct completed {"intent_id":"intent-1","coach_id":"coach-A","staged":1,"reconstructed":1,"skipped":0,"failed":0}[39m
2026-10-03T19:38:28.1948589Z [32m[Nest] 3278  - [39m10/03/2026, 7:38:28 PM [32m    LOG[39m [38;5;3m[ScoutReconstructService] [39m[32mscout.reconstruct completed {"intent_id":"intent-1","coach_id":"coach-B","staged":1,"reconstructed":1,"skipped":0,"failed":0}[39m
2026-10-03T19:38:28.1950518Z [32m[Nest] 3278  - [39m10/03/2026, 7:38:28 PM [32m    LOG[39m [38;5;3m[ScoutReconstructService] [39m[32mscout.reconstruct completed {"intent_id":"intent-1","coach_id":"coach-1","staged":1,"reconstructed":0,"skipped":1,"failed":0}[39m
2026-10-03T19:38:28.1952490Z [32m[Nest] 3278  - [39m10/03/2026, 7:38:28 PM [32m    LOG[39m [38;5;3m[ScoutReconstructService] [39m[32mscout.reconstruct completed {"intent_id":"intent-success","coach_id":"coach-1","staged":1,"reconstructed":1,"skipped":0,"failed":0}[39m
2026-10-03T19:38:28.1954453Z [32m[Nest] 3278  - [39m10/03/2026, 7:38:28 PM [32m    LOG[39m [38;5;3m[ScoutReconstructService] [39m[32mscout.reconstruct completed {"intent_id":"intent-partial","coach_id":"coach-1","staged":1,"reconstructed":1,"skipped":0,"failed":0}[39m
2026-10-03T19:38:28.1956475Z [32m[Nest] 3278  - [39m10/03/2026, 7:38:28 PM [32m    LOG[39m [38;5;3m[ScoutReconstructService] [39m[32mscout.reconstruct completed {"intent_id":"intent-failed","coach_id":"coach-1","staged":1,"reconstructed":1,"skipped":0,"failed":0}[39m
2026-10-03T19:38:28.1958425Z [32m[Nest] 3278  - [39m10/03/2026, 7:38:28 PM [32m    LOG[39m [38;5;3m[ScoutReconstructService] [39m[32mscout.reconstruct completed {"intent_id":"intent-1","coach_id":"coach-1","staged":1,"reconstructed":1,"skipped":0,"failed":0}[39m
2026-10-03T19:38:28.1960098Z [32m[Nest] 3278  - [39m10/03/2026, 7:38:28 PM [32m    LOG[39m [38;5;3m[ScoutReconstructService] [39m[32mscout.reconstruct completed {"intent_id":"intent-A","coach_id":"coach-1","staged":2,"reconstructed":2,"skipped":0,"failed":0}[39m
2026-10-03T19:38:28.1961705Z [32m[Nest] 3278  - [39m10/03/2026, 7:38:28 PM [32m    LOG[39m [38;5;3m[ScoutReconstructService] [39m[32mscout.reconstruct completed {"intent_id":"intent-A","coach_id":"coach-1","staged":2,"reconstructed":2,"skipped":0,"failed":0}[39m
2026-10-03T19:38:28.1963356Z [33m[Nest] 3278  - [39m10/03/2026, 7:38:28 PM [33m   WARN[39m [38;5;3m[ScoutReconstructService] [39m[33mscout.reconstruct completed with failures {"intent_id":"intent-1","coach_id":"coach-1","staged":3,"reconstructed":1,"skipped":1,"failed":1}[39m
2026-10-03T19:38:28.1965024Z [33m[Nest] 3278  - [39m10/03/2026, 7:38:28 PM [33m   WARN[39m [38;5;3m[ScoutReconstructService] [39m[33mscout.reconstruct rejected oversized intent {"intent_id":"intent-huge","coach_id":"coach-1","staged":10001,"max":10000}[39m
2026-10-03T19:38:28.1966636Z [32m[Nest] 3278  - [39m10/03/2026, 7:38:28 PM [32m    LOG[39m [38;5;3m[ScoutReconstructService] [39m[32mscout.reconstruct completed {"intent_id":"intent-1","coach_id":"coach-1","staged":10000,"reconstructed":1,"skipped":0,"failed":0}[39m
2026-10-03T19:38:28.2171001Z PASS test/scout/reconstruct/scout-reconstruct.service.spec.ts
2026-10-03T19:38:28.3120961Z [32m[Nest] 3278  - [39m10/03/2026, 7:38:28 PM [32m    LOG[39m [38;5;3m[ScoutReconstructService] [39m[32mscout.reconstruct completed {"intent_id":"intent-big","coach_id":"coach-1","staged":1001,"reconstructed":1001,"skipped":0,"failed":0}[39m
2026-10-03T19:38:28.3129885Z [32m[Nest] 3278  - [39m10/03/2026, 7:38:28 PM [32m    LOG[39m [38;5;3m[ScoutReconstructService] [39m[32mscout.reconstruct completed {"intent_id":"intent-1","coach_id":"coach-1","staged":1,"reconstructed":1,"skipped":0,"failed":0}[39m
2026-10-03T19:38:28.3131669Z [33m[Nest] 3278  - [39m10/03/2026, 7:38:28 PM [33m   WARN[39m [38;5;3m[ScoutReconstructService] [39m[33mscout.reconstruct completed with failures {"intent_id":"intent-1","coach_id":"coach-1","staged":1,"reconstructed":0,"skipped":0,"failed":1}[39m
2026-10-03T19:38:28.3133866Z [32m[Nest] 3278  - [39m10/03/2026, 7:38:28 PM [32m    LOG[39m [38;5;3m[ScoutReconstructService] [39m[32mscout.reconstruct completed {"intent_id":"intent-1","coach_id":"coach-1","staged":2,"reconstructed":2,"skipped":0,"failed":0}[39m
2026-10-03T19:38:28.3135982Z [32m[Nest] 3278  - [39m10/03/2026, 7:38:28 PM [32m    LOG[39m [38;5;3m[ScoutReconstructService] [39m[32mscout.reconstruct completed {"intent_id":"intent-1","coach_id":"coach-1","staged":2,"reconstructed":2,"skipped":0,"failed":0}[39m
2026-10-03T19:38:28.3138120Z [32m[Nest] 3278  - [39m10/03/2026, 7:38:28 PM [32m    LOG[39m [38;5;3m[ScoutReconstructService] [39m[32mscout.reconstruct completed {"intent_id":"intent-1","coach_id":"coach-7","staged":1,"reconstructed":1,"skipped":0,"failed":0}[39m
2026-10-03T19:38:41.1380158Z PASS test/deploy-readiness.spec.ts (25.803 s)
2026-10-03T19:38:41.1383247Z   ● Console
2026-10-03T19:38:41.1398757Z 
2026-10-03T19:38:41.1399287Z     console.log
2026-10-03T19:38:41.1399912Z       ================ DEPLOY READINESS BOARD (R100) ================
2026-10-03T19:38:41.1400383Z       mode: INFORMATIONAL (PR / pre-launch)
2026-10-03T19:38:41.1400770Z       
2026-10-03T19:38:41.1401108Z       --- STUB VALUES [RED=0] ---
2026-10-03T19:38:41.1401519Z         BLOCK_SHIP=0  WARN=7  INFO=5
2026-10-03T19:38:41.1402084Z         [warn] src/coach/command-center/ltv-metrics.dto.ts:153  STUB (tracked debt or low-signal)
2026-10-03T19:38:41.1402830Z         [warn] src/contracts/contracts.module.ts:47  STUB (tracked debt or low-signal)
2026-10-03T19:38:41.1403490Z         [warn] src/contracts/contracts.module.ts:53  STUB (tracked debt or low-signal)
2026-10-03T19:38:41.1404217Z         [warn] src/contracts/providers/docusign.provider.ts:11  STUB (tracked debt or low-signal)
2026-10-03T19:38:41.1405016Z         [warn] src/contracts/providers/native-canvas.provider.ts:11  STUB (tracked debt or low-signal)
2026-10-03T19:38:41.1405774Z         [warn] src/gym/gym-distribution.service.ts:4  STUB (tracked debt or low-signal)
2026-10-03T19:38:41.1406500Z         [warn] src/scheduling/scheduling.controller.ts:83  Coming soon (tracked debt or low-signal)
2026-10-03T19:38:41.1407145Z         no blocking stub/placeholder tokens in production-bound src/
2026-10-03T19:38:41.1407565Z       
2026-10-03T19:38:41.1408270Z       ---------------------------------------------------------------
2026-10-03T19:38:41.1408750Z       GATING RED LINES (this run): 0
2026-10-03T19:38:41.1409154Z       PROD-DEPLOY RED LINES (strict): 0
2026-10-03T19:38:41.1409712Z       EXIT: ALL CLEAR → SAFE TO DEPLOY
2026-10-03T19:38:41.1410129Z       ===============================================================
2026-10-03T19:38:41.1410429Z 
2026-10-03T19:38:41.1410688Z       at Object.<anonymous> (test/deploy-readiness.spec.ts:1240:15)
2026-10-03T19:38:41.1411011Z 
2026-10-03T19:38:41.1411218Z     console.log
2026-10-03T19:38:41.1411579Z       ================ DEPLOY READINESS BOARD (R100) ================
2026-10-03T19:38:41.1412019Z       mode: INFORMATIONAL (PR / pre-launch)
2026-10-03T19:38:41.1412383Z       
2026-10-03T19:38:41.1412674Z       --- STUB VALUES [RED=0] ---
2026-10-03T19:38:41.1413043Z         BLOCK_SHIP=0  WARN=7  INFO=5
2026-10-03T19:38:41.1413900Z         [warn] src/coach/command-center/ltv-metrics.dto.ts:153  STUB (tracked debt or low-signal)
2026-10-03T19:38:41.1414616Z         [warn] src/contracts/contracts.module.ts:47  STUB (tracked debt or low-signal)
2026-10-03T19:38:41.1415299Z         [warn] src/contracts/contracts.module.ts:53  STUB (tracked debt or low-signal)
2026-10-03T19:38:41.1415994Z         [warn] src/contracts/providers/docusign.provider.ts:11  STUB (tracked debt or low-signal)
2026-10-03T19:38:41.1416735Z         [warn] src/contracts/providers/native-canvas.provider.ts:11  STUB (tracked debt or low-signal)
2026-10-03T19:38:41.1417441Z         [warn] src/gym/gym-distribution.service.ts:4  STUB (tracked debt or low-signal)
2026-10-03T19:38:41.1418626Z         [warn] src/scheduling/scheduling.controller.ts:83  Coming soon (tracked debt or low-signal)
2026-10-03T19:38:41.1419321Z         no blocking stub/placeholder tokens in production-bound src/
2026-10-03T19:38:41.1419734Z       
2026-10-03T19:38:41.1420034Z       --- PROD SWITCHES [RED=0] ---
2026-10-03T19:38:41.1420474Z         registry switches: 240   coherence errors: 0
2026-10-03T19:38:41.1420902Z         switch states: WRONG=0  WARN=31  OK=209
2026-10-03T19:38:41.1421610Z         [⚠️ WARN] ANDROID_SHA256_FINGERPRINT: actual=<unset> expected=ON ⚠️
2026-10-03T19:38:41.1422232Z         [⚠️ WARN] ANTHROPIC_API_KEY: actual=<unset> expected=ON ⚠️
2026-10-03T19:38:41.1422826Z         [⚠️ WARN] APPLE_AUDIENCES: actual=<unset> expected=ON ⚠️
2026-10-03T19:38:41.1423357Z         [⚠️ WARN] APPLE_TEAM_ID: actual=<unset> expected=ON ⚠️
2026-10-03T19:38:41.1423918Z         [⚠️ WARN] APP_STORE_URL: actual=<unset> expected=ON ⚠️
2026-10-03T19:38:41.1424527Z         [⚠️ WARN] CHECKOUT_RECOVERY_SECRET: actual=<unset> expected=ON ⚠️
2026-10-03T19:38:41.1425164Z         [⚠️ WARN] COACH_BRIEF_ENABLED: actual=<unset> expected=ON ⚠️
2026-10-03T19:38:41.1425813Z         [⚠️ WARN] COACH_BRIEF_NOTIFICATIONS_ENABLED: actual=<unset> expected=ON ⚠️
2026-10-03T19:38:41.1426488Z         [⚠️ WARN] COACH_BRIEF_RETENTION_DAYS: actual=<unset> expected=ON ⚠️
2026-10-03T19:38:41.1427072Z         [⚠️ WARN] CORS_ORIGINS: actual=<unset> expected=ON ⚠️
2026-10-03T19:38:41.1427650Z         [⚠️ WARN] DIRECT_URL: actual=<unset> expected=MUST_SET ⚠️
2026-10-03T19:38:41.1428437Z         [⚠️ WARN] EXERCISEDB_API_KEY: actual=<unset> expected=ON ⚠️
2026-10-03T19:38:41.1429029Z         [⚠️ WARN] GOOGLE_CLIENT_ID: actual=<unset> expected=ON ⚠️
2026-10-03T19:38:41.1429591Z         [⚠️ WARN] GOOGLE_CLIENT_IDS: actual=<unset> expected=ON ⚠️
2026-10-03T19:38:41.1430219Z         [⚠️ WARN] GUEST_CHECKOUT_PII_SALT: actual=<unset> expected=ON ⚠️
2026-10-03T19:38:41.1430817Z         [⚠️ WARN] PLAY_STORE_URL: actual=<unset> expected=ON ⚠️
2026-10-03T19:38:41.1449202Z         [⚠️ WARN] PUBLIC_INVITE_BASE_URL: actual=<unset> expected=ON ⚠️
2026-10-03T19:38:41.1449935Z         [⚠️ WARN] PUBLIC_WEB_SIGNUP_URL: actual=<unset> expected=ON ⚠️
2026-10-03T19:38:41.1450542Z         [⚠️ WARN] RESEND_API_KEY: actual=<unset> expected=ON ⚠️
2026-10-03T19:38:41.1451148Z         [⚠️ WARN] RESEND_FROM_EMAIL: actual=<unset> expected=ON ⚠️
2026-10-03T19:38:41.1451699Z         [⚠️ WARN] SENTRY_DSN: actual=<unset> expected=ON ⚠️
2026-10-03T19:38:41.1452259Z         [⚠️ WARN] STOREFRONT_BASE_URL: actual=<unset> expected=ON ⚠️
2026-10-03T19:38:41.1452949Z         [⚠️ WARN] STRIPE_CHECKOUT_CANCEL_URL: actual=<unset> expected=ON ⚠️
2026-10-03T19:38:41.1453554Z         [⚠️ WARN] STRIPE_CHECKOUT_SUCCESS_URL: actual=<unset> expected=ON ⚠️
2026-10-03T19:38:41.1454071Z         [⚠️ WARN] STRIPE_PRICE_ID_FITNESS: actual=<unset> expected=ON ⚠️
2026-10-03T19:38:41.1454617Z         [✅ OK] ADMIN_SERVICE_TOKEN: actual=<unset> expected=STUB_ALLOWED ✅
2026-10-03T19:38:41.1455288Z         [✅ OK] AI_GATEWAY_CAPABILITIES: actual=<unset> expected=STUB_ALLOWED ✅
2026-10-03T19:38:41.1455832Z         [✅ OK] AI_GATEWAY_PROVIDER: actual=<unset> expected=STUB_ALLOWED ✅
2026-10-03T19:38:41.1456382Z         [✅ OK] AI_GATEWAY_REQUIRE_APPROVAL: actual=<unset> expected=STUB_ALLOWED ✅
2026-10-03T19:38:41.1457087Z         [✅ OK] ALLOW_SELF_SERVICE_BECOME_COACH: actual=<unset> expected=STUB_ALLOWED ✅
2026-10-03T19:38:41.1457537Z         [✅ OK] ANDROID_CERT_SHA256_FINGERPRINTS: actual=<unset> expected=STUB_ALLOWED ✅
2026-10-03T19:38:41.1458174Z         [✅ OK] ANDROID_PACKAGE_NAME: actual=<unset> expected=STUB_ALLOWED ✅
2026-10-03T19:38:41.1458683Z         [✅ OK] APPLE_NONCE_REQUIRED: actual=<unset> expected=STUB_ALLOWED ✅
2026-10-03T19:38:41.1459226Z         [✅ OK] APP_URL: actual=<unset> expected=STUB_ALLOWED ✅
2026-10-03T19:38:41.1459696Z         [✅ OK] AUDIT_LOGGING_ENABLED: actual=<unset> expected=STUB_ALLOWED ✅
2026-10-03T19:38:41.1460591Z       
2026-10-03T19:38:41.1461019Z       --- ENV REGISTRATION (code invariant) [RED=0] ---
2026-10-03T19:38:41.1461540Z         env names read by src/: 334   registered in ENV_RULES: 334   unregistered: 0
2026-10-03T19:38:41.1462057Z         registered but not read by src/ (informational): 0
2026-10-03T19:38:41.1462390Z         all env reads registered
2026-10-03T19:38:41.1462633Z       
2026-10-03T19:38:41.1462963Z       --- OAUTH / INTEGRATION WIRING [RED=7 (informational on PR)] ---
2026-10-03T19:38:41.1463367Z         providers: WIRED=0  STUB=7  NOT_USED=3
2026-10-03T19:38:41.1463805Z         [STUB] Supabase (auth + DB)  missing=-  placeholder=SUPABASE_SERVICE_ROLE_KEY
2026-10-03T19:38:41.1464347Z         [STUB] Stripe  missing=STRIPE_SECRET_KEY,STRIPE_WEBHOOK_SECRET  placeholder=-
2026-10-03T19:38:41.1464856Z         [STUB] OpenAI  missing=OPENAI_API_KEY  placeholder=-
2026-10-03T19:38:41.1465287Z         [STUB] SendGrid (email)  missing=SENDGRID_API_KEY  placeholder=-
2026-10-03T19:38:41.1465806Z         [STUB] Mux (video)  missing=MUX_TOKEN_ID,MUX_TOKEN_SECRET  placeholder=-
2026-10-03T19:38:41.1466274Z         [STUB] Fly.io  missing=FLY_API_TOKEN  placeholder=-
2026-10-03T19:38:41.1466694Z         [STUB] Sentry  missing=SENTRY_DSN,SENTRY_AUTH_TOKEN  placeholder=-
2026-10-03T19:38:41.1467038Z       
2026-10-03T19:38:41.1467292Z       --- ENV DISCOVERY [RED=45 (informational on PR)] ---
2026-10-03T19:38:41.1467638Z         env vars discovered: 348   registry size: 240
2026-10-03T19:38:41.1468140Z         unregistered in code (R108): 45
2026-10-03T19:38:41.1468618Z         [GAP] AI_GATEWAY_ENABLED referenced in src/ but absent from prod-switches.yml
2026-10-03T19:38:41.1469179Z         [GAP] AWS_KMS_KEY_ID referenced in src/ but absent from prod-switches.yml
2026-10-03T19:38:41.1469784Z         [GAP] COACH_AI_CREDIT_PACK_CHECKOUT_PER_MIN referenced in src/ but absent from prod-switches.yml
2026-10-03T19:38:41.1470374Z         [GAP] CONSOLE_URL referenced in src/ but absent from prod-switches.yml
2026-10-03T19:38:41.1470940Z         [GAP] DATA_EXPORT_S3_ENDPOINT referenced in src/ but absent from prod-switches.yml
2026-10-03T19:38:41.1471498Z         [GAP] DELETION_GRACE_DAYS referenced in src/ but absent from prod-switches.yml
2026-10-03T19:38:41.1472091Z         [GAP] DELETION_RECEIPT_SECRET referenced in src/ but absent from prod-switches.yml
2026-10-03T19:38:41.1472725Z         [GAP] DELETION_RECEIPT_SECRET_PREVIOUS referenced in src/ but absent from prod-switches.yml
2026-10-03T19:38:41.1473395Z         [GAP] DELETION_TOKEN_TTL_HOURS referenced in src/ but absent from prod-switches.yml
2026-10-03T19:38:41.1474044Z         [GAP] EMAIL_DIGEST_CLIENT_ENABLED referenced in src/ but absent from prod-switches.yml
2026-10-03T19:38:41.1474699Z         [GAP] EMAIL_DIGEST_COACH_ENABLED referenced in src/ but absent from prod-switches.yml
2026-10-03T19:38:41.1475260Z         [GAP] EMAIL_FROM_ADDRESS referenced in src/ but absent from prod-switches.yml
2026-10-03T19:38:41.1475819Z         [GAP] EMAIL_TRANSPORT referenced in src/ but absent from prod-switches.yml
2026-10-03T19:38:41.1476402Z         [GAP] FEATURE_BANK_PAYOUTS_V2 referenced in src/ but absent from prod-switches.yml
2026-10-03T19:38:41.1476960Z         [GAP] FEATURE_CONTRACTS_ENABLED referenced in src/ but absent from prod-switches.yml
2026-10-03T19:38:41.1477526Z         [GAP] FEATURE_MWB_AUTOSAVE_UNDO referenced in src/ but absent from prod-switches.yml
2026-10-03T19:38:41.1478577Z         [GAP] FEATURE_ROMAN_CHAT_ENABLED referenced in src/ but absent from prod-switches.yml
2026-10-03T19:38:41.1479280Z         [GAP] FEATURE_STRIPE_TREASURY_PAYOUTS referenced in src/ but absent from prod-switches.yml
2026-10-03T19:38:41.1485229Z         [GAP] JWT_SIGNING_KEY referenced in src/ but absent from prod-switches.yml
2026-10-03T19:38:41.1485961Z         [GAP] JWT_SIGNING_KEY_PREVIOUS referenced in src/ but absent from prod-switches.yml
2026-10-03T19:38:41.1486506Z         [GAP] KMS_PROVIDER referenced in src/ but absent from prod-switches.yml
2026-10-03T19:38:41.1487316Z         [GAP] METRICS_AUTH_TOKEN referenced in src/ but absent from prod-switches.yml
2026-10-03T19:38:41.1488059Z         [GAP] MUX_SIGNING_KEY_ID referenced in src/ but absent from prod-switches.yml
2026-10-03T19:38:41.1488676Z         [GAP] MUX_SIGNING_KEY_PRIVATE referenced in src/ but absent from prod-switches.yml
2026-10-03T19:38:41.1489283Z         [GAP] MUX_TOKEN_ID referenced in src/ but absent from prod-switches.yml
2026-10-03T19:38:41.1489796Z         [GAP] MUX_TOKEN_SECRET referenced in src/ but absent from prod-switches.yml
2026-10-03T19:38:41.1490376Z         [GAP] MUX_WEBHOOK_SECRET referenced in src/ but absent from prod-switches.yml
2026-10-03T19:38:41.1490945Z         [GAP] MWB_AUTOSAVE_LOCK_TOKEN_SECRET referenced in src/ but absent from prod-switches.yml
2026-10-03T19:38:41.1491526Z         [GAP] PAIR_CODE_TTL_SECONDS referenced in src/ but absent from prod-switches.yml
2026-10-03T19:38:41.1492107Z         [GAP] PAIR_REDEEM_PER_MIN referenced in src/ but absent from prod-switches.yml
2026-10-03T19:38:41.1492679Z         [GAP] POSTMARK_SERVER_TOKEN referenced in src/ but absent from prod-switches.yml
2026-10-03T19:38:41.1493243Z         [GAP] ROMAN_DAILY_COST_CAP_USD referenced in src/ but absent from prod-switches.yml
2026-10-03T19:38:41.1493829Z         [GAP] SCOUT_RUN_DEADLINE_MS referenced in src/ but absent from prod-switches.yml
2026-10-03T19:38:41.1494419Z         [GAP] SENDGRID_API_KEY referenced in src/ but absent from prod-switches.yml
2026-10-03T19:38:41.1495058Z         [GAP] SENTRY_RELEASE referenced in src/ but absent from prod-switches.yml
2026-10-03T19:38:41.1495585Z         [GAP] SMTP_FROM referenced in src/ but absent from prod-switches.yml
2026-10-03T19:38:41.1496099Z         [GAP] SMTP_HOST referenced in src/ but absent from prod-switches.yml
2026-10-03T19:38:41.1496578Z         [GAP] SMTP_PASS referenced in src/ but absent from prod-switches.yml
2026-10-03T19:38:41.1497067Z         [GAP] SMTP_PORT referenced in src/ but absent from prod-switches.yml
2026-10-03T19:38:41.1497596Z         [GAP] SMTP_SECURE referenced in src/ but absent from prod-switches.yml
2026-10-03T19:38:41.1498551Z         [GAP] SMTP_USER referenced in src/ but absent from prod-switches.yml
2026-10-03T19:38:41.1499119Z         [GAP] VOICE_KEY_SIGNING_SECRET referenced in src/ but absent from prod-switches.yml
2026-10-03T19:38:41.1499718Z         [GAP] ZOOM_OAUTH_ACCOUNT_ID referenced in src/ but absent from prod-switches.yml
2026-10-03T19:38:41.1500292Z         [GAP] ZOOM_OAUTH_CLIENT_ID referenced in src/ but absent from prod-switches.yml
2026-10-03T19:38:41.1500903Z         [GAP] ZOOM_OAUTH_CLIENT_SECRET referenced in src/ but absent from prod-switches.yml
2026-10-03T19:38:41.1501325Z       
2026-10-03T19:38:41.1501583Z       --- AUTO-FLIPPER [INFO] ---
2026-10-03T19:38:41.1501960Z         would auto-flip: 3   already current: 0   skipped: 237
2026-10-03T19:38:41.1502508Z         + COACH_BRIEF_ENABLED ← true   (was unset)
2026-10-03T19:38:41.1502964Z         + COACH_BRIEF_NOTIFICATIONS_ENABLED ← true   (was unset)
2026-10-03T19:38:41.1503438Z         + FEATURE_COMMUNITY_SCHEMA ← true   (was unset)
2026-10-03T19:38:41.1503725Z       
2026-10-03T19:38:41.1504014Z       --- OPERATOR KEYS [RED=13 (informational on PR)] ---
2026-10-03T19:38:41.1504408Z         operator keys outstanding: 13
2026-10-03T19:38:41.1504731Z           MUST_SET switches unset: 3
2026-10-03T19:38:41.1505310Z           provider credentials missing/placeholder: 10
2026-10-03T19:38:41.1505748Z         [KEY] fly secrets set DIRECT_URL=<value>   (platform)
2026-10-03T19:38:41.1506204Z         [KEY] fly secrets set FLY_API_TOKEN=<value>   (platform)
2026-10-03T19:38:41.1506657Z         [KEY] fly secrets set FLY_APP_NAME=<value>   (platform)
2026-10-03T19:38:41.1507137Z         [KEY] SUPABASE_SERVICE_ROLE_KEY is a placeholder for Supabase (auth + DB)
2026-10-03T19:38:41.1507634Z         [KEY] fly secrets set STRIPE_SECRET_KEY=<value>   (Stripe)
2026-10-03T19:38:41.1508273Z         [KEY] fly secrets set STRIPE_WEBHOOK_SECRET=<value>   (Stripe)
2026-10-03T19:38:41.1508851Z         [KEY] fly secrets set OPENAI_API_KEY=<value>   (OpenAI)
2026-10-03T19:38:41.1509290Z         [KEY] fly secrets set SENDGRID_API_KEY=<value>   (SendGrid (email))
2026-10-03T19:38:41.1509697Z         [KEY] fly secrets set MUX_TOKEN_ID=<value>   (Mux (video))
2026-10-03T19:38:41.1510113Z         [KEY] fly secrets set MUX_TOKEN_SECRET=<value>   (Mux (video))
2026-10-03T19:38:41.1510532Z         [KEY] fly secrets set FLY_API_TOKEN=<value>   (Fly.io)
2026-10-03T19:38:41.1510924Z         [KEY] fly secrets set SENTRY_DSN=<value>   (Sentry)
2026-10-03T19:38:41.1511360Z         [KEY] fly secrets set SENTRY_AUTH_TOKEN=<value>   (Sentry)
2026-10-03T19:38:41.1511698Z       
2026-10-03T19:38:41.1512012Z       ---------------------------------------------------------------
2026-10-03T19:38:41.1512406Z       GATING RED LINES (this run): 0
2026-10-03T19:38:41.1512751Z       PROD-DEPLOY RED LINES (strict): 96
2026-10-03T19:38:41.1513147Z       EXIT: ALL CLEAR → SAFE TO DEPLOY
2026-10-03T19:38:41.1513477Z       ===============================================================
2026-10-03T19:38:41.1513687Z 
2026-10-03T19:38:41.1513892Z       at Object.<anonymous> (test/deploy-readiness.spec.ts:1252:15)
2026-10-03T19:38:41.1514126Z 
2026-10-03T19:38:42.1147393Z [31m[Nest] 3279  - [39m10/03/2026, 7:38:42 PM [31m  ERROR[39m [38;5;3m[ScoutService] [39m[31mscout import intent-1 has an unrecognised persisted terminal_status; failing closed to 'failed'[39m
2026-10-03T19:38:42.1162515Z [31m[Nest] 3279  - [39m10/03/2026, 7:38:42 PM [31m  ERROR[39m [38;5;3m[ScoutService] [39m[31mscout import intent-1 has an unrecognised persisted terminal_status; failing closed to 'failed'[39m
2026-10-03T19:38:42.1215860Z [33m[Nest] 3279  - [39m10/03/2026, 7:38:42 PM [33m   WARN[39m [38;5;3m[ScoutService] [39m[33mscout progress flush failed for coach-1:intent-1:device-a: Error[39m
2026-10-03T19:38:42.1222088Z [33m[Nest] 3279  - [39m10/03/2026, 7:38:42 PM [33m   WARN[39m [38;5;3m[ScoutService] [39m[33mscout progress flush failed for coach-1:intent-1:device-a: Error[39m
2026-10-03T19:38:42.1223792Z [33m[Nest] 3279  - [39m10/03/2026, 7:38:42 PM [33m   WARN[39m [38;5;3m[ScoutService] [39m[33mscout progress flush failed for coach-1:intent-1:device-a: Error[39m
2026-10-03T19:38:42.1225225Z [33m[Nest] 3279  - [39m10/03/2026, 7:38:42 PM [33m   WARN[39m [38;5;3m[ScoutService] [39m[33mimport.complete push failed for coach coach-1: Error[39m
2026-10-03T19:38:42.1226515Z [33m[Nest] 3279  - [39m10/03/2026, 7:38:42 PM [33m   WARN[39m [38;5;3m[ScoutService] [39m[33mimport.complete push failed for coach coach-1: Error[39m
2026-10-03T19:38:42.1227857Z [33m[Nest] 3279  - [39m10/03/2026, 7:38:42 PM [33m   WARN[39m [38;5;3m[ScoutService] [39m[33mscout settle pre-flush failed for run coach-1:intent-1: Error[39m
2026-10-03T19:38:42.1229468Z [33m[Nest] 3279  - [39m10/03/2026, 7:38:42 PM [33m   WARN[39m [38;5;3m[ScoutService] [39m[33mscout settle pre-flush failed for run coach-1:intent-1: Error[39m
2026-10-03T19:38:42.1230735Z [33m[Nest] 3279  - [39m10/03/2026, 7:38:42 PM [33m   WARN[39m [38;5;3m[ScoutService] [39m[33mscout settle pre-flush failed for run coach-1:intent-1: Error[39m
2026-10-03T19:38:42.1231995Z [33m[Nest] 3279  - [39m10/03/2026, 7:38:42 PM [33m   WARN[39m [38;5;3m[ScoutService] [39m[33mscout settle pre-flush failed for run coach-1:intent-1: Error[39m
2026-10-03T19:38:42.1917152Z PASS src/scout/scout.service.spec.ts
2026-10-03T19:38:42.5761379Z [31m[Nest] 3279  - [39m10/03/2026, 7:38:42 PM [31m  ERROR[39m [38;5;3m[DripDispatcherCron] [39m[31mdrip-dispatcher PERMANENT FAILURE drop=drop-1 client=client-1 coach=coach-1 package=package-1 content=content-1 asset_type=meal_plan attempts=5/5 reason=still broken[39m
2026-10-03T19:38:42.6710249Z [33m[Nest] 3279  - [39m10/03/2026, 7:38:42 PM [33m   WARN[39m [38;5;3m[DripDispatcherCron] [39m[33mdrip-dispatcher transient failure drop=drop-1 attempt=1/5 next_retry_at=2026-01-01T13:01:00.000Z reason=transient downstream blip[39m
2026-10-03T19:38:42.6770028Z [33m[Nest] 3279  - [39m10/03/2026, 7:38:42 PM [33m   WARN[39m [38;5;3m[DripDispatcherCron] [39m[33mdrip-dispatcher transient failure drop=drop-1 attempt=1/5 next_retry_at=2026-01-01T13:01:00.000Z reason=blip[39m
2026-10-03T19:38:42.6772112Z [33m[Nest] 3279  - [39m10/03/2026, 7:38:42 PM [33m   WARN[39m [38;5;3m[DripDispatcherCron] [39m[33mdrip-dispatcher in-app notification failed drop=drop-1 client=client-1: expo blew up[39m
2026-10-03T19:38:42.6773791Z [33m[Nest] 3279  - [39m10/03/2026, 7:38:42 PM [33m   WARN[39m [38;5;3m[DripDispatcherCron] [39m[33mdrip-dispatcher push notification failed drop=drop-1 client=client-1: expo blew up[39m
2026-10-03T19:38:42.6775486Z [33m[Nest] 3279  - [39m10/03/2026, 7:38:42 PM [33m   WARN[39m [38;5;3m[DripDispatcherCron] [39m[33mdrip-dispatcher push-channel notification row failed drop=drop-1 client=client-1: expo blew up[39m
2026-10-03T19:38:42.7532780Z [31m[Nest] 3279  - [39m10/03/2026, 7:38:42 PM [31m  ERROR[39m [38;5;3m[DripDispatcherCron] [39m[31mdrip-dispatcher: AssignableAssetResolverRegistry not wired — cannot dispatch[39m
2026-10-03T19:38:42.7722162Z [31m[Nest] 3279  - [39m10/03/2026, 7:38:42 PM [31m  ERROR[39m [38;5;3m[DripDispatcherCron] [39m[31mdrip-dispatcher: drop=drop-1 has no ClientPurchase row — canceled[39m
2026-10-03T19:38:42.7748715Z PASS test/drip-dispatcher.cron.spec.ts
2026-10-03T19:38:42.8513341Z [33m[Nest] 3279  - [39m10/03/2026, 7:38:42 PM [33m   WARN[39m [38;5;3m[DripDispatcherCron] [39m[33mdrip-dispatcher reclaiming stranded drop=drop-1 (worker crash recovery); prior locked_at was stale[39m
2026-10-03T19:38:42.8540311Z [32m[Nest] 3279  - [39m10/03/2026, 7:38:42 PM [32m    LOG[39m [38;5;3m[DripDispatcherCron] [39m[32mdrip-dispatcher reclaimed 1 stranded dispatching drop(s)[39m
2026-10-03T19:38:42.8570259Z [95m[Nest] 3279  - [39m10/03/2026, 7:38:42 PM [95m  DEBUG[39m [38;5;3m[DripDispatcherCron] [39m[95mdrip-dispatcher alert skipped for drop=drop-1 client=client-1: alert claim count=0 (notify off pre-stamp or already alerted by another worker)[39m
2026-10-03T19:38:42.8599954Z [95m[Nest] 3279  - [39m10/03/2026, 7:38:42 PM [95m  DEBUG[39m [38;5;3m[DripDispatcherCron] [39m[95mdrip-dispatcher alert skipped for drop=drop-1 client=client-1: alert claim count=0 (notify off pre-stamp or already alerted by another worker)[39m
2026-10-03T19:38:42.8607185Z [95m[Nest] 3279  - [39m10/03/2026, 7:38:42 PM [95m  DEBUG[39m [38;5;3m[DripDispatcherCron] [39m[95mdrip-dispatcher alert skipped for drop=drop-1 client=client-1: alert claim count=0 (notify off pre-stamp or already alerted by another worker)[39m
2026-10-03T19:38:42.8619441Z [33m[Nest] 3279  - [39m10/03/2026, 7:38:42 PM [33m   WARN[39m [38;5;3m[DripDispatcherCron] [39m[33mdrip-dispatcher in-app notification failed drop=drop-1 client=client-1: expo blew up[39m
2026-10-03T19:38:42.8627530Z [33m[Nest] 3279  - [39m10/03/2026, 7:38:42 PM [33m   WARN[39m [38;5;3m[DripDispatcherCron] [39m[33mdrip-dispatcher push notification failed drop=drop-1 client=client-1: expo blew up[39m
2026-10-03T19:38:42.8629858Z [33m[Nest] 3279  - [39m10/03/2026, 7:38:42 PM [33m   WARN[39m [38;5;3m[DripDispatcherCron] [39m[33mdrip-dispatcher push-channel notification row failed drop=drop-1 client=client-1: expo blew up[39m
2026-10-03T19:38:42.8632254Z [95m[Nest] 3279  - [39m10/03/2026, 7:38:42 PM [95m  DEBUG[39m [38;5;3m[DripDispatcherCron] [39m[95mdrip-dispatcher alert skipped for drop=drop-1 client=client-1: alert claim count=0 (notify off pre-stamp or already alerted by another worker)[39m
2026-10-03T19:38:43.2032670Z PASS test/refund-dispute-handler.service.spec.ts
2026-10-03T19:38:43.2499455Z [33m[Nest] 3279  - [39m10/03/2026, 7:38:43 PM [33m   WARN[39m [38;5;3m[RefundDisputeHandlerService] [39m[33mcoach refund notification failed refund=rf_n charge=ch_alert coach=coach-1: expo unreachable[39m
2026-10-03T19:38:44.0895756Z PASS test/invite-grant.spec.ts
2026-10-03T19:38:44.7715603Z PASS test/workout-builder.service.spec.ts
2026-10-03T19:38:45.1312777Z PASS test/command-center.service.spec.ts
2026-10-03T19:38:45.7119524Z PASS test/checkout.service.spec.ts
2026-10-03T19:38:46.0129457Z PASS test/packages.service.spec.ts
2026-10-03T19:38:46.7334612Z PASS test/scout/reconciliation/facts.service.spec.ts
2026-10-03T19:38:47.9812862Z PASS test/community/safety/community-block-two-way.spec.ts
2026-10-03T19:38:48.0394969Z [32m[Nest] 3279  - [39m10/03/2026, 7:38:47 PM [32m    LOG[39m [38;5;3m[CommunitySearchService] [39mObject(7) {
2026-10-03T19:38:48.0403203Z   event: [32m'community_search_query'[39m,
2026-10-03T19:38:48.0403982Z   workspace_id: [32m'11111111-1111-4111-8111-111111111111'[39m,
2026-10-03T19:38:48.0404595Z   user_id: [32m'33333333-3333-4333-8333-333333333333'[39m,
2026-10-03T19:38:48.0405129Z   term_length: [33m4[39m,
2026-10-03T19:38:48.0405537Z   kind: [1mnull[22m,
2026-10-03T19:38:48.0405940Z   result_count: [33m2[39m,
2026-10-03T19:38:48.0406381Z   took_ms: [33m0[39m
2026-10-03T19:38:48.0406730Z }
2026-10-03T19:38:48.0407497Z [32m[Nest] 3279  - [39m10/03/2026, 7:38:47 PM [32m    LOG[39m [38;5;3m[CommunitySearchService] [39mObject(7) {
2026-10-03T19:38:48.0408468Z   event: [32m'community_search_query'[39m,
2026-10-03T19:38:48.0409069Z   workspace_id: [32m'11111111-1111-4111-8111-111111111111'[39m,
2026-10-03T19:38:48.0409644Z   user_id: [32m'44444444-4444-4444-8444-444444444444'[39m,
2026-10-03T19:38:48.0410120Z   term_length: [33m4[39m,
2026-10-03T19:38:48.0410525Z   kind: [1mnull[22m,
2026-10-03T19:38:48.0410920Z   result_count: [33m2[39m,
2026-10-03T19:38:48.0411311Z   took_ms: [33m0[39m
2026-10-03T19:38:48.0411644Z }
2026-10-03T19:38:48.0412368Z [32m[Nest] 3279  - [39m10/03/2026, 7:38:47 PM [32m    LOG[39m [38;5;3m[CommunitySearchService] [39mObject(7) {
2026-10-03T19:38:48.0413052Z   event: [32m'community_search_query'[39m,
2026-10-03T19:38:48.0413636Z   workspace_id: [32m'11111111-1111-4111-8111-111111111111'[39m,
2026-10-03T19:38:48.0414241Z   user_id: [32m'44444444-4444-4444-8444-444444444444'[39m,
2026-10-03T19:38:48.0414724Z   term_length: [33m4[39m,
2026-10-03T19:38:48.0415118Z   kind: [1mnull[22m,
2026-10-03T19:38:48.0415533Z   result_count: [33m3[39m,
2026-10-03T19:38:48.0415934Z   took_ms: [33m0[39m
2026-10-03T19:38:48.0416265Z }
2026-10-03T19:38:48.0416988Z [32m[Nest] 3279  - [39m10/03/2026, 7:38:47 PM [32m    LOG[39m [38;5;3m[CommunitySearchService] [39mObject(7) {
2026-10-03T19:38:48.0417670Z   event: [32m'community_search_query'[39m,
2026-10-03T19:38:48.0418403Z   workspace_id: [32m'11111111-1111-4111-8111-111111111111'[39m,
2026-10-03T19:38:48.0419009Z   user_id: [32m'33333333-3333-4333-8333-333333333333'[39m,
2026-10-03T19:38:48.0419677Z   term_length: [33m4[39m,
2026-10-03T19:38:48.0420163Z   kind: [1mnull[22m,
2026-10-03T19:38:48.0420559Z   result_count: [33m2[39m,
2026-10-03T19:38:48.0420967Z   took_ms: [33m0[39m
2026-10-03T19:38:48.0421323Z }
2026-10-03T19:38:48.0422012Z [32m[Nest] 3279  - [39m10/03/2026, 7:38:47 PM [32m    LOG[39m [38;5;3m[CommunitySearchService] [39mObject(7) {
2026-10-03T19:38:48.0422640Z   event: [32m'community_search_query'[39m,
2026-10-03T19:38:48.0423195Z   workspace_id: [32m'11111111-1111-4111-8111-111111111111'[39m,
2026-10-03T19:38:48.0423762Z   user_id: [32m'44444444-4444-4444-8444-444444444444'[39m,
2026-10-03T19:38:48.0424489Z   term_length: [33m4[39m,
2026-10-03T19:38:48.0424879Z   kind: [1mnull[22m,
2026-10-03T19:38:48.0425253Z   result_count: [33m2[39m,
2026-10-03T19:38:48.0425647Z   took_ms: [33m0[39m
2026-10-03T19:38:48.0425976Z }
2026-10-03T19:38:48.0426660Z [32m[Nest] 3279  - [39m10/03/2026, 7:38:47 PM [32m    LOG[39m [38;5;3m[CommunitySearchService] [39mObject(7) {
2026-10-03T19:38:48.0427322Z   event: [32m'community_search_query'[39m,
2026-10-03T19:38:48.0428076Z   workspace_id: [32m'11111111-1111-4111-8111-111111111111'[39m,
2026-10-03T19:38:48.0428665Z   user_id: [32m'44444444-4444-4444-8444-444444444444'[39m,
2026-10-03T19:38:48.0429264Z   term_length: [33m4[39m,
2026-10-03T19:38:48.0429656Z   kind: [1mnull[22m,
2026-10-03T19:38:48.0430036Z   result_count: [33m3[39m,
2026-10-03T19:38:48.0430426Z   took_ms: [33m0[39m
2026-10-03T19:38:48.0430762Z }
2026-10-03T19:38:49.5454538Z PASS test/payment-ops.controller.spec.ts
2026-10-03T19:38:49.9585298Z [33m[Nest] 3279  - [39m10/03/2026, 7:38:49 PM [33m   WARN[39m [38;5;3m[CoachAIBudgetService] [39mObject(8) {
2026-10-03T19:38:49.9609342Z   event: [32m'COACH_AI_BUDGET_RACE_OVERSHOOT'[39m,
2026-10-03T19:38:49.9636563Z   coachId: [32m'coach-r'[39m,
2026-10-03T19:38:49.9638831Z   capability: [32m'client_chat'[39m,
2026-10-03T19:38:49.9654913Z   contextId: [1mnull[22m,
2026-10-03T19:38:49.9678990Z   actualCostCents: [33m50[39m,
2026-10-03T19:38:49.9710370Z   ceilingCents: [33m4000[39m,
2026-10-03T19:38:49.9711032Z   actualUsedCents: [33m3800[39m,
2026-10-03T19:38:49.9711627Z   periodEnd: [32m'2026-11-01T00:00:00.000Z'[39m
2026-10-03T19:38:49.9712135Z }
2026-10-03T19:38:49.9748254Z [33m[Nest] 3279  - [39m10/03/2026, 7:38:49 PM [33m   WARN[39m [38;5;3m[CoachAIBudgetService] [39m[33mbudget race overshoot — charge could not be absorbed[39m
2026-10-03T19:38:49.9749448Z [33m[Nest] 3279  - [39m10/03/2026, 7:38:49 PM [33m   WARN[39m [38;5;3m[CoachAIBudgetService] [39mObject(8) {
2026-10-03T19:38:49.9750057Z   event: [32m'COACH_AI_BUDGET_RACE_OVERSHOOT'[39m,
2026-10-03T19:38:49.9750424Z   coachId: [32m'coach-r'[39m,
2026-10-03T19:38:49.9750783Z   capability: [32m'client_chat'[39m,
2026-10-03T19:38:49.9751109Z   contextId: [1mnull[22m,
2026-10-03T19:38:49.9751422Z   actualCostCents: [33m50[39m,
2026-10-03T19:38:49.9751755Z   ceilingCents: [33m4000[39m,
2026-10-03T19:38:49.9752085Z   actualUsedCents: [33m3800[39m,
2026-10-03T19:38:49.9752478Z   periodEnd: [32m'2026-11-01T00:00:00.000Z'[39m
2026-10-03T19:38:49.9752748Z }
2026-10-03T19:38:49.9753558Z [33m[Nest] 3279  - [39m10/03/2026, 7:38:49 PM [33m   WARN[39m [38;5;3m[CoachAIBudgetService] [39m[33mbudget race overshoot — charge could not be absorbed[39m
2026-10-03T19:38:49.9754428Z [33m[Nest] 3279  - [39m10/03/2026, 7:38:49 PM [33m   WARN[39m [38;5;3m[CoachAIBudgetService] [39mObject(8) {
2026-10-03T19:38:49.9754986Z   event: [32m'COACH_AI_BUDGET_RACE_OVERSHOOT'[39m,
2026-10-03T19:38:49.9755364Z   coachId: [32m'coach-r'[39m,
2026-10-03T19:38:49.9755721Z   capability: [32m'client_chat'[39m,
2026-10-03T19:38:49.9756085Z   contextId: [1mnull[22m,
2026-10-03T19:38:49.9756409Z   actualCostCents: [33m50[39m,
2026-10-03T19:38:49.9756737Z   ceilingCents: [33m4000[39m,
2026-10-03T19:38:49.9757041Z   actualUsedCents: [33m3800[39m,
2026-10-03T19:38:49.9757416Z   periodEnd: [32m'2026-11-01T00:00:00.000Z'[39m
2026-10-03T19:38:49.9757710Z }
2026-10-03T19:38:49.9758701Z [33m[Nest] 3279  - [39m10/03/2026, 7:38:49 PM [33m   WARN[39m [38;5;3m[CoachAIBudgetService] [39m[33mbudget race overshoot — charge could not be absorbed[39m
2026-10-03T19:38:49.9759713Z [33m[Nest] 3279  - [39m10/03/2026, 7:38:49 PM [33m   WARN[39m [38;5;3m[CoachAIBudgetService] [39mObject(8) {
2026-10-03T19:38:49.9760305Z   event: [32m'COACH_AI_BUDGET_RACE_OVERSHOOT'[39m,
2026-10-03T19:38:49.9760706Z   coachId: [32m'coach-r'[39m,
2026-10-03T19:38:49.9761051Z   capability: [32m'client_chat'[39m,
2026-10-03T19:38:49.9761383Z   contextId: [1mnull[22m,
2026-10-03T19:38:49.9762006Z   actualCostCents: [33m50[39m,
2026-10-03T19:38:49.9762351Z   ceilingCents: [33m4000[39m,
2026-10-03T19:38:49.9762684Z   actualUsedCents: [33m3800[39m,
2026-10-03T19:38:49.9763054Z   periodEnd: [32m'2026-11-01T00:00:00.000Z'[39m
2026-10-03T19:38:49.9763356Z }
2026-10-03T19:38:49.9764183Z [33m[Nest] 3279  - [39m10/03/2026, 7:38:49 PM [33m   WARN[39m [38;5;3m[CoachAIBudgetService] [39m[33mbudget race overshoot — charge could not be absorbed[39m
2026-10-03T19:38:49.9765193Z [33m[Nest] 3279  - [39m10/03/2026, 7:38:49 PM [33m   WARN[39m [38;5;3m[CoachAIBudgetService] [39mObject(8) {
2026-10-03T19:38:49.9765911Z   event: [32m'COACH_AI_BUDGET_RACE_OVERSHOOT'[39m,
2026-10-03T19:38:49.9766293Z   coachId: [32m'coach-r'[39m,
2026-10-03T19:38:49.9766638Z   capability: [32m'client_chat'[39m,
2026-10-03T19:38:49.9766970Z   contextId: [1mnull[22m,
2026-10-03T19:38:49.9767281Z   actualCostCents: [33m50[39m,
2026-10-03T19:38:49.9767604Z   ceilingCents: [33m4000[39m,
2026-10-03T19:38:49.9768085Z   actualUsedCents: [33m3800[39m,
2026-10-03T19:38:49.9768447Z   periodEnd: [32m'2026-11-01T00:00:00.000Z'[39m
2026-10-03T19:38:49.9768735Z }
2026-10-03T19:38:49.9769588Z [33m[Nest] 3279  - [39m10/03/2026, 7:38:49 PM [33m   WARN[39m [38;5;3m[CoachAIBudgetService] [39m[33mbudget race overshoot — charge could not be absorbed[39m
2026-10-03T19:38:49.9770591Z [33m[Nest] 3279  - [39m10/03/2026, 7:38:49 PM [33m   WARN[39m [38;5;3m[CoachAIBudgetService] [39mObject(8) {
2026-10-03T19:38:49.9771189Z   event: [32m'COACH_AI_BUDGET_RACE_OVERSHOOT'[39m,
2026-10-03T19:38:49.9771585Z   coachId: [32m'coach-r'[39m,
2026-10-03T19:38:49.9771944Z   capability: [32m'client_chat'[39m,
2026-10-03T19:38:49.9772277Z   contextId: [1mnull[22m,
2026-10-03T19:38:49.9772618Z   actualCostCents: [33m50[39m,
2026-10-03T19:38:49.9772956Z   ceilingCents: [33m4000[39m,
2026-10-03T19:38:49.9773290Z   actualUsedCents: [33m3800[39m,
2026-10-03T19:38:49.9773691Z   periodEnd: [32m'2026-11-01T00:00:00.000Z'[39m
2026-10-03T19:38:49.9773997Z }
2026-10-03T19:38:49.9774874Z [33m[Nest] 3279  - [39m10/03/2026, 7:38:49 PM [33m   WARN[39m [38;5;3m[CoachAIBudgetService] [39m[33mbudget race overshoot — charge could not be absorbed[39m
2026-10-03T19:38:50.5522458Z PASS test/ci/fly-env-sync-behavior.spec.ts (25.992 s)
2026-10-03T19:38:51.1784367Z PASS test/payouts-v2.spec.ts
2026-10-03T19:38:51.6642233Z PASS test/package-push.service.spec.ts
2026-10-03T19:38:51.9247123Z PASS src/community/challenges/__tests__/pagination.repository.spec.ts
2026-10-03T19:38:51.9761017Z [31m[Nest] 3279  - [39m10/03/2026, 7:38:51 PM [31m  ERROR[39m [38;5;3m[CoachAIBudgetScheduler] [39mObject(3) {
2026-10-03T19:38:51.9761657Z   event: [32m'COACH_AI_BUDGET_ROLLOVER_ERROR'[39m,
2026-10-03T19:38:51.9762020Z   err: [32m'db boom'[39m,
2026-10-03T19:38:51.9762317Z   duration_ms: [33m0[39m
2026-10-03T19:38:51.9762560Z }
2026-10-03T19:38:51.9762891Z rollover cron failed — will retry on next tick
2026-10-03T19:38:51.9809907Z PASS test/ai-credits-stream1.spec.ts
2026-10-03T19:38:52.0718803Z [32m[Nest] 3279  - [39m10/03/2026, 7:38:51 PM [32m    LOG[39m [38;5;3m[CoachAIBudgetScheduler] [39mObject(3) {
2026-10-03T19:38:52.0738949Z   event: [32m'COACH_AI_BUDGET_ROLLOVER_TICK'[39m,
2026-10-03T19:38:52.0761704Z   rolled: [33m2[39m,
2026-10-03T19:38:52.0762241Z   duration_ms: [33m0[39m
2026-10-03T19:38:52.0762563Z }
2026-10-03T19:38:52.0763531Z [32m[Nest] 3279  - [39m10/03/2026, 7:38:51 PM [32m    LOG[39m [38;5;3m[CoachAIBudgetScheduler] [39m[32mrollover tick — rolled=2 duration_ms=0[39m
2026-10-03T19:38:52.3992105Z PASS test/dunning.service.spec.ts
2026-10-03T19:38:52.4106125Z [32m[Nest] 3279  - [39m10/03/2026, 7:38:52 PM [32m    LOG[39m [38;5;3m[DunningService] [39m[32m{"event":"dunning.attempt_scheduled","purchase_id":"p1","dunning_state_id":"d-1","step_index":0,"scheduled_for":"2026-10-03T19:38:52.307Z","kind":"soft"}[39m
2026-10-03T19:38:52.4141025Z [32m[Nest] 3279  - [39m10/03/2026, 7:38:52 PM [32m    LOG[39m [38;5;3m[DunningService] [39m[32m{"event":"dunning.attempt_scheduled","purchase_id":"p1","dunning_state_id":"d-1","step_index":1,"scheduled_for":"2026-10-06T19:38:52.307Z","kind":"urgent"}[39m
2026-10-03T19:38:52.4160287Z [32m[Nest] 3279  - [39m10/03/2026, 7:38:52 PM [32m    LOG[39m [38;5;3m[DunningService] [39m[32m{"event":"dunning.attempt_scheduled","purchase_id":"p1","dunning_state_id":"d-1","step_index":2,"scheduled_for":"2026-10-10T19:38:52.307Z","kind":"final"}[39m
2026-10-03T19:38:52.4170530Z [32m[Nest] 3279  - [39m10/03/2026, 7:38:52 PM [32m    LOG[39m [38;5;3m[DunningService] [39m[32m{"event":"dunning.attempt_scheduled","purchase_id":"p1","dunning_state_id":"d-1","step_index":3,"scheduled_for":"2026-10-17T19:38:52.307Z","kind":"cancelled"}[39m
2026-10-03T19:38:52.4200245Z [32m[Nest] 3279  - [39m10/03/2026, 7:38:52 PM [32m    LOG[39m [38;5;3m[DunningService] [39m[32m{"event":"dunning.opened","purchase_id":"p1","dunning_state_id":"d-1","invoice_id":"inv_1","amount_cents":9900,"attempt_number":1}[39m
2026-10-03T19:38:52.4230332Z [32m[Nest] 3279  - [39m10/03/2026, 7:38:52 PM [32m    LOG[39m [38;5;3m[DunningService] [39m[32m{"event":"dunning.attempt_scheduled","purchase_id":"p1","dunning_state_id":"d-1","step_index":0,"scheduled_for":"2026-10-03T19:38:52.311Z","kind":"soft"}[39m
2026-10-03T19:38:52.4260301Z [32m[Nest] 3279  - [39m10/03/2026, 7:38:52 PM [32m    LOG[39m [38;5;3m[DunningService] [39m[32m{"event":"dunning.attempt_scheduled","purchase_id":"p1","dunning_state_id":"d-1","step_index":1,"scheduled_for":"2026-10-06T19:38:52.311Z","kind":"urgent"}[39m
2026-10-03T19:38:52.4280164Z [32m[Nest] 3279  - [39m10/03/2026, 7:38:52 PM [32m    LOG[39m [38;5;3m[DunningService] [39m[32m{"event":"dunning.attempt_scheduled","purchase_id":"p1","dunning_state_id":"d-1","step_index":2,"scheduled_for":"2026-10-10T19:38:52.311Z","kind":"final"}[39m
2026-10-03T19:38:52.4290471Z [32m[Nest] 3279  - [39m10/03/2026, 7:38:52 PM [32m    LOG[39m [38;5;3m[DunningService] [39m[32m{"event":"dunning.attempt_scheduled","purchase_id":"p1","dunning_state_id":"d-1","step_index":3,"scheduled_for":"2026-10-17T19:38:52.311Z","kind":"cancelled"}[39m
2026-10-03T19:38:52.4293430Z [32m[Nest] 3279  - [39m10/03/2026, 7:38:52 PM [32m    LOG[39m [38;5;3m[DunningService] [39m[32m{"event":"dunning.opened","purchase_id":"p1","dunning_state_id":"d-1","invoice_id":"inv_1","amount_cents":9900,"attempt_number":1}[39m
2026-10-03T19:38:52.4294628Z [32m[Nest] 3279  - [39m10/03/2026, 7:38:52 PM [32m    LOG[39m [38;5;3m[DunningService] [39m[32m{"event":"dunning.failure_recorded","purchase_id":"p1","dunning_state_id":"d-1","failure_count":3}[39m
2026-10-03T19:38:52.4295925Z [32m[Nest] 3279  - [39m10/03/2026, 7:38:52 PM [32m    LOG[39m [38;5;3m[DunningService] [39m[32m{"event":"dunning.attempt_scheduled","purchase_id":"p1","dunning_state_id":"d-1","step_index":0,"scheduled_for":"2026-10-03T19:38:52.313Z","kind":"soft"}[39m
2026-10-03T19:38:52.4297322Z [32m[Nest] 3279  - [39m10/03/2026, 7:38:52 PM [32m    LOG[39m [38;5;3m[DunningService] [39m[32m{"event":"dunning.attempt_scheduled","purchase_id":"p1","dunning_state_id":"d-1","step_index":1,"scheduled_for":"2026-10-06T19:38:52.313Z","kind":"urgent"}[39m
2026-10-03T19:38:52.4299132Z [32m[Nest] 3279  - [39m10/03/2026, 7:38:52 PM [32m    LOG[39m [38;5;3m[DunningService] [39m[32m{"event":"dunning.attempt_scheduled","purchase_id":"p1","dunning_state_id":"d-1","step_index":2,"scheduled_for":"2026-10-10T19:38:52.313Z","kind":"final"}[39m
2026-10-03T19:38:52.4302502Z [32m[Nest] 3279  - [39m10/03/2026, 7:38:52 PM [32m    LOG[39m [38;5;3m[DunningService] [39m[32m{"event":"dunning.attempt_scheduled","purchase_id":"p1","dunning_state_id":"d-1","step_index":3,"scheduled_for":"2026-10-17T19:38:52.313Z","kind":"cancelled"}[39m
2026-10-03T19:38:52.4304140Z [32m[Nest] 3279  - [39m10/03/2026, 7:38:52 PM [32m    LOG[39m [38;5;3m[DunningService] [39m[32m{"event":"dunning.opened","purchase_id":"p1","dunning_state_id":"d-1","invoice_id":"inv_1","amount_cents":9900,"attempt_number":1}[39m
2026-10-03T19:38:52.4305407Z [32m[Nest] 3279  - [39m10/03/2026, 7:38:52 PM [32m    LOG[39m [38;5;3m[DunningService] [39m[32m{"event":"dunning.recovered","purchase_id":"p1","dunning_state_id":"d-1","step_index_at_recovery":-1}[39m
2026-10-03T19:38:52.4306735Z [32m[Nest] 3279  - [39m10/03/2026, 7:38:52 PM [32m    LOG[39m [38;5;3m[DunningService] [39m[32m{"event":"dunning.attempt_scheduled","purchase_id":"p1","dunning_state_id":"d-1","step_index":0,"scheduled_for":"2026-10-03T19:38:52.314Z","kind":"soft"}[39m
2026-10-03T19:38:52.4308386Z [32m[Nest] 3279  - [39m10/03/2026, 7:38:52 PM [32m    LOG[39m [38;5;3m[DunningService] [39m[32m{"event":"dunning.attempt_scheduled","purchase_id":"p1","dunning_state_id":"d-1","step_index":1,"scheduled_for":"2026-10-06T19:38:52.314Z","kind":"urgent"}[39m
2026-10-03T19:38:52.4309651Z [32m[Nest] 3279  - [39m10/03/2026, 7:38:52 PM [32m    LOG[39m [38;5;3m[DunningService] [39m[32m{"event":"dunning.attempt_scheduled","purchase_id":"p1","dunning_state_id":"d-1","step_index":2,"scheduled_for":"2026-10-10T19:38:52.314Z","kind":"final"}[39m
2026-10-03T19:38:52.4310880Z [32m[Nest] 3279  - [39m10/03/2026, 7:38:52 PM [32m    LOG[39m [38;5;3m[DunningService] [39m[32m{"event":"dunning.attempt_scheduled","purchase_id":"p1","dunning_state_id":"d-1","step_index":3,"scheduled_for":"2026-10-17T19:38:52.314Z","kind":"cancelled"}[39m
2026-10-03T19:38:52.4312052Z [32m[Nest] 3279  - [39m10/03/2026, 7:38:52 PM [32m    LOG[39m [38;5;3m[DunningService] [39m[32m{"event":"dunning.opened","purchase_id":"p1","dunning_state_id":"d-1","invoice_id":"inv_2","amount_cents":9900,"attempt_number":1}[39m
2026-10-03T19:38:52.4313226Z [32m[Nest] 3279  - [39m10/03/2026, 7:38:52 PM [32m    LOG[39m [38;5;3m[DunningService] [39m[32m{"event":"dunning.attempt_scheduled","purchase_id":"p1","dunning_state_id":"d-1","step_index":0,"scheduled_for":"2026-10-03T19:38:52.315Z","kind":"soft"}[39m
2026-10-03T19:38:52.4314470Z [32m[Nest] 3279  - [39m10/03/2026, 7:38:52 PM [32m    LOG[39m [38;5;3m[DunningService] [39m[32m{"event":"dunning.attempt_scheduled","purchase_id":"p1","dunning_state_id":"d-1","step_index":1,"scheduled_for":"2026-10-06T19:38:52.315Z","kind":"urgent"}[39m
2026-10-03T19:38:52.4315756Z [32m[Nest] 3279  - [39m10/03/2026, 7:38:52 PM [32m    LOG[39m [38;5;3m[DunningService] [39m[32m{"event":"dunning.attempt_scheduled","purchase_id":"p1","dunning_state_id":"d-1","step_index":2,"scheduled_for":"2026-10-10T19:38:52.315Z","kind":"final"}[39m
2026-10-03T19:38:52.4337769Z [32m[Nest] 3279  - [39m10/03/2026, 7:38:52 PM [32m    LOG[39m [38;5;3m[DunningService] [39m[32m{"event":"dunning.attempt_scheduled","purchase_id":"p1","dunning_state_id":"d-1","step_index":3,"scheduled_for":"2026-10-17T19:38:52.315Z","kind":"cancelled"}[39m
2026-10-03T19:38:52.4339242Z [32m[Nest] 3279  - [39m10/03/2026, 7:38:52 PM [32m    LOG[39m [38;5;3m[DunningService] [39m[32m{"event":"dunning.opened","purchase_id":"p1","dunning_state_id":"d-1","invoice_id":"inv_1","amount_cents":9900,"attempt_number":4}[39m
2026-10-03T19:38:52.4370246Z [32m[Nest] 3279  - [39m10/03/2026, 7:38:52 PM [32m    LOG[39m [38;5;3m[DunningService] [39m[32m{"event":"dunning.attempt_scheduled","purchase_id":"p1","dunning_state_id":"d-1","step_index":0,"scheduled_for":"2026-10-03T19:38:52.317Z","kind":"soft"}[39m
2026-10-03T19:38:52.4372702Z [32m[Nest] 3279  - [39m10/03/2026, 7:38:52 PM [32m    LOG[39m [38;5;3m[DunningService] [39m[32m{"event":"dunning.attempt_scheduled","purchase_id":"p1","dunning_state_id":"d-1","step_index":1,"scheduled_for":"2026-10-06T19:38:52.317Z","kind":"urgent"}[39m
2026-10-03T19:38:52.4375124Z [32m[Nest] 3279  - [39m10/03/2026, 7:38:52 PM [32m    LOG[39m [38;5;3m[DunningService] [39m[32m{"event":"dunning.attempt_scheduled","purchase_id":"p1","dunning_state_id":"d-1","step_index":2,"scheduled_for":"2026-10-10T19:38:52.317Z","kind":"final"}[39m
2026-10-03T19:38:52.4394630Z [32m[Nest] 3279  - [39m10/03/2026, 7:38:52 PM [32m    LOG[39m [38;5;3m[DunningService] [39m[32m{"event":"dunning.attempt_scheduled","purchase_id":"p1","dunning_state_id":"d-1","step_index":3,"scheduled_for":"2026-10-17T19:38:52.317Z","kind":"cancelled"}[39m
2026-10-03T19:38:52.4397428Z [32m[Nest] 3279  - [39m10/03/2026, 7:38:52 PM [32m    LOG[39m [38;5;3m[DunningService] [39m[32m{"event":"dunning.opened","purchase_id":"p1","dunning_state_id":"d-1","invoice_id":"inv_1","amount_cents":9900,"attempt_number":1}[39m
2026-10-03T19:38:52.4399924Z [32m[Nest] 3279  - [39m10/03/2026, 7:38:52 PM [32m    LOG[39m [38;5;3m[DunningService] [39m[32m{"event":"dunning.attempt_sent","purchase_id":"p1","dunning_state_id":"d-1","attempt_id":"a-2","step_index":0,"kind":"soft","retried":false}[39m
2026-10-03T19:38:52.4402405Z [32m[Nest] 3279  - [39m10/03/2026, 7:38:52 PM [32m    LOG[39m [38;5;3m[DunningService] [39m[32m{"event":"dunning.attempt_sent","purchase_id":"p1","dunning_state_id":"d-1","attempt_id":"a-3","step_index":1,"kind":"urgent","retried":false}[39m
2026-10-03T19:38:52.4404590Z [32m[Nest] 3279  - [39m10/03/2026, 7:38:52 PM [32m    LOG[39m [38;5;3m[DunningService] [39m[32m{"event":"dunning.attempt_sent","purchase_id":"p1","dunning_state_id":"d-1","attempt_id":"a-4","step_index":2,"kind":"final","retried":false}[39m
2026-10-03T19:38:52.4406867Z [32m[Nest] 3279  - [39m10/03/2026, 7:38:52 PM [32m    LOG[39m [38;5;3m[DunningService] [39m[32m{"event":"dunning.attempt_sent","purchase_id":"p1","dunning_state_id":"d-1","attempt_id":"a-5","step_index":3,"kind":"cancelled","retried":false}[39m
2026-10-03T19:38:52.4409600Z [32m[Nest] 3279  - [39m10/03/2026, 7:38:52 PM [32m    LOG[39m [38;5;3m[DunningService] [39m[32m{"event":"dunning.attempt_scheduled","purchase_id":"p1","dunning_state_id":"d-1","step_index":0,"scheduled_for":"2026-10-03T19:38:52.320Z","kind":"soft"}[39m
2026-10-03T19:38:52.4411930Z [32m[Nest] 3279  - [39m10/03/2026, 7:38:52 PM [32m    LOG[39m [38;5;3m[DunningService] [39m[32m{"event":"dunning.attempt_scheduled","purchase_id":"p1","dunning_state_id":"d-1","step_index":1,"scheduled_for":"2026-10-06T19:38:52.320Z","kind":"urgent"}[39m
2026-10-03T19:38:52.4414217Z [32m[Nest] 3279  - [39m10/03/2026, 7:38:52 PM [32m    LOG[39m [38;5;3m[DunningService] [39m[32m{"event":"dunning.attempt_scheduled","purchase_id":"p1","dunning_state_id":"d-1","step_index":2,"scheduled_for":"2026-10-10T19:38:52.320Z","kind":"final"}[39m
2026-10-03T19:38:52.4416541Z [32m[Nest] 3279  - [39m10/03/2026, 7:38:52 PM [32m    LOG[39m [38;5;3m[DunningService] [39m[32m{"event":"dunning.attempt_scheduled","purchase_id":"p1","dunning_state_id":"d-1","step_index":3,"scheduled_for":"2026-10-17T19:38:52.320Z","kind":"cancelled"}[39m
2026-10-03T19:38:52.4439589Z [32m[Nest] 3279  - [39m10/03/2026, 7:38:52 PM [32m    LOG[39m [38;5;3m[DunningService] [39m[32m{"event":"dunning.opened","purchase_id":"p1","dunning_state_id":"d-1","invoice_id":"inv_1","amount_cents":9900,"attempt_number":1}[39m
2026-10-03T19:38:52.4441359Z [32m[Nest] 3279  - [39m10/03/2026, 7:38:52 PM [32m    LOG[39m [38;5;3m[DunningService] [39m[32m{"event":"dunning.attempt_sent","purchase_id":"p1","dunning_state_id":"d-1","attempt_id":"a-2","step_index":0,"kind":"soft","retried":false}[39m
2026-10-03T19:38:52.4442998Z [32m[Nest] 3279  - [39m10/03/2026, 7:38:52 PM [32m    LOG[39m [38;5;3m[DunningService] [39m[32m{"event":"dunning.attempt_scheduled","purchase_id":"p1","dunning_state_id":"d-1","step_index":0,"scheduled_for":"2026-10-03T19:38:52.321Z","kind":"soft"}[39m
2026-10-03T19:38:52.4444702Z [32m[Nest] 3279  - [39m10/03/2026, 7:38:52 PM [32m    LOG[39m [38;5;3m[DunningService] [39m[32m{"event":"dunning.attempt_scheduled","purchase_id":"p1","dunning_state_id":"d-1","step_index":1,"scheduled_for":"2026-10-06T19:38:52.321Z","kind":"urgent"}[39m
2026-10-03T19:38:52.4446600Z [32m[Nest] 3279  - [39m10/03/2026, 7:38:52 PM [32m    LOG[39m [38;5;3m[DunningService] [39m[32m{"event":"dunning.attempt_scheduled","purchase_id":"p1","dunning_state_id":"d-1","step_index":2,"scheduled_for":"2026-10-10T19:38:52.321Z","kind":"final"}[39m
2026-10-03T19:38:52.4448455Z [32m[Nest] 3279  - [39m10/03/2026, 7:38:52 PM [32m    LOG[39m [38;5;3m[DunningService] [39m[32m{"event":"dunning.attempt_scheduled","purchase_id":"p1","dunning_state_id":"d-1","step_index":3,"scheduled_for":"2026-10-17T19:38:52.321Z","kind":"cancelled"}[39m
2026-10-03T19:38:52.4450075Z [32m[Nest] 3279  - [39m10/03/2026, 7:38:52 PM [32m    LOG[39m [38;5;3m[DunningService] [39m[32m{"event":"dunning.opened","purchase_id":"p1","dunning_state_id":"d-1","invoice_id":"inv_1","amount_cents":9900,"attempt_number":1}[39m
2026-10-03T19:38:52.4451606Z [32m[Nest] 3279  - [39m10/03/2026, 7:38:52 PM [32m    LOG[39m [38;5;3m[DunningService] [39m[32m{"event":"dunning.recovered","purchase_id":"p1","dunning_state_id":"d-1","step_index_at_recovery":-1}[39m
2026-10-03T19:38:52.4453161Z [32m[Nest] 3279  - [39m10/03/2026, 7:38:52 PM [32m    LOG[39m [38;5;3m[DunningService] [39m[32m{"event":"dunning.attempt_scheduled","purchase_id":"p1","dunning_state_id":"d-1","step_index":0,"scheduled_for":"2026-10-03T19:38:52.323Z","kind":"soft"}[39m
2026-10-03T19:38:52.4454851Z [32m[Nest] 3279  - [39m10/03/2026, 7:38:52 PM [32m    LOG[39m [38;5;3m[DunningService] [39m[32m{"event":"dunning.attempt_scheduled","purchase_id":"p1","dunning_state_id":"d-1","step_index":1,"scheduled_for":"2026-10-06T19:38:52.323Z","kind":"urgent"}[39m
2026-10-03T19:38:52.4456552Z [32m[Nest] 3279  - [39m10/03/2026, 7:38:52 PM [32m    LOG[39m [38;5;3m[DunningService] [39m[32m{"event":"dunning.attempt_scheduled","purchase_id":"p1","dunning_state_id":"d-1","step_index":2,"scheduled_for":"2026-10-10T19:38:52.323Z","kind":"final"}[39m
2026-10-03T19:38:52.4458400Z [32m[Nest] 3279  - [39m10/03/2026, 7:38:52 PM [32m    LOG[39m [38;5;3m[DunningService] [39m[32m{"event":"dunning.attempt_scheduled","purchase_id":"p1","dunning_state_id":"d-1","step_index":3,"scheduled_for":"2026-10-17T19:38:52.323Z","kind":"cancelled"}[39m
2026-10-03T19:38:52.4460021Z [32m[Nest] 3279  - [39m10/03/2026, 7:38:52 PM [32m    LOG[39m [38;5;3m[DunningService] [39m[32m{"event":"dunning.opened","purchase_id":"p1","dunning_state_id":"d-1","invoice_id":"inv_1","amount_cents":9900,"attempt_number":1}[39m
2026-10-03T19:38:52.4461458Z [32m[Nest] 3279  - [39m10/03/2026, 7:38:52 PM [32m    LOG[39m [38;5;3m[DunningService] [39m[32m{"event":"dunning.recovered","purchase_id":"p1","dunning_state_id":"d-1","step_index_at_recovery":-1}[39m
2026-10-03T19:38:52.4463025Z [32m[Nest] 3279  - [39m10/03/2026, 7:38:52 PM [32m    LOG[39m [38;5;3m[DunningService] [39m[32m{"event":"dunning.attempt_scheduled","purchase_id":"p1","dunning_state_id":"d-1","step_index":0,"scheduled_for":"2026-10-03T19:38:52.324Z","kind":"soft"}[39m
2026-10-03T19:38:52.4464761Z [32m[Nest] 3279  - [39m10/03/2026, 7:38:52 PM [32m    LOG[39m [38;5;3m[DunningService] [39m[32m{"event":"dunning.attempt_scheduled","purchase_id":"p1","dunning_state_id":"d-1","step_index":1,"scheduled_for":"2026-10-06T19:38:52.324Z","kind":"urgent"}[39m
2026-10-03T19:38:52.4466491Z [32m[Nest] 3279  - [39m10/03/2026, 7:38:52 PM [32m    LOG[39m [38;5;3m[DunningService] [39m[32m{"event":"dunning.attempt_scheduled","purchase_id":"p1","dunning_state_id":"d-1","step_index":2,"scheduled_for":"2026-10-10T19:38:52.324Z","kind":"final"}[39m
2026-10-03T19:38:52.4468343Z [32m[Nest] 3279  - [39m10/03/2026, 7:38:52 PM [32m    LOG[39m [38;5;3m[DunningService] [39m[32m{"event":"dunning.attempt_scheduled","purchase_id":"p1","dunning_state_id":"d-1","step_index":3,"scheduled_for":"2026-10-17T19:38:52.324Z","kind":"cancelled"}[39m
2026-10-03T19:38:52.4470002Z [32m[Nest] 3279  - [39m10/03/2026, 7:38:52 PM [32m    LOG[39m [38;5;3m[DunningService] [39m[32m{"event":"dunning.opened","purchase_id":"p1","dunning_state_id":"d-1","invoice_id":"inv_1","amount_cents":9900,"attempt_number":1}[39m
2026-10-03T19:38:52.4471582Z [32m[Nest] 3279  - [39m10/03/2026, 7:38:52 PM [32m    LOG[39m [38;5;3m[DunningService] [39m[32m{"event":"dunning.cancelled","purchase_id":"p1","dunning_state_id":"d-1","reason":"subscription_deleted"}[39m
2026-10-03T19:38:52.4473166Z [32m[Nest] 3279  - [39m10/03/2026, 7:38:52 PM [32m    LOG[39m [38;5;3m[DunningService] [39m[32m{"event":"dunning.attempt_scheduled","purchase_id":"p1","dunning_state_id":"d-1","step_index":0,"scheduled_for":"2026-10-03T19:38:52.326Z","kind":"soft"}[39m
2026-10-03T19:38:52.4474869Z [32m[Nest] 3279  - [39m10/03/2026, 7:38:52 PM [32m    LOG[39m [38;5;3m[DunningService] [39m[32m{"event":"dunning.attempt_scheduled","purchase_id":"p1","dunning_state_id":"d-1","step_index":1,"scheduled_for":"2026-10-06T19:38:52.326Z","kind":"urgent"}[39m
2026-10-03T19:38:52.4476843Z [32m[Nest] 3279  - [39m10/03/2026, 7:38:52 PM [32m    LOG[39m [38;5;3m[DunningService] [39m[32m{"event":"dunning.attempt_scheduled","purchase_id":"p1","dunning_state_id":"d-1","step_index":2,"scheduled_for":"2026-10-10T19:38:52.326Z","kind":"final"}[39m
2026-10-03T19:38:52.4478692Z [32m[Nest] 3279  - [39m10/03/2026, 7:38:52 PM [32m    LOG[39m [38;5;3m[DunningService] [39m[32m{"event":"dunning.attempt_scheduled","purchase_id":"p1","dunning_state_id":"d-1","step_index":3,"scheduled_for":"2026-10-17T19:38:52.326Z","kind":"cancelled"}[39m
2026-10-03T19:38:52.4480337Z [32m[Nest] 3279  - [39m10/03/2026, 7:38:52 PM [32m    LOG[39m [38;5;3m[DunningService] [39m[32m{"event":"dunning.opened","purchase_id":"p1","dunning_state_id":"d-1","invoice_id":"inv_1","amount_cents":9900,"attempt_number":1}[39m
2026-10-03T19:38:52.4481812Z [32m[Nest] 3279  - [39m10/03/2026, 7:38:52 PM [32m    LOG[39m [38;5;3m[DunningService] [39m[32m{"event":"dunning.cancelled","purchase_id":"p1","dunning_state_id":"d-1","reason":"subscription_deleted"}[39m
2026-10-03T19:38:52.4483435Z [32m[Nest] 3279  - [39m10/03/2026, 7:38:52 PM [32m    LOG[39m [38;5;3m[DunningService] [39m[32m{"event":"dunning.attempt_scheduled","purchase_id":"p1","dunning_state_id":"d-1","step_index":0,"scheduled_for":"2026-10-03T19:38:52.327Z","kind":"soft"}[39m
2026-10-03T19:38:52.4485194Z [32m[Nest] 3279  - [39m10/03/2026, 7:38:52 PM [32m    LOG[39m [38;5;3m[DunningService] [39m[32m{"event":"dunning.attempt_scheduled","purchase_id":"p1","dunning_state_id":"d-1","step_index":1,"scheduled_for":"2026-10-06T19:38:52.327Z","kind":"urgent"}[39m
2026-10-03T19:38:52.4486955Z [32m[Nest] 3279  - [39m10/03/2026, 7:38:52 PM [32m    LOG[39m [38;5;3m[DunningService] [39m[32m{"event":"dunning.attempt_scheduled","purchase_id":"p1","dunning_state_id":"d-1","step_index":2,"scheduled_for":"2026-10-10T19:38:52.327Z","kind":"final"}[39m
2026-10-03T19:38:52.4488667Z [32m[Nest] 3279  - [39m10/03/2026, 7:38:52 PM [32m    LOG[39m [38;5;3m[DunningService] [39m[32m{"event":"dunning.attempt_scheduled","purchase_id":"p1","dunning_state_id":"d-1","step_index":3,"scheduled_for":"2026-10-17T19:38:52.327Z","kind":"cancelled"}[39m
2026-10-03T19:38:52.4490123Z [32m[Nest] 3279  - [39m10/03/2026, 7:38:52 PM [32m    LOG[39m [38;5;3m[DunningService] [39m[32m{"event":"dunning.opened","purchase_id":"p1","dunning_state_id":"d-1","invoice_id":"inv_1","amount_cents":9900,"attempt_number":1}[39m
2026-10-03T19:38:52.4491627Z [32m[Nest] 3279  - [39m10/03/2026, 7:38:52 PM [32m    LOG[39m [38;5;3m[DunningService] [39m[32m{"event":"dunning.attempt_sent","purchase_id":"p1","dunning_state_id":"d-1","attempt_id":"a-2","step_index":0,"kind":"soft","retried":false}[39m
2026-10-03T19:38:52.4493009Z [32m[Nest] 3279  - [39m10/03/2026, 7:38:52 PM [32m    LOG[39m [38;5;3m[DunningService] [39m[32m{"event":"dunning.admin_advanced","purchase_id":"p1","attempt_id":"a-2"}[39m
2026-10-03T19:38:52.4494724Z [32m[Nest] 3279  - [39m10/03/2026, 7:38:52 PM [32m    LOG[39m [38;5;3m[DunningService] [39m[32m{"event":"dunning.attempt_sent","purchase_id":"p1","dunning_state_id":"d-1","attempt_id":"a-3","step_index":1,"kind":"urgent","retried":false}[39m
2026-10-03T19:38:52.4496200Z [32m[Nest] 3279  - [39m10/03/2026, 7:38:52 PM [32m    LOG[39m [38;5;3m[DunningService] [39m[32m{"event":"dunning.admin_advanced","purchase_id":"p1","attempt_id":"a-3"}[39m
2026-10-03T19:38:52.4497586Z [32m[Nest] 3279  - [39m10/03/2026, 7:38:52 PM [32m    LOG[39m [38;5;3m[DunningService] [39m[32m{"event":"dunning.attempt_scheduled","purchase_id":"p1","dunning_state_id":"d-1","step_index":0,"scheduled_for":"2026-10-03T19:38:52.331Z","kind":"soft"}[39m
2026-10-03T19:38:52.4499149Z [32m[Nest] 3279  - [39m10/03/2026, 7:38:52 PM [32m    LOG[39m [38;5;3m[DunningService] [39m[32m{"event":"dunning.attempt_scheduled","purchase_id":"p1","dunning_state_id":"d-1","step_index":1,"scheduled_for":"2026-10-06T19:38:52.331Z","kind":"urgent"}[39m
2026-10-03T19:38:52.4500788Z [32m[Nest] 3279  - [39m10/03/2026, 7:38:52 PM [32m    LOG[39m [38;5;3m[DunningService] [39m[32m{"event":"dunning.attempt_scheduled","purchase_id":"p1","dunning_state_id":"d-1","step_index":2,"scheduled_for":"2026-10-10T19:38:52.331Z","kind":"final"}[39m
2026-10-03T19:38:52.4502415Z [32m[Nest] 3279  - [39m10/03/2026, 7:38:52 PM [32m    LOG[39m [38;5;3m[DunningService] [39m[32m{"event":"dunning.attempt_scheduled","purchase_id":"p1","dunning_state_id":"d-1","step_index":3,"scheduled_for":"2026-10-17T19:38:52.331Z","kind":"cancelled"}[39m
2026-10-03T19:38:52.4504069Z [32m[Nest] 3279  - [39m10/03/2026, 7:38:52 PM [32m    LOG[39m [38;5;3m[DunningService] [39m[32m{"event":"dunning.opened","purchase_id":"p1","dunning_state_id":"d-1","invoice_id":"inv_1","amount_cents":9900,"attempt_number":1}[39m
2026-10-03T19:38:52.4505245Z [32m[Nest] 3279  - [39m10/03/2026, 7:38:52 PM [32m    LOG[39m [38;5;3m[DunningService] [39m[32m{"event":"dunning.admin_reset","purchase_id":"p1","dunning_state_id":"d-1"}[39m
2026-10-03T19:38:52.4506719Z [32m[Nest] 3279  - [39m10/03/2026, 7:38:52 PM [32m    LOG[39m [38;5;3m[DunningService] [39m[32m{"event":"dunning.attempt_scheduled","purchase_id":"p1","dunning_state_id":"d-1","step_index":0,"scheduled_for":"2026-10-03T19:38:52.346Z","kind":"soft"}[39m
2026-10-03T19:38:52.4508578Z [32m[Nest] 3279  - [39m10/03/2026, 7:38:52 PM [32m    LOG[39m [38;5;3m[DunningService] [39m[32m{"event":"dunning.attempt_scheduled","purchase_id":"p1","dunning_state_id":"d-1","step_index":1,"scheduled_for":"2026-10-06T19:38:52.346Z","kind":"urgent"}[39m
2026-10-03T19:38:52.4510158Z [32m[Nest] 3279  - [39m10/03/2026, 7:38:52 PM [32m    LOG[39m [38;5;3m[DunningService] [39m[32m{"event":"dunning.attempt_scheduled","purchase_id":"p1","dunning_state_id":"d-1","step_index":2,"scheduled_for":"2026-10-10T19:38:52.346Z","kind":"final"}[39m
2026-10-03T19:38:52.4511666Z [32m[Nest] 3279  - [39m10/03/2026, 7:38:52 PM [32m    LOG[39m [38;5;3m[DunningService] [39m[32m{"event":"dunning.attempt_scheduled","purchase_id":"p1","dunning_state_id":"d-1","step_index":3,"scheduled_for":"2026-10-17T19:38:52.346Z","kind":"cancelled"}[39m
2026-10-03T19:38:52.4513121Z [32m[Nest] 3279  - [39m10/03/2026, 7:38:52 PM [32m    LOG[39m [38;5;3m[DunningService] [39m[32m{"event":"dunning.opened","purchase_id":"p1","dunning_state_id":"d-1","invoice_id":"inv_1","amount_cents":9900,"attempt_number":1}[39m
2026-10-03T19:38:52.4514433Z [32m[Nest] 3279  - [39m10/03/2026, 7:38:52 PM [32m    LOG[39m [38;5;3m[DunningService] [39m[32m{"event":"dunning.cancelled","purchase_id":"p1","dunning_state_id":"d-1","reason":"admin_cancel"}[39m
2026-10-03T19:38:52.4515989Z [32m[Nest] 3279  - [39m10/03/2026, 7:38:52 PM [32m    LOG[39m [38;5;3m[DunningService] [39m[32m{"event":"dunning.attempt_scheduled","purchase_id":"p1","dunning_state_id":"d-1","step_index":0,"scheduled_for":"2026-10-03T19:38:52.351Z","kind":"soft"}[39m
2026-10-03T19:38:52.4517691Z [32m[Nest] 3279  - [39m10/03/2026, 7:38:52 PM [32m    LOG[39m [38;5;3m[DunningService] [39m[32m{"event":"dunning.attempt_scheduled","purchase_id":"p1","dunning_state_id":"d-1","step_index":1,"scheduled_for":"2026-10-06T19:38:52.351Z","kind":"urgent"}[39m
2026-10-03T19:38:52.4520069Z [32m[Nest] 3279  - [39m10/03/2026, 7:38:52 PM [32m    LOG[39m [38;5;3m[DunningService] [39m[32m{"event":"dunning.attempt_scheduled","purchase_id":"p1","dunning_state_id":"d-1","step_index":2,"scheduled_for":"2026-10-10T19:38:52.351Z","kind":"final"}[39m
2026-10-03T19:38:52.4521840Z [32m[Nest] 3279  - [39m10/03/2026, 7:38:52 PM [32m    LOG[39m [38;5;3m[DunningService] [39m[32m{"event":"dunning.attempt_scheduled","purchase_id":"p1","dunning_state_id":"d-1","step_index":3,"scheduled_for":"2026-10-17T19:38:52.351Z","kind":"cancelled"}[39m
2026-10-03T19:38:52.4523424Z [32m[Nest] 3279  - [39m10/03/2026, 7:38:52 PM [32m    LOG[39m [38;5;3m[DunningService] [39m[32m{"event":"dunning.opened","purchase_id":"p1","dunning_state_id":"d-1","invoice_id":"inv_1","amount_cents":9900,"attempt_number":1}[39m
2026-10-03T19:38:52.4525092Z [32m[Nest] 3279  - [39m10/03/2026, 7:38:52 PM [32m    LOG[39m [38;5;3m[DunningService] [39m[32m{"event":"dunning.attempt_sent","purchase_id":"p1","dunning_state_id":"d-1","attempt_id":"a-2","step_index":0,"kind":"soft","retried":false}[39m
2026-10-03T19:38:52.4526689Z [32m[Nest] 3279  - [39m10/03/2026, 7:38:52 PM [32m    LOG[39m [38;5;3m[DunningService] [39m[32m{"event":"dunning.attempt_sent","purchase_id":"p1","dunning_state_id":"d-1","attempt_id":"a-8","step_index":-1,"kind":"soft","retried":false}[39m
2026-10-03T19:38:52.4528124Z [32m[Nest] 3279  - [39m10/03/2026, 7:38:52 PM [32m    LOG[39m [38;5;3m[DunningService] [39m[32m{"event":"dunning.admin_triggered","purchase_id":"p1","step_index":0,"kind":"soft"}[39m
2026-10-03T19:38:52.4529489Z [32m[Nest] 3279  - [39m10/03/2026, 7:38:52 PM [32m    LOG[39m [38;5;3m[DunningService] [39m[32m{"event":"dunning.attempt_scheduled","purchase_id":"p1","dunning_state_id":"d-1","step_index":0,"scheduled_for":"2026-10-03T19:38:52.352Z","kind":"soft"}[39m
2026-10-03T19:38:52.4531064Z [32m[Nest] 3279  - [39m10/03/2026, 7:38:52 PM [32m    LOG[39m [38;5;3m[DunningService] [39m[32m{"event":"dunning.attempt_scheduled","purchase_id":"p1","dunning_state_id":"d-1","step_index":1,"scheduled_for":"2026-10-06T19:38:52.352Z","kind":"urgent"}[39m
2026-10-03T19:38:52.4532847Z [32m[Nest] 3279  - [39m10/03/2026, 7:38:52 PM [32m    LOG[39m [38;5;3m[DunningService] [39m[32m{"event":"dunning.attempt_scheduled","purchase_id":"p1","dunning_state_id":"d-1","step_index":2,"scheduled_for":"2026-10-10T19:38:52.352Z","kind":"final"}[39m
2026-10-03T19:38:52.4534831Z [32m[Nest] 3279  - [39m10/03/2026, 7:38:52 PM [32m    LOG[39m [38;5;3m[DunningService] [39m[32m{"event":"dunning.attempt_scheduled","purchase_id":"p1","dunning_state_id":"d-1","step_index":3,"scheduled_for":"2026-10-17T19:38:52.352Z","kind":"cancelled"}[39m
2026-10-03T19:38:52.4536543Z [32m[Nest] 3279  - [39m10/03/2026, 7:38:52 PM [32m    LOG[39m [38;5;3m[DunningService] [39m[32m{"event":"dunning.opened","purchase_id":"p1","dunning_state_id":"d-1","invoice_id":"inv_1","amount_cents":9900,"attempt_number":1}[39m
2026-10-03T19:38:52.4538121Z [32m[Nest] 3279  - [39m10/03/2026, 7:38:52 PM [32m    LOG[39m [38;5;3m[DunningService] [39m[32m{"event":"dunning.attempt_sent","purchase_id":"p1","dunning_state_id":"d-1","attempt_id":"a-2","step_index":0,"kind":"soft","retried":false}[39m
2026-10-03T19:38:52.4539821Z [32m[Nest] 3279  - [39m10/03/2026, 7:38:52 PM [32m    LOG[39m [38;5;3m[DunningService] [39m[32m{"event":"dunning.cancelled","purchase_id":"p1","dunning_state_id":"d-1","reason":"grace_expired","stripe_canceled":true}[39m
2026-10-03T19:38:52.4541658Z [32m[Nest] 3279  - [39m10/03/2026, 7:38:52 PM [32m    LOG[39m [38;5;3m[DunningService] [39m[32m{"event":"dunning.attempt_scheduled","purchase_id":"p1","dunning_state_id":"d-1","step_index":0,"scheduled_for":"2026-10-03T19:38:52.358Z","kind":"soft"}[39m
2026-10-03T19:38:52.4543640Z [32m[Nest] 3279  - [39m10/03/2026, 7:38:52 PM [32m    LOG[39m [38;5;3m[DunningService] [39m[32m{"event":"dunning.attempt_scheduled","purchase_id":"p1","dunning_state_id":"d-1","step_index":1,"scheduled_for":"2026-10-06T19:38:52.358Z","kind":"urgent"}[39m
2026-10-03T19:38:52.4545659Z [32m[Nest] 3279  - [39m10/03/2026, 7:38:52 PM [32m    LOG[39m [38;5;3m[DunningService] [39m[32m{"event":"dunning.attempt_scheduled","purchase_id":"p1","dunning_state_id":"d-1","step_index":2,"scheduled_for":"2026-10-10T19:38:52.358Z","kind":"final"}[39m
2026-10-03T19:38:52.4547506Z [32m[Nest] 3279  - [39m10/03/2026, 7:38:52 PM [32m    LOG[39m [38;5;3m[DunningService] [39m[32m{"event":"dunning.attempt_scheduled","purchase_id":"p1","dunning_state_id":"d-1","step_index":3,"scheduled_for":"2026-10-17T19:38:52.358Z","kind":"cancelled"}[39m
2026-10-03T19:38:52.4549674Z [32m[Nest] 3279  - [39m10/03/2026, 7:38:52 PM [32m    LOG[39m [38;5;3m[DunningService] [39m[32m{"event":"dunning.opened","purchase_id":"p1","dunning_state_id":"d-1","invoice_id":"inv_1","amount_cents":9900,"attempt_number":1}[39m
2026-10-03T19:38:52.4551505Z [32m[Nest] 3279  - [39m10/03/2026, 7:38:52 PM [32m    LOG[39m [38;5;3m[DunningService] [39m[32m{"event":"dunning.attempt_sent","purchase_id":"p1","dunning_state_id":"d-1","attempt_id":"a-2","step_index":0,"kind":"soft","retried":false}[39m
2026-10-03T19:38:52.4553451Z [32m[Nest] 3279  - [39m10/03/2026, 7:38:52 PM [32m    LOG[39m [38;5;3m[DunningService] [39m[32m{"event":"dunning.attempt_scheduled","purchase_id":"p1","dunning_state_id":"d-1","step_index":0,"scheduled_for":"2026-10-03T19:38:52.362Z","kind":"soft"}[39m
2026-10-03T19:38:52.4555399Z [32m[Nest] 3279  - [39m10/03/2026, 7:38:52 PM [32m    LOG[39m [38;5;3m[DunningService] [39m[32m{"event":"dunning.attempt_scheduled","purchase_id":"p1","dunning_state_id":"d-1","step_index":1,"scheduled_for":"2026-10-06T19:38:52.362Z","kind":"urgent"}[39m
2026-10-03T19:38:52.4557142Z [32m[Nest] 3279  - [39m10/03/2026, 7:38:52 PM [32m    LOG[39m [38;5;3m[DunningService] [39m[32m{"event":"dunning.attempt_scheduled","purchase_id":"p1","dunning_state_id":"d-1","step_index":2,"scheduled_for":"2026-10-10T19:38:52.362Z","kind":"final"}[39m
2026-10-03T19:38:52.4559094Z [32m[Nest] 3279  - [39m10/03/2026, 7:38:52 PM [32m    LOG[39m [38;5;3m[DunningService] [39m[32m{"event":"dunning.attempt_scheduled","purchase_id":"p1","dunning_state_id":"d-1","step_index":3,"scheduled_for":"2026-10-17T19:38:52.362Z","kind":"cancelled"}[39m
2026-10-03T19:38:52.4560873Z [32m[Nest] 3279  - [39m10/03/2026, 7:38:52 PM [32m    LOG[39m [38;5;3m[DunningService] [39m[32m{"event":"dunning.opened","purchase_id":"p1","dunning_state_id":"d-1","invoice_id":"inv_1","amount_cents":9900,"attempt_number":1}[39m
2026-10-03T19:38:52.4562619Z [32m[Nest] 3279  - [39m10/03/2026, 7:38:52 PM [32m    LOG[39m [38;5;3m[DunningService] [39m[32m{"event":"dunning.attempt_scheduled","purchase_id":"p1","dunning_state_id":"d-1","step_index":0,"scheduled_for":"2026-10-03T19:38:52.364Z","kind":"soft"}[39m
2026-10-03T19:38:52.4564491Z [32m[Nest] 3279  - [39m10/03/2026, 7:38:52 PM [32m    LOG[39m [38;5;3m[DunningService] [39m[32m{"event":"dunning.attempt_scheduled","purchase_id":"p1","dunning_state_id":"d-1","step_index":1,"scheduled_for":"2026-10-06T19:38:52.364Z","kind":"urgent"}[39m
2026-10-03T19:38:52.4566245Z [32m[Nest] 3279  - [39m10/03/2026, 7:38:52 PM [32m    LOG[39m [38;5;3m[DunningService] [39m[32m{"event":"dunning.attempt_scheduled","purchase_id":"p1","dunning_state_id":"d-1","step_index":2,"scheduled_for":"2026-10-10T19:38:52.364Z","kind":"final"}[39m
2026-10-03T19:38:52.4568249Z [32m[Nest] 3279  - [39m10/03/2026, 7:38:52 PM [32m    LOG[39m [38;5;3m[DunningService] [39m[32m{"event":"dunning.attempt_scheduled","purchase_id":"p1","dunning_state_id":"d-1","step_index":3,"scheduled_for":"2026-10-17T19:38:52.364Z","kind":"cancelled"}[39m
2026-10-03T19:38:52.4569973Z [32m[Nest] 3279  - [39m10/03/2026, 7:38:52 PM [32m    LOG[39m [38;5;3m[DunningService] [39m[32m{"event":"dunning.opened","purchase_id":"p1","dunning_state_id":"d-1","invoice_id":"inv_1","amount_cents":9900,"attempt_number":1}[39m
2026-10-03T19:38:52.4571699Z [32m[Nest] 3279  - [39m10/03/2026, 7:38:52 PM [32m    LOG[39m [38;5;3m[DunningService] [39m[32m{"event":"dunning.recovered","purchase_id":"p1","dunning_state_id":"d-1","step_index_at_recovery":-1}[39m
2026-10-03T19:38:52.4573297Z [32m[Nest] 3279  - [39m10/03/2026, 7:38:52 PM [32m    LOG[39m [38;5;3m[DunningService] [39m[32m{"event":"dunning.attempt_sent","purchase_id":"p1","dunning_state_id":"d-1","attempt_id":"a-2","step_index":0,"kind":"soft","retried":false}[39m
2026-10-03T19:38:52.4575054Z [32m[Nest] 3279  - [39m10/03/2026, 7:38:52 PM [32m    LOG[39m [38;5;3m[DunningService] [39m[32m{"event":"dunning.attempt_scheduled","purchase_id":"p1","dunning_state_id":"d-1","step_index":0,"scheduled_for":"2026-10-03T19:38:52.366Z","kind":"soft"}[39m
2026-10-03T19:38:52.4577155Z [32m[Nest] 3279  - [39m10/03/2026, 7:38:52 PM [32m    LOG[39m [38;5;3m[DunningService] [39m[32m{"event":"dunning.attempt_scheduled","purchase_id":"p1","dunning_state_id":"d-1","step_index":1,"scheduled_for":"2026-10-06T19:38:52.366Z","kind":"urgent"}[39m
2026-10-03T19:38:52.4579104Z [32m[Nest] 3279  - [39m10/03/2026, 7:38:52 PM [32m    LOG[39m [38;5;3m[DunningService] [39m[32m{"event":"dunning.attempt_scheduled","purchase_id":"p1","dunning_state_id":"d-1","step_index":2,"scheduled_for":"2026-10-10T19:38:52.366Z","kind":"final"}[39m
2026-10-03T19:38:52.4580982Z [32m[Nest] 3279  - [39m10/03/2026, 7:38:52 PM [32m    LOG[39m [38;5;3m[DunningService] [39m[32m{"event":"dunning.attempt_scheduled","purchase_id":"p1","dunning_state_id":"d-1","step_index":3,"scheduled_for":"2026-10-17T19:38:52.366Z","kind":"cancelled"}[39m
2026-10-03T19:38:52.4582604Z [32m[Nest] 3279  - [39m10/03/2026, 7:38:52 PM [32m    LOG[39m [38;5;3m[DunningService] [39m[32m{"event":"dunning.opened","purchase_id":"p1","dunning_state_id":"d-1","invoice_id":"inv_1","amount_cents":9900,"attempt_number":1}[39m
2026-10-03T19:38:52.4584200Z [32m[Nest] 3279  - [39m10/03/2026, 7:38:52 PM [32m    LOG[39m [38;5;3m[DunningService] [39m[32m{"event":"dunning.recovered","purchase_id":"p1","dunning_state_id":"d-1","step_index_at_recovery":-1}[39m
2026-10-03T19:38:52.4585788Z [32m[Nest] 3279  - [39m10/03/2026, 7:38:52 PM [32m    LOG[39m [38;5;3m[DunningService] [39m[32m{"event":"dunning.attempt_raced","purchase_id":"p1","dunning_state_id":"d-1","attempt_id":"a-2","step_index":0,"from_status":"pending"}[39m
2026-10-03T19:38:52.4587593Z [32m[Nest] 3279  - [39m10/03/2026, 7:38:52 PM [32m    LOG[39m [38;5;3m[DunningService] [39m[32m{"event":"dunning.attempt_scheduled","purchase_id":"p1","dunning_state_id":"d-1","step_index":0,"scheduled_for":"2026-10-03T19:38:52.368Z","kind":"soft"}[39m
2026-10-03T19:38:52.4589714Z [32m[Nest] 3279  - [39m10/03/2026, 7:38:52 PM [32m    LOG[39m [38;5;3m[DunningService] [39m[32m{"event":"dunning.attempt_scheduled","purchase_id":"p1","dunning_state_id":"d-1","step_index":1,"scheduled_for":"2026-10-06T19:38:52.368Z","kind":"urgent"}[39m
2026-10-03T19:38:52.4591598Z [32m[Nest] 3279  - [39m10/03/2026, 7:38:52 PM [32m    LOG[39m [38;5;3m[DunningService] [39m[32m{"event":"dunning.attempt_scheduled","purchase_id":"p1","dunning_state_id":"d-1","step_index":2,"scheduled_for":"2026-10-10T19:38:52.368Z","kind":"final"}[39m
2026-10-03T19:38:52.4593475Z [32m[Nest] 3279  - [39m10/03/2026, 7:38:52 PM [32m    LOG[39m [38;5;3m[DunningService] [39m[32m{"event":"dunning.attempt_scheduled","purchase_id":"p1","dunning_state_id":"d-1","step_index":3,"scheduled_for":"2026-10-17T19:38:52.368Z","kind":"cancelled"}[39m
2026-10-03T19:38:52.4595282Z [32m[Nest] 3279  - [39m10/03/2026, 7:38:52 PM [32m    LOG[39m [38;5;3m[DunningService] [39m[32m{"event":"dunning.opened","purchase_id":"p1","dunning_state_id":"d-1","invoice_id":"inv_1","amount_cents":9900,"attempt_number":1}[39m
2026-10-03T19:38:52.4597184Z [32m[Nest] 3279  - [39m10/03/2026, 7:38:52 PM [32m    LOG[39m [38;5;3m[DunningService] [39m[32m{"event":"dunning.attempt_sent","purchase_id":"p1","dunning_state_id":"d-1","attempt_id":"a-2","step_index":0,"kind":"soft","retried":false}[39m
2026-10-03T19:38:52.4599074Z [32m[Nest] 3279  - [39m10/03/2026, 7:38:52 PM [32m    LOG[39m [38;5;3m[DunningService] [39m[32m{"event":"dunning.attempt_sent","purchase_id":"p1","dunning_state_id":"d-1","attempt_id":"a-3","step_index":1,"kind":"urgent","retried":false}[39m
2026-10-03T19:38:52.4600815Z [32m[Nest] 3279  - [39m10/03/2026, 7:38:52 PM [32m    LOG[39m [38;5;3m[DunningService] [39m[32m{"event":"dunning.attempt_sent","purchase_id":"p1","dunning_state_id":"d-1","attempt_id":"a-4","step_index":2,"kind":"final","retried":false}[39m
2026-10-03T19:38:52.4602687Z [32m[Nest] 3279  - [39m10/03/2026, 7:38:52 PM [32m    LOG[39m [38;5;3m[DunningService] [39m[32m{"event":"dunning.attempt_skipped","purchase_id":"p1","attempt_id":"a-5","step_index":3,"reason":"subscription_no_longer_pending_cancel"}[39m
2026-10-03T19:38:52.4604453Z [32m[Nest] 3279  - [39m10/03/2026, 7:38:52 PM [32m    LOG[39m [38;5;3m[DunningService] [39m[32m{"event":"dunning.attempt_scheduled","purchase_id":"p1","dunning_state_id":"d-1","step_index":0,"scheduled_for":"2026-10-03T19:38:52.370Z","kind":"soft"}[39m
2026-10-03T19:38:52.4606310Z [32m[Nest] 3279  - [39m10/03/2026, 7:38:52 PM [32m    LOG[39m [38;5;3m[DunningService] [39m[32m{"event":"dunning.attempt_scheduled","purchase_id":"p1","dunning_state_id":"d-1","step_index":1,"scheduled_for":"2026-10-06T19:38:52.370Z","kind":"urgent"}[39m
2026-10-03T19:38:52.4608346Z [32m[Nest] 3279  - [39m10/03/2026, 7:38:52 PM [32m    LOG[39m [38;5;3m[DunningService] [39m[32m{"event":"dunning.attempt_scheduled","purchase_id":"p1","dunning_state_id":"d-1","step_index":2,"scheduled_for":"2026-10-10T19:38:52.370Z","kind":"final"}[39m
2026-10-03T19:38:52.4610236Z [32m[Nest] 3279  - [39m10/03/2026, 7:38:52 PM [32m    LOG[39m [38;5;3m[DunningService] [39m[32m{"event":"dunning.attempt_scheduled","purchase_id":"p1","dunning_state_id":"d-1","step_index":3,"scheduled_for":"2026-10-17T19:38:52.370Z","kind":"cancelled"}[39m
2026-10-03T19:38:52.4611990Z [32m[Nest] 3279  - [39m10/03/2026, 7:38:52 PM [32m    LOG[39m [38;5;3m[DunningService] [39m[32m{"event":"dunning.opened","purchase_id":"p1","dunning_state_id":"d-1","invoice_id":"inv_1","amount_cents":9900,"attempt_number":1}[39m
2026-10-03T19:38:52.4613774Z [32m[Nest] 3279  - [39m10/03/2026, 7:38:52 PM [32m    LOG[39m [38;5;3m[DunningService] [39m[32m{"event":"dunning.attempt_sent","purchase_id":"p1","dunning_state_id":"d-1","attempt_id":"a-2","step_index":0,"kind":"soft","retried":false}[39m
2026-10-03T19:38:52.4615561Z [32m[Nest] 3279  - [39m10/03/2026, 7:38:52 PM [32m    LOG[39m [38;5;3m[DunningService] [39m[32m{"event":"dunning.attempt_sent","purchase_id":"p1","dunning_state_id":"d-1","attempt_id":"a-3","step_index":1,"kind":"urgent","retried":false}[39m
2026-10-03T19:38:52.4617409Z [32m[Nest] 3279  - [39m10/03/2026, 7:38:52 PM [32m    LOG[39m [38;5;3m[DunningService] [39m[32m{"event":"dunning.attempt_sent","purchase_id":"p1","dunning_state_id":"d-1","attempt_id":"a-4","step_index":2,"kind":"final","retried":false}[39m
2026-10-03T19:38:52.4619310Z [32m[Nest] 3279  - [39m10/03/2026, 7:38:52 PM [32m    LOG[39m [38;5;3m[DunningService] [39m[32m{"event":"dunning.attempt_sent","purchase_id":"p1","dunning_state_id":"d-1","attempt_id":"a-5","step_index":3,"kind":"cancelled","retried":false}[39m
2026-10-03T19:38:52.4621099Z [32m[Nest] 3279  - [39m10/03/2026, 7:38:52 PM [32m    LOG[39m [38;5;3m[DunningService] [39m[32m{"event":"dunning.attempt_scheduled","purchase_id":"p1","dunning_state_id":"d-1","step_index":0,"scheduled_for":"2026-10-03T19:38:52.372Z","kind":"soft"}[39m
2026-10-03T19:38:52.4622966Z [32m[Nest] 3279  - [39m10/03/2026, 7:38:52 PM [32m    LOG[39m [38;5;3m[DunningService] [39m[32m{"event":"dunning.attempt_scheduled","purchase_id":"p1","dunning_state_id":"d-1","step_index":1,"scheduled_for":"2026-10-06T19:38:52.372Z","kind":"urgent"}[39m
2026-10-03T19:38:52.4625032Z [32m[Nest] 3279  - [39m10/03/2026, 7:38:52 PM [32m    LOG[39m [38;5;3m[DunningService] [39m[32m{"event":"dunning.attempt_scheduled","purchase_id":"p1","dunning_state_id":"d-1","step_index":2,"scheduled_for":"2026-10-10T19:38:52.372Z","kind":"final"}[39m
2026-10-03T19:38:52.4626930Z [32m[Nest] 3279  - [39m10/03/2026, 7:38:52 PM [32m    LOG[39m [38;5;3m[DunningService] [39m[32m{"event":"dunning.attempt_scheduled","purchase_id":"p1","dunning_state_id":"d-1","step_index":3,"scheduled_for":"2026-10-17T19:38:52.372Z","kind":"cancelled"}[39m
2026-10-03T19:38:52.4628866Z [32m[Nest] 3279  - [39m10/03/2026, 7:38:52 PM [32m    LOG[39m [38;5;3m[DunningService] [39m[32m{"event":"dunning.opened","purchase_id":"p1","dunning_state_id":"d-1","invoice_id":"inv_1","amount_cents":9900,"attempt_number":1}[39m
2026-10-03T19:38:52.4630696Z [32m[Nest] 3279  - [39m10/03/2026, 7:38:52 PM [32m    LOG[39m [38;5;3m[DunningService] [39m[32m{"event":"dunning.attempt_sent","purchase_id":"p1","dunning_state_id":"d-1","attempt_id":"a-2","step_index":0,"kind":"soft","retried":false}[39m
2026-10-03T19:38:52.4632178Z [32m[Nest] 3279  - [39m10/03/2026, 7:38:52 PM [32m    LOG[39m [38;5;3m[DunningService] [39m[32m{"event":"dunning.admin_reset","purchase_id":"p1","dunning_state_id":"d-1"}[39m
2026-10-03T19:38:52.4633808Z [32m[Nest] 3279  - [39m10/03/2026, 7:38:52 PM [32m    LOG[39m [38;5;3m[DunningService] [39m[32m{"event":"dunning.attempt_scheduled","purchase_id":"p1","dunning_state_id":"d-1","step_index":0,"scheduled_for":"2026-10-03T19:38:52.373Z","kind":"soft"}[39m
2026-10-03T19:38:52.4635673Z [32m[Nest] 3279  - [39m10/03/2026, 7:38:52 PM [32m    LOG[39m [38;5;3m[DunningService] [39m[32m{"event":"dunning.attempt_scheduled","purchase_id":"p1","dunning_state_id":"d-1","step_index":1,"scheduled_for":"2026-10-06T19:38:52.373Z","kind":"urgent"}[39m
2026-10-03T19:38:52.4637527Z [32m[Nest] 3279  - [39m10/03/2026, 7:38:52 PM [32m    LOG[39m [38;5;3m[DunningService] [39m[32m{"event":"dunning.attempt_scheduled","purchase_id":"p1","dunning_state_id":"d-1","step_index":2,"scheduled_for":"2026-10-10T19:38:52.373Z","kind":"final"}[39m
2026-10-03T19:38:52.4639646Z [32m[Nest] 3279  - [39m10/03/2026, 7:38:52 PM [32m    LOG[39m [38;5;3m[DunningService] [39m[32m{"event":"dunning.attempt_scheduled","purchase_id":"p1","dunning_state_id":"d-1","step_index":3,"scheduled_for":"2026-10-17T19:38:52.373Z","kind":"cancelled"}[39m
2026-10-03T19:38:52.4641420Z [32m[Nest] 3279  - [39m10/03/2026, 7:38:52 PM [32m    LOG[39m [38;5;3m[DunningService] [39m[32m{"event":"dunning.opened","purchase_id":"p1","dunning_state_id":"d-1","invoice_id":"inv_2","amount_cents":9900,"attempt_number":1}[39m
2026-10-03T19:38:52.4643186Z [32m[Nest] 3279  - [39m10/03/2026, 7:38:52 PM [32m    LOG[39m [38;5;3m[DunningService] [39m[32m{"event":"dunning.attempt_scheduled","purchase_id":"p1","dunning_state_id":"d-1","step_index":0,"scheduled_for":"2026-10-03T19:38:52.374Z","kind":"soft"}[39m
2026-10-03T19:38:52.4645042Z [32m[Nest] 3279  - [39m10/03/2026, 7:38:52 PM [32m    LOG[39m [38;5;3m[DunningService] [39m[32m{"event":"dunning.attempt_scheduled","purchase_id":"p1","dunning_state_id":"d-1","step_index":1,"scheduled_for":"2026-10-06T19:38:52.374Z","kind":"urgent"}[39m
2026-10-03T19:38:52.4646944Z [32m[Nest] 3279  - [39m10/03/2026, 7:38:52 PM [32m    LOG[39m [38;5;3m[DunningService] [39m[32m{"event":"dunning.attempt_scheduled","purchase_id":"p1","dunning_state_id":"d-1","step_index":2,"scheduled_for":"2026-10-10T19:38:52.374Z","kind":"final"}[39m
2026-10-03T19:38:52.4649032Z [32m[Nest] 3279  - [39m10/03/2026, 7:38:52 PM [32m    LOG[39m [38;5;3m[DunningService] [39m[32m{"event":"dunning.attempt_scheduled","purchase_id":"p1","dunning_state_id":"d-1","step_index":3,"scheduled_for":"2026-10-17T19:38:52.374Z","kind":"cancelled"}[39m
2026-10-03T19:38:52.4650828Z [32m[Nest] 3279  - [39m10/03/2026, 7:38:52 PM [32m    LOG[39m [38;5;3m[DunningService] [39m[32m{"event":"dunning.opened","purchase_id":"p1","dunning_state_id":"d-1","invoice_id":"inv_1","amount_cents":9900,"attempt_number":1}[39m
2026-10-03T19:38:52.4652665Z [33m[Nest] 3279  - [39m10/03/2026, 7:38:52 PM [33m   WARN[39m [38;5;3m[DunningService] [39m[33mdunning.attempt_failed attempt=a-2 step=0 retry=1/3 next_at=2026-10-03T20:38:52.374Z: SES temporarily unavailable[39m
2026-10-03T19:38:52.4654339Z [32m[Nest] 3279  - [39m10/03/2026, 7:38:52 PM [32m    LOG[39m [38;5;3m[DunningService] [39m[32m{"event":"dunning.attempt_sent","purchase_id":"p1","dunning_state_id":"d-1","attempt_id":"a-2","step_index":0,"kind":"soft","retried":true}[39m
2026-10-03T19:38:52.4655914Z [32m[Nest] 3279  - [39m10/03/2026, 7:38:52 PM [32m    LOG[39m [38;5;3m[DunningService] [39m[32m{"event":"dunning.attempt_scheduled","purchase_id":"p1","dunning_state_id":"d-1","step_index":0,"scheduled_for":"2026-10-03T19:38:52.376Z","kind":"soft"}[39m
2026-10-03T19:38:52.4657259Z [32m[Nest] 3279  - [39m10/03/2026, 7:38:52 PM [32m    LOG[39m [38;5;3m[DunningService] [39m[32m{"event":"dunning.attempt_scheduled","purchase_id":"p1","dunning_state_id":"d-1","step_index":1,"scheduled_for":"2026-10-06T19:38:52.376Z","kind":"urgent"}[39m
2026-10-03T19:38:52.4658925Z [32m[Nest] 3279  - [39m10/03/2026, 7:38:52 PM [32m    LOG[39m [38;5;3m[DunningService] [39m[32m{"event":"dunning.attempt_scheduled","purchase_id":"p1","dunning_state_id":"d-1","step_index":2,"scheduled_for":"2026-10-10T19:38:52.376Z","kind":"final"}[39m
2026-10-03T19:38:52.4660755Z [32m[Nest] 3279  - [39m10/03/2026, 7:38:52 PM [32m    LOG[39m [38;5;3m[DunningService] [39m[32m{"event":"dunning.attempt_scheduled","purchase_id":"p1","dunning_state_id":"d-1","step_index":3,"scheduled_for":"2026-10-17T19:38:52.376Z","kind":"cancelled"}[39m
2026-10-03T19:38:52.4662471Z [32m[Nest] 3279  - [39m10/03/2026, 7:38:52 PM [32m    LOG[39m [38;5;3m[DunningService] [39m[32m{"event":"dunning.opened","purchase_id":"p1","dunning_state_id":"d-1","invoice_id":"inv_1","amount_cents":9900,"attempt_number":1}[39m
2026-10-03T19:38:52.4663943Z [33m[Nest] 3279  - [39m10/03/2026, 7:38:52 PM [33m   WARN[39m [38;5;3m[DunningService] [39m[33mdunning.attempt_failed attempt=a-2 step=0 retry=1/3 next_at=2026-10-03T20:38:52.377Z: SES gone for good[39m
2026-10-03T19:38:52.4665354Z [33m[Nest] 3279  - [39m10/03/2026, 7:38:52 PM [33m   WARN[39m [38;5;3m[DunningService] [39m[33mdunning.attempt_failed attempt=a-2 step=0 retry=2/3 next_at=2027-10-03T23:38:52.377Z: SES gone for good[39m
2026-10-03T19:38:52.4666857Z [33m[Nest] 3279  - [39m10/03/2026, 7:38:52 PM [33m   WARN[39m [38;5;3m[DunningService] [39m[33mdunning.attempt_failed attempt=a-2 step=0 retry=3/3 next_at=2028-10-03T11:38:52.377Z: SES gone for good[39m
2026-10-03T19:38:52.4668348Z [33m[Nest] 3279  - [39m10/03/2026, 7:38:52 PM [33m   WARN[39m [38;5;3m[DunningService] [39m[33mdunning.attempt_failed_permanent attempt=a-2 step=0 retries=4: SES gone for good[39m
2026-10-03T19:38:53.1601960Z [31m[Nest] 3279  - [39m10/03/2026, 7:38:53 PM [31m  ERROR[39m [38;5;3m[RomanService] [39m[31mroman.spend_ledger_failed: Error[39m
2026-10-03T19:38:53.1624860Z [31m[Nest] 3279  - [39m10/03/2026, 7:38:53 PM [31m  ERROR[39m [38;5;3m[RomanService] [39m[31mroman.context_builder_missing[39m
2026-10-03T19:38:53.1912155Z [33m[Nest] 3279  - [39m10/03/2026, 7:38:53 PM [33m   WARN[39m [38;5;3m[RomanService] [39m[33mroman.turn session=sess_1 prompt_version=roman-client-v3 router=emergency model_call=false[39m
2026-10-03T19:38:53.7466582Z PASS test/ci/delivery-artifact.spec.ts
2026-10-03T19:38:54.1719973Z PASS test/messages-safety.service.spec.ts
2026-10-03T19:38:54.3892719Z PASS test/env-validation.spec.ts
2026-10-03T19:38:54.7289870Z PASS test/ai.service.spec.ts
2026-10-03T19:38:54.7721697Z [33m[Nest] 3285  - [39m10/03/2026, 7:38:54 PM [33m   WARN[39m [38;5;3m[AiService] [39m[33mAnthropic chat fallback failed; using deterministic: upstream 500[39m
2026-10-03T19:38:54.7723218Z [32m[Nest] 3285  - [39m10/03/2026, 7:38:54 PM [32m    LOG[39m [38;5;3m[AIGuardrailsService] [39m[32mguardrails applied: calorie-floor[39m
2026-10-03T19:38:54.7725049Z [32m[Nest] 3285  - [39m10/03/2026, 7:38:54 PM [32m    LOG[39m [38;5;3m[AIGuardrailsService] [39m[32mguardrails applied: calorie-floor,macro-correction[39m
2026-10-03T19:38:54.7726436Z [32m[Nest] 3285  - [39m10/03/2026, 7:38:54 PM [32m    LOG[39m [38;5;3m[AIGuardrailsService] [39m[32mguardrails applied: refer-to-coach[39m
2026-10-03T19:38:54.7727837Z [33m[Nest] 3285  - [39m10/03/2026, 7:38:54 PM [33m   WARN[39m [38;5;3m[AiService] [39m[33mAnthropic chat fallback failed; using deterministic: upstream 500[39m
2026-10-03T19:38:54.7729401Z [33m[Nest] 3285  - [39m10/03/2026, 7:38:54 PM [33m   WARN[39m [38;5;3m[AiService] [39m[33mAnthropic chat fallback failed; using deterministic: upstream 500[39m
2026-10-03T19:38:54.7730758Z [32m[Nest] 3285  - [39m10/03/2026, 7:38:54 PM [32m    LOG[39m [38;5;3m[AIGuardrailsService] [39m[32mguardrails applied: calorie-floor[39m
2026-10-03T19:38:54.7731916Z [33m[Nest] 3285  - [39m10/03/2026, 7:38:54 PM [33m   WARN[39m [38;5;3m[AiService] [39m[33mAnthropic chat fallback failed; using deterministic: upstream 500[39m
2026-10-03T19:38:54.7733128Z [32m[Nest] 3285  - [39m10/03/2026, 7:38:54 PM [32m    LOG[39m [38;5;3m[AIGuardrailsService] [39m[32mguardrails applied: calorie-floor[39m
2026-10-03T19:38:54.7734370Z [33m[Nest] 3285  - [39m10/03/2026, 7:38:54 PM [33m   WARN[39m [38;5;3m[AiService] [39m[33mAnthropic chat fallback failed; using deterministic: upstream 500[39m
2026-10-03T19:38:54.7735474Z [32m[Nest] 3285  - [39m10/03/2026, 7:38:54 PM [32m    LOG[39m [38;5;3m[AIGuardrailsService] [39m[32mguardrails applied: calorie-floor[39m
2026-10-03T19:38:54.7736628Z [33m[Nest] 3285  - [39m10/03/2026, 7:38:54 PM [33m   WARN[39m [38;5;3m[AiService] [39m[33mAnthropic chat fallback failed; using deterministic: upstream 500[39m
2026-10-03T19:38:54.7737762Z [32m[Nest] 3285  - [39m10/03/2026, 7:38:54 PM [32m    LOG[39m [38;5;3m[AIGuardrailsService] [39m[32mguardrails applied: calorie-floor[39m
2026-10-03T19:38:54.7739160Z [33m[Nest] 3285  - [39m10/03/2026, 7:38:54 PM [33m   WARN[39m [38;5;3m[AiService] [39m[33mAnthropic chat fallback failed; using deterministic: upstream 500[39m
2026-10-03T19:38:54.7740187Z [32m[Nest] 3285  - [39m10/03/2026, 7:38:54 PM [32m    LOG[39m [38;5;3m[AIGuardrailsService] [39m[32mguardrails applied: calorie-floor[39m
2026-10-03T19:38:54.7741369Z [32m[Nest] 3285  - [39m10/03/2026, 7:38:54 PM [32m    LOG[39m [38;5;3m[AiEgressService] [39m[32mai_egress.refused surface=ai.client_chat reason=no_live_grant clients=1 missing=1[39m
2026-10-03T19:38:54.7742744Z [32m[Nest] 3285  - [39m10/03/2026, 7:38:54 PM [32m    LOG[39m [38;5;3m[AiEgressService] [39m[32mai_egress.refused surface=ai.client_chat reason=no_live_grant clients=1 missing=1[39m
2026-10-03T19:38:54.7744022Z [33m[Nest] 3285  - [39m10/03/2026, 7:38:54 PM [33m   WARN[39m [38;5;3m[AiEgressService] [39m[33mai_egress.consent_read_failed (treated as no grant)[39m
2026-10-03T19:38:54.7745230Z [32m[Nest] 3285  - [39m10/03/2026, 7:38:54 PM [32m    LOG[39m [38;5;3m[AiEgressService] [39m[32mai_egress.refused surface=ai.client_chat reason=no_live_grant clients=1 missing=1[39m
2026-10-03T19:38:54.7746491Z [32m[Nest] 3285  - [39m10/03/2026, 7:38:54 PM [32m    LOG[39m [38;5;3m[AIGuardrailsService] [39m[32mguardrails applied: calorie-floor[39m
2026-10-03T19:38:55.6806319Z PASS test/ci/fly-env-manifest.spec.ts
2026-10-03T19:38:55.8055969Z [31m[Nest] 3279  - [39m10/03/2026, 7:38:55 PM [31m  ERROR[39m [38;5;3m[RomanService] [39m[31mroman.context_builder_missing[39m
2026-10-03T19:38:55.8502236Z [31m[Nest] 3279  - [39m10/03/2026, 7:38:55 PM [31m  ERROR[39m [38;5;3m[RomanService] [39m[31mroman.context_builder_missing[39m
2026-10-03T19:38:55.8575914Z [31m[Nest] 3279  - [39m10/03/2026, 7:38:55 PM [31m  ERROR[39m [38;5;3m[RomanService] [39m[31mroman.context_builder_missing[39m
2026-10-03T19:38:55.8889321Z FAIL test/roman/roman-launch-hardening.spec.ts
2026-10-03T19:38:55.8890988Z   ● FR1-651-3 the single per-session exclamation is spent once, then never allowed again › a stored reply that uses the exclamation marks the session; a spent session gets none
2026-10-03T19:38:55.8891503Z 
2026-10-03T19:38:55.8892279Z     expect(received).toBe(expected) // Object.is equality
2026-10-03T19:38:55.8908583Z 
2026-10-03T19:38:55.8909371Z     Expected: "Nice work! Keep it up."
2026-10-03T19:38:55.8910043Z     Received: "Nice work. Keep it up."
2026-10-03T19:38:55.8910369Z 
2026-10-03T19:38:55.8911403Z     [0m [90m 721 |[39m     [36mawait[39m drain(svc[33m.[39mstreamAssistantTurn([33mCLIENT[39m[33m,[39m fakeOf(session())[33m,[39m { userMessage[33m:[39m [32m'I hit my protein'[39m }))[33m;[39m
2026-10-03T19:38:55.8913141Z      [90m 722 |[39m     [36mconst[39m roman1 [33m=[39m first[33m.[39mstored[33m.[39mfilter((m) [33m=>[39m m[33m.[39mrole [33m===[39m [32m'roman'[39m)[33m;[39m
2026-10-03T19:38:55.8914268Z     [31m[1m>[22m[39m[90m 723 |[39m     expect(roman1[[35m0[39m][33m.[39mcontent)[33m.[39mtoBe([32m'Nice work! Keep it up.'[39m)[33m;[39m
2026-10-03T19:38:55.8915086Z      [90m     |[39m                               [31m[1m^[22m[39m
2026-10-03T19:38:55.8916027Z      [90m 724 |[39m     [36mconst[39m marks [33m=[39m first[33m.[39mprisma[33m.[39mromanSession[33m.[39mupdateMany[33m.[39mmock[33m.[39mcalls[33m.[39mmap(
2026-10-03T19:38:55.8917393Z      [90m 725 |[39m       (c[33m:[39m unknown[]) [33m=>[39m (c[[35m0[39m] [36mas[39m { data[33m:[39m [33mRecord[39m[33m<[39m[33mstring[39m[33m,[39m unknown[33m>[39m })[33m.[39mdata[33m.[39mexclamation_used[33m,[39m
2026-10-03T19:38:55.8918587Z      [90m 726 |[39m     )[33m;[39m[0m
2026-10-03T19:38:55.8918906Z 
2026-10-03T19:38:55.8919244Z       at Object.<anonymous> (test/roman/roman-launch-hardening.spec.ts:723:31)
2026-10-03T19:38:55.8919647Z 
2026-10-03T19:38:56.0183633Z [31m[Nest] 3285  - [39m10/03/2026, 7:38:56 PM [31m  ERROR[39m [38;5;3m[CheckoutRecoveryService] [39m[31mrecovery single-use guard: Redis SET NX failed, denying (reason=fail-closed-store-unreachable): ECONNREFUSED 127.0.0.1:6379[39m
2026-10-03T19:38:56.0241522Z [31m[Nest] 3285  - [39m10/03/2026, 7:38:56 PM [31m  ERROR[39m [38;5;3m[CheckoutRecoveryService] [39m[31mrecovery single-use guard: Redis SET NX failed, denying (reason=fail-closed-store-unreachable): ECONNREFUSED 127.0.0.1:6379[39m
2026-10-03T19:38:56.0637077Z [31m[Nest] 3285  - [39m10/03/2026, 7:38:56 PM [31m  ERROR[39m [38;5;3m[CheckoutRecoveryService] [39m[31mrecovery single-use guard: Redis SET NX failed, denying (reason=fail-closed-store-unreachable): ECONNREFUSED[39m
2026-10-03T19:38:56.0670172Z [31m[Nest] 3285  - [39m10/03/2026, 7:38:56 PM [31m  ERROR[39m [38;5;3m[CheckoutRecoveryService] [39m[31mrecovery single-use guard: Redis SET NX failed, denying (reason=fail-closed-store-unreachable): boom[39m
2026-10-03T19:38:56.0681611Z [31m[Nest] 3285  - [39m10/03/2026, 7:38:56 PM [31m  ERROR[39m [38;5;3m[CheckoutRecoveryService] [39m[31mCheckoutRecoveryService: REDIS_URL is required in production — refusing to boot. The in-memory single-use guard is single-process and unsafe across the Fly cluster.[39m
2026-10-03T19:38:56.0919933Z [33m[Nest] 3285  - [39m10/03/2026, 7:38:55 PM [33m   WARN[39m [38;5;3m[CheckoutRecoveryService] [39m[33mrecovery single-use guard: replay attempt rejected (reason=jti-already-consumed-memory)[39m
2026-10-03T19:38:56.0968870Z [33m[Nest] 3285  - [39m10/03/2026, 7:38:55 PM [33m   WARN[39m [38;5;3m[CheckoutRecoveryService] [39m[33mrecovery single-use guard: replay attempt rejected (reason=jti-already-consumed-memory)[39m
2026-10-03T19:38:56.0998158Z [33m[Nest] 3285  - [39m10/03/2026, 7:38:55 PM [33m   WARN[39m [38;5;3m[CheckoutRecoveryService] [39m[33mrecovery single-use guard: replay attempt rejected (reason=jti-already-consumed-memory)[39m
2026-10-03T19:38:56.1000456Z [33m[Nest] 3285  - [39m10/03/2026, 7:38:55 PM [33m   WARN[39m [38;5;3m[CheckoutRecoveryService] [39m[33mrecovery single-use guard: replay attempt rejected (reason=jti-already-consumed-memory)[39m
2026-10-03T19:38:56.1002337Z [33m[Nest] 3285  - [39m10/03/2026, 7:38:56 PM [33m   WARN[39m [38;5;3m[CheckoutRecoveryService] [39m[33mrecovery single-use guard: replay attempt rejected (reason=jti-already-consumed)[39m
2026-10-03T19:38:56.1003923Z [33m[Nest] 3285  - [39m10/03/2026, 7:38:56 PM [33m   WARN[39m [38;5;3m[CheckoutRecoveryService] [39m[33mrecovery single-use guard: replay attempt rejected (reason=jti-already-consumed)[39m
2026-10-03T19:38:56.1005760Z [33m[Nest] 3285  - [39m10/03/2026, 7:38:56 PM [33m   WARN[39m [38;5;3m[CheckoutRecoveryService] [39m[33mrecovery single-use guard: replay attempt rejected (reason=jti-already-consumed-memory)[39m
2026-10-03T19:38:56.1007460Z [33m[Nest] 3285  - [39m10/03/2026, 7:38:56 PM [33m   WARN[39m [38;5;3m[CheckoutRecoveryService] [39m[33mrecovery single-use guard: replay attempt rejected (reason=jti-already-consumed-memory)[39m
2026-10-03T19:38:56.1039470Z [33m[Nest] 3285  - [39m10/03/2026, 7:38:56 PM [33m   WARN[39m [38;5;3m[CheckoutRecoveryService] [39m[33mrecovery single-use guard: replay attempt rejected (reason=jti-already-consumed)[39m
2026-10-03T19:38:56.1069666Z [33m[Nest] 3285  - [39m10/03/2026, 7:38:56 PM [33m   WARN[39m [38;5;3m[CheckoutRecoveryService] [39m[33mrecovery single-use guard: replay attempt rejected (reason=jti-already-consumed-memory)[39m
2026-10-03T19:38:56.1071490Z [33m[Nest] 3285  - [39m10/03/2026, 7:38:56 PM [33m   WARN[39m [38;5;3m[CheckoutRecoveryService] [39m[33mrecovery single-use guard: replay attempt rejected (reason=jti-already-consumed)[39m
2026-10-03T19:38:56.1099662Z [33m[Nest] 3285  - [39m10/03/2026, 7:38:56 PM [33m   WARN[39m [38;5;3m[CheckoutRecoveryService] [39m[33mrecovery single-use guard: replay attempt rejected (reason=jti-already-consumed-memory)[39m
2026-10-03T19:38:56.2454650Z [31m[Nest] 3285  - [39m10/03/2026, 7:38:56 PM [31m  ERROR[39m [38;5;3m[CheckoutRecoveryService] [39m[31mCheckoutRecoveryService: Redis connect failed in production — refusing to boot: ECONNREFUSED 10.0.0.1:6379[39m
2026-10-03T19:38:56.2482422Z [31m[Nest] 3285  - [39m10/03/2026, 7:38:56 PM [31m  ERROR[39m [38;5;3m[CheckoutRecoveryService] [39m[31mCheckoutRecoveryService: REDIS_URL is required in <unset> — refusing to boot. The in-memory single-use guard is single-process and unsafe across the Fly cluster.[39m
2026-10-03T19:38:56.3456612Z [32m[Nest] 3285  - [39m10/03/2026, 7:38:56 PM [32m    LOG[39m [38;5;3m[CheckoutRecoveryService] [39m[32mCheckoutRecoveryService: REDIS_URL unset — using in-memory single-use guard (single-process, dev/test only)[39m
2026-10-03T19:38:56.3510352Z [32m[Nest] 3285  - [39m10/03/2026, 7:38:56 PM [32m    LOG[39m [38;5;3m[CheckoutRecoveryService] [39m[32mCheckoutRecoveryService: REDIS_URL unset — using in-memory single-use guard (single-process, dev/test only)[39m
2026-10-03T19:38:56.3773408Z [31m[Nest] 3285  - [39m10/03/2026, 7:38:56 PM [31m  ERROR[39m [38;5;3m[CheckoutRecoveryService] [39m[31mCheckoutRecoveryService: Redis connect failed in production — refusing to boot: ECONNREFUSED unset-env[39m
2026-10-03T19:38:56.3788826Z [31m[Nest] 3285  - [39m10/03/2026, 7:38:56 PM [31m  ERROR[39m [38;5;3m[CheckoutRecoveryService] [39m[31mCheckoutRecoveryService: REDIS_URL is required in staging — refusing to boot. The in-memory single-use guard is single-process and unsafe across the Fly cluster.[39m
2026-10-03T19:38:56.4600235Z [31m[Nest] 3279  - [39m10/03/2026, 7:38:56 PM [31m  ERROR[39m [38;5;3m[CoachWelcomeService] [39m[31mcoach-welcome job=id_337 failed permanently (Error)[39m
2026-10-03T19:38:56.4638969Z [31m[Nest] 3279  - [39m10/03/2026, 7:38:56 PM [31m  ERROR[39m [38;5;3m[CoachWelcomeService] [39m[31mcoach-welcome job=id_357 failed permanently (Error)[39m
2026-10-03T19:38:56.4919804Z PASS test/engagement/coach-welcome.service.spec.ts
2026-10-03T19:38:56.5143743Z [31m[Nest] 3285  - [39m10/03/2026, 7:38:56 PM [31m  ERROR[39m [38;5;3m[CheckoutRecoveryService] [39m[31mCheckoutRecoveryService: Redis connect failed in production — refusing to boot: ECONNREFUSED staging[39m
2026-10-03T19:38:56.5193620Z [32m[Nest] 3279  - [39m10/03/2026, 7:38:56 PM [32m    LOG[39m [38;5;3m[CoachWelcomeService] [39m[32mcoach-welcome erasure sweep removed 1 row(s)[39m
2026-10-03T19:38:56.5195651Z [33m[Nest] 3279  - [39m10/03/2026, 7:38:56 PM [33m   WARN[39m [38;5;3m[CoachWelcomeService] [39m[33mcoach-welcome erasure sweep failed (Error); retrying next tick[39m
2026-10-03T19:38:56.5197619Z [32m[Nest] 3279  - [39m10/03/2026, 7:38:56 PM [32m    LOG[39m [38;5;3m[CoachWelcomeService] [39m[32mcoach-welcome job=id_268 cancelled reason=client_deleted[39m
2026-10-03T19:38:56.5199246Z [32m[Nest] 3279  - [39m10/03/2026, 7:38:56 PM [32m    LOG[39m [38;5;3m[CoachWelcomeService] [39m[32mcoach-welcome job=id_273 cancelled reason=client_deleted[39m
2026-10-03T19:38:56.5200720Z [32m[Nest] 3279  - [39m10/03/2026, 7:38:56 PM [32m    LOG[39m [38;5;3m[CoachWelcomeService] [39m[32mcoach-welcome job=id_278 cancelled reason=client_deleted[39m
2026-10-03T19:38:56.5202058Z [32m[Nest] 3279  - [39m10/03/2026, 7:38:56 PM [32m    LOG[39m [38;5;3m[CoachWelcomeService] [39m[32mcoach-welcome job=id_283 cancelled reason=detached[39m
2026-10-03T19:38:56.5203419Z [32m[Nest] 3279  - [39m10/03/2026, 7:38:56 PM [32m    LOG[39m [38;5;3m[CoachWelcomeService] [39m[32mcoach-welcome job=id_288 cancelled reason=detached[39m
2026-10-03T19:38:56.5204739Z [32m[Nest] 3279  - [39m10/03/2026, 7:38:56 PM [32m    LOG[39m [38;5;3m[CoachWelcomeService] [39m[32mcoach-welcome job=id_293 cancelled reason=blocked[39m
2026-10-03T19:38:56.5206074Z [32m[Nest] 3279  - [39m10/03/2026, 7:38:56 PM [32m    LOG[39m [38;5;3m[CoachWelcomeService] [39m[32mcoach-welcome job=id_298 cancelled reason=blocked[39m
2026-10-03T19:38:56.5224112Z [32m[Nest] 3279  - [39m10/03/2026, 7:38:56 PM [32m    LOG[39m [38;5;3m[CoachWelcomeService] [39m[32mcoach-welcome job=id_303 cancelled reason=coach_disabled[39m
2026-10-03T19:38:56.5225538Z [32m[Nest] 3279  - [39m10/03/2026, 7:38:56 PM [32m    LOG[39m [38;5;3m[CoachWelcomeService] [39m[32mcoach-welcome job=id_308 cancelled reason=expired[39m
2026-10-03T19:38:56.5226989Z [33m[Nest] 3279  - [39m10/03/2026, 7:38:56 PM [33m   WARN[39m [38;5;3m[CoachWelcomeService] [39m[33mcoach-welcome job=id_313 attempt 1 failed (Error); retrying[39m
2026-10-03T19:38:56.5252087Z [33m[Nest] 3279  - [39m10/03/2026, 7:38:56 PM [33m   WARN[39m [38;5;3m[CoachWelcomeService] [39m[33mcoach-welcome job=id_319 attempt 1 failed (Error); retrying[39m
2026-10-03T19:38:56.5253771Z [33m[Nest] 3279  - [39m10/03/2026, 7:38:56 PM [33m   WARN[39m [38;5;3m[CoachWelcomeService] [39m[33mcoach-welcome job=id_337 attempt 1 failed (Error); retrying[39m
2026-10-03T19:38:56.5255227Z [33m[Nest] 3279  - [39m10/03/2026, 7:38:56 PM [33m   WARN[39m [38;5;3m[CoachWelcomeService] [39m[33mcoach-welcome job=id_337 attempt 2 failed (Error); retrying[39m
2026-10-03T19:38:56.5256564Z [33m[Nest] 3279  - [39m10/03/2026, 7:38:56 PM [33m   WARN[39m [38;5;3m[CoachWelcomeService] [39m[33mcoach-welcome job=id_337 attempt 3 failed (Error); retrying[39m
2026-10-03T19:38:56.5258223Z [33m[Nest] 3279  - [39m10/03/2026, 7:38:56 PM [33m   WARN[39m [38;5;3m[CoachWelcomeService] [39m[33mcoach-welcome job=id_337 attempt 4 failed (Error); retrying[39m
2026-10-03T19:38:56.5259549Z [32m[Nest] 3279  - [39m10/03/2026, 7:38:56 PM [32m    LOG[39m [38;5;3m[CoachWelcomeService] [39m[32mcoach-welcome job=id_352 cancelled reason=blocked[39m
2026-10-03T19:38:56.5260922Z [33m[Nest] 3279  - [39m10/03/2026, 7:38:56 PM [33m   WARN[39m [38;5;3m[CoachWelcomeService] [39m[33mcoach-welcome job=id_357 attempt 1 failed (Error); retrying[39m
2026-10-03T19:38:56.5262597Z [33m[Nest] 3279  - [39m10/03/2026, 7:38:56 PM [33m   WARN[39m [38;5;3m[CoachWelcomeService] [39m[33mcoach-welcome job=id_357 attempt 2 failed (Error); retrying[39m
2026-10-03T19:38:56.5264052Z [33m[Nest] 3279  - [39m10/03/2026, 7:38:56 PM [33m   WARN[39m [38;5;3m[CoachWelcomeService] [39m[33mcoach-welcome job=id_357 attempt 3 failed (Error); retrying[39m
2026-10-03T19:38:56.5265434Z [33m[Nest] 3279  - [39m10/03/2026, 7:38:56 PM [33m   WARN[39m [38;5;3m[CoachWelcomeService] [39m[33mcoach-welcome job=id_357 attempt 4 failed (Error); retrying[39m
2026-10-03T19:38:56.5266766Z [32m[Nest] 3279  - [39m10/03/2026, 7:38:56 PM [32m    LOG[39m [38;5;3m[CoachWelcomeService] [39m[32mcoach-welcome erasure sweep removed 1 row(s)[39m
2026-10-03T19:38:56.5268314Z [32m[Nest] 3279  - [39m10/03/2026, 7:38:56 PM [32m    LOG[39m [38;5;3m[CoachWelcomeService] [39m[32mcoach-welcome erasure sweep removed 1 row(s)[39m
2026-10-03T19:38:56.5269798Z [33m[Nest] 3279  - [39m10/03/2026, 7:38:56 PM [33m   WARN[39m [38;5;3m[CoachWelcomeService] [39m[33mcoach-welcome erasure sweep failed (Error); retrying next tick[39m
2026-10-03T19:38:56.5271269Z [33m[Nest] 3279  - [39m10/03/2026, 7:38:56 PM [33m   WARN[39m [38;5;3m[CoachWelcomeService] [39m[33mcoach-welcome erasure sweep failed (Error); retrying next tick[39m
2026-10-03T19:38:56.5272669Z [33m[Nest] 3279  - [39m10/03/2026, 7:38:56 PM [33m   WARN[39m [38;5;3m[CoachWelcomeService] [39m[33mcoach-welcome erasure sweep failed (Error); retrying next tick[39m
2026-10-03T19:38:56.5274085Z [32m[Nest] 3279  - [39m10/03/2026, 7:38:56 PM [32m    LOG[39m [38;5;3m[CoachWelcomeService] [39m[32mcoach-welcome job=id_395 cancelled reason=coach_disabled[39m
2026-10-03T19:38:56.5275474Z [33m[Nest] 3279  - [39m10/03/2026, 7:38:56 PM [33m   WARN[39m [38;5;3m[CoachWelcomeService] [39m[33mcoach-welcome job=id_395 lease reclaimed by another worker; stopping[39m
2026-10-03T19:38:56.5277029Z [32m[Nest] 3279  - [39m10/03/2026, 7:38:56 PM [32m    LOG[39m [38;5;3m[CoachWelcomeService] [39m[32mcoach-welcome job=id_400 cancelled reason=coach_disabled[39m
2026-10-03T19:38:56.5279102Z [33m[Nest] 3279  - [39m10/03/2026, 7:38:56 PM [33m   WARN[39m [38;5;3m[CoachWelcomeService] [39m[33mcoach-welcome job=id_400 lease reclaimed by another worker; stopping[39m
2026-10-03T19:38:56.5281358Z [33m[Nest] 3279  - [39m10/03/2026, 7:38:56 PM [33m   WARN[39m [38;5;3m[CoachWelcomeService] [39m[33mcoach-welcome job=id_405 lease reclaimed by another worker; stopping[39m
2026-10-03T19:38:56.5283651Z [33m[Nest] 3279  - [39m10/03/2026, 7:38:56 PM [33m   WARN[39m [38;5;3m[CoachWelcomeService] [39m[33mcoach-welcome job=id_411 lease reclaimed by another worker; stopping[39m
2026-10-03T19:38:56.5285916Z [33m[Nest] 3279  - [39m10/03/2026, 7:38:56 PM [33m   WARN[39m [38;5;3m[CoachWelcomeService] [39m[33mcoach-welcome job=id_417 lease reclaimed by another worker; stopping[39m
2026-10-03T19:38:56.5288226Z [33m[Nest] 3279  - [39m10/03/2026, 7:38:56 PM [33m   WARN[39m [38;5;3m[CoachWelcomeService] [39m[33mcoach-welcome job=id_429 attempt 1 failed (Error); retrying[39m
2026-10-03T19:38:56.5290345Z [33m[Nest] 3279  - [39m10/03/2026, 7:38:56 PM [33m   WARN[39m [38;5;3m[CoachWelcomeService] [39m[33mcoach-welcome job=id_429 attempt 2 failed (Error); retrying[39m
2026-10-03T19:38:56.6541069Z [31m[Nest] 3285  - [39m10/03/2026, 7:38:56 PM [31m  ERROR[39m [38;5;3m[CheckoutRecoveryService] [39m[31mCheckoutRecoveryService: REDIS_URL is required in production — refusing to boot. The in-memory single-use guard is single-process and unsafe across the Fly cluster.[39m
2026-10-03T19:38:56.6590710Z [31m[Nest] 3285  - [39m10/03/2026, 7:38:56 PM [31m  ERROR[39m [38;5;3m[CheckoutRecoveryService] [39m[31mCheckoutRecoveryService: REDIS_URL is required in production — refusing to boot. The in-memory single-use guard is single-process and unsafe across the Fly cluster.[39m
2026-10-03T19:38:56.6593714Z [31m[Nest] 3285  - [39m10/03/2026, 7:38:56 PM [31m  ERROR[39m [38;5;3m[CheckoutRecoveryService] [39m[31mCheckoutRecoveryService: REDIS_URL is required in staging — refusing to boot. The in-memory single-use guard is single-process and unsafe across the Fly cluster.[39m
2026-10-03T19:38:56.6608785Z [31m[Nest] 3285  - [39m10/03/2026, 7:38:56 PM [31m  ERROR[39m [38;5;3m[CheckoutRecoveryService] [39m[31mCheckoutRecoveryService: REDIS_URL is required in <unset> — refusing to boot. The in-memory single-use guard is single-process and unsafe across the Fly cluster.[39m
2026-10-03T19:38:56.6894152Z PASS test/checkout-recovery.service.spec.ts
2026-10-03T19:38:56.7528578Z [33m[Nest] 3285  - [39m10/03/2026, 7:38:56 PM [33m   WARN[39m [38;5;3m[CheckoutRecoveryService] [39m[33mCheckoutRecoveryService: Redis unavailable in development, falling back to in-memory (dev/test only): ECONNREFUSED 127.0.0.1:6379[39m
2026-10-03T19:38:56.7540572Z [32m[Nest] 3285  - [39m10/03/2026, 7:38:56 PM [32m    LOG[39m [38;5;3m[CheckoutRecoveryService] [39m[32mCheckoutRecoveryService: REDIS_URL unset — using in-memory single-use guard (single-process, dev/test only)[39m
2026-10-03T19:38:56.7543186Z [32m[Nest] 3285  - [39m10/03/2026, 7:38:56 PM [32m    LOG[39m [38;5;3m[CheckoutRecoveryService] [39m[32mCheckoutRecoveryService: Redis client quit() OK[39m
2026-10-03T19:38:56.7545687Z [33m[Nest] 3285  - [39m10/03/2026, 7:38:56 PM [33m   WARN[39m [38;5;3m[CheckoutRecoveryService] [39m[33mCheckoutRecoveryService: Redis quit() failed or timed out, forcing disconnect: broker hung[39m
2026-10-03T19:38:56.7548498Z [33m[Nest] 3285  - [39m10/03/2026, 7:38:58 PM [33m   WARN[39m [38;5;3m[CheckoutRecoveryService] [39m[33mCheckoutRecoveryService: Redis quit() failed or timed out, forcing disconnect: quit-timeout[39m
2026-10-03T19:38:56.9904213Z PASS test/checkout-webhook-handler.spec.ts
2026-10-03T19:38:57.0680777Z [33m[Nest] 3279  - [39m10/03/2026, 7:38:56 PM [33m   WARN[39m [38;5;3m[CheckoutWebhookHandlerService] [39m[33minvoice.paid resync skipped for sub=sub_inv_skip: outer tx held without a prefetched subscription (no Stripe HTTP in tx)[39m
2026-10-03T19:38:57.1880533Z [31m[Nest] 3285  - [39m10/03/2026, 7:38:57 PM [31m  ERROR[39m [38;5;3m[AuthService] [39m[31mGOOGLE_CLIENT_ID(S) not configured — recent-auth google branch unavailable[39m
2026-10-03T19:38:57.2710362Z [33m[Nest] 3285  - [39m10/03/2026, 7:38:57 PM [33m   WARN[39m [38;5;3m[AuthService] [39m[33mrecent-auth google token verify failed for user=u-1: signature verification failed[39m
2026-10-03T19:38:57.2712297Z [33m[Nest] 3285  - [39m10/03/2026, 7:38:57 PM [33m   WARN[39m [38;5;3m[AuthService] [39m[33mrecent-auth google token verify failed for user=u-1: unexpected "iss" claim value (expected accounts.google.com)[39m
2026-10-03T19:38:58.0050329Z [33m[Nest] 3279  - [39m10/03/2026, 7:38:57 PM [33m   WARN[39m [38;5;3m[InviteCodesService] [39m[33mattach refused: user=coach-x role=coach tried to redeem a client invite code (not a student)[39m
2026-10-03T19:38:58.0150212Z [33m[Nest] 3279  - [39m10/03/2026, 7:38:57 PM [33m   WARN[39m [38;5;3m[InviteCodesService] [39m[33mattach refused: user=sub-x role=sub_coach tried to redeem a client invite code (not a student)[39m
2026-10-03T19:38:58.0178080Z [33m[Nest] 3279  - [39m10/03/2026, 7:38:57 PM [33m   WARN[39m [38;5;3m[InviteCodesService] [39m[33mattach refused: user=coach-a role=coach tried to redeem a client invite code (not a student)[39m
2026-10-03T19:38:58.0189522Z [95m[Nest] 3279  - [39m10/03/2026, 7:38:57 PM [95m  DEBUG[39m [38;5;3m[InviteCodesService] [39m[95mattach race resolved as no-op: user=stu-1 coach=coach-a[39m
2026-10-03T19:38:58.0219468Z [95m[Nest] 3279  - [39m10/03/2026, 7:38:57 PM [95m  DEBUG[39m [38;5;3m[InviteCodesService] [39m[95mattach no-op: user=stu-1 already attached to coach=coach-a[39m
2026-10-03T19:38:58.0233099Z [33m[Nest] 3279  - [39m10/03/2026, 7:38:57 PM [33m   WARN[39m [38;5;3m[InviteCodesService] [39m[33mattach refused: user=stu-1 already attached to a different coach (re-parent is not a side effect of code entry)[39m
2026-10-03T19:38:58.0274228Z [33m[Nest] 3279  - [39m10/03/2026, 7:38:57 PM [33m   WARN[39m [38;5;3m[InviteCodesService] [39m[33mattach refused: user=own-1 role=owner tried to redeem a client invite code (not a student)[39m
2026-10-03T19:38:58.0299571Z [33m[Nest] 3279  - [39m10/03/2026, 7:38:57 PM [33m   WARN[39m [38;5;3m[AuthService] [39m[33msignupWithCode invite_code attach failed for user=u-1 code=coach_not_accepting_clients: Coach is not currently accepting clients[39m
2026-10-03T19:38:58.0329797Z [33m[Nest] 3279  - [39m10/03/2026, 7:38:57 PM [33m   WARN[39m [38;5;3m[AuthService] [39m[33mgoogleAuth invite_code attach failed for user=u-1 code=already_attached_to_different_coach: You are already attached to a different coach[39m
2026-10-03T19:38:58.0359107Z [33m[Nest] 3279  - [39m10/03/2026, 7:38:57 PM [33m   WARN[39m [38;5;3m[AuthService] [39m[33mappleAuth invite_code attach failed for user=u-1 code=already_attached_to_different_coach: You are already attached to a different coach[39m
2026-10-03T19:38:58.2269659Z PASS test/invite-attach-reliability.spec.ts
2026-10-03T19:38:58.2359558Z (node:3279) [JEST-01] DeprecationWarning: 'now' property was accessed on [Function] after it was soft deleted
2026-10-03T19:38:58.2389328Z   Jest deletes objects that were set on the global scope between test files to reduce memory leaks.
2026-10-03T19:38:58.2449444Z   Currently it only "soft" deletes them and emits this warning if those objects were accessed after their deletion.
2026-10-03T19:38:58.2519208Z   In future versions of Jest, this behavior will change to "on", which will likely fail tests.
2026-10-03T19:38:58.2559172Z   You can change the behavior in your test configuration now to reduce memory usage.
2026-10-03T19:38:58.2589165Z (Use `node --trace-deprecation ...` to show where the warning was created)
2026-10-03T19:38:59.0050892Z [31m[Nest] 3279  - [39m10/03/2026, 7:38:59 PM [31m  ERROR[39m [38;5;3m[AiApprovalService] [39m[31mMaterialisation failed for draft d-coach-3 (capability=draft.coach_message): downstream messaging failure[39m
2026-10-03T19:38:59.0398457Z [31m[Nest] 3279  - [39m10/03/2026, 7:38:59 PM [31m  ERROR[39m [38;5;3m[AiApprovalService] [39m[31mMaterialisation failed for draft 11111111-1111-1111-1111-000000000001 (capability=draft.coach_message): expo push provider 503[39m
2026-10-03T19:38:59.0469873Z [31m[Nest] 3279  - [39m10/03/2026, 7:38:59 PM [31m  ERROR[39m [38;5;3m[AiApprovalService] [39m[31mMaterialisation failed for draft 11111111-1111-1111-1111-000000000001 (capability=draft.coach_message): expo push provider 503[39m
2026-10-03T19:38:59.0869473Z PASS test/ai-approval-materialiser-integration.spec.ts
2026-10-03T19:38:59.1050271Z [95m[Nest] 3279  - [39m10/03/2026, 7:38:59 PM [95m  DEBUG[39m [38;5;3m[AiApprovalService] [39m[95mNo materialiser registered for capability=draft.workout_program; proceeding with status flip only.[39m
2026-10-03T19:38:59.1052426Z [33m[Nest] 3279  - [39m10/03/2026, 7:38:59 PM [33m   WARN[39m [38;5;3m[CoachMessageMaterializer] [39m[33mCoachMessageMaterializer: race-loser poll budget exhausted for draft 11111111-1111-1111-1111-000000000002; surfacing racing state.[39m
2026-10-03T19:38:59.9491523Z PASS test/community/safety/community-ugc-round2.spec.ts
2026-10-03T19:39:00.0262960Z [33m[Nest] 3279  - [39m10/03/2026, 7:38:59 PM [33m   WARN[39m [38;5;3m[CommunityVoiceService] [39m[33mvoice note 8972180f-4ab8-4d12-a371-8080e0d9ea3f: recording removal not yet verified; erasure recorded and retried by VoiceErasureService[39m
2026-10-03T19:39:00.0264811Z [32m[Nest] 3279  - [39m10/03/2026, 7:38:59 PM [32m    LOG[39m [38;5;3m[VoiceErasureService] [39m[32mvoice erasure retry: completed=1 pending=0[39m
2026-10-03T19:39:00.0266666Z [33m[Nest] 3279  - [39m10/03/2026, 7:38:59 PM [33m   WARN[39m [38;5;3m[CommunityModerationService] [39m[33mvoice erasure bf190763-061f-4d07-bbcc-03cb198420bf (object) not yet verified after 1 attempt(s): storage_remove_failed; retry scheduled[39m
2026-10-03T19:39:00.0269273Z [33m[Nest] 3279  - [39m10/03/2026, 7:38:59 PM [33m   WARN[39m [38;5;3m[CommunityModerationService] [39m[33mmoderation c051b1ac-927c-4808-9bb9-1d37991f185c: voice recording removal not yet verified; erasure recorded and retried[39m
2026-10-03T19:39:00.0299809Z [32m[Nest] 3279  - [39m10/03/2026, 7:38:59 PM [32m    LOG[39m [38;5;3m[VoiceErasureService] [39m[32mvoice erasure retry: completed=1 pending=0[39m
2026-10-03T19:39:00.0350260Z [33m[Nest] 3279  - [39m10/03/2026, 7:38:59 PM [33m   WARN[39m [38;5;3m[CommunityVoiceService] [39m[33mvoice note af955694-5e12-4874-9ecf-d2158f1dad52: recording removal not yet verified; erasure recorded and retried by VoiceErasureService[39m
2026-10-03T19:39:00.0388399Z [33m[Nest] 3279  - [39m10/03/2026, 7:38:59 PM [33m   WARN[39m [38;5;3m[CommunityVoiceService] [39m[33mvoice note 9627da8d-4a9f-4701-a915-d85274d9f9a6: recording removal not yet verified; erasure recorded and retried by VoiceErasureService[39m
2026-10-03T19:39:00.0439490Z [32m[Nest] 3279  - [39m10/03/2026, 7:38:59 PM [32m    LOG[39m [38;5;3m[VoiceErasureService] [39m[32mvoice erasure retry: completed=1 pending=0[39m
2026-10-03T19:39:00.5413189Z [31m[Nest] 3285  - [39m10/03/2026, 7:39:00 PM [31m  ERROR[39m [38;5;3m[AuthService] [39m[31mRECENT_AUTH_SECRET is not configured or shorter than 32 characters — recent-auth token issue blocked[39m
2026-10-03T19:39:00.5559212Z PASS test/auth-recent-auth-token.spec.ts
2026-10-03T19:39:00.6401133Z [33m[Nest] 3285  - [39m10/03/2026, 7:39:11 PM [33m   WARN[39m [38;5;3m[AuthService] [39m[33mrecent-auth supabase timeout: AUTH_TIMEOUT:signInWithPassword[39m
2026-10-03T19:39:00.6429859Z [33m[Nest] 3285  - [39m10/03/2026, 7:39:11 PM [33m   WARN[39m [38;5;3m[AuthService] [39m[33mrecent-auth supabase timeout: AUTH_TIMEOUT:signInWithIdToken[39m
2026-10-03T19:39:01.3519613Z PASS test/account-deletion/lifecycle-races.spec.ts
2026-10-03T19:39:02.1309938Z PASS test/coach-media.service.spec.ts
2026-10-03T19:39:02.2094156Z [33m[Nest] 3279  - [39m10/03/2026, 7:39:02 PM [33m   WARN[39m [38;5;3m[CoachMediaService] [39m[33mTenant mismatch on buyer signed-URL: grant grant-1 purchase.coach=coach-2 asset.coach=coach-1[39m
2026-10-03T19:39:02.8775342Z [31m[Nest] 3279  - [39m10/03/2026, 7:39:02 PM [31m  ERROR[39m [38;5;3m[ProgramLibraryService] [39m[31mbulkAssign: master=master-1 client=c1 reference=da9c572c-888e-456a-9037-aff5a6f4d19b failed: db down[39m
2026-10-03T19:39:02.9176068Z PASS test/mwb-program-library.service.spec.ts
2026-10-03T19:39:03.2042199Z PASS test/common/pilot-coach-allowlist.bootstrap.spec.ts
2026-10-03T19:39:03.5709416Z PASS test/roman/roman-client-context.spec.ts
2026-10-03T19:39:03.8218721Z PASS test/community/ai-triage/ai-triage.service.spec.ts
2026-10-03T19:39:03.8494300Z [95m[Nest] 3285  - [39m10/03/2026, 7:39:03 PM [95m  DEBUG[39m [38;5;3m[AiTriageService] [39m[95mtriage generated coach=c0000000-0000-4000-8000-000000000001 items=2 model=test-model prompt=community-inbox-triage-v1[39m
2026-10-03T19:39:03.8530779Z [95m[Nest] 3285  - [39m10/03/2026, 7:39:03 PM [95m  DEBUG[39m [38;5;3m[AiTriageService] [39m[95mtriage generated coach=c0000000-0000-4000-8000-000000000001 items=1 model=test-model prompt=community-inbox-triage-v1[39m
2026-10-03T19:39:03.8533077Z [95m[Nest] 3285  - [39m10/03/2026, 7:39:03 PM [95m  DEBUG[39m [38;5;3m[AiTriageService] [39m[95mtriage generated coach=c0000000-0000-4000-8000-000000000001 items=1 model=test-model prompt=community-inbox-triage-v1[39m
2026-10-03T19:39:03.8534990Z [33m[Nest] 3285  - [39m10/03/2026, 7:39:03 PM [33m   WARN[39m [38;5;3m[AiTriageService] [39m[33mtriage LLM failed/timed out coach=c0000000-0000-4000-8000-000000000001: provider down[39m
2026-10-03T19:39:03.8536950Z [95m[Nest] 3285  - [39m10/03/2026, 7:39:03 PM [95m  DEBUG[39m [38;5;3m[AiTriageService] [39m[95mtriage generated coach=c0000000-0000-4000-8000-000000000001 items=0 model=test-model prompt=community-inbox-triage-v1[39m
2026-10-03T19:39:03.8539532Z [33m[Nest] 3285  - [39m10/03/2026, 7:39:03 PM [33m   WARN[39m [38;5;3m[AiTriageService] [39m[33mtriage output invalid after repair coach=c0000000-0000-4000-8000-000000000001 — triage unavailable[39m
2026-10-03T19:39:03.8561374Z [33m[Nest] 3285  - [39m10/03/2026, 7:39:03 PM [33m   WARN[39m [38;5;3m[AiTriageService] [39m[33mtriage repair failed coach=c0000000-0000-4000-8000-000000000001: timeout[39m
2026-10-03T19:39:03.8564021Z [33m[Nest] 3285  - [39m10/03/2026, 7:39:03 PM [33m   WARN[39m [38;5;3m[AiTriageService] [39m[33mtriage LLM failed/timed out coach=c0000000-0000-4000-8000-000000000001: AI help is turned off for this request because of a problem on our side. Your account and privacy settings are fine. Contact support at Bradleyapple1031@gmail.com and include the reference shown with this message so we can fix it.[39m
2026-10-03T19:39:03.8645756Z [95m[Nest] 3285  - [39m10/03/2026, 7:39:03 PM [95m  DEBUG[39m [38;5;3m[AiTriageService] [39m[95mtriage generated coach=c0000000-0000-4000-8000-000000000001 items=1 model=test-model prompt=community-inbox-triage-v1[39m
2026-10-03T19:39:03.8647310Z [95m[Nest] 3285  - [39m10/03/2026, 7:39:03 PM [95m  DEBUG[39m [38;5;3m[AiTriageService] [39m[95mtriage cache HIT coach=c0000000-0000-4000-8000-000000000001[39m
2026-10-03T19:39:03.8649120Z [95m[Nest] 3285  - [39m10/03/2026, 7:39:03 PM [95m  DEBUG[39m [38;5;3m[AiTriageService] [39m[95mtriage generated coach=c0000000-0000-4000-8000-000000000001 items=1 model=test-model prompt=community-inbox-triage-v1[39m
2026-10-03T19:39:03.8650944Z [95m[Nest] 3285  - [39m10/03/2026, 7:39:03 PM [95m  DEBUG[39m [38;5;3m[AiTriageService] [39m[95mtriage generated coach=c0000000-0000-4000-8000-000000000001 items=1 model=test-model prompt=community-inbox-triage-v1[39m
2026-10-03T19:39:03.8652754Z [95m[Nest] 3285  - [39m10/03/2026, 7:39:03 PM [95m  DEBUG[39m [38;5;3m[AiTriageService] [39m[95mtriage generated coach=c0000000-0000-4000-8000-000000000001 items=1 model=test-model prompt=community-inbox-triage-v1[39m
2026-10-03T19:39:03.8654496Z [33m[Nest] 3285  - [39m10/03/2026, 7:39:03 PM [33m   WARN[39m [38;5;3m[AiTriageService] [39m[33mtriage output invalid after repair coach=c0000000-0000-4000-8000-000000000001 — triage unavailable[39m
2026-10-03T19:39:03.8656157Z [33m[Nest] 3285  - [39m10/03/2026, 7:39:03 PM [33m   WARN[39m [38;5;3m[AiTriageService] [39m[33mtriage output invalid after repair coach=c0000000-0000-4000-8000-000000000001 — triage unavailable[39m
2026-10-03T19:39:03.8658090Z [95m[Nest] 3285  - [39m10/03/2026, 7:39:03 PM [95m  DEBUG[39m [38;5;3m[AiTriageService] [39m[95mtriage generated coach=c0000000-0000-4000-8000-000000000001 items=2 model=test-model prompt=community-inbox-triage-v1[39m
2026-10-03T19:39:03.8670478Z [95m[Nest] 3285  - [39m10/03/2026, 7:39:03 PM [95m  DEBUG[39m [38;5;3m[AiTriageService] [39m[95mtriage generated coach=c0000000-0000-4000-8000-000000000001 items=2 model=test-model prompt=community-inbox-triage-v1[39m
2026-10-03T19:39:03.8672420Z [95m[Nest] 3285  - [39m10/03/2026, 7:39:03 PM [95m  DEBUG[39m [38;5;3m[AiTriageService] [39m[95mtriage generated coach=c0000000-0000-4000-8000-000000000001 items=1 model=test-model prompt=community-inbox-triage-v1[39m
2026-10-03T19:39:03.8674310Z [95m[Nest] 3285  - [39m10/03/2026, 7:39:03 PM [95m  DEBUG[39m [38;5;3m[AiTriageService] [39m[95mtriage generated coach=c0000000-0000-4000-8000-000000000001 items=2 model=test-model prompt=community-inbox-triage-v1[39m
2026-10-03T19:39:03.8676178Z [95m[Nest] 3285  - [39m10/03/2026, 7:39:03 PM [95m  DEBUG[39m [38;5;3m[AiTriageService] [39m[95mtriage generated coach=c0000000-0000-4000-8000-000000000001 items=1 model=test-model prompt=community-inbox-triage-v1[39m
2026-10-03T19:39:03.8708302Z [32m[Nest] 3285  - [39m10/03/2026, 7:39:03 PM [32m    LOG[39m [38;5;3m[AiTriageService] [39m[32mtriage consent changed before send coach=c0000000-0000-4000-8000-000000000001; re-filtering once[39m
2026-10-03T19:39:03.8710732Z [95m[Nest] 3285  - [39m10/03/2026, 7:39:03 PM [95m  DEBUG[39m [38;5;3m[AiTriageService] [39m[95mtriage generated coach=c0000000-0000-4000-8000-000000000001 items=1 model=test-model prompt=community-inbox-triage-v1[39m
2026-10-03T19:39:03.8712505Z [32m[Nest] 3285  - [39m10/03/2026, 7:39:03 PM [32m    LOG[39m [38;5;3m[AiTriageService] [39m[32mtriage consent changed before send coach=c0000000-0000-4000-8000-000000000001; re-filtering once[39m
2026-10-03T19:39:03.8714496Z [33m[Nest] 3285  - [39m10/03/2026, 7:39:03 PM [33m   WARN[39m [38;5;3m[AiTriageService] [39m[33mtriage LLM failed/timed out coach=c0000000-0000-4000-8000-000000000001: This client hasn't allowed AI help yet. They can turn it on in their app under Settings > Privacy.[39m
2026-10-03T19:39:03.8716280Z [33m[Nest] 3285  - [39m10/03/2026, 7:39:03 PM [33m   WARN[39m [38;5;3m[AiEgressService] [39m[33mai_egress.consent_read_failed (treated as no grant)[39m
2026-10-03T19:39:04.0459169Z PASS test/e2e-saas-smoke.spec.ts
2026-10-03T19:39:04.1269489Z [33m[Nest] 3279  - [39m10/03/2026, 7:39:04 PM [33m   WARN[39m [38;5;3m[InviteCodesService] [39m[33mattach refused: user=owner-1 role=owner tried to redeem a client invite code (not a student)[39m
2026-10-03T19:39:04.1271285Z [33m[Nest] 3279  - [39m10/03/2026, 7:39:04 PM [33m   WARN[39m [38;5;3m[ClientAIContextService] [39m[33mbuildFresh called for unknown userId=ghost[39m
2026-10-03T19:39:04.1273069Z [33m[Nest] 3279  - [39m10/03/2026, 7:39:04 PM [33m   WARN[39m [38;5;3m[SubscriptionGuard] [39m[33m[enforce] coach=c state=past_due reason=past_due_grace_expired route=unknown unknown[39m
2026-10-03T19:39:04.1274653Z [33m[Nest] 3279  - [39m10/03/2026, 7:39:04 PM [33m   WARN[39m [38;5;3m[SubscriptionGuard] [39m[33m[enforce] coach=c state=free reason=tier_too_low route=unknown unknown[39m
2026-10-03T19:39:04.3289363Z PASS test/landing-pages.service.spec.ts
2026-10-03T19:39:04.4846234Z PASS test/churn-intervention.service.spec.ts
2026-10-03T19:39:04.5503521Z [33m[Nest] 3279  - [39m10/03/2026, 7:39:04 PM [33m   WARN[39m [38;5;3m[ChurnInterventionService] [39m[33mChurn draft generation failed coach=c1 client=u1: Internal Anthropic-specific error mentioning ANTHROPIC_API_KEY[39m
2026-10-03T19:39:04.5505632Z [32m[Nest] 3279  - [39m10/03/2026, 7:39:04 PM [32m    LOG[39m [38;5;3m[AiEgressService] [39m[32mai_egress.refused surface=coach.churn_draft reason=no_live_grant clients=1 missing=1[39m
2026-10-03T19:39:04.5507196Z [32m[Nest] 3279  - [39m10/03/2026, 7:39:04 PM [32m    LOG[39m [38;5;3m[AiEgressService] [39m[32mai_egress.refused surface=coach.churn_draft reason=no_live_grant clients=1 missing=1[39m
2026-10-03T19:39:04.5509130Z [33m[Nest] 3279  - [39m10/03/2026, 7:39:04 PM [33m   WARN[39m [38;5;3m[ChurnInterventionService] [39m[33mChurn draft generation failed coach=c1 client=u1: ai_egress_refused[39m
2026-10-03T19:39:04.5510579Z [33m[Nest] 3279  - [39m10/03/2026, 7:39:04 PM [33m   WARN[39m [38;5;3m[AiEgressService] [39m[33mai_egress.consent_read_failed (treated as no grant)[39m
2026-10-03T19:39:04.5511876Z [32m[Nest] 3279  - [39m10/03/2026, 7:39:04 PM [32m    LOG[39m [38;5;3m[AiEgressService] [39m[32mai_egress.refused surface=coach.churn_draft reason=no_live_grant clients=1 missing=1[39m
2026-10-03T19:39:04.8241969Z [32m[Nest] 3279  - [39m10/03/2026, 7:39:04 PM [32m    LOG[39m [38;5;3m[CoachAIBudgetService] [39mObject(6) {
2026-10-03T19:39:04.8259596Z   event: [32m'COACH_AI_FREE_GRANT'[39m,
2026-10-03T19:39:04.8288980Z   coachId: [32m'coach-1'[39m,
2026-10-03T19:39:04.8318847Z   displayedCents: [33m5000[39m,
2026-10-03T19:39:04.8346831Z   actorOwnerId: [32m'owner-9'[39m,
2026-10-03T19:39:04.8366316Z   reason: [32m'goodwill'[39m,
2026-10-03T19:39:04.8366838Z   purchaseId: [32m'p_1'[39m
2026-10-03T19:39:04.8367168Z }
2026-10-03T19:39:04.8368089Z [32m[Nest] 3279  - [39m10/03/2026, 7:39:04 PM [32m    LOG[39m [38;5;3m[CoachAIBudgetService] [39m[32mfree credit grant[39m
2026-10-03T19:39:04.8369606Z [33m[Nest] 3279  - [39m10/03/2026, 7:39:04 PM [33m   WARN[39m [38;5;3m[CoachAiCreditPackService] [39mObject(5) {
2026-10-03T19:39:04.8370345Z   event: [32m'COACH_AI_PACK_AMOUNT_TOTAL_DIVERGENCE'[39m,
2026-10-03T19:39:04.8370877Z   stripeEventId: [32m'evt_tax_1'[39m,
2026-10-03T19:39:04.8371337Z   stripeSessionId: [32m'cs_tax'[39m,
2026-10-03T19:39:04.8371773Z   ccppPaidCents: [33m2500[39m,
2026-10-03T19:39:04.8372223Z   stripeAmountTotal: [33m2706[39m
2026-10-03T19:39:04.8372569Z }
2026-10-03T19:39:04.8373740Z [33m[Nest] 3279  - [39m10/03/2026, 7:39:04 PM [33m   WARN[39m [38;5;3m[CoachAiCreditPackService] [39m[33mStripe amount_total differs from pre-recorded paid_cents; crediting face-value tier amount[39m
2026-10-03T19:39:04.8375221Z [33m[Nest] 3279  - [39m10/03/2026, 7:39:04 PM [33m   WARN[39m [38;5;3m[CoachAiCreditPackService] [39mObject(3) {
2026-10-03T19:39:04.8385843Z   event: [32m'COACH_AI_PACK_WEBHOOK_NO_PENDING_ROW'[39m,
2026-10-03T19:39:04.8386426Z   stripeEventId: [32m'evt_stray'[39m,
2026-10-03T19:39:04.8386874Z   stripeSessionId: [32m'cs_stray'[39m
2026-10-03T19:39:04.8387256Z }
2026-10-03T19:39:04.8388366Z [33m[Nest] 3279  - [39m10/03/2026, 7:39:04 PM [33m   WARN[39m [38;5;3m[CoachAiCreditPackService] [39m[33mpack webhook arrived without matching pending purchase row[39m
2026-10-03T19:39:04.8389426Z [33m[Nest] 3279  - [39m10/03/2026, 7:39:04 PM [33m   WARN[39m [38;5;3m[CoachAIBudgetService] [39mObject(8) {
2026-10-03T19:39:04.8390114Z   event: [32m'COACH_AI_BUDGET_RACE_OVERSHOOT'[39m,
2026-10-03T19:39:04.8390625Z   coachId: [32m'coach-rolled'[39m,
2026-10-03T19:39:04.8391028Z   capability: [32m'client_chat'[39m,
2026-10-03T19:39:04.8391426Z   contextId: [1mnull[22m,
2026-10-03T19:39:04.8391800Z   actualCostCents: [33m10[39m,
2026-10-03T19:39:04.8392180Z   ceilingCents: [33m4000[39m,
2026-10-03T19:39:04.8392554Z   actualUsedCents: [33m0[39m,
2026-10-03T19:39:04.8393000Z   periodEnd: [32m'2026-10-03T19:38:04.773Z'[39m
2026-10-03T19:39:04.8393344Z }
2026-10-03T19:39:04.8394191Z [33m[Nest] 3279  - [39m10/03/2026, 7:39:04 PM [33m   WARN[39m [38;5;3m[CoachAIBudgetService] [39m[33mbudget race overshoot — charge could not be absorbed[39m
2026-10-03T19:39:04.8395265Z [32m[Nest] 3279  - [39m10/03/2026, 7:39:04 PM [32m    LOG[39m [38;5;3m[CoachAIBudgetService] [39mObject(4) {
2026-10-03T19:39:04.8395868Z   event: [32m'SUB_COACH_HEAD_REATTRIBUTED'[39m,
2026-10-03T19:39:04.8396289Z   subCoachId: [32m'sub-1'[39m,
2026-10-03T19:39:04.8396702Z   oldHeadCoachId: [32m'head-A'[39m,
2026-10-03T19:39:04.8397114Z   newHeadCoachId: [32m'head-B'[39m
2026-10-03T19:39:04.8397454Z }
2026-10-03T19:39:04.8398461Z [32m[Nest] 3279  - [39m10/03/2026, 7:39:04 PM [32m    LOG[39m [38;5;3m[CoachAIBudgetService] [39m[32msub-coach head-coach attribution changed[39m
2026-10-03T19:39:04.8421984Z PASS test/ai-credits-round1-fixes.spec.ts
2026-10-03T19:39:04.9603124Z PASS test/scout/reconciliation/facts.service.coverage.spec.ts
2026-10-03T19:39:05.4387718Z [31m[Nest] 3279  - [39m10/03/2026, 7:39:05 PM [31m  ERROR[39m [38;5;3m[RomanService] [39m[31mroman.context_builder_missing[39m
2026-10-03T19:39:05.4653425Z [31m[Nest] 3279  - [39m10/03/2026, 7:39:05 PM [31m  ERROR[39m [38;5;3m[RomanService] [39m[31mroman.context_builder_missing[39m
2026-10-03T19:39:05.4703738Z [31m[Nest] 3279  - [39m10/03/2026, 7:39:05 PM [31m  ERROR[39m [38;5;3m[RomanService] [39m[31mroman.context_builder_missing[39m
2026-10-03T19:39:05.4749426Z [31m[Nest] 3279  - [39m10/03/2026, 7:39:05 PM [31m  ERROR[39m [38;5;3m[RomanService] [39m[31mroman.context_builder_missing[39m
2026-10-03T19:39:05.4756333Z [31m[Nest] 3279  - [39m10/03/2026, 7:39:05 PM [31m  ERROR[39m [38;5;3m[RomanService] [39m[31mroman.context_builder_missing[39m
2026-10-03T19:39:05.4777013Z [31m[Nest] 3279  - [39m10/03/2026, 7:39:05 PM [31m  ERROR[39m [38;5;3m[RomanService] [39m[31mroman.context_builder_missing[39m
2026-10-03T19:39:05.4842251Z [31m[Nest] 3279  - [39m10/03/2026, 7:39:05 PM [31m  ERROR[39m [38;5;3m[RomanService] [39m[31mroman.context_builder_missing[39m
2026-10-03T19:39:05.4996520Z PASS test/ai-execution-stream2.spec.ts
2026-10-03T19:39:05.5242212Z PASS test/roman/roman-streaming.spec.ts
2026-10-03T19:39:05.5295275Z [33m[Nest] 3285  - [39m10/03/2026, 7:39:05 PM [33m   WARN[39m [38;5;3m[AssignWorkoutMaterializer] [39mObject(5) {
2026-10-03T19:39:05.5296105Z   event: [32m'AI_MATERIALISER_ROLE_REJECTED'[39m,
2026-10-03T19:39:05.5296702Z   capability: [32m'draft.assign_workout'[39m,
2026-10-03T19:39:05.5297316Z   draftId: [32m'55555555-5555-5555-5555-555555555555'[39m,
2026-10-03T19:39:05.5297824Z   requesterId: [32m'11111111-1111-1111-1111-111111111111'[39m,
2026-10-03T19:39:05.5298983Z   requesterRole: [32m'client'[39m
2026-10-03T19:39:05.5299337Z }
2026-10-03T19:39:05.5300375Z [33m[Nest] 3285  - [39m10/03/2026, 7:39:05 PM [33m   WARN[39m [38;5;3m[AssignWorkoutMaterializer] [39m[33mmaterialiser refused: draft requester is not coach/owner at approval time[39m
2026-10-03T19:39:05.5302661Z [33m[Nest] 3285  - [39m10/03/2026, 7:39:05 PM [33m   WARN[39m [38;5;3m[AssignWorkoutMaterializer] [39m[33mAssignWorkoutMaterializer: payload validation failed for draft 55555555-5555-5555-5555-555555555555: [
2026-10-03T19:39:05.5303591Z   {
2026-10-03T19:39:05.5303883Z     "origin": "string",
2026-10-03T19:39:05.5304218Z     "code": "invalid_format",
2026-10-03T19:39:05.5304581Z     "format": "guid",
2026-10-03T19:39:05.5305096Z     "pattern": "/^([0-9a-fA-F]{8}-[0-9a-fA-F]{4}-[0-9a-fA-F]{4}-[0-9a-fA-F]{4}-[0-9a-fA-F]{12})$/",
2026-10-03T19:39:05.5305605Z     "path": [
2026-10-03T19:39:05.5305909Z       "workoutPlanId"
2026-10-03T19:39:05.5306230Z     ],
2026-10-03T19:39:05.5306568Z     "message": "workoutPlanId must be a UUID"
2026-10-03T19:39:05.5306936Z   }
2026-10-03T19:39:05.5307282Z ][39m
2026-10-03T19:39:05.5308753Z [32m[Nest] 3279  - [39m10/03/2026, 7:39:05 PM [32m    LOG[39m [38;5;3m[RomanService] [39m[32mroman.turn session=sess_1 prompt_version=roman-client-v3 router=normal model_call=true rewritten=false guardrails_applied=[] context=unavailable[39m
2026-10-03T19:39:05.5310332Z [33m[Nest] 3285  - [39m10/03/2026, 7:39:05 PM [33m   WARN[39m [38;5;3m[AssignMealPlanMaterializer] [39mObject(5) {
2026-10-03T19:39:05.5311020Z   event: [32m'AI_MATERIALISER_ROLE_REJECTED'[39m,
2026-10-03T19:39:05.5311515Z   capability: [32m'draft.assign_meal_plan'[39m,
2026-10-03T19:39:05.5312041Z   draftId: [32m'55555555-5555-5555-5555-555555555555'[39m,
2026-10-03T19:39:05.5312633Z   requesterId: [32m'11111111-1111-1111-1111-111111111111'[39m,
2026-10-03T19:39:05.5313175Z   requesterRole: [32m'client'[39m
2026-10-03T19:39:05.5313547Z }
2026-10-03T19:39:05.5314635Z [33m[Nest] 3285  - [39m10/03/2026, 7:39:05 PM [33m   WARN[39m [38;5;3m[AssignMealPlanMaterializer] [39m[33mmaterialiser refused: draft requester is not coach/owner at approval time[39m
2026-10-03T19:39:05.5315933Z [33m[Nest] 3285  - [39m10/03/2026, 7:39:05 PM [33m   WARN[39m [38;5;3m[SendNotificationMaterializer] [39mObject(5) {
2026-10-03T19:39:05.5316640Z   event: [32m'AI_MATERIALISER_ROLE_REJECTED'[39m,
2026-10-03T19:39:05.5317149Z   capability: [32m'draft.send_notification'[39m,
2026-10-03T19:39:05.5317701Z   draftId: [32m'55555555-5555-5555-5555-555555555555'[39m,
2026-10-03T19:39:05.5318660Z   requesterId: [32m'11111111-1111-1111-1111-111111111111'[39m,
2026-10-03T19:39:05.5319198Z   requesterRole: [32m'client'[39m
2026-10-03T19:39:05.5319565Z }
2026-10-03T19:39:05.5320667Z [33m[Nest] 3285  - [39m10/03/2026, 7:39:05 PM [33m   WARN[39m [38;5;3m[SendNotificationMaterializer] [39m[33mmaterialiser refused: draft requester is not coach/owner at approval time[39m
2026-10-03T19:39:05.5322525Z [32m[Nest] 3279  - [39m10/03/2026, 7:39:05 PM [32m    LOG[39m [38;5;3m[RomanService] [39m[32mroman.turn session=sess_1 prompt_version=roman-client-v3 router=normal model_call=true rewritten=false guardrails_applied=[] context=unavailable[39m
2026-10-03T19:39:05.5324195Z [33m[Nest] 3285  - [39m10/03/2026, 7:39:05 PM [33m   WARN[39m [38;5;3m[AiGatewayService] [39mObject(6) {
2026-10-03T19:39:05.5324916Z   event: [32m'AI_GATEWAY_DRAFT_ROLE_REJECTED'[39m,
2026-10-03T19:39:05.5325459Z   capability: [32m'draft.coach_message'[39m,
2026-10-03T19:39:05.5325964Z   requesterId: [32m'u-1'[39m,
2026-10-03T19:39:05.5326389Z   requesterRole: [32m'client'[39m,
2026-10-03T19:39:05.5326814Z   subjectUserId: [1mnull[22m,
2026-10-03T19:39:05.5327215Z   ip: [1mnull[22m
2026-10-03T19:39:05.5327526Z }
2026-10-03T19:39:05.5328617Z [33m[Nest] 3285  - [39m10/03/2026, 7:39:05 PM [33m   WARN[39m [38;5;3m[AiGatewayService] [39m[33mdraft capability draft.coach_message refused for role=client[39m
2026-10-03T19:39:05.5330812Z [32m[Nest] 3279  - [39m10/03/2026, 7:39:05 PM [32m    LOG[39m [38;5;3m[RomanService] [39m[32mroman.turn session=sess_1 prompt_version=roman-client-v3 router=normal model_call=true rewritten=false guardrails_applied=[] context=unavailable[39m
2026-10-03T19:39:05.5332143Z [33m[Nest] 3285  - [39m10/03/2026, 7:39:05 PM [33m   WARN[39m [38;5;3m[AiGatewayService] [39mObject(6) {
2026-10-03T19:39:05.5332769Z   event: [32m'AI_GATEWAY_DRAFT_ROLE_REJECTED'[39m,
2026-10-03T19:39:05.5333284Z   capability: [32m'draft.assign_workout'[39m,
2026-10-03T19:39:05.5333837Z   requesterId: [32m'u-1'[39m,
2026-10-03T19:39:05.5334285Z   requesterRole: [32m'client'[39m,
2026-10-03T19:39:05.5334739Z   subjectUserId: [1mnull[22m,
2026-10-03T19:39:05.5335119Z   ip: [1mnull[22m
2026-10-03T19:39:05.5335435Z }
2026-10-03T19:39:05.5336385Z [33m[Nest] 3285  - [39m10/03/2026, 7:39:05 PM [33m   WARN[39m [38;5;3m[AiGatewayService] [39m[33mdraft capability draft.assign_workout refused for role=client[39m
2026-10-03T19:39:05.5337591Z [33m[Nest] 3285  - [39m10/03/2026, 7:39:05 PM [33m   WARN[39m [38;5;3m[AiGatewayService] [39mObject(6) {
2026-10-03T19:39:05.5338524Z   event: [32m'AI_GATEWAY_DRAFT_ROLE_REJECTED'[39m,
2026-10-03T19:39:05.5339040Z   capability: [32m'draft.assign_meal_plan'[39m,
2026-10-03T19:39:05.5339522Z   requesterId: [32m'u-1'[39m,
2026-10-03T19:39:05.5339932Z   requesterRole: [32m'client'[39m,
2026-10-03T19:39:05.5340367Z   subjectUserId: [1mnull[22m,
2026-10-03T19:39:05.5340763Z   ip: [1mnull[22m
2026-10-03T19:39:05.5341076Z }
2026-10-03T19:39:05.5342011Z [33m[Nest] 3285  - [39m10/03/2026, 7:39:05 PM [33m   WARN[39m [38;5;3m[AiGatewayService] [39m[33mdraft capability draft.assign_meal_plan refused for role=client[39m
2026-10-03T19:39:05.5343208Z [33m[Nest] 3285  - [39m10/03/2026, 7:39:05 PM [33m   WARN[39m [38;5;3m[AiGatewayService] [39mObject(6) {
2026-10-03T19:39:05.5343900Z   event: [32m'AI_GATEWAY_DRAFT_ROLE_REJECTED'[39m,
2026-10-03T19:39:05.5344480Z   capability: [32m'draft.send_notification'[39m,
2026-10-03T19:39:05.5344972Z   requesterId: [32m'u-1'[39m,
2026-10-03T19:39:05.5345367Z   requesterRole: [32m'client'[39m,
2026-10-03T19:39:05.5345813Z   subjectUserId: [1mnull[22m,
2026-10-03T19:39:05.5346190Z   ip: [1mnull[22m
2026-10-03T19:39:05.5346606Z }
2026-10-03T19:39:05.5347585Z [33m[Nest] 3285  - [39m10/03/2026, 7:39:05 PM [33m   WARN[39m [38;5;3m[AiGatewayService] [39m[33mdraft capability draft.send_notification refused for role=client[39m
2026-10-03T19:39:05.5349596Z [32m[Nest] 3279  - [39m10/03/2026, 7:39:05 PM [32m    LOG[39m [38;5;3m[RomanService] [39m[32mroman.turn session=sess_1 prompt_version=roman-client-v3 router=normal model_call=true rewritten=false guardrails_applied=[] context=unavailable[39m
2026-10-03T19:39:05.5351028Z [33m[Nest] 3285  - [39m10/03/2026, 7:39:05 PM [33m   WARN[39m [38;5;3m[AiGatewayService] [39mObject(6) {
2026-10-03T19:39:05.5351686Z   event: [32m'AI_GATEWAY_DRAFT_ROLE_REJECTED'[39m,
2026-10-03T19:39:05.5352227Z   capability: [32m'draft.create_workout_plan'[39m,
2026-10-03T19:39:05.5352706Z   requesterId: [32m'u-1'[39m,
2026-10-03T19:39:05.5353137Z   requesterRole: [32m'client'[39m,
2026-10-03T19:39:05.5353544Z   subjectUserId: [1mnull[22m,
2026-10-03T19:39:05.5353877Z   ip: [1mnull[22m
2026-10-03T19:39:05.5354184Z }
2026-10-03T19:39:05.5355440Z [33m[Nest] 3285  - [39m10/03/2026, 7:39:05 PM [33m   WARN[39m [38;5;3m[AiGatewayService] [39m[33mdraft capability draft.create_workout_plan refused for role=client[39m
2026-10-03T19:39:05.5356610Z [33m[Nest] 3285  - [39m10/03/2026, 7:39:05 PM [33m   WARN[39m [38;5;3m[AiGatewayService] [39mObject(6) {
2026-10-03T19:39:05.5357306Z   event: [32m'AI_GATEWAY_DRAFT_ROLE_REJECTED'[39m,
2026-10-03T19:39:05.5357848Z   capability: [32m'draft.edit_workout_plan'[39m,
2026-10-03T19:39:05.5358626Z   requesterId: [32m'u-1'[39m,
2026-10-03T19:39:05.5359068Z   requesterRole: [32m'client'[39m,
2026-10-03T19:39:05.5359622Z   subjectUserId: [1mnull[22m,
2026-10-03T19:39:05.5360019Z   ip: [1mnull[22m
2026-10-03T19:39:05.5360339Z }
2026-10-03T19:39:05.5361356Z [33m[Nest] 3285  - [39m10/03/2026, 7:39:05 PM [33m   WARN[39m [38;5;3m[AiGatewayService] [39m[33mdraft capability draft.edit_workout_plan refused for role=client[39m
2026-10-03T19:39:05.5363206Z [32m[Nest] 3279  - [39m10/03/2026, 7:39:05 PM [32m    LOG[39m [38;5;3m[RomanService] [39m[32mroman.turn session=sess_1 prompt_version=roman-client-v3 router=normal model_call=true rewritten=false guardrails_applied=[] context=unavailable[39m
2026-10-03T19:39:05.5364380Z [33m[Nest] 3285  - [39m10/03/2026, 7:39:05 PM [33m   WARN[39m [38;5;3m[AiGatewayService] [39mObject(6) {
2026-10-03T19:39:05.5365027Z   event: [32m'AI_GATEWAY_DRAFT_ROLE_REJECTED'[39m,
2026-10-03T19:39:05.5365507Z   capability: [32m'draft.assign_workout'[39m,
2026-10-03T19:39:05.5365926Z   requesterId: [32m'u-1'[39m,
2026-10-03T19:39:05.5366325Z   requesterRole: [32m'student'[39m,
2026-10-03T19:39:05.5366752Z   subjectUserId: [1mnull[22m,
2026-10-03T19:39:05.5367113Z   ip: [1mnull[22m
2026-10-03T19:39:05.5367411Z }
2026-10-03T19:39:05.5368626Z [33m[Nest] 3285  - [39m10/03/2026, 7:39:05 PM [33m   WARN[39m [38;5;3m[AiGatewayService] [39m[33mdraft capability draft.assign_workout refused for role=student[39m
2026-10-03T19:39:05.5369703Z [33m[Nest] 3285  - [39m10/03/2026, 7:39:05 PM [33m   WARN[39m [38;5;3m[AiGatewayService] [39mObject(6) {
2026-10-03T19:39:05.5370315Z   event: [32m'AI_GATEWAY_DRAFT_ROLE_REJECTED'[39m,
2026-10-03T19:39:05.5370826Z   capability: [32m'draft.assign_workout'[39m,
2026-10-03T19:39:05.5371289Z   requesterId: [32m'u-1'[39m,
2026-10-03T19:39:05.5371716Z   requesterRole: [32m'staff'[39m,
2026-10-03T19:39:05.5372159Z   subjectUserId: [1mnull[22m,
2026-10-03T19:39:05.5372549Z   ip: [1mnull[22m
2026-10-03T19:39:05.5372863Z }
2026-10-03T19:39:05.5373874Z [33m[Nest] 3285  - [39m10/03/2026, 7:39:05 PM [33m   WARN[39m [38;5;3m[AiGatewayService] [39m[33mdraft capability draft.assign_workout refused for role=staff[39m
2026-10-03T19:39:05.5375818Z [32m[Nest] 3279  - [39m10/03/2026, 7:39:05 PM [32m    LOG[39m [38;5;3m[RomanService] [39m[32mroman.turn session=sess_1 prompt_version=roman-client-v3 router=normal model_call=true rewritten=false guardrails_applied=[] context=unavailable[39m
2026-10-03T19:39:05.5377281Z [33m[Nest] 3285  - [39m10/03/2026, 7:39:05 PM [33m   WARN[39m [38;5;3m[AiGatewayService] [39mObject(6) {
2026-10-03T19:39:05.5378128Z   event: [32m'AI_GATEWAY_DRAFT_ROLE_REJECTED'[39m,
2026-10-03T19:39:05.5378703Z   capability: [32m'draft.assign_workout'[39m,
2026-10-03T19:39:05.5379199Z   requesterId: [32m'u-1'[39m,
2026-10-03T19:39:05.5379645Z   requesterRole: [32m'guest'[39m,
2026-10-03T19:39:05.5380096Z   subjectUserId: [1mnull[22m,
2026-10-03T19:39:05.5380490Z   ip: [1mnull[22m
2026-10-03T19:39:05.5380801Z }
2026-10-03T19:39:05.5381871Z [33m[Nest] 3285  - [39m10/03/2026, 7:39:05 PM [33m   WARN[39m [38;5;3m[AiGatewayService] [39m[33mdraft capability draft.assign_workout refused for role=guest[39m
2026-10-03T19:39:05.5382880Z [33m[Nest] 3285  - [39m10/03/2026, 7:39:05 PM [33m   WARN[39m [38;5;3m[AiGatewayService] [39mObject(6) {
2026-10-03T19:39:05.5383469Z   event: [32m'AI_GATEWAY_DRAFT_ROLE_REJECTED'[39m,
2026-10-03T19:39:05.5384145Z   capability: [32m'draft.assign_workout'[39m,
2026-10-03T19:39:05.5384579Z   requesterId: [32m'u-1'[39m,
2026-10-03T19:39:05.5384980Z   requesterRole: [32m'anonymous'[39m,
2026-10-03T19:39:05.5385380Z   subjectUserId: [1mnull[22m,
2026-10-03T19:39:05.5385773Z   ip: [1mnull[22m
2026-10-03T19:39:05.5386064Z }
2026-10-03T19:39:05.5387057Z [33m[Nest] 3285  - [39m10/03/2026, 7:39:05 PM [33m   WARN[39m [38;5;3m[AiGatewayService] [39m[33mdraft capability draft.assign_workout refused for role=anonymous[39m
2026-10-03T19:39:05.5389131Z [32m[Nest] 3279  - [39m10/03/2026, 7:39:05 PM [32m    LOG[39m [38;5;3m[RomanService] [39m[32mroman.turn session=sess_1 prompt_version=roman-client-v3 router=normal model_call=true rewritten=false guardrails_applied=[] context=unavailable[39m
2026-10-03T19:39:05.5391048Z [32m[Nest] 3279  - [39m10/03/2026, 7:39:05 PM [32m    LOG[39m [38;5;3m[AiEgressService] [39m[32mai_egress.refused surface=roman.chat reason=no_live_grant clients=1 missing=1[39m
2026-10-03T19:39:05.5392647Z [32m[Nest] 3279  - [39m10/03/2026, 7:39:05 PM [32m    LOG[39m [38;5;3m[AiEgressService] [39m[32mai_egress.refused surface=roman.chat reason=no_live_grant clients=1 missing=1[39m
2026-10-03T19:39:05.5394103Z [32m[Nest] 3279  - [39m10/03/2026, 7:39:05 PM [32m    LOG[39m [38;5;3m[AiEgressService] [39m[32mai_egress.refused surface=roman.chat reason=no_live_grant clients=1 missing=1[39m
2026-10-03T19:39:05.5395364Z [33m[Nest] 3279  - [39m10/03/2026, 7:39:05 PM [33m   WARN[39m [38;5;3m[AiEgressService] [39m[33mai_egress.consent_read_failed (treated as no grant)[39m
2026-10-03T19:39:05.5396752Z [32m[Nest] 3279  - [39m10/03/2026, 7:39:05 PM [32m    LOG[39m [38;5;3m[AiEgressService] [39m[32mai_egress.refused surface=roman.chat reason=no_live_grant clients=1 missing=1[39m
2026-10-03T19:39:05.5398478Z [33m[Nest] 3279  - [39m10/03/2026, 7:39:05 PM [33m   WARN[39m [38;5;3m[RomanService] [39m[33mroman.turn session=sess_1 prompt_version=roman-client-v3 router=self_harm model_call=false[39m
2026-10-03T19:39:05.5400151Z [33m[Nest] 3279  - [39m10/03/2026, 7:39:05 PM [33m   WARN[39m [38;5;3m[RomanService] [39m[33mroman.turn session=sess_1 prompt_version=roman-client-v3 router=emergency model_call=false[39m
2026-10-03T19:39:05.5401623Z [33m[Nest] 3279  - [39m10/03/2026, 7:39:05 PM [33m   WARN[39m [38;5;3m[RomanService] [39m[33mroman.turn session=sess_1 prompt_version=roman-client-v3 router=self_harm model_call=false[39m
2026-10-03T19:39:05.5403061Z [32m[Nest] 3279  - [39m10/03/2026, 7:39:05 PM [32m    LOG[39m [38;5;3m[AiEgressService] [39m[32mai_egress.refused surface=roman.chat reason=no_live_grant clients=1 missing=1[39m
2026-10-03T19:39:05.5404658Z [33m[Nest] 3279  - [39m10/03/2026, 7:39:05 PM [33m   WARN[39m [38;5;3m[RomanService] [39m[33mroman.turn session=sess_1 prompt_version=roman-client-v3 router=emergency model_call=false[39m
2026-10-03T19:39:06.0339285Z PASS test/scout/induction/verify.spec.ts
2026-10-03T19:39:06.6529605Z PASS test/community/challenges/community-challenges.service.spec.ts
2026-10-03T19:39:07.0379320Z PASS test/recipes-tenant-visibility.spec.ts
2026-10-03T19:39:07.5075462Z PASS test/mwb-5-create-workout-plan.materialiser.spec.ts
2026-10-03T19:39:07.5347627Z [33m[Nest] 3285  - [39m10/03/2026, 7:39:07 PM [33m   WARN[39m [38;5;3m[CreateWorkoutPlanMaterializer] [39mObject(5) {
2026-10-03T19:39:07.5349091Z   event: [32m'AI_LIVE_CREATE_SCOPE_REJECTED'[39m,
2026-10-03T19:39:07.5349887Z   capability: [32m'draft.create_workout_plan'[39m,
2026-10-03T19:39:07.5350618Z   draftId: [32m'draft-create-1'[39m,
2026-10-03T19:39:07.5351408Z   requesterId: [32m'00000000-0000-0000-0000-0000000000c1'[39m,
2026-10-03T19:39:07.5352248Z   targetClientId: [32m'00000000-0000-0000-0000-0000000000a1'[39m
2026-10-03T19:39:07.5352868Z }
2026-10-03T19:39:07.5354421Z [33m[Nest] 3285  - [39m10/03/2026, 7:39:07 PM [33m   WARN[39m [38;5;3m[CreateWorkoutPlanMaterializer] [39m[33mcreate_workout_plan refused: requester lacks canAccessClient[39m
2026-10-03T19:39:07.5357398Z [33m[Nest] 3285  - [39m10/03/2026, 7:39:07 PM [33m   WARN[39m [38;5;3m[CreateWorkoutPlanMaterializer] [39m[33mCreateWorkoutPlanMaterializer: payload validation failed for draft draft-create-1: [
2026-10-03T19:39:07.5358969Z   {
2026-10-03T19:39:07.5359357Z     "expected": "string",
2026-10-03T19:39:07.5359836Z     "code": "invalid_type",
2026-10-03T19:39:07.5360289Z     "path": [
2026-10-03T19:39:07.5360689Z       "target_client_id"
2026-10-03T19:39:07.5361131Z     ],
2026-10-03T19:39:07.5361609Z     "message": "target_client_id must be a UUID"
2026-10-03T19:39:07.5362318Z   }
2026-10-03T19:39:07.5362755Z ][39m
2026-10-03T19:39:08.0712428Z [32m[Nest] 3285  - [39m10/03/2026, 7:39:07 PM [32m    LOG[39m [38;5;3m[WearableSamplesService] [39mObject(9) {
2026-10-03T19:39:08.0789194Z   event: [32m'wearable_samples_query'[39m,
2026-10-03T19:39:08.0818826Z   user_id: [32m'11111111-1111-1111-1111-111111111111'[39m,
2026-10-03T19:39:08.0848920Z   bucket: [32m'HEALTH_FITNESS'[39m,
2026-10-03T19:39:08.0878691Z   metric: [32m'STEPS'[39m,
2026-10-03T19:39:08.0968554Z   window_days: [33m7[39m,
2026-10-03T19:39:08.1028798Z   granularity: [32m'raw'[39m,
2026-10-03T19:39:08.1058824Z   preferred_only: [33mtrue[39m,
2026-10-03T19:39:08.1148635Z   sample_count: [33m2[39m,
2026-10-03T19:39:08.1149000Z   duration_ms: [33m1[39m
2026-10-03T19:39:08.1178619Z }
2026-10-03T19:39:08.1179338Z [32m[Nest] 3285  - [39m10/03/2026, 7:39:07 PM [32m    LOG[39m [38;5;3m[WearableSamplesService] [39mObject(9) {
2026-10-03T19:39:08.1179893Z   event: [32m'wearable_samples_query'[39m,
2026-10-03T19:39:08.1180336Z   user_id: [32m'11111111-1111-1111-1111-111111111111'[39m,
2026-10-03T19:39:08.1180683Z   bucket: [32m'HEALTH_FITNESS'[39m,
2026-10-03T19:39:08.1180967Z   metric: [32m'STEPS'[39m,
2026-10-03T19:39:08.1181240Z   window_days: [33m7[39m,
2026-10-03T19:39:08.1181511Z   granularity: [32m'raw'[39m,
2026-10-03T19:39:08.1181801Z   preferred_only: [33mtrue[39m,
2026-10-03T19:39:08.1182100Z   sample_count: [33m0[39m,
2026-10-03T19:39:08.1182433Z   duration_ms: [33m1[39m
2026-10-03T19:39:08.1182648Z }
2026-10-03T19:39:08.1183197Z [32m[Nest] 3285  - [39m10/03/2026, 7:39:07 PM [32m    LOG[39m [38;5;3m[WearableSamplesService] [39mObject(9) {
2026-10-03T19:39:08.1183732Z   event: [32m'wearable_samples_query'[39m,
2026-10-03T19:39:08.1184151Z   user_id: [32m'11111111-1111-1111-1111-111111111111'[39m,
2026-10-03T19:39:08.1184519Z   bucket: [32m'HEALTH_FITNESS'[39m,
2026-10-03T19:39:08.1184827Z   metric: [32m'STEPS'[39m,
2026-10-03T19:39:08.1185119Z   window_days: [33m7[39m,
2026-10-03T19:39:08.1185437Z   granularity: [32m'raw'[39m,
2026-10-03T19:39:08.1185759Z   preferred_only: [33mtrue[39m,
2026-10-03T19:39:08.1186070Z   sample_count: [33m0[39m,
2026-10-03T19:39:08.1186356Z   duration_ms: [33m1[39m
2026-10-03T19:39:08.1186589Z }
2026-10-03T19:39:08.1187108Z [32m[Nest] 3285  - [39m10/03/2026, 7:39:07 PM [32m    LOG[39m [38;5;3m[WearableSamplesService] [39mObject(9) {
2026-10-03T19:39:08.1187575Z   event: [32m'wearable_samples_query'[39m,
2026-10-03T19:39:08.1188140Z   user_id: [32m'11111111-1111-1111-1111-111111111111'[39m,
2026-10-03T19:39:08.1188495Z   bucket: [32m'HEALTH_FITNESS'[39m,
2026-10-03T19:39:08.1188754Z   metric: [32m'STEPS'[39m,
2026-10-03T19:39:08.1188997Z   window_days: [33m7[39m,
2026-10-03T19:39:08.1189268Z   granularity: [32m'raw'[39m,
2026-10-03T19:39:08.1189540Z   preferred_only: [33mtrue[39m,
2026-10-03T19:39:08.1189806Z   sample_count: [33m0[39m,
2026-10-03T19:39:08.1190061Z   duration_ms: [33m1[39m
2026-10-03T19:39:08.1190283Z }
2026-10-03T19:39:08.1190803Z [32m[Nest] 3285  - [39m10/03/2026, 7:39:07 PM [32m    LOG[39m [38;5;3m[WearableSamplesService] [39mObject(9) {
2026-10-03T19:39:08.1191286Z   event: [32m'wearable_samples_query'[39m,
2026-10-03T19:39:08.1191661Z   user_id: [32m'11111111-1111-1111-1111-111111111111'[39m,
2026-10-03T19:39:08.1192007Z   bucket: [32m'HEALTH_FITNESS'[39m,
2026-10-03T19:39:08.1192749Z   metric: [32m'STEPS'[39m,
2026-10-03T19:39:08.1193010Z   window_days: [33m7[39m,
2026-10-03T19:39:08.1193270Z   granularity: [32m'raw'[39m,
2026-10-03T19:39:08.1193562Z   preferred_only: [33mtrue[39m,
2026-10-03T19:39:08.1193832Z   sample_count: [33m0[39m,
2026-10-03T19:39:08.1194075Z   duration_ms: [33m1[39m
2026-10-03T19:39:08.1194405Z }
2026-10-03T19:39:08.1208888Z [32m[Nest] 3285  - [39m10/03/2026, 7:39:08 PM [32m    LOG[39m [38;5;3m[WearableSamplesService] [39mObject(9) {
2026-10-03T19:39:08.1218802Z   event: [32m'wearable_samples_query'[39m,
2026-10-03T19:39:08.1284912Z   user_id: [32m'11111111-1111-1111-1111-111111111111'[39m,
2026-10-03T19:39:08.1308783Z   bucket: [32m'HEALTH_FITNESS'[39m,
2026-10-03T19:39:08.1338737Z   metric: [32m'STEPS'[39m,
2026-10-03T19:39:08.1358478Z   window_days: [33m7[39m,
2026-10-03T19:39:08.1368726Z   granularity: [32m'raw'[39m,
2026-10-03T19:39:08.1398768Z   preferred_only: [33mtrue[39m,
2026-10-03T19:39:08.1428713Z   sample_count: [33m1[39m,
2026-10-03T19:39:08.1429122Z   duration_ms: [33m1[39m
2026-10-03T19:39:08.1458547Z }
2026-10-03T19:39:08.1499004Z [32m[Nest] 3285  - [39m10/03/2026, 7:39:08 PM [32m    LOG[39m [38;5;3m[WearableSamplesService] [39mObject(9) {
2026-10-03T19:39:08.1508611Z   event: [32m'wearable_samples_query'[39m,
2026-10-03T19:39:08.1529128Z   user_id: [32m'11111111-1111-1111-1111-111111111111'[39m,
2026-10-03T19:39:08.1573059Z   bucket: [32m'HEALTH_FITNESS'[39m,
2026-10-03T19:39:08.1598628Z   metric: [32m'STEPS'[39m,
2026-10-03T19:39:08.1628859Z   window_days: [33m7[39m,
2026-10-03T19:39:08.1658852Z   granularity: [32m'raw'[39m,
2026-10-03T19:39:08.1659348Z   preferred_only: [33mfalse[39m,
2026-10-03T19:39:08.1718688Z   sample_count: [33m2[39m,
2026-10-03T19:39:08.1787784Z   duration_ms: [33m2[39m
2026-10-03T19:39:08.1828406Z }
2026-10-03T19:39:08.1849186Z [32m[Nest] 3285  - [39m10/03/2026, 7:39:08 PM [32m    LOG[39m [38;5;3m[WearableSamplesService] [39mObject(9) {
2026-10-03T19:39:08.1908776Z   event: [32m'wearable_samples_query'[39m,
2026-10-03T19:39:08.1968677Z   user_id: [32m'11111111-1111-1111-1111-111111111111'[39m,
2026-10-03T19:39:08.1978582Z   bucket: [32m'HEALTH_FITNESS'[39m,
2026-10-03T19:39:08.2066542Z   metric: [32m'STEPS'[39m,
2026-10-03T19:39:08.2108711Z   window_days: [33m7[39m,
2026-10-03T19:39:08.2148787Z   granularity: [32m'day'[39m,
2026-10-03T19:39:08.2208703Z   preferred_only: [33mfalse[39m,
2026-10-03T19:39:08.2248538Z   sample_count: [33m2[39m,
2026-10-03T19:39:08.2278523Z   duration_ms: [33m5[39m
2026-10-03T19:39:08.2328580Z }
2026-10-03T19:39:08.2429016Z [32m[Nest] 3285  - [39m10/03/2026, 7:39:08 PM [32m    LOG[39m [38;5;3m[WearableSamplesService] [39mObject(9) {
2026-10-03T19:39:08.2464074Z   event: [32m'wearable_samples_query'[39m,
2026-10-03T19:39:08.2488796Z   user_id: [32m'11111111-1111-1111-1111-111111111111'[39m,
2026-10-03T19:39:08.2489234Z   bucket: [32m'HEALTH_FITNESS'[39m,
2026-10-03T19:39:08.2489598Z   metric: [32m'STEPS'[39m,
2026-10-03T19:39:08.2489897Z   window_days: [33m7[39m,
2026-10-03T19:39:08.2490224Z   granularity: [32m'day'[39m,
2026-10-03T19:39:08.2490545Z   preferred_only: [33mtrue[39m,
2026-10-03T19:39:08.2490858Z   sample_count: [33m2[39m,
2026-10-03T19:39:08.2491128Z   duration_ms: [33m4[39m
2026-10-03T19:39:08.2491349Z }
2026-10-03T19:39:08.2491982Z [32m[Nest] 3285  - [39m10/03/2026, 7:39:08 PM [32m    LOG[39m [38;5;3m[WearableSamplesService] [39mObject(9) {
2026-10-03T19:39:08.2538742Z   event: [32m'wearable_samples_query'[39m,
2026-10-03T19:39:08.2548730Z   user_id: [32m'22222222-2222-2222-2222-222222222222'[39m,
2026-10-03T19:39:08.2608542Z   bucket: [32m'HEALTH_FITNESS'[39m,
2026-10-03T19:39:08.2648641Z   metric: [32m'STEPS'[39m,
2026-10-03T19:39:08.2708658Z   window_days: [33m7[39m,
2026-10-03T19:39:08.2752886Z   granularity: [32m'raw'[39m,
2026-10-03T19:39:08.2758584Z   preferred_only: [33mtrue[39m,
2026-10-03T19:39:08.2808637Z   sample_count: [33m0[39m,
2026-10-03T19:39:08.2843938Z   duration_ms: [33m1[39m
2026-10-03T19:39:08.2868548Z }
2026-10-03T19:39:08.2908964Z [32m[Nest] 3285  - [39m10/03/2026, 7:39:08 PM [32m    LOG[39m [38;5;3m[WearableSamplesService] [39mObject(9) {
2026-10-03T19:39:08.2909513Z   event: [32m'wearable_samples_query'[39m,
2026-10-03T19:39:08.2909938Z   user_id: [32m'11111111-1111-1111-1111-111111111111'[39m,
2026-10-03T19:39:08.2910310Z   bucket: [32m'HEALTH_FITNESS'[39m,
2026-10-03T19:39:08.2910613Z   metric: [32m'STEPS'[39m,
2026-10-03T19:39:08.2910901Z   window_days: [33m7[39m,
2026-10-03T19:39:08.2911186Z   granularity: [32m'raw'[39m,
2026-10-03T19:39:08.2911807Z   preferred_only: [33mtrue[39m,
2026-10-03T19:39:08.2912103Z   sample_count: [33m1[39m,
2026-10-03T19:39:08.2912369Z   duration_ms: [33m18[39m
2026-10-03T19:39:08.2912592Z }
2026-10-03T19:39:08.3475074Z [32m[Nest] 3285  - [39m10/03/2026, 7:39:08 PM [32m    LOG[39m [38;5;3m[WearableSamplesService] [39mObject(9) {
2026-10-03T19:39:08.3529094Z   event: [32m'wearable_samples_query'[39m,
2026-10-03T19:39:08.3538814Z   user_id: [32m'11111111-1111-1111-1111-111111111111'[39m,
2026-10-03T19:39:08.3598755Z   bucket: [32m'HEALTH_FITNESS'[39m,
2026-10-03T19:39:08.3658615Z   metric: [32m'STEPS'[39m,
2026-10-03T19:39:08.3680051Z   window_days: [33m7[39m,
2026-10-03T19:39:08.3718636Z   granularity: [32m'day'[39m,
2026-10-03T19:39:08.3768864Z   preferred_only: [33mtrue[39m,
2026-10-03T19:39:08.3783741Z   sample_count: [33m1[39m,
2026-10-03T19:39:08.3808721Z   duration_ms: [33m24[39m
2026-10-03T19:39:08.3809026Z }
2026-10-03T19:39:08.3809787Z [32m[Nest] 3285  - [39m10/03/2026, 7:39:08 PM [32m    LOG[39m [38;5;3m[WearableSamplesService] [39mObject(9) {
2026-10-03T19:39:08.3810389Z   event: [32m'wearable_samples_query'[39m,
2026-10-03T19:39:08.3810807Z   user_id: [32m'11111111-1111-1111-1111-111111111111'[39m,
2026-10-03T19:39:08.3811168Z   bucket: [32m'HEALTH_FITNESS'[39m,
2026-10-03T19:39:08.3811489Z   metric: [32m'TRAINING_LOAD'[39m,
2026-10-03T19:39:08.3811819Z   window_days: [33m7[39m,
2026-10-03T19:39:08.3812118Z   granularity: [32m'day'[39m,
2026-10-03T19:39:08.3812426Z   preferred_only: [33mtrue[39m,
2026-10-03T19:39:08.3812735Z   sample_count: [33m1[39m,
2026-10-03T19:39:08.3813020Z   duration_ms: [33m33[39m
2026-10-03T19:39:08.3813248Z }
2026-10-03T19:39:08.4709797Z [31m[Nest] 3285  - [39m10/03/2026, 7:39:08 PM [31m  ERROR[39m [38;5;3m[WearableSamplesService] [39mObject(2) {
2026-10-03T19:39:08.4739603Z   event: [32m'wearable_metric_def_map_drift'[39m,
2026-10-03T19:39:08.4759277Z   mismatches: [
2026-10-03T19:39:08.4799498Z     [32m'bucket: RESTING_HEART_RATE_BPM seeded HEALTH_FITNESS but map has SLEEP_RECOVERY'[39m
2026-10-03T19:39:08.4800322Z   ]
2026-10-03T19:39:08.4839189Z }
2026-10-03T19:39:08.4859218Z [31m[Nest] 3285  - [39m10/03/2026, 7:39:08 PM [31m  ERROR[39m [38;5;3m[WearableSamplesService] [39mObject(2) {
2026-10-03T19:39:08.4920413Z   event: [32m'wearable_metric_def_bootstrap_failed'[39m,
2026-10-03T19:39:08.4937779Z   reason: [32m'WearableMetricDef map drift detected (seed is source of truth): bucket: RESTING_HEART_RATE_BPM seeded HEALTH_FITNESS but map has SLEEP_RECOVERY'[39m
2026-10-03T19:39:08.4968528Z }
2026-10-03T19:39:08.4999038Z [31m[Nest] 3285  - [39m10/03/2026, 7:39:08 PM [31m  ERROR[39m [38;5;3m[WearableSamplesService] [39mObject(1) {
2026-10-03T19:39:08.5028702Z   event: [32m'wearable_metric_def_bootstrap_empty'[39m
2026-10-03T19:39:08.5108488Z }
2026-10-03T19:39:08.5118948Z [31m[Nest] 3285  - [39m10/03/2026, 7:39:08 PM [31m  ERROR[39m [38;5;3m[WearableSamplesService] [39mObject(2) {
2026-10-03T19:39:08.5119594Z   event: [32m'wearable_metric_def_bootstrap_failed'[39m,
2026-10-03T19:39:08.5120030Z   reason: [32m'WearableMetricDef seed missing'[39m
2026-10-03T19:39:08.5120313Z }
2026-10-03T19:39:08.5120897Z [31m[Nest] 3285  - [39m10/03/2026, 7:39:08 PM [31m  ERROR[39m [38;5;3m[WearableSamplesService] [39mObject(2) {
2026-10-03T19:39:08.5179169Z   event: [32m'wearable_metric_def_bootstrap_failed'[39m,
2026-10-03T19:39:08.5208589Z   reason: [32m'Unique constraint failed'[39m
2026-10-03T19:39:08.5208893Z }
2026-10-03T19:39:08.5209470Z [31m[Nest] 3285  - [39m10/03/2026, 7:39:08 PM [31m  ERROR[39m [38;5;3m[WearableSamplesService] [39mObject(2) {
2026-10-03T19:39:08.5209987Z   event: [32m'wearable_metric_def_map_drift'[39m,
2026-10-03T19:39:08.5210269Z   mismatches: [
2026-10-03T19:39:08.5210750Z     [32m'bucket: RESTING_HEART_RATE_BPM seeded HEALTH_FITNESS but map has SLEEP_RECOVERY'[39m
2026-10-03T19:39:08.5211144Z   ]
2026-10-03T19:39:08.5211605Z }
2026-10-03T19:39:08.5212188Z [31m[Nest] 3285  - [39m10/03/2026, 7:39:08 PM [31m  ERROR[39m [38;5;3m[WearableSamplesService] [39mObject(2) {
2026-10-03T19:39:08.5212751Z   event: [32m'wearable_metric_def_bootstrap_failed'[39m,
2026-10-03T19:39:08.5213589Z   reason: [32m'WearableMetricDef map drift detected (seed is source of truth): bucket: RESTING_HEART_RATE_BPM seeded HEALTH_FITNESS but map has SLEEP_RECOVERY'[39m
2026-10-03T19:39:08.5214187Z }
2026-10-03T19:39:08.5228596Z PASS test/wearables/wearable-samples.service.spec.ts
2026-10-03T19:39:08.5255282Z [32m[Nest] 3285  - [39m10/03/2026, 7:39:08 PM [32m    LOG[39m [38;5;3m[WearableSamplesService] [39mObject(9) {
2026-10-03T19:39:08.5308867Z   event: [32m'wearable_samples_query'[39m,
2026-10-03T19:39:08.5328795Z   user_id: [32m'11111111-1111-1111-1111-111111111111'[39m,
2026-10-03T19:39:08.5346809Z   bucket: [32m'HEALTH_FITNESS'[39m,
2026-10-03T19:39:08.5368698Z   metric: [32m'BODY_WEIGHT_KG'[39m,
2026-10-03T19:39:08.5388524Z   window_days: [33m7[39m,
2026-10-03T19:39:08.5408537Z   granularity: [32m'day'[39m,
2026-10-03T19:39:08.5428812Z   preferred_only: [33mtrue[39m,
2026-10-03T19:39:08.5430593Z   sample_count: [33m1[39m,
2026-10-03T19:39:08.5431012Z   duration_ms: [33m43[39m
2026-10-03T19:39:08.5431346Z }
2026-10-03T19:39:08.5435100Z [32m[Nest] 3285  - [39m10/03/2026, 7:39:08 PM [32m    LOG[39m [38;5;3m[WearableSamplesService] [39mObject(9) {
2026-10-03T19:39:08.5435835Z   event: [32m'wearable_samples_query'[39m,
2026-10-03T19:39:08.5436368Z   user_id: [32m'11111111-1111-1111-1111-111111111111'[39m,
2026-10-03T19:39:08.5436907Z   bucket: [32m'HEALTH_FITNESS'[39m,
2026-10-03T19:39:08.5437345Z   metric: [32m'HEART_RATE_BPM'[39m,
2026-10-03T19:39:08.5437778Z   window_days: [33m7[39m,
2026-10-03T19:39:08.5438458Z   granularity: [32m'day'[39m,
2026-10-03T19:39:08.5438869Z   preferred_only: [33mtrue[39m,
2026-10-03T19:39:08.5439269Z   sample_count: [33m1[39m,
2026-10-03T19:39:08.5439654Z   duration_ms: [33m19[39m
2026-10-03T19:39:08.5439990Z }
2026-10-03T19:39:08.5440663Z [32m[Nest] 3285  - [39m10/03/2026, 7:39:08 PM [32m    LOG[39m [38;5;3m[WearableSamplesService] [39mObject(9) {
2026-10-03T19:39:08.5441273Z   event: [32m'wearable_samples_query'[39m,
2026-10-03T19:39:08.5441785Z   user_id: [32m'11111111-1111-1111-1111-111111111111'[39m,
2026-10-03T19:39:08.5442250Z   bucket: [32m'SLEEP_RECOVERY'[39m,
2026-10-03T19:39:08.5442650Z   metric: [32m'HRV_MS'[39m,
2026-10-03T19:39:08.5443020Z   window_days: [33m7[39m,
2026-10-03T19:39:08.5443409Z   granularity: [32m'raw'[39m,
2026-10-03T19:39:08.5443790Z   preferred_only: [33mtrue[39m,
2026-10-03T19:39:08.5444164Z   sample_count: [33m1[39m,
2026-10-03T19:39:08.5444537Z   duration_ms: [33m2[39m
2026-10-03T19:39:08.5444862Z }
2026-10-03T19:39:08.5445526Z [32m[Nest] 3285  - [39m10/03/2026, 7:39:08 PM [32m    LOG[39m [38;5;3m[WearableSamplesService] [39mObject(9) {
2026-10-03T19:39:08.5446144Z   event: [32m'wearable_samples_query'[39m,
2026-10-03T19:39:08.5446650Z   user_id: [32m'11111111-1111-1111-1111-111111111111'[39m,
2026-10-03T19:39:08.5447132Z   bucket: [32m'SLEEP_RECOVERY'[39m,
2026-10-03T19:39:08.5447528Z   metric: [32m'HRV_MS'[39m,
2026-10-03T19:39:08.5448092Z   window_days: [33m7[39m,
2026-10-03T19:39:08.5514281Z   granularity: [32m'raw'[39m,
2026-10-03T19:39:08.5528540Z   preferred_only: [33mtrue[39m,
2026-10-03T19:39:08.5539260Z   sample_count: [33m1[39m,
2026-10-03T19:39:08.5539635Z   duration_ms: [33m0[39m
2026-10-03T19:39:08.5539905Z }
2026-10-03T19:39:08.5540523Z [32m[Nest] 3285  - [39m10/03/2026, 7:39:08 PM [32m    LOG[39m [38;5;3m[WearableSamplesService] [39mObject(2) {
2026-10-03T19:39:08.5541113Z   event: [32m'wearable_metric_def_bootstrap_ok'[39m,
2026-10-03T19:39:08.5541484Z   metric_count: [33m2[39m
2026-10-03T19:39:08.5541719Z }
2026-10-03T19:39:08.5542288Z [33m[Nest] 3285  - [39m10/03/2026, 7:39:08 PM [33m   WARN[39m [38;5;3m[WearableSamplesService] [39mObject(2) {
2026-10-03T19:39:08.5543080Z   event: [32m'wearable_metric_def_bootstrap_skipped'[39m,
2026-10-03T19:39:08.5543503Z   reason: [32m"Can't reach database server"[39m
2026-10-03T19:39:08.5543796Z }
2026-10-03T19:39:08.5544333Z [33m[Nest] 3285  - [39m10/03/2026, 7:39:08 PM [33m   WARN[39m [38;5;3m[WearableSamplesService] [39mObject(2) {
2026-10-03T19:39:08.5544934Z   event: [32m'wearable_metric_def_bootstrap_skipped'[39m,
2026-10-03T19:39:08.5545414Z   reason: [32m'Server has closed the connection'[39m
2026-10-03T19:39:08.5545670Z }
2026-10-03T19:39:09.8509588Z PASS test/community/events/community-events.service.spec.ts
2026-10-03T19:39:10.6320633Z PASS test/ai-consent/ai-consent.service.spec.ts
2026-10-03T19:39:10.9399281Z PASS test/nudge-v1-detectors.spec.ts
2026-10-03T19:39:11.5242816Z [31m[Nest] 3285  - [39m10/03/2026, 7:39:11 PM [31m  ERROR[39m [38;5;3m[GuestCheckoutService] [39m[31mmintRecurringForGuest: subscription sub_broken returned without expanded payment_intent — refusing to surface broken client_secret[39m
2026-10-03T19:39:11.5933039Z PASS test/pr14-guest-recurring-lp-attribution.spec.ts
2026-10-03T19:39:11.9610846Z PASS test/prod-readiness/redactor.spec.ts
2026-10-03T19:39:12.5730349Z PASS test/community/safety/community-voice-wins-safety.spec.ts
2026-10-03T19:39:12.5969171Z [33m[Nest] 3285  - [39m10/03/2026, 7:39:12 PM [33m   WARN[39m [38;5;3m[CommunityModerationService] [39m[33mvoice erasure 417b6c33-59fc-4c6f-982c-916f89d368e2 (object) not yet verified after 1 attempt(s): storage_error: storage.objectGone is not a function; retry scheduled[39m
2026-10-03T19:39:12.5972543Z [33m[Nest] 3285  - [39m10/03/2026, 7:39:12 PM [33m   WARN[39m [38;5;3m[CommunityModerationService] [39m[33mmoderation 5a8c1dfa-c9cd-4223-a100-99508da76c17: voice recording removal not yet verified; erasure recorded and retried[39m
2026-10-03T19:39:12.5974854Z [33m[Nest] 3285  - [39m10/03/2026, 7:39:12 PM [33m   WARN[39m [38;5;3m[CommunityModerationService] [39m[33mvoice erasure 74011777-e332-4111-a0e5-33f84c75606d (object) not yet verified after 1 attempt(s): storage_error: storage.objectGone is not a function; retry scheduled[39m
2026-10-03T19:39:12.5977054Z [33m[Nest] 3285  - [39m10/03/2026, 7:39:12 PM [33m   WARN[39m [38;5;3m[CommunityModerationService] [39m[33mmoderation fed769f6-1e40-461c-b0d3-95d682b042b2: voice recording removal not yet verified; erasure recorded and retried[39m
2026-10-03T19:39:12.5979421Z [33m[Nest] 3285  - [39m10/03/2026, 7:39:12 PM [33m   WARN[39m [38;5;3m[CommunityVoiceService] [39m[33mvoice note 34befc7f-dd8e-476b-851e-f03659099d10: recording removal not yet verified; erasure recorded and retried by VoiceErasureService[39m
2026-10-03T19:39:12.8862406Z PASS test/sub-coach-invite-accept.spec.ts
2026-10-03T19:39:13.1129355Z PASS test/landing-pages.renderer-v2.spec.ts
2026-10-03T19:39:13.5959350Z PASS test/scout/reconstruct/conformance-alpha.e2e.spec.ts
2026-10-03T19:39:13.6458185Z [32m[Nest] 3285  - [39m10/03/2026, 7:39:13 PM [32m    LOG[39m [38;5;3m[ScoutReconstructService] [39m[32mscout.reconstruct completed {"intent_id":"intent-conformance-1","coach_id":"coach-conformance","staged":6,"reconstructed":6,"skipped":0,"failed":0}[39m
2026-10-03T19:39:13.6460652Z [32m[Nest] 3285  - [39m10/03/2026, 7:39:13 PM [32m    LOG[39m [38;5;3m[ScoutReconstructService] [39m[32mscout.reconstruct completed {"intent_id":"intent-conformance-1","coach_id":"coach-conformance","staged":6,"reconstructed":6,"skipped":0,"failed":0}[39m
2026-10-03T19:39:13.6462670Z [32m[Nest] 3285  - [39m10/03/2026, 7:39:13 PM [32m    LOG[39m [38;5;3m[ScoutReconstructService] [39m[32mscout.reconstruct completed {"intent_id":"intent-conformance-1","coach_id":"coach-conformance","staged":6,"reconstructed":6,"skipped":0,"failed":0}[39m
2026-10-03T19:39:13.6464631Z [32m[Nest] 3285  - [39m10/03/2026, 7:39:13 PM [32m    LOG[39m [38;5;3m[ScoutReconstructService] [39m[32mscout.reconstruct completed {"intent_id":"intent-conformance-1","coach_id":"coach-conformance","staged":6,"reconstructed":6,"skipped":0,"failed":0}[39m
2026-10-03T19:39:13.6466785Z [32m[Nest] 3285  - [39m10/03/2026, 7:39:13 PM [32m    LOG[39m [38;5;3m[ScoutReconstructService] [39m[32mscout.reconstruct completed {"intent_id":"intent-conformance-1","coach_id":"coach-conformance","staged":6,"reconstructed":6,"skipped":0,"failed":0}[39m
2026-10-03T19:39:13.6468968Z [32m[Nest] 3285  - [39m10/03/2026, 7:39:13 PM [32m    LOG[39m [38;5;3m[ScoutReconstructService] [39m[32mscout.reconstruct completed {"intent_id":"intent-conformance-1","coach_id":"coach-conformance","staged":3,"reconstructed":3,"skipped":0,"failed":0}[39m
2026-10-03T19:39:13.6470913Z [32m[Nest] 3285  - [39m10/03/2026, 7:39:13 PM [32m    LOG[39m [38;5;3m[ScoutReconstructService] [39m[32mscout.reconstruct completed {"intent_id":"intent-conformance-1","coach_id":"coach-conformance","staged":3,"reconstructed":3,"skipped":0,"failed":0}[39m
2026-10-03T19:39:13.6472847Z [32m[Nest] 3285  - [39m10/03/2026, 7:39:13 PM [32m    LOG[39m [38;5;3m[ScoutReconstructService] [39m[32mscout.reconstruct completed {"intent_id":"intent-conformance-1","coach_id":"coach-a","staged":6,"reconstructed":6,"skipped":0,"failed":0}[39m
2026-10-03T19:39:13.6474753Z [32m[Nest] 3285  - [39m10/03/2026, 7:39:13 PM [32m    LOG[39m [38;5;3m[ScoutReconstructService] [39m[32mscout.reconstruct completed {"intent_id":"intent-conformance-1","coach_id":"coach-b","staged":6,"reconstructed":6,"skipped":0,"failed":0}[39m
2026-10-03T19:39:13.6476788Z [33m[Nest] 3285  - [39m10/03/2026, 7:39:13 PM [33m   WARN[39m [38;5;3m[ScoutReconstructService] [39m[33mscout.reconstruct completed with failures {"intent_id":"intent-adversarial","coach_id":"coach-conformance","staged":2,"reconstructed":0,"skipped":1,"failed":1}[39m
2026-10-03T19:39:14.4976229Z [33m[Nest] 3285  - [39m10/03/2026, 7:39:14 PM [33m   WARN[39m [38;5;3m[LoginThrottleResetService] [39m[33mlogin throttle lock check unavailable (fail closed): throttler storage backend does not support isBlocked[39m
2026-10-03T19:39:14.5010360Z [33m[Nest] 3285  - [39m10/03/2026, 7:39:14 PM [33m   WARN[39m [38;5;3m[LoginThrottleResetService] [39m[33mlogin throttle lock check unavailable (fail closed): throttler storage backend does not support isBlocked[39m
2026-10-03T19:39:14.5012969Z [33m[Nest] 3285  - [39m10/03/2026, 7:39:14 PM [33m   WARN[39m [38;5;3m[LoginThrottleResetService] [39m[33mlogin throttle lock check unavailable (fail closed): throttler storage backend does not support isBlocked[39m
2026-10-03T19:39:14.5015472Z [33m[Nest] 3285  - [39m10/03/2026, 7:39:14 PM [33m   WARN[39m [38;5;3m[LoginThrottleResetService] [39m[33mlogin throttle lock check unavailable (fail closed): throttler storage backend does not support isBlocked[39m
2026-10-03T19:39:14.6849609Z PASS test/login-account-lock.spec.ts
2026-10-03T19:39:15.0308895Z PASS test/prod-readiness/reporter.spec.ts
2026-10-03T19:39:15.3466322Z PASS test/mwb-3-lock-token.spec.ts (9.816 s)
2026-10-03T19:39:15.3546714Z   ● Console
2026-10-03T19:39:15.3559376Z 
2026-10-03T19:39:15.3559912Z     console.warn
2026-10-03T19:39:15.3560975Z       [mwb3-lock-token] MWB3_TEST_DATABASE_URL not set — sub-coach authorization + lock-enforcement live suite skipped.
2026-10-03T19:39:15.3561549Z 
2026-10-03T19:39:15.3561930Z     [0m [90m 338 |[39m [36mif[39m ([33m![39m[33mTEST_DB_URL[39m) {
2026-10-03T19:39:15.3562975Z      [90m 339 |[39m   [90m// eslint-disable-next-line no-console[39m
2026-10-03T19:39:15.3563630Z     [31m[1m>[22m[39m[90m 340 |[39m   console[33m.[39mwarn(
2026-10-03T19:39:15.3564118Z      [90m     |[39m           [31m[1m^[22m[39m
2026-10-03T19:39:15.3564884Z      [90m 341 |[39m     [32m'[mwb3-lock-token] MWB3_TEST_DATABASE_URL not set — sub-coach '[39m [33m+[39m
2026-10-03T19:39:15.3565795Z      [90m 342 |[39m       [32m'authorization + lock-enforcement live suite skipped.'[39m[33m,[39m
2026-10-03T19:39:15.3566458Z      [90m 343 |[39m   )[33m;[39m[0m
2026-10-03T19:39:15.3566750Z 
2026-10-03T19:39:15.3567090Z       at Object.<anonymous> (test/mwb-3-lock-token.spec.ts:340:11)
2026-10-03T19:39:15.3567642Z 
2026-10-03T19:39:15.3689413Z PASS test/prod-readiness/operator-keys-generator.spec.ts
2026-10-03T19:39:15.4210225Z [33m[Nest] 3279  - [39m10/03/2026, 7:39:15 PM [33m   WARN[39m [38;5;3m[AnalyticsService] [39m[33mPOSTHOG_KEY not set — analytics are disabled (no-op mode).[39m
2026-10-03T19:39:15.4220554Z [33m[Nest] 3279  - [39m10/03/2026, 7:39:15 PM [33m   WARN[39m [38;5;3m[AnalyticsService] [39m[33mPOSTHOG_KEY not set — analytics are disabled (no-op mode).[39m
2026-10-03T19:39:15.4222155Z [33m[Nest] 3279  - [39m10/03/2026, 7:39:15 PM [33m   WARN[39m [38;5;3m[AnalyticsService] [39m[33mPOSTHOG_KEY not set — analytics are disabled (no-op mode).[39m
2026-10-03T19:39:15.9580261Z PASS test/prod-readiness/provider-wiring-stripe-mux-sendgrid.spec.ts
2026-10-03T19:39:16.4339341Z PASS test/prod-readiness/registry-loader.spec.ts
2026-10-03T19:39:17.1069881Z PASS test/cancel-pending-on-refund.spec.ts
2026-10-03T19:39:17.1450125Z [32m[Nest] 3285  - [39m10/03/2026, 7:39:17 PM [32m    LOG[39m [38;5;3m[PurchaseFanoutService] [39m[32mcancelPendingForPurchase: canceled 2 drop(s) for purchase=pur-1 reason=refund[39m
2026-10-03T19:39:17.1472145Z [32m[Nest] 3285  - [39m10/03/2026, 7:39:17 PM [32m    LOG[39m [38;5;3m[PurchaseFanoutService] [39m[32mcancelPendingForPurchase: canceled 2 drop(s) for purchase=pur-1 reason=dispute[39m
2026-10-03T19:39:17.1476107Z [95m[Nest] 3285  - [39m10/03/2026, 7:39:17 PM [95m  DEBUG[39m [38;5;3m[PurchaseFanoutService] [39m[95mcancelPendingForPurchase: no pending/due drops for purchase=pur-1 (replay or never-entitled) reason=dispute[39m
2026-10-03T19:39:17.1477795Z [32m[Nest] 3285  - [39m10/03/2026, 7:39:17 PM [32m    LOG[39m [38;5;3m[PurchaseFanoutService] [39m[32mcancelPendingForPurchase: canceled 1 drop(s) for purchase=pur-1 reason=refund[39m
2026-10-03T19:39:17.1479889Z [33m[Nest] 3285  - [39m10/03/2026, 7:39:17 PM [33m   WARN[39m [38;5;3m[PurchaseFanoutService] [39m[33mcancelPendingForPurchase: no scheduledDrop client available (purchase=pur-1, reason=refund) — skipping[39m
2026-10-03T19:39:17.1481741Z [32m[Nest] 3285  - [39m10/03/2026, 7:39:17 PM [32m    LOG[39m [38;5;3m[PurchaseFanoutService] [39m[32mcancelPendingForPurchase: canceled 2 drop(s) for purchase=pur-1 reason=refund[39m
2026-10-03T19:39:17.1483503Z [32m[Nest] 3285  - [39m10/03/2026, 7:39:17 PM [32m    LOG[39m [38;5;3m[PurchaseFanoutService] [39m[32mcancelPendingForPurchase: canceled 2 drop(s) for purchase=pur-target reason=subscription_canceled[39m
2026-10-03T19:39:17.1485185Z [32m[Nest] 3285  - [39m10/03/2026, 7:39:17 PM [32m    LOG[39m [38;5;3m[PurchaseFanoutService] [39m[32mcancelPendingForPurchase: canceled 1 drop(s) for purchase=pur-1 reason=subscription_canceled[39m
2026-10-03T19:39:17.1486856Z [32m[Nest] 3285  - [39m10/03/2026, 7:39:17 PM [32m    LOG[39m [38;5;3m[PurchaseFanoutService] [39m[32mcancelPendingForPurchase: canceled 1 drop(s) for purchase=pur-1 reason=payment_failed[39m
2026-10-03T19:39:17.1488675Z [32m[Nest] 3285  - [39m10/03/2026, 7:39:17 PM [32m    LOG[39m [38;5;3m[PurchaseFanoutService] [39m[32mcancelPendingForPurchase: canceled 2 drop(s) for purchase=pur-target reason=dispute[39m
2026-10-03T19:39:17.1490642Z [32m[Nest] 3285  - [39m10/03/2026, 7:39:17 PM [32m    LOG[39m [38;5;3m[PurchaseFanoutService] [39m[32mcancelPendingForPurchase: canceled 1 drop(s) for purchase=pur-1 reason=refund[39m
2026-10-03T19:39:17.1492271Z [32m[Nest] 3285  - [39m10/03/2026, 7:39:17 PM [32m    LOG[39m [38;5;3m[PurchaseFanoutService] [39m[32mcancelPendingForPurchase: canceled 1 drop(s) for purchase=pur-1 reason=refund[39m
2026-10-03T19:39:17.5339623Z PASS test/bloodwork.service.spec.ts
2026-10-03T19:39:17.5643509Z [33m[Nest] 3285  - [39m10/03/2026, 7:39:17 PM [33m   WARN[39m [38;5;3m[KmsService] [39m[33mKMS not configured — secrets will be persisted with a PLAINTEXT: prefix. Set KMS_MASTER_KEY before production.[39m
2026-10-03T19:39:18.6509587Z PASS test/wearables/samples-ingest.spec.ts
2026-10-03T19:39:19.0809354Z PASS test/purchase-fanout-rollback-retry.spec.ts
2026-10-03T19:39:19.5549980Z [31m[Nest] 3285  - [39m10/03/2026, 7:39:19 PM [31m  ERROR[39m [38;5;3m[ExtensionPairService] [39m[31mpair init: exhausted code-mint attempts[39m
2026-10-03T19:39:19.6553255Z [31m[Nest] 3285  - [39m10/03/2026, 7:39:19 PM [31m  ERROR[39m [38;5;3m[ExtensionPairService] [39m[31mpair init: exhausted code-mint attempts[39m
2026-10-03T19:39:19.6769578Z PASS src/extension-pair/__tests__/extension-pair.service.spec.ts
2026-10-03T19:39:20.1313229Z PASS test/utils/g2-s11-db-guard.spec.ts
2026-10-03T19:39:20.3451967Z PASS test/roman/roman-guardrails.spec.ts
2026-10-03T19:39:22.6927157Z PASS test/contracts/importer-contract.spec.ts (54.461 s)
2026-10-03T19:39:22.9781265Z PASS test/drip-trigger.service.spec.ts
2026-10-03T19:39:23.0464638Z [32m[Nest] 3278  - [39m10/03/2026, 7:39:22 PM [32m    LOG[39m [38;5;3m[DripTriggerService] [39m[32mDripTrigger on_completion: buyer=buyer-A asset=workout_plan/plan-A flipped=1 drops=d-next[39m
2026-10-03T19:39:23.0467312Z [32m[Nest] 3278  - [39m10/03/2026, 7:39:22 PM [32m    LOG[39m [38;5;3m[DripTriggerService] [39m[32mDripTrigger on_completion: buyer=buyer-A asset=workout_plan/plan-A flipped=1 drops=d-target[39m
2026-10-03T19:39:23.0469399Z [32m[Nest] 3278  - [39m10/03/2026, 7:39:22 PM [32m    LOG[39m [38;5;3m[DripTriggerService] [39m[32mDripTrigger on_completion: buyer=buyer-A asset=workout_plan/plan-A flipped=1 drops=d-target[39m
2026-10-03T19:39:23.0471076Z [32m[Nest] 3278  - [39m10/03/2026, 7:39:22 PM [32m    LOG[39m [38;5;3m[DripTriggerService] [39m[32mDripTrigger on_completion: buyer=buyer-A asset=workout_plan/plan-A flipped=1 drops=d-A-next[39m
2026-10-03T19:39:23.0472785Z [32m[Nest] 3278  - [39m10/03/2026, 7:39:22 PM [32m    LOG[39m [38;5;3m[DripTriggerService] [39m[32mDripTrigger on_milestone: buyer=buyer-A key=build_week_complete flipped=1 drops=d-1[39m
2026-10-03T19:39:23.0474327Z [32m[Nest] 3278  - [39m10/03/2026, 7:39:22 PM [32m    LOG[39m [38;5;3m[DripTriggerService] [39m[32mDripTrigger on_milestone: buyer=buyer-A key=k1 flipped=1 drops=d-1[39m
2026-10-03T19:39:23.0479561Z [32m[Nest] 3278  - [39m10/03/2026, 7:39:22 PM [32m    LOG[39m [38;5;3m[DripTriggerService] [39m[32mDripTrigger on_milestone: buyer=buyer-A key=k1 flipped=1 drops=d-A[39m
2026-10-03T19:39:23.0481238Z [33m[Nest] 3278  - [39m10/03/2026, 7:39:22 PM [33m   WARN[39m [38;5;3m[MilestoneService] [39m[33mMilestoneService.emit threw despite trigger guard for buyer=buyer-A key=k1: boom[39m
2026-10-03T19:39:23.0482682Z [33m[Nest] 3278  - [39m10/03/2026, 7:39:22 PM [33m   WARN[39m [38;5;3m[MilestoneService] [39m[33mMilestoneService.emit ignored: buyerUserId= milestoneKey=k1[39m
2026-10-03T19:39:23.0484094Z [33m[Nest] 3278  - [39m10/03/2026, 7:39:22 PM [33m   WARN[39m [38;5;3m[MilestoneService] [39m[33mMilestoneService.emit ignored: buyerUserId=buyer-A milestoneKey=[39m
2026-10-03T19:39:23.0485637Z [33m[Nest] 3278  - [39m10/03/2026, 7:39:22 PM [33m   WARN[39m [38;5;3m[DripTriggerService] [39m[33mDripTrigger on_completion failed for buyer=buyer-A asset=workout_plan/plan-A: db down[39m
2026-10-03T19:39:23.0487141Z [33m[Nest] 3278  - [39m10/03/2026, 7:39:22 PM [33m   WARN[39m [38;5;3m[DripTriggerService] [39m[33mDripTrigger on_milestone failed for buyer=buyer-A key=k1: db down[39m
2026-10-03T19:39:23.3471098Z PASS test/engagement/workout-reminder.service.spec.ts
2026-10-03T19:39:23.4252929Z [32m[Nest] 3278  - [39m10/03/2026, 7:39:23 PM [32m    LOG[39m [38;5;3m[WorkoutReminderService] [39m[32mworkout-reminders erasure sweep removed 1 row(s)[39m
2026-10-03T19:39:23.4279847Z [32m[Nest] 3278  - [39m10/03/2026, 7:39:23 PM [32m    LOG[39m [38;5;3m[WorkoutReminderService] [39m[32mworkout-reminders erasure sweep removed 1 row(s)[39m
2026-10-03T19:39:23.4281304Z [33m[Nest] 3278  - [39m10/03/2026, 7:39:23 PM [33m   WARN[39m [38;5;3m[WorkoutReminderService] [39m[33mworkout-reminders erasure sweep failed (Error); retrying next tick[39m
2026-10-03T19:39:23.4283237Z [33m[Nest] 3278  - [39m10/03/2026, 7:39:23 PM [33m   WARN[39m [38;5;3m[WorkoutReminderService] [39m[33mworkout-reminders erasure sweep failed (Error); retrying next tick[39m
2026-10-03T19:39:23.4284657Z [32m[Nest] 3278  - [39m10/03/2026, 7:39:23 PM [32m    LOG[39m [38;5;3m[WorkoutReminderService] [39m[32mworkout-reminders erasure sweep removed 1 row(s)[39m
2026-10-03T19:39:23.6190450Z PASS test/purchase-fanout-real-body.spec.ts
2026-10-03T19:39:23.7117805Z [33m[Nest] 3278  - [39m10/03/2026, 7:39:23 PM [33m   WARN[39m [38;5;3m[PurchaseFanoutService] [39m[33mdrip alert dispatch failed drop=drop-1: push_provider_blew_up[39m
2026-10-03T19:39:23.7119848Z [95m[Nest] 3278  - [39m10/03/2026, 7:39:23 PM [95m  DEBUG[39m [38;5;3m[PurchaseFanoutService] [39m[95mfanout: package=pkg-1 has no contents — purchase=pur-1[39m
2026-10-03T19:39:23.9501813Z PASS test/nudge-v1-engine.spec.ts
2026-10-03T19:39:24.0119854Z [32m[Nest] 3278  - [39m10/03/2026, 7:39:23 PM [32m    LOG[39m [38;5;3m[NudgeEngineService] [39m[32mnudge.decision user=user-1 trigger=missed_checkin status=sent channels=inapp,push[39m
2026-10-03T19:39:24.0122368Z [32m[Nest] 3278  - [39m10/03/2026, 7:39:23 PM [32m    LOG[39m [38;5;3m[NudgeEngineService] [39m[32mnudge.decision user=user-1 trigger=missed_checkin status=suppressed_muted channels=none[39m
2026-10-03T19:39:24.0124247Z [32m[Nest] 3278  - [39m10/03/2026, 7:39:23 PM [32m    LOG[39m [38;5;3m[NudgeEngineService] [39m[32mnudge.decision user=user-1 trigger=missed_checkin status=suppressed_opt_out channels=none[39m
2026-10-03T19:39:24.0125875Z [32m[Nest] 3278  - [39m10/03/2026, 7:39:23 PM [32m    LOG[39m [38;5;3m[NudgeEngineService] [39m[32mnudge.decision user=user-1 trigger=missed_checkin status=sent channels=inapp,push[39m
2026-10-03T19:39:24.0127796Z [32m[Nest] 3278  - [39m10/03/2026, 7:39:23 PM [32m    LOG[39m [38;5;3m[NudgeEngineService] [39m[32mnudge.decision user=user-2 trigger=streak_broken status=suppressed_opt_out channels=none[39m
2026-10-03T19:39:24.0129785Z [32m[Nest] 3278  - [39m10/03/2026, 7:39:23 PM [32m    LOG[39m [38;5;3m[NudgeEngineService] [39m[32mnudge.decision user=user-1 trigger=missed_checkin status=sent channels=inapp,push[39m
2026-10-03T19:39:24.0131465Z [32m[Nest] 3278  - [39m10/03/2026, 7:39:23 PM [32m    LOG[39m [38;5;3m[NudgeEngineService] [39m[32mnudge.decision user=user-1 trigger=streak_broken status=suppressed_cap channels=none[39m
2026-10-03T19:39:24.0133030Z [32m[Nest] 3278  - [39m10/03/2026, 7:39:23 PM [32m    LOG[39m [38;5;3m[NudgeEngineService] [39m[32mnudge.decision user=user-1 trigger=inactive status=sent channels=inapp,push[39m
2026-10-03T19:39:24.0137294Z [95m[Nest] 3278  - [39m10/03/2026, 7:39:23 PM [95m  DEBUG[39m [38;5;3m[NudgeEngineService] [39m[95mnudge.decision user=user-1 trigger=missed_checkin status=deferred until=2026-05-08T15:00:00.000Z[39m
2026-10-03T19:39:24.0139207Z [95m[Nest] 3278  - [39m10/03/2026, 7:39:23 PM [95m  DEBUG[39m [38;5;3m[NudgeEngineService] [39m[95mnudge.decision user=user-1 trigger=missed_checkin status=deferred until=2026-05-08T15:00:00.000Z[39m
2026-10-03T19:39:24.0141188Z [32m[Nest] 3278  - [39m10/03/2026, 7:39:23 PM [32m    LOG[39m [38;5;3m[NudgeEngineService] [39m[32mnudge.decision user=user-1 trigger=missed_checkin status=sent channels=inapp,push[39m
2026-10-03T19:39:24.0142760Z [95m[Nest] 3278  - [39m10/03/2026, 7:39:23 PM [95m  DEBUG[39m [38;5;3m[NudgeEngineService] [39m[95mnudge.decision user=user-1 trigger=missed_checkin status=suppressed_dedupe[39m
2026-10-03T19:39:24.0144295Z [32m[Nest] 3278  - [39m10/03/2026, 7:39:23 PM [32m    LOG[39m [38;5;3m[NudgeEngineService] [39m[32mnudge.decision user=user-1 trigger=missed_checkin status=suppressed_muted channels=none[39m
2026-10-03T19:39:24.0145883Z [32m[Nest] 3278  - [39m10/03/2026, 7:39:23 PM [32m    LOG[39m [38;5;3m[NudgeEngineService] [39m[32mnudge.decision user=user-1 trigger=missed_checkin status=suppressed_muted channels=none[39m
2026-10-03T19:39:24.0147691Z [32m[Nest] 3278  - [39m10/03/2026, 7:39:23 PM [32m    LOG[39m [38;5;3m[NudgeEngineService] [39m[32mnudge.decision user=user-1 trigger=missed_checkin status=suppressed_muted channels=none[39m
2026-10-03T19:39:24.0149632Z [32m[Nest] 3278  - [39m10/03/2026, 7:39:23 PM [32m    LOG[39m [38;5;3m[NudgeEngineService] [39m[32mnudge.decision user=u trigger=onboarding_abandoned status=sent channels=inapp,push[39m
2026-10-03T19:39:24.0151347Z [95m[Nest] 3278  - [39m10/03/2026, 7:39:23 PM [95m  DEBUG[39m [38;5;3m[NudgeEngineService] [39m[95mnudge.cap_bucket conflict user=user-1 bucket=2026-05-07T00:00:00.000Z — sibling tick already holds slot[39m
2026-10-03T19:39:24.0153011Z [32m[Nest] 3278  - [39m10/03/2026, 7:39:23 PM [32m    LOG[39m [38;5;3m[NudgeEngineService] [39m[32mnudge.decision user=user-1 trigger=streak_broken status=suppressed_cap channels=none[39m
2026-10-03T19:39:24.0154663Z [32m[Nest] 3278  - [39m10/03/2026, 7:39:23 PM [32m    LOG[39m [38;5;3m[NudgeEngineService] [39m[32mnudge.decision user=user-1 trigger=missed_checkin status=sent channels=inapp,push[39m
2026-10-03T19:39:24.0156349Z [32m[Nest] 3278  - [39m10/03/2026, 7:39:23 PM [32m    LOG[39m [38;5;3m[NudgeEngineService] [39m[32mnudge.decision user=user-1 trigger=missed_checkin status=suppressed_muted channels=none[39m
2026-10-03T19:39:24.0158451Z [95m[Nest] 3278  - [39m10/03/2026, 7:39:23 PM [95m  DEBUG[39m [38;5;3m[NudgeEngineService] [39m[95mnudge.decision user=user-1 trigger=missed_checkin status=deferred until=2026-05-08T15:00:00.000Z[39m
2026-10-03T19:39:24.0160422Z [32m[Nest] 3278  - [39m10/03/2026, 7:39:23 PM [32m    LOG[39m [38;5;3m[NudgeEngineService] [39m[32mnudge.decision user=user-1 trigger=missed_checkin status=sent channels=inapp,push[39m
2026-10-03T19:39:24.0162169Z [95m[Nest] 3278  - [39m10/03/2026, 7:39:23 PM [95m  DEBUG[39m [38;5;3m[NudgeEngineService] [39m[95mnudge.decision user=user-1 trigger=missed_checkin status=deferred until=2026-05-08T15:00:00.000Z[39m
2026-10-03T19:39:24.0163803Z [32m[Nest] 3278  - [39m10/03/2026, 7:39:23 PM [32m    LOG[39m [38;5;3m[NudgeEngineService] [39m[32mnudge.decision user=user-1 trigger=missed_checkin status=suppressed_opt_out channels=none[39m
2026-10-03T19:39:24.0167834Z [95m[Nest] 3278  - [39m10/03/2026, 7:39:23 PM [95m  DEBUG[39m [38;5;3m[NudgeEngineService] [39m[95mnudge.decision user=user-1 trigger=missed_checkin status=deferred until=2026-05-08T15:00:00.000Z[39m
2026-10-03T19:39:24.0169713Z [32m[Nest] 3278  - [39m10/03/2026, 7:39:23 PM [32m    LOG[39m [38;5;3m[NudgeEngineService] [39m[32mnudge.decision user=user-1 trigger=missed_checkin status=sent channels=inapp,push[39m
2026-10-03T19:39:24.2191877Z PASS test/landing-pages.lead-sync.spec.ts
2026-10-03T19:39:24.2923848Z [33m[Nest] 3278  - [39m10/03/2026, 7:39:24 PM [33m   WARN[39m [38;5;3m[LeadSyncProcessor] [39m[33mcoach c1 hit per-coach rate limit; deferring lead lead-x[39m
2026-10-03T19:39:24.2940117Z [33m[Nest] 3278  - [39m10/03/2026, 7:39:24 PM [33m   WARN[39m [38;5;3m[KmsService] [39m[33mKMS not configured — secrets will be persisted with a PLAINTEXT: prefix. Set KMS_MASTER_KEY before production.[39m
2026-10-03T19:39:24.2942368Z [33m[Nest] 3278  - [39m10/03/2026, 7:39:24 PM [33m   WARN[39m [38;5;3m[KmsService] [39m[33mKMS not configured — secrets will be persisted with a PLAINTEXT: prefix. Set KMS_MASTER_KEY before production.[39m
2026-10-03T19:39:25.0494358Z [31m[Nest] 3278  - [39m10/03/2026, 7:39:25 PM [31m  ERROR[39m [38;5;3m[CoachMediaMuxWebhookController] [39m[31mMux webhook received without rawBody. Verify rawBody:true is wired in main.ts.[39m
2026-10-03T19:39:25.0632274Z PASS test/coach-media-mux-webhook.spec.ts
2026-10-03T19:39:25.1612657Z [33m[Nest] 3278  - [39m10/03/2026, 7:39:25 PM [33m   WARN[39m [38;5;3m[CoachMediaMuxWebhookController] [39m[33mMux errored event for asset mux-asset-99 arrived after terminal state ready; preserving playback id[39m
2026-10-03T19:39:26.2739228Z PASS test/prod-readiness/env-registration.spec.ts (9.834 s)
2026-10-03T19:39:26.8731691Z PASS test/scout/orchestration/reconstruct-run.spec.ts
2026-10-03T19:39:26.9137208Z [33m[Nest] 3279  - [39m10/03/2026, 7:39:26 PM [33m   WARN[39m [38;5;3m[ScoutReconstructService] [39m[33mscout.reconstruct run pass stopped or degraded {"intent_id":"3f2b9c1e-4d5a-4b6c-8d7e-9f0a1b2c3d4e","coach_id":"coach-A","epoch":1,"stopped":null,"families":[{"token":"people","family":"clients","staged":3,"reconstructed":1,"skipped":1,"failed":1,"stopped":null},{"token":"notes","family":null,"staged":1,"reconstructed":0,"skipped":1,"failed":0,"stopped":null}],"unmapped_families":["notes"]}[39m
2026-10-03T19:39:26.9172941Z [33m[Nest] 3279  - [39m10/03/2026, 7:39:26 PM [33m   WARN[39m [38;5;3m[ScoutReconstructService] [39m[33mscout.reconstruct run pass stopped or degraded {"intent_id":"3f2b9c1e-4d5a-4b6c-8d7e-9f0a1b2c3d4e","coach_id":"coach-A","epoch":1,"stopped":"gate_closed","families":[],"unmapped_families":[]}[39m
2026-10-03T19:39:26.9202692Z [32m[Nest] 3279  - [39m10/03/2026, 7:39:26 PM [32m    LOG[39m [38;5;3m[ScoutReconstructService] [39m[32mscout.reconstruct run pass completed {"intent_id":"3f2b9c1e-4d5a-4b6c-8d7e-9f0a1b2c3d4e","coach_id":"coach-A","epoch":1,"stopped":null,"families":[{"token":"people","family":"clients","staged":1,"reconstructed":1,"skipped":0,"failed":0,"stopped":null},{"token":"blocks","family":"programs","staged":1,"reconstructed":0,"skipped":1,"failed":0,"stopped":null},{"token":"notes","family":null,"staged":1,"reconstructed":0,"skipped":1,"failed":0,"stopped":null}],"unmapped_families":["notes"]}[39m
2026-10-03T19:39:26.9219927Z [33m[Nest] 3279  - [39m10/03/2026, 7:39:26 PM [33m   WARN[39m [38;5;3m[ScoutReconstructService] [39m[33mscout.reconstruct completed with failures {"intent_id":"3f2b9c1e-4d5a-4b6c-8d7e-9f0a1b2c3d4e","coach_id":"coach-A","staged":3,"reconstructed":1,"skipped":1,"failed":1}[39m
2026-10-03T19:39:26.9250133Z [33m[Nest] 3279  - [39m10/03/2026, 7:39:26 PM [33m   WARN[39m [38;5;3m[ScoutReconstructService] [39m[33mscout.reconstruct run pass stopped or degraded {"intent_id":"3f2b9c1e-4d5a-4b6c-8d7e-9f0a1b2c3d4e","coach_id":"coach-A","epoch":1,"stopped":"gate_closed","families":[],"unmapped_families":["notes"]}[39m
2026-10-03T19:39:26.9260777Z [33m[Nest] 3279  - [39m10/03/2026, 7:39:26 PM [33m   WARN[39m [38;5;3m[ScoutReconstructService] [39m[33mscout.reconstruct run pass stopped or degraded {"intent_id":"3f2b9c1e-4d5a-4b6c-8d7e-9f0a1b2c3d4e","coach_id":"coach-A","epoch":1,"stopped":"gate_closed","families":[],"unmapped_families":[]}[39m
2026-10-03T19:39:26.9292861Z [32m[Nest] 3279  - [39m10/03/2026, 7:39:26 PM [32m    LOG[39m [38;5;3m[ScoutReconstructService] [39m[32mscout.reconstruct run pass completed {"intent_id":"3f2b9c1e-4d5a-4b6c-8d7e-9f0a1b2c3d4e","coach_id":"coach-A","epoch":1,"stopped":null,"families":[{"token":"people","family":"clients","staged":1,"reconstructed":1,"skipped":0,"failed":0,"stopped":null},{"token":"blocks","family":"programs","staged":1,"reconstructed":1,"skipped":0,"failed":0,"stopped":null},{"token":"routines","family":"workouts","staged":1,"reconstructed":1,"skipped":0,"failed":0,"stopped":null},{"token":"log","family":"client_history","staged":1,"reconstructed":1,"skipped":0,"failed":0,"stopped":null},{"token":"notes","family":null,"staged":1,"reconstructed":0,"skipped":1,"failed":0,"stopped":null}],"unmapped_families":["notes"]}[39m
2026-10-03T19:39:26.9314842Z [33m[Nest] 3279  - [39m10/03/2026, 7:39:26 PM [33m   WARN[39m [38;5;3m[ScoutReconstructService] [39m[33mscout.reconstruct rejected oversized intent {"intent_id":"3f2b9c1e-4d5a-4b6c-8d7e-9f0a1b2c3d4e","coach_id":"coach-A","staged":10001,"max":10000}[39m
2026-10-03T19:39:26.9318877Z [33m[Nest] 3279  - [39m10/03/2026, 7:39:26 PM [33m   WARN[39m [38;5;3m[ScoutReconstructService] [39m[33mscout.reconstruct run pass stopped or degraded {"intent_id":"3f2b9c1e-4d5a-4b6c-8d7e-9f0a1b2c3d4e","coach_id":"coach-A","epoch":1,"stopped":null,"families":[{"token":"blocks","family":"programs","staged":10001,"reconstructed":0,"skipped":0,"failed":0,"stopped":"over_ceiling"},{"token":"routines","family":"workouts","staged":1,"reconstructed":1,"skipped":0,"failed":0,"stopped":null}],"unmapped_families":[]}[39m
2026-10-03T19:39:26.9323957Z [33m[Nest] 3279  - [39m10/03/2026, 7:39:26 PM [33m   WARN[39m [38;5;3m[ScoutReconstructService] [39m[33mscout.reconstruct run pass stopped or degraded {"intent_id":"3f2b9c1e-4d5a-4b6c-8d7e-9f0a1b2c3d4e","coach_id":"coach-A","epoch":1,"stopped":null,"families":[{"token":"routines","family":"workouts","staged":1,"reconstructed":1,"skipped":0,"failed":0,"stopped":null},{"token":"blocks","family":null,"staged":1,"reconstructed":0,"skipped":0,"failed":0,"stopped":"provenance_conflict"}],"unmapped_families":["blocks"]}[39m
2026-10-03T19:39:26.9328535Z [33m[Nest] 3279  - [39m10/03/2026, 7:39:26 PM [33m   WARN[39m [38;5;3m[ScoutReconstructService] [39m[33mscout.reconstruct run pass stopped or degraded {"intent_id":"3f2b9c1e-4d5a-4b6c-8d7e-9f0a1b2c3d4e","coach_id":"coach-A","epoch":1,"stopped":null,"families":[{"token":"blocks","family":"programs","staged":1,"reconstructed":0,"skipped":0,"failed":0,"stopped":"provenance_conflict"},{"token":"routines","family":"workouts","staged":1,"reconstructed":1,"skipped":0,"failed":0,"stopped":null}],"unmapped_families":[]}[39m
2026-10-03T19:39:26.9333086Z [32m[Nest] 3279  - [39m10/03/2026, 7:39:26 PM [32m    LOG[39m [38;5;3m[ScoutReconstructService] [39m[32mscout.reconstruct run pass completed {"intent_id":"3f2b9c1e-4d5a-4b6c-8d7e-9f0a1b2c3d4e","coach_id":"coach-A","epoch":1,"stopped":null,"families":[{"token":"people","family":"clients","staged":1,"reconstructed":1,"skipped":0,"failed":0,"stopped":null},{"token":"notes","family":null,"staged":1,"reconstructed":0,"skipped":1,"failed":0,"stopped":null}],"unmapped_families":["notes"]}[39m
2026-10-03T19:39:26.9337225Z [32m[Nest] 3279  - [39m10/03/2026, 7:39:26 PM [32m    LOG[39m [38;5;3m[ScoutReconstructService] [39m[32mscout.reconstruct run pass completed {"intent_id":"3f2b9c1e-4d5a-4b6c-8d7e-9f0a1b2c3d4e","coach_id":"coach-A","epoch":1,"stopped":null,"families":[{"token":"people","family":"clients","staged":1,"reconstructed":1,"skipped":0,"failed":0,"stopped":null}],"unmapped_families":[]}[39m
2026-10-03T19:39:27.2753059Z PASS test/scout/reconstruct/mapping-spec.equivalence.spec.ts
2026-10-03T19:39:27.4761917Z PASS test/community/safety/community-safety-flow.spec.ts
2026-10-03T19:39:27.6741045Z PASS test/community/classroom/community-classroom.service.spec.ts
2026-10-03T19:39:27.9720830Z [33m[Nest] 3279  - [39m10/03/2026, 7:39:27 PM [33m   WARN[39m [38;5;3m[DataExportService] [39m[33mDATA_EXPORT_TOKEN_SECRET is not set — using the insecure default. Set DATA_EXPORT_TOKEN_SECRET before going to production.[39m
2026-10-03T19:39:27.9750748Z [33m[Nest] 3279  - [39m10/03/2026, 7:39:27 PM [33m   WARN[39m [38;5;3m[DataExportService] [39m[33mDATA_EXPORT_TOKEN_SECRET is not set — using the insecure default. Set DATA_EXPORT_TOKEN_SECRET before going to production.[39m
2026-10-03T19:39:27.9752932Z [33m[Nest] 3279  - [39m10/03/2026, 7:39:27 PM [33m   WARN[39m [38;5;3m[DataExportService] [39m[33mDATA_EXPORT_TOKEN_SECRET is not set — using the insecure default. Set DATA_EXPORT_TOKEN_SECRET before going to production.[39m
2026-10-03T19:39:27.9754990Z [33m[Nest] 3279  - [39m10/03/2026, 7:39:27 PM [33m   WARN[39m [38;5;3m[DataExportService] [39m[33mDATA_EXPORT_TOKEN_SECRET is not set — using the insecure default. Set DATA_EXPORT_TOKEN_SECRET before going to production.[39m
2026-10-03T19:39:27.9757019Z [33m[Nest] 3279  - [39m10/03/2026, 7:39:27 PM [33m   WARN[39m [38;5;3m[DataExportService] [39m[33mDATA_EXPORT_TOKEN_SECRET is not set — using the insecure default. Set DATA_EXPORT_TOKEN_SECRET before going to production.[39m
2026-10-03T19:39:27.9758941Z [33m[Nest] 3279  - [39m10/03/2026, 7:39:27 PM [33m   WARN[39m [38;5;3m[DataExportService] [39m[33mDATA_EXPORT_TOKEN_SECRET is not set — using the insecure default. Set DATA_EXPORT_TOKEN_SECRET before going to production.[39m
2026-10-03T19:39:27.9761010Z [33m[Nest] 3279  - [39m10/03/2026, 7:39:27 PM [33m   WARN[39m [38;5;3m[DataExportService] [39m[33mDATA_EXPORT_TOKEN_SECRET is not set — using the insecure default. Set DATA_EXPORT_TOKEN_SECRET before going to production.[39m
2026-10-03T19:39:27.9762852Z [33m[Nest] 3279  - [39m10/03/2026, 7:39:27 PM [33m   WARN[39m [38;5;3m[DataExportService] [39m[33mDATA_EXPORT_TOKEN_SECRET is not set — using the insecure default. Set DATA_EXPORT_TOKEN_SECRET before going to production.[39m
2026-10-03T19:39:27.9764588Z [33m[Nest] 3279  - [39m10/03/2026, 7:39:27 PM [33m   WARN[39m [38;5;3m[DataExportService] [39m[33mDATA_EXPORT_TOKEN_SECRET is not set — using the insecure default. Set DATA_EXPORT_TOKEN_SECRET before going to production.[39m
2026-10-03T19:39:27.9767418Z [33m[Nest] 3279  - [39m10/03/2026, 7:39:27 PM [33m   WARN[39m [38;5;3m[DataExportService] [39m[33mDATA_EXPORT_TOKEN_SECRET is not set — using the insecure default. Set DATA_EXPORT_TOKEN_SECRET before going to production.[39m
2026-10-03T19:39:27.9769431Z [33m[Nest] 3279  - [39m10/03/2026, 7:39:27 PM [33m   WARN[39m [38;5;3m[DataExportService] [39m[33mDATA_EXPORT_TOKEN_SECRET is not set — using the insecure default. Set DATA_EXPORT_TOKEN_SECRET before going to production.[39m
2026-10-03T19:39:27.9771160Z [33m[Nest] 3279  - [39m10/03/2026, 7:39:27 PM [33m   WARN[39m [38;5;3m[DataExportService] [39m[33mDATA_EXPORT_TOKEN_SECRET is not set — using the insecure default. Set DATA_EXPORT_TOKEN_SECRET before going to production.[39m
2026-10-03T19:39:28.0003268Z PASS test/data-export-archive-cleanup.spec.ts
2026-10-03T19:39:28.0732879Z [33m[Nest] 3279  - [39m10/03/2026, 7:39:27 PM [33m   WARN[39m [38;5;3m[DataExportService] [39m[33mDATA_EXPORT_TOKEN_SECRET is not set — using the insecure default. Set DATA_EXPORT_TOKEN_SECRET before going to production.[39m
2026-10-03T19:39:28.0761377Z [33m[Nest] 3279  - [39m10/03/2026, 7:39:27 PM [33m   WARN[39m [38;5;3m[DataExportService] [39m[33mDATA_EXPORT_TOKEN_SECRET is not set — using the insecure default. Set DATA_EXPORT_TOKEN_SECRET before going to production.[39m
2026-10-03T19:39:28.0786479Z [33m[Nest] 3279  - [39m10/03/2026, 7:39:27 PM [33m   WARN[39m [38;5;3m[DataExportService] [39m[33mDATA_EXPORT_TOKEN_SECRET is not set — using the insecure default. Set DATA_EXPORT_TOKEN_SECRET before going to production.[39m
2026-10-03T19:39:28.0809986Z [33m[Nest] 3279  - [39m10/03/2026, 7:39:27 PM [33m   WARN[39m [38;5;3m[DataExportService] [39m[33mDATA_EXPORT_TOKEN_SECRET is not set — using the insecure default. Set DATA_EXPORT_TOKEN_SECRET before going to production.[39m
2026-10-03T19:39:28.0812492Z [33m[Nest] 3279  - [39m10/03/2026, 7:39:27 PM [33m   WARN[39m [38;5;3m[DataExportService] [39m[33mDATA_EXPORT_TOKEN_SECRET is not set — using the insecure default. Set DATA_EXPORT_TOKEN_SECRET before going to production.[39m
2026-10-03T19:39:28.1024125Z PASS test/messaging.service.spec.ts
2026-10-03T19:39:28.1767519Z [33m[Nest] 3278  - [39m10/03/2026, 7:39:28 PM [33m   WARN[39m [38;5;3m[MessagingService] [39m[33mED.6 conversation-review stamp failed for coach=coach-A client=client-1: boom[39m
2026-10-03T19:39:28.5055918Z PASS test/ci/release-evidence-gate.spec.ts (8.156 s)
2026-10-03T19:39:28.5289714Z PASS test/stripe-webhook.spec.ts
2026-10-03T19:39:28.6100266Z [33m[Nest] 3279  - [39m10/03/2026, 7:39:28 PM [33m   WARN[39m [38;5;3m[BillingService] [39m[33mSubscription sub_x for unknown customer cus_UNKNOWN[39m
2026-10-03T19:39:28.6119945Z [33m[Nest] 3279  - [39m10/03/2026, 7:39:28 PM [33m   WARN[39m [38;5;3m[BillingService] [39m[33mtransfer.failed event=evt_tf_1 transfer=tr_stripe_1 coach=coach-HC amount_cents=5000 reason=account_closed: Destination account is closed[39m
2026-10-03T19:39:28.6122031Z [33m[Nest] 3279  - [39m10/03/2026, 7:39:28 PM [33m   WARN[39m [38;5;3m[BillingService] [39m[33mtransfer.failed event=evt_tf_dup transfer=tr_stripe_1 coach=coach-HC amount_cents=5000 reason=account_closed: Destination account is closed[39m
2026-10-03T19:39:28.6124136Z [33m[Nest] 3279  - [39m10/03/2026, 7:39:28 PM [33m   WARN[39m [38;5;3m[BillingService] [39m[33mtransfer.failed event=evt_tf_replay transfer=tr_stripe_1 coach=coach-HC amount_cents=5000 reason=account_closed: Destination account is closed[39m
2026-10-03T19:39:28.6125618Z [33m[Nest] 3279  - [39m10/03/2026, 7:39:28 PM [33m   WARN[39m [38;5;3m[BillingService] [39m[33mtransfer.failed event=evt_tf_orphan transfer=tr_stripe_1: no matching ConnectTransfer row[39m
2026-10-03T19:39:28.7880107Z PASS test/scout/reconstruct/native/native-writers.spec.ts
2026-10-03T19:39:28.9299736Z PASS test/audit-phase10.spec.ts
2026-10-03T19:39:29.2287737Z PASS test/wearables/connectors/whoop/whoop.connector.spec.ts
2026-10-03T19:39:29.2509560Z PASS test/prod-readiness/learning-ledger.spec.ts
2026-10-03T19:39:29.2844172Z [32m[Nest] 3279  - [39m10/03/2026, 7:39:29 PM [32m    LOG[39m [38;5;3m[ProviderHttpClient] [39m[32m[whoop.exchangeCode] attempt 1/4 succeeded (status=200)[39m
2026-10-03T19:39:29.2846179Z [32m[Nest] 3279  - [39m10/03/2026, 7:39:29 PM [32m    LOG[39m [38;5;3m[ProviderHttpClient] [39m[32m[whoop.refresh] attempt 1/4 succeeded (status=200)[39m
2026-10-03T19:39:29.2847650Z [32m[Nest] 3279  - [39m10/03/2026, 7:39:29 PM [32m    LOG[39m [38;5;3m[ProviderHttpClient] [39m[32m[whoop.refresh] attempt 1/4 succeeded (status=200)[39m
2026-10-03T19:39:29.2849325Z [32m[Nest] 3279  - [39m10/03/2026, 7:39:29 PM [32m    LOG[39m [38;5;3m[ProviderHttpClient] [39m[32m[whoop.refresh] attempt 1/4 succeeded (status=200)[39m
2026-10-03T19:39:29.2850688Z [32m[Nest] 3279  - [39m10/03/2026, 7:39:29 PM [32m    LOG[39m [38;5;3m[ProviderHttpClient] [39m[32m[whoop.backfill.recovery] attempt 1/4 succeeded (status=200)[39m
2026-10-03T19:39:29.2852001Z [32m[Nest] 3279  - [39m10/03/2026, 7:39:29 PM [32m    LOG[39m [38;5;3m[ProviderHttpClient] [39m[32m[whoop.backfill.cycle] attempt 1/4 succeeded (status=200)[39m
2026-10-03T19:39:29.2853642Z [32m[Nest] 3279  - [39m10/03/2026, 7:39:29 PM [32m    LOG[39m [38;5;3m[ProviderHttpClient] [39m[32m[whoop.backfill.sleep] attempt 1/4 succeeded (status=200)[39m
2026-10-03T19:39:29.2855152Z [32m[Nest] 3279  - [39m10/03/2026, 7:39:29 PM [32m    LOG[39m [38;5;3m[ProviderHttpClient] [39m[32m[whoop.backfill.workout] attempt 1/4 succeeded (status=200)[39m
2026-10-03T19:39:29.2856537Z [32m[Nest] 3279  - [39m10/03/2026, 7:39:29 PM [32m    LOG[39m [38;5;3m[ProviderHttpClient] [39m[32m[whoop.backfill.recovery] attempt 1/4 succeeded (status=200)[39m
2026-10-03T19:39:29.2857867Z [32m[Nest] 3279  - [39m10/03/2026, 7:39:29 PM [32m    LOG[39m [38;5;3m[ProviderHttpClient] [39m[32m[whoop.refresh] attempt 1/4 succeeded (status=200)[39m
2026-10-03T19:39:29.2859381Z [32m[Nest] 3279  - [39m10/03/2026, 7:39:29 PM [32m    LOG[39m [38;5;3m[ProviderHttpClient] [39m[32m[whoop.backfill.recovery] attempt 1/4 succeeded (status=200)[39m
2026-10-03T19:39:29.2860780Z [32m[Nest] 3279  - [39m10/03/2026, 7:39:29 PM [32m    LOG[39m [38;5;3m[ProviderHttpClient] [39m[32m[whoop.backfill.cycle] attempt 1/4 succeeded (status=200)[39m
2026-10-03T19:39:29.2862458Z [32m[Nest] 3279  - [39m10/03/2026, 7:39:29 PM [32m    LOG[39m [38;5;3m[ProviderHttpClient] [39m[32m[whoop.backfill.sleep] attempt 1/4 succeeded (status=200)[39m
2026-10-03T19:39:29.2863881Z [32m[Nest] 3279  - [39m10/03/2026, 7:39:29 PM [32m    LOG[39m [38;5;3m[ProviderHttpClient] [39m[32m[whoop.backfill.workout] attempt 1/4 succeeded (status=200)[39m
2026-10-03T19:39:29.2865217Z [32m[Nest] 3279  - [39m10/03/2026, 7:39:29 PM [32m    LOG[39m [38;5;3m[ProviderHttpClient] [39m[32m[whoop.refresh] attempt 1/4 succeeded (status=200)[39m
2026-10-03T19:39:29.2866509Z [32m[Nest] 3279  - [39m10/03/2026, 7:39:29 PM [32m    LOG[39m [38;5;3m[ProviderHttpClient] [39m[32m[whoop.backfill.recovery] attempt 1/4 succeeded (status=200)[39m
2026-10-03T19:39:29.2868130Z [32m[Nest] 3279  - [39m10/03/2026, 7:39:29 PM [32m    LOG[39m [38;5;3m[ProviderHttpClient] [39m[32m[whoop.backfill.cycle] attempt 1/4 succeeded (status=200)[39m
2026-10-03T19:39:29.2869453Z [32m[Nest] 3279  - [39m10/03/2026, 7:39:29 PM [32m    LOG[39m [38;5;3m[ProviderHttpClient] [39m[32m[whoop.backfill.sleep] attempt 1/4 succeeded (status=200)[39m
2026-10-03T19:39:29.2870755Z [32m[Nest] 3279  - [39m10/03/2026, 7:39:29 PM [32m    LOG[39m [38;5;3m[ProviderHttpClient] [39m[32m[whoop.backfill.workout] attempt 1/4 succeeded (status=200)[39m
2026-10-03T19:39:29.4650868Z [31m[Nest] 3285  - [39m10/03/2026, 7:39:29 PM [31m  ERROR[39m [38;5;3m[GdprScrubService] [39m[31mGDPR scrub failed for user=u-old: simulated tx failure for first candidate[39m
2026-10-03T19:39:29.4891324Z PASS test/gdpr-scrub.service.spec.ts
2026-10-03T19:39:29.5042437Z PASS test/dependency-compatibility.spec.ts
2026-10-03T19:39:29.5534419Z [32m[Nest] 3285  - [39m10/03/2026, 7:39:29 PM [32m    LOG[39m [38;5;3m[GdprScrubService] [39m[32mGDPR scrub dry-run: 2 candidate(s) past cutoff 2026-03-29T12:00:00.000Z[39m
2026-10-03T19:39:29.5542966Z [32m[Nest] 3285  - [39m10/03/2026, 7:39:29 PM [32m    LOG[39m [38;5;3m[GdprScrubService] [39m[32mGDPR scrub: scrubbed 2 of 2 candidate(s); errors=0[39m
2026-10-03T19:39:29.5599648Z [32m[Nest] 3285  - [39m10/03/2026, 7:39:29 PM [32m    LOG[39m [38;5;3m[GdprScrubService] [39m[32mGDPR scrub: scrubbed 2 of 2 candidate(s); errors=0[39m
2026-10-03T19:39:29.5601086Z [32m[Nest] 3285  - [39m10/03/2026, 7:39:29 PM [32m    LOG[39m [38;5;3m[GdprScrubService] [39m[32mGDPR scrub: scrubbed 2 of 2 candidate(s); errors=0[39m
2026-10-03T19:39:29.5602124Z [32m[Nest] 3285  - [39m10/03/2026, 7:39:29 PM [32m    LOG[39m [38;5;3m[GdprScrubService] [39m[32mGDPR scrub: scrubbed 1 of 2 candidate(s); errors=1[39m
2026-10-03T19:39:29.5603323Z [32m[Nest] 3285  - [39m10/03/2026, 7:39:29 PM [32m    LOG[39m [38;5;3m[GdprScrubService] [39m[32mGDPR scrub dry-run: 1 candidate(s) past cutoff 2026-03-29T12:00:00.000Z[39m
2026-10-03T19:39:29.5604573Z [32m[Nest] 3285  - [39m10/03/2026, 7:39:29 PM [32m    LOG[39m [38;5;3m[GdprScrubService] [39m[32mGDPR scrub dry-run: 2 candidate(s) past cutoff 2026-03-29T12:00:00.000Z[39m
2026-10-03T19:39:29.5605740Z [32m[Nest] 3285  - [39m10/03/2026, 7:39:29 PM [32m    LOG[39m [38;5;3m[GdprScrubService] [39m[32mGDPR scrub: scrubbed 2 of 2 candidate(s); errors=0[39m
2026-10-03T19:39:29.5606767Z [32m[Nest] 3285  - [39m10/03/2026, 7:39:29 PM [32m    LOG[39m [38;5;3m[GdprScrubService] [39m[32mGDPR scrub: scrubbed 2 of 2 candidate(s); errors=0[39m
2026-10-03T19:39:29.5607693Z [33m[Nest] 3279  - [39m10/03/2026, 7:39:29 PM [33m   WARN[39m [38;5;3m[EditWorkoutPlanMaterializer] [39mObject(5) {
2026-10-03T19:39:29.5608518Z   event: [32m'AI_LIVE_CREATE_SCOPE_REJECTED'[39m,
2026-10-03T19:39:29.5608924Z   capability: [32m'draft.edit_workout_plan'[39m,
2026-10-03T19:39:29.5609359Z   planId: [32m'33333333-3333-3333-3333-333333333333'[39m,
2026-10-03T19:39:29.5609793Z   requesterId: [32m'00000000-0000-0000-0000-0000000000c1'[39m,
2026-10-03T19:39:29.5610231Z   clientId: [32m'00000000-0000-0000-0000-0000000000a1'[39m
2026-10-03T19:39:29.5610526Z }
2026-10-03T19:39:29.5611681Z [33m[Nest] 3279  - [39m10/03/2026, 7:39:29 PM [33m   WARN[39m [38;5;3m[EditWorkoutPlanMaterializer] [39m[33medit_workout_plan refused: requester lacks canAccessClient[39m
2026-10-03T19:39:29.6199513Z PASS test/mwb-5-edit-workout-plan.materialiser.spec.ts
2026-10-03T19:39:30.2481003Z PASS test/wearables/preferences.controller.spec.ts
2026-10-03T19:39:30.5092506Z PASS test/coach-effectiveness.service.spec.ts
2026-10-03T19:39:31.0449587Z PASS test/scout/induction/observation.service.spec.ts
2026-10-03T19:39:33.1491795Z PASS test/dunning-v2-lockout-allowlist-route-table.spec.ts
2026-10-03T19:39:33.6233913Z PASS test/prod-readiness/stub-scanner.spec.ts
2026-10-03T19:39:33.9261156Z PASS test/roles-enforced.spec.ts
2026-10-03T19:39:34.1484582Z PASS test/federation.service.spec.ts
2026-10-03T19:39:34.5969078Z PASS test/clone-program.spec.ts
2026-10-03T19:39:35.8341854Z PASS test/landing-pages.crm-adapters.spec.ts
2026-10-03T19:39:36.0974992Z PASS test/account-deletion/erasure-manifest-coverage.spec.ts
2026-10-03T19:39:36.6305076Z PASS test/landing-pages.public.controller.spec.ts
2026-10-03T19:39:36.9651929Z PASS test/booking-reminder.job.spec.ts
2026-10-03T19:39:37.0079518Z [32m[Nest] 3285  - [39m10/03/2026, 7:39:36 PM [32m    LOG[39m [38;5;3m[SessionReminderJob] [39m[32mreminder sweep kind=booking_reminder_1h scanned=1 dispatched=2 skipped=0[39m
2026-10-03T19:39:37.0082085Z [32m[Nest] 3285  - [39m10/03/2026, 7:39:36 PM [32m    LOG[39m [38;5;3m[SessionReminderJob] [39m[32mreminder sweep kind=booking_reminder_1h scanned=1 dispatched=2 skipped=0[39m
2026-10-03T19:39:37.0083664Z [32m[Nest] 3285  - [39m10/03/2026, 7:39:36 PM [32m    LOG[39m [38;5;3m[SessionReminderJob] [39m[32mreminder sweep kind=booking_reminder_1h scanned=1 dispatched=0 skipped=2[39m
2026-10-03T19:39:37.0085205Z [32m[Nest] 3285  - [39m10/03/2026, 7:39:36 PM [32m    LOG[39m [38;5;3m[SessionReminderJob] [39m[32mreminder sweep kind=booking_reminder_1h scanned=1 dispatched=1 skipped=0[39m
2026-10-03T19:39:37.0086765Z [32m[Nest] 3285  - [39m10/03/2026, 7:39:36 PM [32m    LOG[39m [38;5;3m[SessionReminderJob] [39m[32mreminder sweep kind=booking_reminder_24h scanned=1 dispatched=2 skipped=0[39m
2026-10-03T19:39:37.0088459Z [32m[Nest] 3285  - [39m10/03/2026, 7:39:36 PM [32m    LOG[39m [38;5;3m[SessionReminderJob] [39m[32mreminder sweep kind=booking_reminder_24h scanned=1 dispatched=1 skipped=1[39m
2026-10-03T19:39:37.0090016Z [95m[Nest] 3285  - [39m10/03/2026, 7:39:36 PM [95m  DEBUG[39m [38;5;3m[SessionReminderJob] [39m[95m1h reminder cron skipped — set BOOKING_REMINDERS_ENABLED=on to enable[39m
2026-10-03T19:39:37.0091357Z [95m[Nest] 3285  - [39m10/03/2026, 7:39:36 PM [95m  DEBUG[39m [38;5;3m[SessionReminderJob] [39m[95m24h reminder cron skipped — set BOOKING_REMINDERS_ENABLED=on to enable[39m
2026-10-03T19:39:37.0092828Z [95m[Nest] 3285  - [39m10/03/2026, 7:39:36 PM [95m  DEBUG[39m [38;5;3m[SessionReminderJob] [39m[95m1h reminder cron skipped — set BOOKING_REMINDERS_ENABLED=on to enable[39m
2026-10-03T19:39:37.0094346Z [95m[Nest] 3285  - [39m10/03/2026, 7:39:36 PM [95m  DEBUG[39m [38;5;3m[SessionReminderJob] [39m[95m24h reminder cron skipped — set BOOKING_REMINDERS_ENABLED=on to enable[39m
2026-10-03T19:39:37.0095773Z [95m[Nest] 3285  - [39m10/03/2026, 7:39:36 PM [95m  DEBUG[39m [38;5;3m[SessionReminderJob] [39m[95m1h reminder cron skipped — set BOOKING_REMINDERS_ENABLED=on to enable[39m
2026-10-03T19:39:37.0097224Z [95m[Nest] 3285  - [39m10/03/2026, 7:39:36 PM [95m  DEBUG[39m [38;5;3m[SessionReminderJob] [39m[95m24h reminder cron skipped — set BOOKING_REMINDERS_ENABLED=on to enable[39m
2026-10-03T19:39:37.0098863Z [95m[Nest] 3285  - [39m10/03/2026, 7:39:36 PM [95m  DEBUG[39m [38;5;3m[SessionReminderJob] [39m[95m1h reminder cron skipped — set BOOKING_REMINDERS_ENABLED=on to enable[39m
2026-10-03T19:39:37.0100369Z [95m[Nest] 3285  - [39m10/03/2026, 7:39:36 PM [95m  DEBUG[39m [38;5;3m[SessionReminderJob] [39m[95m24h reminder cron skipped — set BOOKING_REMINDERS_ENABLED=on to enable[39m
2026-10-03T19:39:37.0102147Z [95m[Nest] 3285  - [39m10/03/2026, 7:39:36 PM [95m  DEBUG[39m [38;5;3m[SessionReminderJob] [39m[95m1h reminder cron skipped — set BOOKING_REMINDERS_ENABLED=on to enable[39m
2026-10-03T19:39:37.0103642Z [95m[Nest] 3285  - [39m10/03/2026, 7:39:36 PM [95m  DEBUG[39m [38;5;3m[SessionReminderJob] [39m[95m24h reminder cron skipped — set BOOKING_REMINDERS_ENABLED=on to enable[39m
2026-10-03T19:39:37.0105134Z [95m[Nest] 3285  - [39m10/03/2026, 7:39:36 PM [95m  DEBUG[39m [38;5;3m[SessionReminderJob] [39m[95m1h reminder cron skipped — set BOOKING_REMINDERS_ENABLED=on to enable[39m
2026-10-03T19:39:37.0106760Z [95m[Nest] 3285  - [39m10/03/2026, 7:39:36 PM [95m  DEBUG[39m [38;5;3m[SessionReminderJob] [39m[95m24h reminder cron skipped — set BOOKING_REMINDERS_ENABLED=on to enable[39m
2026-10-03T19:39:37.0108408Z [95m[Nest] 3285  - [39m10/03/2026, 7:39:36 PM [95m  DEBUG[39m [38;5;3m[SessionReminderJob] [39m[95m1h reminder cron skipped — set BOOKING_REMINDERS_ENABLED=on to enable[39m
2026-10-03T19:39:37.0109936Z [95m[Nest] 3285  - [39m10/03/2026, 7:39:36 PM [95m  DEBUG[39m [38;5;3m[SessionReminderJob] [39m[95m24h reminder cron skipped — set BOOKING_REMINDERS_ENABLED=on to enable[39m
2026-10-03T19:39:37.0111362Z [32m[Nest] 3285  - [39m10/03/2026, 7:39:36 PM [32m    LOG[39m [38;5;3m[SessionReminderJob] [39m[32mreminder sweep kind=booking_reminder_1h scanned=1 dispatched=2 skipped=0[39m
2026-10-03T19:39:37.0112835Z [32m[Nest] 3285  - [39m10/03/2026, 7:39:36 PM [32m    LOG[39m [38;5;3m[SessionReminderJob] [39m[32mreminder sweep kind=booking_reminder_24h scanned=1 dispatched=2 skipped=0[39m
2026-10-03T19:39:37.0114387Z [32m[Nest] 3285  - [39m10/03/2026, 7:39:36 PM [32m    LOG[39m [38;5;3m[SessionReminderJob] [39m[32mreminder sweep kind=booking_reminder_24h scanned=1 dispatched=0 skipped=2[39m
2026-10-03T19:39:37.0116007Z [32m[Nest] 3285  - [39m10/03/2026, 10:39:36 PM [32m    LOG[39m [38;5;3m[SessionReminderJob] [39m[32mreminder sweep kind=booking_reminder_24h scanned=1 dispatched=2 skipped=0[39m
2026-10-03T19:39:37.0117405Z [32m[Nest] 3285  - [39m10/03/2026, 7:39:36 PM [32m    LOG[39m [38;5;3m[SessionReminderJob] [39m[32mreminder sweep kind=booking_reminder_24h scanned=1 dispatched=2 skipped=0[39m
2026-10-03T19:39:37.0118981Z [32m[Nest] 3285  - [39m10/03/2026, 7:39:36 PM [32m    LOG[39m [38;5;3m[SessionReminderJob] [39m[32mreminder sweep kind=booking_reminder_24h scanned=1 dispatched=2 skipped=0[39m
2026-10-03T19:39:37.0120311Z [32m[Nest] 3285  - [39m10/03/2026, 7:39:36 PM [32m    LOG[39m [38;5;3m[SessionReminderJob] [39m[32mreminder sweep kind=booking_reminder_24h scanned=1 dispatched=0 skipped=2[39m
2026-10-03T19:39:37.0121637Z [32m[Nest] 3285  - [39m10/03/2026, 7:39:36 PM [32m    LOG[39m [38;5;3m[SessionReminderJob] [39m[32mreminder sweep kind=booking_reminder_1h scanned=1 dispatched=0 skipped=2[39m
2026-10-03T19:39:37.0123303Z [33m[Nest] 3285  - [39m10/03/2026, 7:39:36 PM [33m   WARN[39m [38;5;3m[SessionReminderJob] [39m[33mreminder claim failed: session=sess-dberr user=client-1 kind=booking_reminder_1h err=Error[39m
2026-10-03T19:39:37.0124950Z [33m[Nest] 3285  - [39m10/03/2026, 7:39:36 PM [33m   WARN[39m [38;5;3m[SessionReminderJob] [39m[33mreminder claim failed: session=sess-dberr user=coach-1 kind=booking_reminder_1h err=Error[39m
2026-10-03T19:39:37.0126389Z [32m[Nest] 3285  - [39m10/03/2026, 7:39:36 PM [32m    LOG[39m [38;5;3m[SessionReminderJob] [39m[32mreminder sweep kind=booking_reminder_1h scanned=1 dispatched=0 skipped=2[39m
2026-10-03T19:39:37.1794852Z PASS test/scout/reconstruct/native/person-writer.spec.ts
2026-10-03T19:39:37.5416840Z PASS test/v1-coach.service.spec.ts
2026-10-03T19:39:38.0115141Z PASS test/roman/roman.controller.spec.ts
2026-10-03T19:39:38.3993918Z PASS test/coach-home-daily-rings.controller.spec.ts
2026-10-03T19:39:38.4752059Z [33m[Nest] 3285  - [39m10/03/2026, 7:39:38 PM [33m   WARN[39m [38;5;3m[AnalyticsService] [39m[33mPOSTHOG_KEY not set — analytics are disabled (no-op mode).[39m
2026-10-03T19:39:38.4790777Z [33m[Nest] 3285  - [39m10/03/2026, 7:39:38 PM [33m   WARN[39m [38;5;3m[AnalyticsService] [39m[33mPOSTHOG_KEY not set — analytics are disabled (no-op mode).[39m
2026-10-03T19:39:38.4810675Z [33m[Nest] 3285  - [39m10/03/2026, 7:39:38 PM [33m   WARN[39m [38;5;3m[AnalyticsService] [39m[33mPOSTHOG_KEY not set — analytics are disabled (no-op mode).[39m
2026-10-03T19:39:38.5215600Z PASS test/mwb-3-autosave.controller.spec.ts (9.011 s)
2026-10-03T19:39:38.5258527Z   ● Console
2026-10-03T19:39:38.5268668Z 
2026-10-03T19:39:38.5269222Z     console.warn
2026-10-03T19:39:38.5270471Z       [mwb3-autosave.controller] MWB3_TEST_DATABASE_URL not set — live authorization + conflict suite skipped.
2026-10-03T19:39:38.5270971Z 
2026-10-03T19:39:38.5271324Z     [0m [90m 217 |[39m [36mif[39m ([33m![39m[33mTEST_DB_URL[39m) {
2026-10-03T19:39:38.5271909Z      [90m 218 |[39m   [90m// eslint-disable-next-line no-console[39m
2026-10-03T19:39:38.5272490Z     [31m[1m>[22m[39m[90m 219 |[39m   console[33m.[39mwarn(
2026-10-03T19:39:38.5272994Z      [90m     |[39m           [31m[1m^[22m[39m
2026-10-03T19:39:38.5273704Z      [90m 220 |[39m     [32m'[mwb3-autosave.controller] MWB3_TEST_DATABASE_URL not set — live '[39m [33m+[39m
2026-10-03T19:39:38.5274449Z      [90m 221 |[39m       [32m'authorization + conflict suite skipped.'[39m[33m,[39m
2026-10-03T19:39:38.5274967Z      [90m 222 |[39m   )[33m;[39m[0m
2026-10-03T19:39:38.5275225Z 
2026-10-03T19:39:38.5275552Z       at Object.<anonymous> (test/mwb-3-autosave.controller.spec.ts:219:11)
2026-10-03T19:39:38.5275938Z 
2026-10-03T19:39:38.6140749Z PASS test/custom-domain.service.spec.ts
2026-10-03T19:39:38.6958807Z [33m[Nest] 3285  - [39m10/03/2026, 7:39:38 PM [33m   WARN[39m [38;5;3m[CustomDomainService] [39m[33mverify(): custom_domain swapped during DNS window for page page-1 (verified=verified.example.com); refusing to stamp verified_at.[39m
2026-10-03T19:39:39.0527106Z [31m[Nest] 3278  - [39m10/03/2026, 7:39:39 PM [31m  ERROR[39m [38;5;3m[RomanService] [39m[31mroman.delete_failed session=s_today stage=read: DatabaseRequestError: Database request failed (P2024)[39m
2026-10-03T19:39:39.0577213Z [31m[Nest] 3278  - [39m10/03/2026, 7:39:39 PM [31m  ERROR[39m [38;5;3m[RomanService] [39m[31mroman.delete_failed session=s_today stage=erase: DatabaseRequestError: Database request failed (P2024)[39m
2026-10-03T19:39:39.0624471Z PASS src/community/voice/__tests__/community-voice.service.spec.ts
2026-10-03T19:39:39.0652717Z [31m[Nest] 3278  - [39m10/03/2026, 7:39:39 PM [31m  ERROR[39m [38;5;3m[RomanService] [39m[31mroman.delete_all_failed stage=read erased_before=0: DatabaseRequestError: Database request failed (P2024)[39m
2026-10-03T19:39:39.0690362Z [31m[Nest] 3278  - [39m10/03/2026, 7:39:39 PM [31m  ERROR[39m [38;5;3m[RomanService] [39m[31mroman.delete_all_failed stage=read erased_before=1: DatabaseRequestError: Database request failed (P2024)[39m
2026-10-03T19:39:39.0705413Z [31m[Nest] 3278  - [39m10/03/2026, 7:39:39 PM [31m  ERROR[39m [38;5;3m[RomanService] [39m[31mroman.delete_all_failed session=s_today erased_before=0: DatabaseRequestError: Database request failed (P2024)[39m
2026-10-03T19:39:39.0739098Z [31m[Nest] 3278  - [39m10/03/2026, 7:39:39 PM [31m  ERROR[39m [38;5;3m[RomanService] [39m[31mroman.delete_all_failed stage=count erased_before=50: DatabaseRequestError: Database request failed (P2024)[39m
2026-10-03T19:39:39.0883431Z [33m[Nest] 3285  - [39m10/03/2026, 7:39:38 PM [33m   WARN[39m [38;5;3m[CommunityVoiceService] [39m[33mvoice publish refused: storage key shape[39m
2026-10-03T19:39:39.0885610Z [33m[Nest] 3285  - [39m10/03/2026, 7:39:39 PM [33m   WARN[39m [38;5;3m[CommunityVoiceService] [39m[33mvoice note 44444444-4444-4444-4444-444444444444: recording removal not yet verified; erasure recorded and retried by VoiceErasureService[39m
2026-10-03T19:39:39.1008302Z PASS test/roman/roman-chats.controller.spec.ts
2026-10-03T19:39:39.5859721Z PASS test/onboarding-audit-regressions.spec.ts
2026-10-03T19:39:39.6259776Z [33m[Nest] 3278  - [39m10/03/2026, 7:39:39 PM [33m   WARN[39m [38;5;3m[SubCoachScopeService] [39m[33msub-coach scope: user=buyer has role=coach and coach_id=seller but no membership relation (TeamSubCoachAssignment / SubCoachAssignment); treating as head coach of own roster, NOT as a sub-coach[39m
2026-10-03T19:39:39.6290545Z [33m[Nest] 3278  - [39m10/03/2026, 7:39:39 PM [33m   WARN[39m [38;5;3m[SubCoachScopeService] [39m[33msub-coach scope: user=tagged has role=coach and coach_id=seller but no membership relation (TeamSubCoachAssignment / SubCoachAssignment); treating as head coach of own roster, NOT as a sub-coach[39m
2026-10-03T19:39:39.6294278Z [33m[Nest] 3278  - [39m10/03/2026, 7:39:39 PM [33m   WARN[39m [38;5;3m[SubCoachScopeService] [39m[33msub-coach scope: user=buyer has role=coach and coach_id=seller but no membership relation (TeamSubCoachAssignment / SubCoachAssignment); treating as head coach of own roster, NOT as a sub-coach[39m
2026-10-03T19:39:39.6304070Z [33m[Nest] 3278  - [39m10/03/2026, 7:39:39 PM [33m   WARN[39m [38;5;3m[SubCoachScopeService] [39m[33msub-coach scope: user=buyer has role=coach and coach_id=seller but no membership relation (TeamSubCoachAssignment / SubCoachAssignment); treating as head coach of own roster, NOT as a sub-coach[39m
2026-10-03T19:39:39.6380995Z [33m[Nest] 3278  - [39m10/03/2026, 7:39:39 PM [33m   WARN[39m [38;5;3m[SubCoachScopeService] [39m[33msub-coach scope: user=tagged has role=coach and coach_id=seller but no membership relation (TeamSubCoachAssignment / SubCoachAssignment); treating as head coach of own roster, NOT as a sub-coach[39m
2026-10-03T19:39:39.6383559Z [33m[Nest] 3278  - [39m10/03/2026, 7:39:39 PM [33m   WARN[39m [38;5;3m[SubCoachScopeService] [39m[33msub-coach scope: user=buyer has role=coach and coach_id=seller but no membership relation (TeamSubCoachAssignment / SubCoachAssignment); treating as head coach of own roster, NOT as a sub-coach[39m
2026-10-03T19:39:39.6385988Z [33m[Nest] 3278  - [39m10/03/2026, 7:39:39 PM [33m   WARN[39m [38;5;3m[SubCoachScopeService] [39m[33msub-coach scope: user=tagged has role=coach and coach_id=seller but no membership relation (TeamSubCoachAssignment / SubCoachAssignment); treating as head coach of own roster, NOT as a sub-coach[39m
2026-10-03T19:39:39.6389057Z [33m[Nest] 3278  - [39m10/03/2026, 7:39:39 PM [33m   WARN[39m [38;5;3m[SubCoachScopeService] [39m[33msub-coach scope: user=team-coach has role=coach and coach_id=head but no membership relation (TeamSubCoachAssignment / SubCoachAssignment); treating as head coach of own roster, NOT as a sub-coach[39m
2026-10-03T19:39:39.6391489Z [33m[Nest] 3278  - [39m10/03/2026, 7:39:39 PM [33m   WARN[39m [38;5;3m[SubCoachScopeService] [39m[33msub-coach scope: user=buyer has role=coach and coach_id=seller but no membership relation (TeamSubCoachAssignment / SubCoachAssignment); treating as head coach of own roster, NOT as a sub-coach[39m
2026-10-03T19:39:39.6393870Z [33m[Nest] 3278  - [39m10/03/2026, 7:39:39 PM [33m   WARN[39m [38;5;3m[SubCoachScopeService] [39m[33msub-coach scope: user=tagged has role=coach and coach_id=seller but no membership relation (TeamSubCoachAssignment / SubCoachAssignment); treating as head coach of own roster, NOT as a sub-coach[39m
2026-10-03T19:39:39.6396356Z [33m[Nest] 3278  - [39m10/03/2026, 7:39:39 PM [33m   WARN[39m [38;5;3m[SubCoachScopeService] [39m[33msub-coach scope: user=buyer has role=coach and coach_id=seller but no membership relation (TeamSubCoachAssignment / SubCoachAssignment); treating as head coach of own roster, NOT as a sub-coach[39m
2026-10-03T19:39:39.6401000Z [33m[Nest] 3278  - [39m10/03/2026, 7:39:39 PM [33m   WARN[39m [38;5;3m[SubCoachScopeService] [39m[33msub-coach scope: user=tagged has role=coach and coach_id=seller but no membership relation (TeamSubCoachAssignment / SubCoachAssignment); treating as head coach of own roster, NOT as a sub-coach[39m
2026-10-03T19:39:39.6404055Z [33m[Nest] 3278  - [39m10/03/2026, 7:39:39 PM [33m   WARN[39m [38;5;3m[SubCoachScopeService] [39m[33msub-coach scope: user=team-coach has role=coach and coach_id=head but no membership relation (TeamSubCoachAssignment / SubCoachAssignment); treating as head coach of own roster, NOT as a sub-coach[39m
2026-10-03T19:39:39.6406507Z [33m[Nest] 3278  - [39m10/03/2026, 7:39:39 PM [33m   WARN[39m [38;5;3m[SubCoachScopeService] [39m[33msub-coach scope: user=tagged has role=coach and coach_id=seller but no membership relation (TeamSubCoachAssignment / SubCoachAssignment); treating as head coach of own roster, NOT as a sub-coach[39m
2026-10-03T19:39:39.6409263Z [33m[Nest] 3278  - [39m10/03/2026, 7:39:39 PM [33m   WARN[39m [38;5;3m[SubCoachScopeService] [39m[33msub-coach scope: user=buyer has role=coach and coach_id=seller but no membership relation (TeamSubCoachAssignment / SubCoachAssignment); treating as head coach of own roster, NOT as a sub-coach[39m
2026-10-03T19:39:39.6411660Z [33m[Nest] 3278  - [39m10/03/2026, 7:39:39 PM [33m   WARN[39m [38;5;3m[SubCoachScopeService] [39m[33msub-coach scope: user=buyer has role=coach and coach_id=seller but no membership relation (TeamSubCoachAssignment / SubCoachAssignment); treating as head coach of own roster, NOT as a sub-coach[39m
2026-10-03T19:39:39.6414138Z [33m[Nest] 3278  - [39m10/03/2026, 7:39:39 PM [33m   WARN[39m [38;5;3m[SubCoachScopeService] [39m[33msub-coach scope: user=tagged has role=coach and coach_id=seller but no membership relation (TeamSubCoachAssignment / SubCoachAssignment); treating as head coach of own roster, NOT as a sub-coach[39m
2026-10-03T19:39:39.6416639Z [33m[Nest] 3278  - [39m10/03/2026, 7:39:39 PM [33m   WARN[39m [38;5;3m[SubCoachScopeService] [39m[33msub-coach scope: user=tagged has role=coach and coach_id=seller but no membership relation (TeamSubCoachAssignment / SubCoachAssignment); treating as head coach of own roster, NOT as a sub-coach[39m
2026-10-03T19:39:39.6419729Z [33m[Nest] 3278  - [39m10/03/2026, 7:39:39 PM [33m   WARN[39m [38;5;3m[InviteCodesService] [39m[33mattach refused: user=client already attached to a different coach (re-parent is not a side effect of code entry)[39m
2026-10-03T19:39:39.6421263Z [95m[Nest] 3278  - [39m10/03/2026, 7:39:39 PM [95m  DEBUG[39m [38;5;3m[InviteCodesService] [39m[95mattach no-op: user=client already attached to coach=head-B[39m
2026-10-03T19:39:39.6525987Z PASS test/admin-controller-hygiene.spec.ts
2026-10-03T19:39:41.5819643Z PASS test/scout/s10/s10-unseen.e2e.spec.ts
2026-10-03T19:39:41.8811120Z PASS src/talent-marketplace/__tests__/apply.service.spec.ts
2026-10-03T19:39:42.2471295Z PASS test/auth-apple.spec.ts
2026-10-03T19:39:42.3110277Z [33m[Nest] 3285  - [39m10/03/2026, 7:39:42 PM [33m   WARN[39m [38;5;3m[AuthService] [39m[33mapple token verify failed: signature mismatch[39m
2026-10-03T19:39:42.3112480Z [33m[Nest] 3285  - [39m10/03/2026, 7:39:42 PM [33m   WARN[39m [38;5;3m[AuthService] [39m[33mappleAuth: no raw_nonce provided — token replay protection not active for this sign-in[39m
2026-10-03T19:39:42.3114111Z [33m[Nest] 3285  - [39m10/03/2026, 7:39:42 PM [33m   WARN[39m [38;5;3m[AuthService] [39m[33mappleAuth: no raw_nonce provided — token replay protection not active for this sign-in[39m
2026-10-03T19:39:42.3115375Z [33m[Nest] 3285  - [39m10/03/2026, 7:39:42 PM [33m   WARN[39m [38;5;3m[AuthService] [39m[33msupabase signInWithIdToken(apple) failed: invalid token[39m
2026-10-03T19:39:42.3116788Z [33m[Nest] 3285  - [39m10/03/2026, 7:39:42 PM [33m   WARN[39m [38;5;3m[AuthService] [39m[33mappleAuth: no raw_nonce provided — token replay protection not active for this sign-in[39m
2026-10-03T19:39:42.3118603Z [33m[Nest] 3285  - [39m10/03/2026, 7:39:42 PM [33m   WARN[39m [38;5;3m[AuthService] [39m[33mappleAuth: no raw_nonce provided — token replay protection not active for this sign-in[39m
2026-10-03T19:39:42.3120413Z [33m[Nest] 3285  - [39m10/03/2026, 7:39:42 PM [33m   WARN[39m [38;5;3m[AuthService] [39m[33mappleAuth: no raw_nonce provided — token replay protection not active for this sign-in[39m
2026-10-03T19:39:42.3122027Z [33m[Nest] 3285  - [39m10/03/2026, 7:39:42 PM [33m   WARN[39m [38;5;3m[AuthService] [39m[33mappleAuth: no raw_nonce provided — token replay protection not active for this sign-in[39m
2026-10-03T19:39:42.3123520Z [33m[Nest] 3285  - [39m10/03/2026, 7:39:42 PM [33m   WARN[39m [38;5;3m[AuthService] [39m[33mappleAuth: no raw_nonce provided — token replay protection not active for this sign-in[39m
2026-10-03T19:39:42.3125012Z [33m[Nest] 3285  - [39m10/03/2026, 7:39:42 PM [33m   WARN[39m [38;5;3m[AuthService] [39m[33mappleAuth invite_code attach failed for user=local-1 code=attach_failed: not found[39m
2026-10-03T19:39:43.2079205Z PASS test/ci/audit-gate.spec.ts
2026-10-03T19:39:44.1427240Z PASS test/ci/dependency-audit.spec.ts
2026-10-03T19:39:44.2090717Z PASS test/prod-readiness/fly-env-classifier.spec.ts
2026-10-03T19:39:44.5229836Z PASS src/talent-marketplace/__tests__/admin-applications.service.spec.ts
2026-10-03T19:39:45.3549363Z PASS test/scout/reconstruct/mapping-spec.spec.ts
2026-10-03T19:39:46.3383395Z PASS test/wearables/connector-registry.spec.ts
2026-10-03T19:39:46.7609493Z PASS test/meal-plans-dedup.spec.ts
2026-10-03T19:39:47.2093876Z PASS src/talent-marketplace/__tests__/public-listing.service.spec.ts
2026-10-03T19:39:47.5829455Z PASS test/ci/r75-gate.spec.ts (13.954 s)
2026-10-03T19:39:47.7249910Z PASS test/scout/induction/test-only-exclusion.spec.ts
2026-10-03T19:39:47.9135459Z [31m[Nest] 3279  - [39m10/03/2026, 7:39:47 PM [31m  ERROR[39m [38;5;3m[InviteCodesService] [39m[31mpreviewCode failed (prisma:P2024): connection pool timeout[39m
2026-10-03T19:39:47.9146681Z [31m[Nest] 3279  - [39m10/03/2026, 7:39:47 PM [31m  ERROR[39m [38;5;3m[InviteCodesService] [39m[31mpreviewCode failed (unknown): boom[39m
2026-10-03T19:39:47.9381146Z PASS test/invite-codes.service.spec.ts
2026-10-03T19:39:47.9663545Z [33m[Nest] 3279  - [39m10/03/2026, 7:39:47 PM [33m   WARN[39m [38;5;3m[InviteCodesService] [39m[33minvite code collision on GP-MM2G3B, retrying[39m
2026-10-03T19:39:47.9664991Z [33m[Nest] 3279  - [39m10/03/2026, 7:39:47 PM [33m   WARN[39m [38;5;3m[InviteCodesService] [39m[33minvite code collision on GP-QC47S6, retrying[39m
2026-10-03T19:39:47.9666376Z [33m[Nest] 3279  - [39m10/03/2026, 7:39:47 PM [33m   WARN[39m [38;5;3m[InviteCodesService] [39m[33mattach refused: user=owner-1 role=owner tried to redeem a client invite code (not a student)[39m
2026-10-03T19:39:48.0096683Z PASS test/dunning-v2-service.spec.ts
2026-10-03T19:39:48.2875186Z [31m[Nest] 3285  - [39m10/03/2026, 7:39:48 PM [31m  ERROR[39m [38;5;3m[TeamModeService] [39m[31mStripe seat removal failed for assignment=asn-1: stripe_unavailable[39m
2026-10-03T19:39:48.3086054Z PASS test/team-mode-service.spec.ts
2026-10-03T19:39:48.3323773Z PASS test/rate-limit.spec.ts
2026-10-03T19:39:48.3628105Z [32m[Nest] 3279  - [39m10/03/2026, 7:39:48 PM [32m    LOG[39m [38;5;3m[TalentConnectWebhookService] [39m[32maccount.updated evt_acct_1 processed acct=acct_123 onboarded=true[39m
2026-10-03T19:39:48.3630188Z [32m[Nest] 3279  - [39m10/03/2026, 7:39:48 PM [32m    LOG[39m [38;5;3m[TalentConnectWebhookService] [39m[32maccount.updated evt_acct_1 processed acct=acct_123 onboarded=false[39m
2026-10-03T19:39:48.3631838Z [32m[Nest] 3279  - [39m10/03/2026, 7:39:48 PM [32m    LOG[39m [38;5;3m[TalentConnectWebhookService] [39m[32maccount.updated evt_acct_1 processed acct=acct_123 onboarded=true[39m
2026-10-03T19:39:48.3633213Z [33m[Nest] 3279  - [39m10/03/2026, 7:39:48 PM [33m   WARN[39m [38;5;3m[TalentConnectWebhookService] [39m[33maccount.updated evt_acct_1 missing account id in payload[39m
2026-10-03T19:39:48.3634912Z [33m[Nest] 3278  - [39m10/03/2026, 7:39:48 PM [33m   WARN[39m [38;5;3m[ThrottlerExceptionFilter] [39mObject(7) {
2026-10-03T19:39:48.3635596Z   message: [32m'throttler.rejected'[39m,
2026-10-03T19:39:48.3636167Z   userId: [1mnull[22m,
2026-10-03T19:39:48.3636594Z   ip: [32m'203.0.113.1'[39m,
2026-10-03T19:39:48.3637007Z   path: [32m'[unmatched]'[39m,
2026-10-03T19:39:48.3637397Z   method: [32m'POST'[39m,
2026-10-03T19:39:48.3637783Z   limit: [32m'enforced'[39m,
2026-10-03T19:39:48.3638387Z   ttl: [33m3600[39m
2026-10-03T19:39:48.3638727Z }
2026-10-03T19:39:48.3639406Z [33m[Nest] 3278  - [39m10/03/2026, 7:39:48 PM [33m   WARN[39m [38;5;3m[ThrottlerExceptionFilter] [39mObject(7) {
2026-10-03T19:39:48.3640074Z   message: [32m'throttler.rejected'[39m,
2026-10-03T19:39:48.3640495Z   userId: [1mnull[22m,
2026-10-03T19:39:48.3640912Z   ip: [32m'203.0.113.1'[39m,
2026-10-03T19:39:48.3641304Z   path: [32m'[unmatched]'[39m,
2026-10-03T19:39:48.3641695Z   method: [32m'GET'[39m,
2026-10-03T19:39:48.3642106Z   limit: [32m'enforced'[39m,
2026-10-03T19:39:48.3642486Z   ttl: [33m3600[39m
2026-10-03T19:39:48.3642802Z }
2026-10-03T19:39:48.3643828Z [32m[Nest] 3278  - [39m10/03/2026, 7:39:48 PM [32m    LOG[39m [38;5;3m[ThrottlerConfig] [39m[32mREDIS_URL not set -- using in-memory throttler tracker. Limits do NOT cross Fly machines.[39m
2026-10-03T19:39:48.3645417Z [32m[Nest] 3278  - [39m10/03/2026, 7:39:48 PM [32m    LOG[39m [38;5;3m[ThrottlerConfig] [39m[32mREDIS_URL not set -- using in-memory throttler tracker. Limits do NOT cross Fly machines.[39m
2026-10-03T19:39:48.3647048Z [32m[Nest] 3278  - [39m10/03/2026, 7:39:48 PM [32m    LOG[39m [38;5;3m[ThrottlerConfig] [39m[32mREDIS_URL not set -- using in-memory throttler tracker. Limits do NOT cross Fly machines.[39m
2026-10-03T19:39:48.4699218Z PASS test/talent-connect-webhook.spec.ts
2026-10-03T19:39:48.6380103Z PASS test/scheduling.service.spec.ts
2026-10-03T19:39:48.6988117Z PASS src/talent-marketplace/__tests__/admin-moderation.service.spec.ts
2026-10-03T19:39:48.9938129Z PASS test/scout/reconstruct/scout-reconstruct.families.spec.ts
2026-10-03T19:39:49.0344041Z [32m[Nest] 3278  - [39m10/03/2026, 7:39:48 PM [32m    LOG[39m [38;5;3m[ScoutReconstructService] [39m[32mscout.reconstruct completed {"intent_id":"intent-1","coach_id":"coach-1","staged":3,"reconstructed":3,"skipped":0,"failed":0}[39m
2026-10-03T19:39:49.0346503Z [32m[Nest] 3278  - [39m10/03/2026, 7:39:48 PM [32m    LOG[39m [38;5;3m[ScoutReconstructService] [39m[32mscout.reconstruct completed {"intent_id":"intent-1","coach_id":"coach-1","staged":2,"reconstructed":2,"skipped":0,"failed":0}[39m
2026-10-03T19:39:49.0349213Z [32m[Nest] 3278  - [39m10/03/2026, 7:39:48 PM [32m    LOG[39m [38;5;3m[ScoutReconstructService] [39m[32mscout.reconstruct completed {"intent_id":"intent-1","coach_id":"coach-1","staged":2,"reconstructed":2,"skipped":0,"failed":0}[39m
2026-10-03T19:39:49.0351065Z [32m[Nest] 3278  - [39m10/03/2026, 7:39:48 PM [32m    LOG[39m [38;5;3m[ScoutReconstructService] [39m[32mscout.reconstruct completed {"intent_id":"intent-1","coach_id":"coach-1","staged":1,"reconstructed":1,"skipped":0,"failed":0}[39m
2026-10-03T19:39:49.0352816Z [32m[Nest] 3278  - [39m10/03/2026, 7:39:48 PM [32m    LOG[39m [38;5;3m[ScoutReconstructService] [39m[32mscout.reconstruct completed {"intent_id":"intent-1","coach_id":"coach-1","staged":2,"reconstructed":1,"skipped":1,"failed":0}[39m
2026-10-03T19:39:49.0354548Z [33m[Nest] 3278  - [39m10/03/2026, 7:39:48 PM [33m   WARN[39m [38;5;3m[ScoutReconstructService] [39m[33mscout.reconstruct completed with failures {"intent_id":"intent-1","coach_id":"coach-1","staged":3,"reconstructed":2,"skipped":0,"failed":1}[39m
2026-10-03T19:39:49.0356217Z [32m[Nest] 3278  - [39m10/03/2026, 7:39:48 PM [32m    LOG[39m [38;5;3m[ScoutReconstructService] [39m[32mscout.reconstruct completed {"intent_id":"intent-1","coach_id":"coach-1","staged":1,"reconstructed":1,"skipped":0,"failed":0}[39m
2026-10-03T19:39:49.0358695Z [32m[Nest] 3278  - [39m10/03/2026, 7:39:48 PM [32m    LOG[39m [38;5;3m[ScoutReconstructService] [39m[32mscout.reconstruct completed {"intent_id":"intent-1","coach_id":"coach-1","staged":1,"reconstructed":1,"skipped":0,"failed":0}[39m
2026-10-03T19:39:49.0360468Z [32m[Nest] 3278  - [39m10/03/2026, 7:39:48 PM [32m    LOG[39m [38;5;3m[ScoutReconstructService] [39m[32mscout.reconstruct completed {"intent_id":"intent-1","coach_id":"coach-7","staged":1,"reconstructed":1,"skipped":0,"failed":0}[39m
2026-10-03T19:39:49.0362109Z [32m[Nest] 3278  - [39m10/03/2026, 7:39:48 PM [32m    LOG[39m [38;5;3m[ScoutReconstructService] [39m[32mscout.reconstruct completed {"intent_id":"intent-1","coach_id":"coach-1","staged":3,"reconstructed":3,"skipped":0,"failed":0}[39m
2026-10-03T19:39:49.0363772Z [32m[Nest] 3278  - [39m10/03/2026, 7:39:48 PM [32m    LOG[39m [38;5;3m[ScoutReconstructService] [39m[32mscout.reconstruct completed {"intent_id":"intent-1","coach_id":"coach-1","staged":2,"reconstructed":2,"skipped":0,"failed":0}[39m
2026-10-03T19:39:49.0365440Z [32m[Nest] 3278  - [39m10/03/2026, 7:39:48 PM [32m    LOG[39m [38;5;3m[ScoutReconstructService] [39m[32mscout.reconstruct completed {"intent_id":"intent-1","coach_id":"coach-1","staged":2,"reconstructed":2,"skipped":0,"failed":0}[39m
2026-10-03T19:39:49.0367154Z [32m[Nest] 3278  - [39m10/03/2026, 7:39:48 PM [32m    LOG[39m [38;5;3m[ScoutReconstructService] [39m[32mscout.reconstruct completed {"intent_id":"intent-1","coach_id":"coach-1","staged":1,"reconstructed":1,"skipped":0,"failed":0}[39m
2026-10-03T19:39:49.0369344Z [32m[Nest] 3278  - [39m10/03/2026, 7:39:48 PM [32m    LOG[39m [38;5;3m[ScoutReconstructService] [39m[32mscout.reconstruct completed {"intent_id":"intent-1","coach_id":"coach-1","staged":2,"reconstructed":1,"skipped":1,"failed":0}[39m
2026-10-03T19:39:49.0490097Z [33m[Nest] 3278  - [39m10/03/2026, 7:39:48 PM [33m   WARN[39m [38;5;3m[ScoutReconstructService] [39m[33mscout.reconstruct completed with failures {"intent_id":"intent-1","coach_id":"coach-1","staged":3,"reconstructed":2,"skipped":0,"failed":1}[39m
2026-10-03T19:39:49.0520047Z [32m[Nest] 3278  - [39m10/03/2026, 7:39:48 PM [32m    LOG[39m [38;5;3m[ScoutReconstructService] [39m[32mscout.reconstruct completed {"intent_id":"intent-1","coach_id":"coach-1","staged":1,"reconstructed":1,"skipped":0,"failed":0}[39m
2026-10-03T19:39:49.0565412Z [32m[Nest] 3278  - [39m10/03/2026, 7:39:48 PM [32m    LOG[39m [38;5;3m[ScoutReconstructService] [39m[32mscout.reconstruct completed {"intent_id":"intent-1","coach_id":"coach-1","staged":1,"reconstructed":1,"skipped":0,"failed":0}[39m
2026-10-03T19:39:49.0589767Z [32m[Nest] 3278  - [39m10/03/2026, 7:39:48 PM [32m    LOG[39m [38;5;3m[ScoutReconstructService] [39m[32mscout.reconstruct completed {"intent_id":"intent-1","coach_id":"coach-7","staged":1,"reconstructed":1,"skipped":0,"failed":0}[39m
2026-10-03T19:39:49.0604252Z [32m[Nest] 3278  - [39m10/03/2026, 7:39:48 PM [32m    LOG[39m [38;5;3m[ScoutReconstructService] [39m[32mscout.reconstruct completed {"intent_id":"intent-1","coach_id":"coach-1","staged":2,"reconstructed":2,"skipped":0,"failed":0}[39m
2026-10-03T19:39:49.0606404Z [32m[Nest] 3278  - [39m10/03/2026, 7:39:48 PM [32m    LOG[39m [38;5;3m[ScoutReconstructService] [39m[32mscout.reconstruct completed {"intent_id":"intent-1","coach_id":"coach-1","staged":2,"reconstructed":2,"skipped":0,"failed":0}[39m
2026-10-03T19:39:49.0608658Z [32m[Nest] 3278  - [39m10/03/2026, 7:39:48 PM [32m    LOG[39m [38;5;3m[ScoutReconstructService] [39m[32mscout.reconstruct completed {"intent_id":"intent-1","coach_id":"coach-1","staged":1,"reconstructed":1,"skipped":0,"failed":0}[39m
2026-10-03T19:39:49.5498715Z [33m[Nest] 3285  - [39m10/03/2026, 7:39:49 PM [33m   WARN[39m [38;5;3m[AuthService] [39m[33mextension refresh rejected: token expired[39m
2026-10-03T19:39:49.5529659Z [33m[Nest] 3285  - [39m10/03/2026, 7:39:49 PM [33m   WARN[39m [38;5;3m[AuthService] [39m[33mextension refresh rejected: no session returned[39m
2026-10-03T19:39:49.6288972Z PASS test/packages-pricing-http.spec.ts
2026-10-03T19:39:49.6567471Z PASS test/auth/extension-auth.spec.ts
2026-10-03T19:39:49.9589806Z PASS test/invite-grant-authorization.spec.ts
2026-10-03T19:39:50.2042669Z PASS src/talent-marketplace/__tests__/specialty-alerts.spec.ts
2026-10-03T19:39:50.7912043Z PASS test/scout/scout-diagnostics-boundary.spec.ts
2026-10-03T19:39:50.8481066Z PASS test/scout/scout-cursor.spec.ts
2026-10-03T19:39:50.9149936Z PASS test/community/ack/community-v2-2-ack.e2e.spec.ts
2026-10-03T19:39:51.1699441Z PASS test/check-ins.service.spec.ts
2026-10-03T19:39:51.2164212Z PASS test/common/pilot-coach-allowlist.spec.ts
2026-10-03T19:39:51.2938070Z [33m[Nest] 3278  - [39m10/03/2026, 7:39:51 PM [33m   WARN[39m [38;5;3m[PilotCoachAllowlistGuard] [39m[33mFEATURE_SCOUT_PILOT_COACH_IDS ignored: entry position(s) 1 are not UUIDs. The pilot allowlist is treated as EMPTY (no coach is admitted).[39m
2026-10-03T19:39:51.2969194Z [33m[Nest] 3278  - [39m10/03/2026, 7:39:51 PM [33m   WARN[39m [38;5;3m[PilotCoachAllowlistGuard] [39m[33mFEATURE_SCOUT_PILOT_COACH_IDS ignored: entry position(s) 2 are not UUIDs. The pilot allowlist is treated as EMPTY (no coach is admitted).[39m
2026-10-03T19:39:51.3420662Z PASS test/community/safety/community-ugc-round6.spec.ts
2026-10-03T19:39:51.4436490Z [33m[Nest] 3279  - [39m10/03/2026, 7:39:51 PM [33m   WARN[39m [38;5;3m[VoiceUploadProvider] [39m[33mvoice erasure check inconclusive: status=none code=400 message=Bad request[39m
2026-10-03T19:39:51.4441912Z [33m[Nest] 3279  - [39m10/03/2026, 7:39:51 PM [33m   WARN[39m [38;5;3m[VoiceUploadProvider] [39m[33mvoice erasure check inconclusive: status=none code=400 message=Bad request[39m
2026-10-03T19:39:51.4443998Z [33m[Nest] 3279  - [39m10/03/2026, 7:39:51 PM [33m   WARN[39m [38;5;3m[VoiceErasureService] [39m[33mvoice erasure ac112895-f280-40c5-9090-bb366c723a22 (object) not yet verified after 2 attempt(s): storage_remove_failed; retry scheduled[39m
2026-10-03T19:39:51.4445664Z [32m[Nest] 3279  - [39m10/03/2026, 7:39:51 PM [32m    LOG[39m [38;5;3m[VoiceErasureService] [39m[32mvoice erasure retry: completed=0 pending=1[39m
2026-10-03T19:39:51.5749837Z PASS src/talent-marketplace/__tests__/applicant-tracking.service.spec.ts
2026-10-03T19:39:51.6440300Z [33m[Nest] 3279  - [39m10/03/2026, 7:39:51 PM [33m   WARN[39m [38;5;3m[ApplicantTrackingService] [39m[33mStage idempotency replay response was malformed[39m
2026-10-03T19:39:51.7670510Z [31m[Nest] 3285  - [39m10/03/2026, 7:39:51 PM [31m  ERROR[39m [38;5;3m[AiGatewayService] [39m[31mAI audit write failed for capability=chat.client_self: audit table down[39m
2026-10-03T19:39:51.8899447Z PASS test/ai-gateway.service.spec.ts
2026-10-03T19:39:51.9460750Z [32m[Nest] 3285  - [39m10/03/2026, 7:39:51 PM [32m    LOG[39m [38;5;3m[AiEgressService] [39m[32mai_egress.refused surface=gateway reason=no_live_grant clients=1 missing=1[39m
2026-10-03T19:39:51.9462483Z [32m[Nest] 3285  - [39m10/03/2026, 7:39:51 PM [32m    LOG[39m [38;5;3m[AiEgressService] [39m[32mai_egress.refused surface=gateway reason=no_live_grant clients=1 missing=1[39m
2026-10-03T19:39:51.9520806Z [33m[Nest] 3285  - [39m10/03/2026, 7:39:51 PM [33m   WARN[39m [38;5;3m[AiEgressService] [39m[33mai_egress.consent_read_failed (treated as no grant)[39m
2026-10-03T19:39:51.9580121Z [32m[Nest] 3285  - [39m10/03/2026, 7:39:51 PM [32m    LOG[39m [38;5;3m[AiEgressService] [39m[32mai_egress.refused surface=gateway reason=no_live_grant clients=1 missing=1[39m
2026-10-03T19:39:51.9609814Z [32m[Nest] 3285  - [39m10/03/2026, 7:39:51 PM [32m    LOG[39m [38;5;3m[AiEgressService] [39m[32mai_egress.refused surface=gateway reason=no_live_grant clients=1 missing=1[39m
2026-10-03T19:39:51.9649740Z [32m[Nest] 3285  - [39m10/03/2026, 7:39:51 PM [32m    LOG[39m [38;5;3m[AiEgressService] [39m[32mai_egress.refused surface=gateway reason=no_live_grant clients=1 missing=1[39m
2026-10-03T19:39:51.9669004Z PASS test/scout/scout-ingest.service.spec.ts
2026-10-03T19:39:52.3639416Z PASS test/scout/lifecycle/s11b-settle-redrive.spec.ts
2026-10-03T19:39:54.5169441Z PASS test/checkout-webhook-fee-split.spec.ts
2026-10-03T19:39:54.5844332Z [32m[Nest] 3279  - [39m10/03/2026, 7:39:54 PM [32m    LOG[39m [38;5;3m[DunningService] [39m[32m{"event":"dunning.attempt_scheduled","purchase_id":"p1","dunning_state_id":"d-1","step_index":0,"scheduled_for":"2026-10-03T19:39:54.479Z","kind":"soft"}[39m
2026-10-03T19:39:54.5870319Z [32m[Nest] 3279  - [39m10/03/2026, 7:39:54 PM [32m    LOG[39m [38;5;3m[DunningService] [39m[32m{"event":"dunning.attempt_scheduled","purchase_id":"p1","dunning_state_id":"d-1","step_index":1,"scheduled_for":"2026-10-06T19:39:54.479Z","kind":"urgent"}[39m
2026-10-03T19:39:54.5900544Z [32m[Nest] 3279  - [39m10/03/2026, 7:39:54 PM [32m    LOG[39m [38;5;3m[DunningService] [39m[32m{"event":"dunning.attempt_scheduled","purchase_id":"p1","dunning_state_id":"d-1","step_index":2,"scheduled_for":"2026-10-10T19:39:54.479Z","kind":"final"}[39m
2026-10-03T19:39:54.5903048Z [32m[Nest] 3279  - [39m10/03/2026, 7:39:54 PM [32m    LOG[39m [38;5;3m[DunningService] [39m[32m{"event":"dunning.attempt_scheduled","purchase_id":"p1","dunning_state_id":"d-1","step_index":3,"scheduled_for":"2026-10-17T19:39:54.479Z","kind":"cancelled"}[39m
2026-10-03T19:39:54.5930185Z [32m[Nest] 3279  - [39m10/03/2026, 7:39:54 PM [32m    LOG[39m [38;5;3m[DunningService] [39m[32m{"event":"dunning.opened","purchase_id":"p1","dunning_state_id":"d-1","invoice_id":"in_1","amount_cents":9900,"attempt_number":1}[39m
2026-10-03T19:39:54.5959842Z [32m[Nest] 3279  - [39m10/03/2026, 7:39:54 PM [32m    LOG[39m [38;5;3m[DunningService] [39m[32m{"event":"dunning.recovered","purchase_id":"p1","dunning_state_id":"d1"}[39m
2026-10-03T19:39:54.7669421Z PASS test/ci/schema-parity-gate.spec.ts
2026-10-03T19:39:55.3429358Z PASS test/landing-pages.public.service.spec.ts
2026-10-03T19:39:55.4157454Z [33m[Nest] 3278  - [39m10/03/2026, 7:39:55 PM [33m   WARN[39m [38;5;3m[LandingPagePublicService] [39m[33mlead-sync enqueue failed for lead-1: Error: redis down[39m
2026-10-03T19:39:55.5787511Z PASS test/restore-schema-declared-objects-migration.spec.ts
2026-10-03T19:39:55.7009746Z PASS test/scout/orchestration/settle-hook.spec.ts
2026-10-03T19:39:55.9663363Z PASS test/scout/reconstruct/mapping-spec.third-source.spec.ts
2026-10-03T19:39:55.9819185Z PASS test/account-deletion/manifest-fk-order.spec.ts
2026-10-03T19:39:56.0631002Z [32m[Nest] 3278  - [39m10/03/2026, 7:39:55 PM [32m    LOG[39m [38;5;3m[ScoutReconstructService] [39m[32mscout.reconstruct completed {"intent_id":"intent-1","coach_id":"coach-1","staged":3,"reconstructed":2,"skipped":1,"failed":0}[39m
2026-10-03T19:39:56.0649028Z [32m[Nest] 3278  - [39m10/03/2026, 7:39:55 PM [32m    LOG[39m [38;5;3m[ScoutReconstructService] [39m[32mscout.reconstruct completed {"intent_id":"intent-1","coach_id":"coach-1","staged":1,"reconstructed":1,"skipped":0,"failed":0}[39m
2026-10-03T19:39:56.0660260Z [32m[Nest] 3278  - [39m10/03/2026, 7:39:55 PM [32m    LOG[39m [38;5;3m[ScoutReconstructService] [39m[32mscout.reconstruct completed {"intent_id":"intent-1","coach_id":"coach-1","staged":3,"reconstructed":2,"skipped":1,"failed":0}[39m
2026-10-03T19:39:56.3710662Z [33m[Nest] 3278  - [39m10/03/2026, 7:39:56 PM [33m   WARN[39m [38;5;3m[VoiceUploadProvider] [39m[33mvoice erasure check inconclusive: status=400 code=400 message=Bad request[39m
2026-10-03T19:39:56.3715519Z [33m[Nest] 3278  - [39m10/03/2026, 7:39:56 PM [33m   WARN[39m [38;5;3m[VoiceUploadProvider] [39m[33mvoice erasure check inconclusive: status=400 code=404 message=Bucket not found[39m
2026-10-03T19:39:56.3717088Z [33m[Nest] 3278  - [39m10/03/2026, 7:39:56 PM [33m   WARN[39m [38;5;3m[VoiceUploadProvider] [39m[33mvoice erasure check inconclusive: status=400 code=403 message=invalid signature[39m
2026-10-03T19:39:56.3719308Z [33m[Nest] 3278  - [39m10/03/2026, 7:39:56 PM [33m   WARN[39m [38;5;3m[VoiceUploadProvider] [39m[33mvoice erasure check inconclusive: status=401 code=401 message=Invalid Compact JWS[39m
2026-10-03T19:39:56.3726655Z [33m[Nest] 3278  - [39m10/03/2026, 7:39:56 PM [33m   WARN[39m [38;5;3m[VoiceUploadProvider] [39m[33mvoice erasure check inconclusive: status=403 code=403 message=new row violates row-level security policy[39m
2026-10-03T19:39:56.3730104Z [33m[Nest] 3278  - [39m10/03/2026, 7:39:56 PM [33m   WARN[39m [38;5;3m[VoiceUploadProvider] [39m[33mvoice erasure check inconclusive: status=500 code=500 message=Internal Server Error[39m
2026-10-03T19:39:56.3731633Z [33m[Nest] 3278  - [39m10/03/2026, 7:39:56 PM [33m   WARN[39m [38;5;3m[VoiceUploadProvider] [39m[33mvoice erasure check inconclusive: status=503 code=503 message=HTTP 503 error[39m
2026-10-03T19:39:56.3733875Z [33m[Nest] 3278  - [39m10/03/2026, 7:39:56 PM [33m   WARN[39m [38;5;3m[VoiceUploadProvider] [39m[33mvoice erasure check inconclusive: status=404 code=404 message=HTTP 404 error[39m
2026-10-03T19:39:56.3736043Z [33m[Nest] 3278  - [39m10/03/2026, 7:39:56 PM [33m   WARN[39m [38;5;3m[VoiceUploadProvider] [39m[33mvoice erasure check inconclusive: status=404 code=404 message=Not found[39m
2026-10-03T19:39:56.3738370Z [33m[Nest] 3278  - [39m10/03/2026, 7:39:56 PM [33m   WARN[39m [38;5;3m[VoiceUploadProvider] [39m[33mvoice erasure check inconclusive: status=none code=none message=fetch failed[39m
2026-10-03T19:39:56.3740627Z [33m[Nest] 3278  - [39m10/03/2026, 7:39:56 PM [33m   WARN[39m [38;5;3m[VoiceUploadProvider] [39m[33mvoice erasure check inconclusive: status=400 code=400 message=Bad request[39m
2026-10-03T19:39:56.3742842Z [33m[Nest] 3278  - [39m10/03/2026, 7:39:56 PM [33m   WARN[39m [38;5;3m[VoiceUploadProvider] [39m[33mvoice erasure check inconclusive: status=400 code=404 message=Bucket not found[39m
2026-10-03T19:39:56.3745126Z [33m[Nest] 3278  - [39m10/03/2026, 7:39:56 PM [33m   WARN[39m [38;5;3m[VoiceUploadProvider] [39m[33mvoice erasure check inconclusive: status=400 code=403 message=invalid signature[39m
2026-10-03T19:39:56.3747427Z [33m[Nest] 3278  - [39m10/03/2026, 7:39:56 PM [33m   WARN[39m [38;5;3m[VoiceUploadProvider] [39m[33mvoice erasure check inconclusive: status=401 code=401 message=Invalid Compact JWS[39m
2026-10-03T19:39:56.3750061Z [33m[Nest] 3278  - [39m10/03/2026, 7:39:56 PM [33m   WARN[39m [38;5;3m[VoiceUploadProvider] [39m[33mvoice erasure check inconclusive: status=403 code=403 message=new row violates row-level security policy[39m
2026-10-03T19:39:56.3752539Z [33m[Nest] 3278  - [39m10/03/2026, 7:39:56 PM [33m   WARN[39m [38;5;3m[VoiceUploadProvider] [39m[33mvoice erasure check inconclusive: status=500 code=500 message=Internal Server Error[39m
2026-10-03T19:39:56.3754803Z [33m[Nest] 3278  - [39m10/03/2026, 7:39:56 PM [33m   WARN[39m [38;5;3m[VoiceUploadProvider] [39m[33mvoice erasure check inconclusive: status=503 code=503 message=HTTP 503 error[39m
2026-10-03T19:39:56.3757084Z [33m[Nest] 3278  - [39m10/03/2026, 7:39:56 PM [33m   WARN[39m [38;5;3m[VoiceUploadProvider] [39m[33mvoice erasure check inconclusive: status=404 code=404 message=HTTP 404 error[39m
2026-10-03T19:39:56.3760746Z [33m[Nest] 3278  - [39m10/03/2026, 7:39:56 PM [33m   WARN[39m [38;5;3m[VoiceUploadProvider] [39m[33mvoice erasure check inconclusive: status=404 code=404 message=Not found[39m
2026-10-03T19:39:56.3963010Z PASS test/throttler-isolation.spec.ts
2026-10-03T19:39:56.4244832Z PASS src/community/voice/__tests__/voice-erasure-verification.spec.ts
2026-10-03T19:39:56.4731130Z [33m[Nest] 3278  - [39m10/03/2026, 7:39:56 PM [33m   WARN[39m [38;5;3m[VoiceUploadProvider] [39m[33mvoice erasure check inconclusive: status=none code=none message=fetch failed[39m
2026-10-03T19:39:56.4734480Z [33m[Nest] 3278  - [39m10/03/2026, 7:39:56 PM [33m   WARN[39m [38;5;3m[VoiceUploadProvider] [39m[33mvoice erasure bucket check failed: Bucket not found[39m
2026-10-03T19:39:56.4736825Z [33m[Nest] 3278  - [39m10/03/2026, 7:39:56 PM [33m   WARN[39m [38;5;3m[VoiceUploadProvider] [39m[33mvoice erasure bucket check failed: Internal Server Error[39m
2026-10-03T19:39:56.4739587Z [33m[Nest] 3278  - [39m10/03/2026, 7:39:56 PM [33m   WARN[39m [38;5;3m[VoiceUploadProvider] [39m[33mvoice erasure bucket check failed: fetch failed[39m
2026-10-03T19:39:56.4742003Z [33m[Nest] 3278  - [39m10/03/2026, 7:39:56 PM [33m   WARN[39m [38;5;3m[VoiceUploadProvider] [39m[33mvoice erasure bucket check failed: Bucket not found[39m
2026-10-03T19:39:56.4744583Z [33m[Nest] 3278  - [39m10/03/2026, 7:39:56 PM [33m   WARN[39m [38;5;3m[VoiceUploadProvider] [39m[33mvoice erasure check inconclusive: status=none code=none message=fetch failed[39m
2026-10-03T19:39:56.4747253Z [33m[Nest] 3278  - [39m10/03/2026, 7:39:56 PM [33m   WARN[39m [38;5;3m[VoiceUploadProvider] [39m[33mvoice erasure check inconclusive: status=400 code=400 message=Bad request[39m
2026-10-03T19:39:56.4750666Z [33m[Nest] 3278  - [39m10/03/2026, 7:39:56 PM [33m   WARN[39m [38;5;3m[VoiceErasureService] [39m[33mvoice erasure 74980bb4-6dc7-471c-bd87-fe67beebb426 (object) not yet verified after 2 attempt(s): storage_check_unavailable; retry scheduled[39m
2026-10-03T19:39:56.4753474Z [32m[Nest] 3278  - [39m10/03/2026, 7:39:56 PM [32m    LOG[39m [38;5;3m[VoiceErasureService] [39m[32mvoice erasure retry: completed=0 pending=1[39m
2026-10-03T19:39:56.4755721Z [33m[Nest] 3278  - [39m10/03/2026, 7:39:56 PM [33m   WARN[39m [38;5;3m[VoiceUploadProvider] [39m[33mvoice erasure bucket check failed: Bucket not found[39m
2026-10-03T19:39:56.4757775Z [33m[Nest] 3278  - [39m10/03/2026, 7:39:56 PM [33m   WARN[39m [38;5;3m[VoiceErasureService] [39m[33mvoice erasure 74980bb4-6dc7-471c-bd87-fe67beebb426 (object) not yet verified after 3 attempt(s): storage_check_unavailable; retry scheduled[39m
2026-10-03T19:39:56.4759613Z [32m[Nest] 3278  - [39m10/03/2026, 7:39:56 PM [32m    LOG[39m [38;5;3m[VoiceErasureService] [39m[32mvoice erasure retry: completed=0 pending=1[39m
2026-10-03T19:39:56.4775825Z [32m[Nest] 3278  - [39m10/03/2026, 7:39:56 PM [32m    LOG[39m [38;5;3m[VoiceErasureService] [39m[32mvoice erasure retry: completed=1 pending=0[39m
2026-10-03T19:39:56.4778015Z [33m[Nest] 3278  - [39m10/03/2026, 7:39:56 PM [33m   WARN[39m [38;5;3m[VoiceUploadProvider] [39m[33mvoice erasure bucket check failed: Bucket not found[39m
2026-10-03T19:39:56.4779520Z [32m[Nest] 3278  - [39m10/03/2026, 7:39:56 PM [32m    LOG[39m [38;5;3m[VoiceErasureService] [39m[32mvoice erasure retry: completed=1 pending=0[39m
2026-10-03T19:39:56.6645373Z PASS test/leaderboard.service.spec.ts
2026-10-03T19:39:56.8765575Z PASS test/coach-brief.controller.spec.ts
2026-10-03T19:39:57.0119335Z PASS test/auth-become-coach.spec.ts
2026-10-03T19:39:57.2406817Z PASS test/landing-pages.e2e.spec.ts
2026-10-03T19:39:57.2692792Z PASS src/notifications/__tests__/coach-first-payment.service.spec.ts
2026-10-03T19:39:57.4335373Z [31m[Nest] 3279  - [39m10/03/2026, 7:39:57 PM [31m  ERROR[39m [38;5;3m[ProviderHttpClient] [39m[31m[garmin.refresh] attempt 1/4 permanent failure (status=401)[39m
2026-10-03T19:39:57.4465611Z [31m[Nest] 3279  - [39m10/03/2026, 7:39:57 PM [31m  ERROR[39m [38;5;3m[ProviderHttpClient] [39m[31m[garmin.backfill.dailies] exhausted 4 attempts (lastStatus=503)[39m
2026-10-03T19:39:57.4479910Z [31m[Nest] 3279  - [39m10/03/2026, 7:39:57 PM [31m  ERROR[39m [38;5;3m[ProviderHttpClient] [39m[31m[garmin.backfill.sleeps] exhausted 4 attempts (lastStatus=503)[39m
2026-10-03T19:39:57.4481499Z [31m[Nest] 3279  - [39m10/03/2026, 7:39:57 PM [31m  ERROR[39m [38;5;3m[ProviderHttpClient] [39m[31m[garmin.backfill.hrv] exhausted 4 attempts (lastStatus=503)[39m
2026-10-03T19:39:57.4483043Z [31m[Nest] 3279  - [39m10/03/2026, 7:39:57 PM [31m  ERROR[39m [38;5;3m[ProviderHttpClient] [39m[31m[garmin.backfill.activities] exhausted 4 attempts (lastStatus=503)[39m
2026-10-03T19:39:57.4488485Z [31m[Nest] 3279  - [39m10/03/2026, 7:39:57 PM [31m  ERROR[39m [38;5;3m[ProviderHttpClient] [39m[31m[garmin.backfill.bodyComps] exhausted 4 attempts (lastStatus=503)[39m
2026-10-03T19:39:57.4518910Z [31m[Nest] 3279  - [39m10/03/2026, 7:39:57 PM [31m  ERROR[39m [38;5;3m[GarminConnector] [39m[31mgarmin.verifyWebhook: no GARMIN_PUSH_TOKEN configured — failing closed[39m
2026-10-03T19:39:57.4755694Z PASS test/wearables/connectors/garmin/garmin.connector.spec.ts
2026-10-03T19:39:57.4881919Z PASS test/client-ai-context.service.spec.ts
2026-10-03T19:39:57.5116497Z [32m[Nest] 3279  - [39m10/03/2026, 7:39:57 PM [32m    LOG[39m [38;5;3m[ProviderHttpClient] [39m[32m[garmin.exchangeCode] attempt 1/4 succeeded (status=200)[39m
2026-10-03T19:39:57.5139989Z [32m[Nest] 3279  - [39m10/03/2026, 7:39:57 PM [32m    LOG[39m [38;5;3m[ProviderHttpClient] [39m[32m[garmin.exchangeCode] attempt 1/4 succeeded (status=200)[39m
2026-10-03T19:39:57.5141552Z [32m[Nest] 3279  - [39m10/03/2026, 7:39:57 PM [32m    LOG[39m [38;5;3m[ProviderHttpClient] [39m[32m[garmin.refresh] attempt 1/4 succeeded (status=200)[39m
2026-10-03T19:39:57.5143206Z [32m[Nest] 3279  - [39m10/03/2026, 7:39:57 PM [32m    LOG[39m [38;5;3m[ProviderHttpClient] [39m[32m[garmin.backfill.dailies] attempt 1/4 succeeded (status=200)[39m
2026-10-03T19:39:57.5144836Z [32m[Nest] 3279  - [39m10/03/2026, 7:39:57 PM [32m    LOG[39m [38;5;3m[ProviderHttpClient] [39m[32m[garmin.backfill.sleeps] attempt 1/4 succeeded (status=200)[39m
2026-10-03T19:39:57.5146300Z [32m[Nest] 3279  - [39m10/03/2026, 7:39:57 PM [32m    LOG[39m [38;5;3m[ProviderHttpClient] [39m[32m[garmin.backfill.hrv] attempt 1/4 succeeded (status=200)[39m
2026-10-03T19:39:57.5147801Z [32m[Nest] 3279  - [39m10/03/2026, 7:39:57 PM [32m    LOG[39m [38;5;3m[ProviderHttpClient] [39m[32m[garmin.backfill.activities] attempt 1/4 succeeded (status=200)[39m
2026-10-03T19:39:57.5149392Z [32m[Nest] 3279  - [39m10/03/2026, 7:39:57 PM [32m    LOG[39m [38;5;3m[ProviderHttpClient] [39m[32m[garmin.backfill.bodyComps] attempt 1/4 succeeded (status=200)[39m
2026-10-03T19:39:57.5150787Z [32m[Nest] 3279  - [39m10/03/2026, 7:39:57 PM [32m    LOG[39m [38;5;3m[ProviderHttpClient] [39m[32m[garmin.backfill.dailies] attempt 1/4 succeeded (status=200)[39m
2026-10-03T19:39:57.5152180Z [32m[Nest] 3279  - [39m10/03/2026, 7:39:57 PM [32m    LOG[39m [38;5;3m[ProviderHttpClient] [39m[32m[garmin.backfill.sleeps] attempt 1/4 succeeded (status=200)[39m
2026-10-03T19:39:57.5153549Z [32m[Nest] 3279  - [39m10/03/2026, 7:39:57 PM [32m    LOG[39m [38;5;3m[ProviderHttpClient] [39m[32m[garmin.backfill.hrv] attempt 1/4 succeeded (status=200)[39m
2026-10-03T19:39:57.5154962Z [32m[Nest] 3279  - [39m10/03/2026, 7:39:57 PM [32m    LOG[39m [38;5;3m[ProviderHttpClient] [39m[32m[garmin.backfill.activities] attempt 1/4 succeeded (status=200)[39m
2026-10-03T19:39:57.5156370Z [32m[Nest] 3279  - [39m10/03/2026, 7:39:57 PM [32m    LOG[39m [38;5;3m[ProviderHttpClient] [39m[32m[garmin.backfill.bodyComps] attempt 1/4 succeeded (status=200)[39m
2026-10-03T19:39:57.5157788Z [32m[Nest] 3279  - [39m10/03/2026, 7:39:57 PM [32m    LOG[39m [38;5;3m[ProviderHttpClient] [39m[32m[garmin.backfill.dailies] attempt 1/4 succeeded (status=200)[39m
2026-10-03T19:39:57.5159382Z [32m[Nest] 3279  - [39m10/03/2026, 7:39:57 PM [32m    LOG[39m [38;5;3m[ProviderHttpClient] [39m[32m[garmin.backfill.sleeps] attempt 1/4 succeeded (status=200)[39m
2026-10-03T19:39:57.5160714Z [32m[Nest] 3279  - [39m10/03/2026, 7:39:57 PM [32m    LOG[39m [38;5;3m[ProviderHttpClient] [39m[32m[garmin.backfill.hrv] attempt 1/4 succeeded (status=200)[39m
2026-10-03T19:39:57.5162080Z [32m[Nest] 3279  - [39m10/03/2026, 7:39:57 PM [32m    LOG[39m [38;5;3m[ProviderHttpClient] [39m[32m[garmin.backfill.activities] attempt 1/4 succeeded (status=200)[39m
2026-10-03T19:39:57.5164061Z [32m[Nest] 3279  - [39m10/03/2026, 7:39:57 PM [32m    LOG[39m [38;5;3m[ProviderHttpClient] [39m[32m[garmin.backfill.bodyComps] attempt 1/4 succeeded (status=200)[39m
2026-10-03T19:39:57.5165716Z [33m[Nest] 3279  - [39m10/03/2026, 7:39:57 PM [33m   WARN[39m [38;5;3m[ProviderHttpClient] [39m[33m[garmin.backfill.dailies] attempt 1/4 transient failure (status=503)[39m
2026-10-03T19:39:57.5167205Z [95m[Nest] 3279  - [39m10/03/2026, 7:39:57 PM [95m  DEBUG[39m [38;5;3m[ProviderHttpClient] [39m[95m[garmin.backfill.dailies] backing off 250ms before retry[39m
2026-10-03T19:39:57.5168900Z [33m[Nest] 3279  - [39m10/03/2026, 7:39:57 PM [33m   WARN[39m [38;5;3m[ProviderHttpClient] [39m[33m[garmin.backfill.sleeps] attempt 1/4 transient failure (status=503)[39m
2026-10-03T19:39:57.5170370Z [95m[Nest] 3279  - [39m10/03/2026, 7:39:57 PM [95m  DEBUG[39m [38;5;3m[ProviderHttpClient] [39m[95m[garmin.backfill.sleeps] backing off 250ms before retry[39m
2026-10-03T19:39:57.5171843Z [33m[Nest] 3279  - [39m10/03/2026, 7:39:57 PM [33m   WARN[39m [38;5;3m[ProviderHttpClient] [39m[33m[garmin.backfill.hrv] attempt 1/4 transient failure (status=503)[39m
2026-10-03T19:39:57.5173342Z [95m[Nest] 3279  - [39m10/03/2026, 7:39:57 PM [95m  DEBUG[39m [38;5;3m[ProviderHttpClient] [39m[95m[garmin.backfill.hrv] backing off 250ms before retry[39m
2026-10-03T19:39:57.5174833Z [33m[Nest] 3279  - [39m10/03/2026, 7:39:57 PM [33m   WARN[39m [38;5;3m[ProviderHttpClient] [39m[33m[garmin.backfill.activities] attempt 1/4 transient failure (status=503)[39m
2026-10-03T19:39:57.5176298Z [95m[Nest] 3279  - [39m10/03/2026, 7:39:57 PM [95m  DEBUG[39m [38;5;3m[ProviderHttpClient] [39m[95m[garmin.backfill.activities] backing off 250ms before retry[39m
2026-10-03T19:39:57.5177688Z [33m[Nest] 3279  - [39m10/03/2026, 7:39:57 PM [33m   WARN[39m [38;5;3m[ProviderHttpClient] [39m[33m[garmin.backfill.bodyComps] attempt 1/4 transient failure (status=503)[39m
2026-10-03T19:39:57.5179545Z [95m[Nest] 3279  - [39m10/03/2026, 7:39:57 PM [95m  DEBUG[39m [38;5;3m[ProviderHttpClient] [39m[95m[garmin.backfill.bodyComps] backing off 250ms before retry[39m
2026-10-03T19:39:57.5180846Z [33m[Nest] 3279  - [39m10/03/2026, 7:39:57 PM [33m   WARN[39m [38;5;3m[ProviderHttpClient] [39m[33m[garmin.backfill.dailies] attempt 2/4 transient failure (status=503)[39m
2026-10-03T19:39:57.5182199Z [95m[Nest] 3279  - [39m10/03/2026, 7:39:57 PM [95m  DEBUG[39m [38;5;3m[ProviderHttpClient] [39m[95m[garmin.backfill.dailies] backing off 500ms before retry[39m
2026-10-03T19:39:57.5183572Z [33m[Nest] 3279  - [39m10/03/2026, 7:39:57 PM [33m   WARN[39m [38;5;3m[ProviderHttpClient] [39m[33m[garmin.backfill.sleeps] attempt 2/4 transient failure (status=503)[39m
2026-10-03T19:39:57.5184944Z [95m[Nest] 3279  - [39m10/03/2026, 7:39:57 PM [95m  DEBUG[39m [38;5;3m[ProviderHttpClient] [39m[95m[garmin.backfill.sleeps] backing off 500ms before retry[39m
2026-10-03T19:39:57.5186402Z [33m[Nest] 3279  - [39m10/03/2026, 7:39:57 PM [33m   WARN[39m [38;5;3m[ProviderHttpClient] [39m[33m[garmin.backfill.hrv] attempt 2/4 transient failure (status=503)[39m
2026-10-03T19:39:57.5187786Z [95m[Nest] 3279  - [39m10/03/2026, 7:39:57 PM [95m  DEBUG[39m [38;5;3m[ProviderHttpClient] [39m[95m[garmin.backfill.hrv] backing off 500ms before retry[39m
2026-10-03T19:39:57.5189511Z [33m[Nest] 3279  - [39m10/03/2026, 7:39:57 PM [33m   WARN[39m [38;5;3m[ProviderHttpClient] [39m[33m[garmin.backfill.activities] attempt 2/4 transient failure (status=503)[39m
2026-10-03T19:39:57.5190999Z [95m[Nest] 3279  - [39m10/03/2026, 7:39:57 PM [95m  DEBUG[39m [38;5;3m[ProviderHttpClient] [39m[95m[garmin.backfill.activities] backing off 500ms before retry[39m
2026-10-03T19:39:57.5192405Z [33m[Nest] 3279  - [39m10/03/2026, 7:39:57 PM [33m   WARN[39m [38;5;3m[ProviderHttpClient] [39m[33m[garmin.backfill.bodyComps] attempt 2/4 transient failure (status=503)[39m
2026-10-03T19:39:57.5194076Z [95m[Nest] 3279  - [39m10/03/2026, 7:39:57 PM [95m  DEBUG[39m [38;5;3m[ProviderHttpClient] [39m[95m[garmin.backfill.bodyComps] backing off 500ms before retry[39m
2026-10-03T19:39:57.5195497Z [33m[Nest] 3279  - [39m10/03/2026, 7:39:57 PM [33m   WARN[39m [38;5;3m[ProviderHttpClient] [39m[33m[garmin.backfill.dailies] attempt 3/4 transient failure (status=503)[39m
2026-10-03T19:39:57.5197027Z [95m[Nest] 3279  - [39m10/03/2026, 7:39:57 PM [95m  DEBUG[39m [38;5;3m[ProviderHttpClient] [39m[95m[garmin.backfill.dailies] backing off 1000ms before retry[39m
2026-10-03T19:39:57.5198680Z [33m[Nest] 3279  - [39m10/03/2026, 7:39:57 PM [33m   WARN[39m [38;5;3m[ProviderHttpClient] [39m[33m[garmin.backfill.sleeps] attempt 3/4 transient failure (status=503)[39m
2026-10-03T19:39:57.5200067Z [95m[Nest] 3279  - [39m10/03/2026, 7:39:57 PM [95m  DEBUG[39m [38;5;3m[ProviderHttpClient] [39m[95m[garmin.backfill.sleeps] backing off 1000ms before retry[39m
2026-10-03T19:39:57.5201374Z [33m[Nest] 3279  - [39m10/03/2026, 7:39:57 PM [33m   WARN[39m [38;5;3m[ProviderHttpClient] [39m[33m[garmin.backfill.hrv] attempt 3/4 transient failure (status=503)[39m
2026-10-03T19:39:57.5202652Z [95m[Nest] 3279  - [39m10/03/2026, 7:39:57 PM [95m  DEBUG[39m [38;5;3m[ProviderHttpClient] [39m[95m[garmin.backfill.hrv] backing off 1000ms before retry[39m
2026-10-03T19:39:57.5204050Z [33m[Nest] 3279  - [39m10/03/2026, 7:39:57 PM [33m   WARN[39m [38;5;3m[ProviderHttpClient] [39m[33m[garmin.backfill.activities] attempt 3/4 transient failure (status=503)[39m
2026-10-03T19:39:57.5205407Z [95m[Nest] 3279  - [39m10/03/2026, 7:39:57 PM [95m  DEBUG[39m [38;5;3m[ProviderHttpClient] [39m[95m[garmin.backfill.activities] backing off 1000ms before retry[39m
2026-10-03T19:39:57.5206817Z [33m[Nest] 3279  - [39m10/03/2026, 7:39:57 PM [33m   WARN[39m [38;5;3m[ProviderHttpClient] [39m[33m[garmin.backfill.bodyComps] attempt 3/4 transient failure (status=503)[39m
2026-10-03T19:39:57.5208495Z [95m[Nest] 3279  - [39m10/03/2026, 7:39:57 PM [95m  DEBUG[39m [38;5;3m[ProviderHttpClient] [39m[95m[garmin.backfill.bodyComps] backing off 1000ms before retry[39m
2026-10-03T19:39:57.5209912Z [33m[Nest] 3279  - [39m10/03/2026, 7:39:57 PM [33m   WARN[39m [38;5;3m[ProviderHttpClient] [39m[33m[garmin.backfill.dailies] attempt 4/4 transient failure (status=503)[39m
2026-10-03T19:39:57.5211366Z [33m[Nest] 3279  - [39m10/03/2026, 7:39:57 PM [33m   WARN[39m [38;5;3m[ProviderHttpClient] [39m[33m[garmin.backfill.sleeps] attempt 4/4 transient failure (status=503)[39m
2026-10-03T19:39:57.5212782Z [33m[Nest] 3279  - [39m10/03/2026, 7:39:57 PM [33m   WARN[39m [38;5;3m[ProviderHttpClient] [39m[33m[garmin.backfill.hrv] attempt 4/4 transient failure (status=503)[39m
2026-10-03T19:39:57.5214286Z [33m[Nest] 3279  - [39m10/03/2026, 7:39:57 PM [33m   WARN[39m [38;5;3m[ProviderHttpClient] [39m[33m[garmin.backfill.activities] attempt 4/4 transient failure (status=503)[39m
2026-10-03T19:39:57.5215803Z [33m[Nest] 3279  - [39m10/03/2026, 7:39:57 PM [33m   WARN[39m [38;5;3m[ProviderHttpClient] [39m[33m[garmin.backfill.bodyComps] attempt 4/4 transient failure (status=503)[39m
2026-10-03T19:39:57.5217106Z [33m[Nest] 3278  - [39m10/03/2026, 7:39:57 PM [33m   WARN[39m [38;5;3m[ClientAIContextService] [39m[33mbuildFresh called for unknown userId=ghost[39m
2026-10-03T19:39:57.6982674Z PASS src/regimes/__tests__/regimes.service.spec.ts
2026-10-03T19:39:57.7347696Z [31m[Nest] 3285  - [39m10/03/2026, 7:39:57 PM [31m  ERROR[39m [38;5;3m[BillingService] [39m[31mStripe event handler failed event=evt_boom type=customer.subscription.updated: checkout boom[39m
2026-10-03T19:39:57.7524388Z PASS test/billing-checkout-routing.spec.ts
2026-10-03T19:39:57.7699650Z [32m[Nest] 3278  - [39m10/03/2026, 7:39:57 PM [32m    LOG[39m [38;5;3m[RegimesService] [39m[32mpromoteFromProgram: program=prog-1 promoted to regime by coach=coach-1[39m
2026-10-03T19:39:57.7701419Z [32m[Nest] 3278  - [39m10/03/2026, 7:39:57 PM [32m    LOG[39m [38;5;3m[RegimesService] [39m[32marchiveRegime: regime=reg-1 archived by coach=coach-1[39m
2026-10-03T19:39:57.7703823Z [33m[Nest] 3285  - [39m10/03/2026, 7:39:57 PM [33m   WARN[39m [38;5;3m[BillingService] [39m[33mpayment_intent.succeeded GuestCheckout fallback lookup failed for pi_saas: Cannot read properties of undefined (reading 'findUnique')[39m
2026-10-03T19:39:57.7706042Z [33m[Nest] 3285  - [39m10/03/2026, 7:39:57 PM [33m   WARN[39m [38;5;3m[BillingService] [39m[33mpreResolveReceiptUrl: lookup failed for pi=pi_guest: stripe down[39m
2026-10-03T19:39:57.7707557Z [33m[Nest] 3285  - [39m10/03/2026, 7:39:57 PM [33m   WARN[39m [38;5;3m[BillingService] [39m[33mpreResolveReceiptUrl: lookup failed for pi=pi_guest: stripe down[39m
2026-10-03T19:39:57.9128533Z PASS test/purchase-fanout-tx-plumbing.spec.ts
2026-10-03T19:39:57.9560340Z [95m[Nest] 3279  - [39m10/03/2026, 7:39:57 PM [95m  DEBUG[39m [38;5;3m[PurchaseFanoutService] [39m[95mfanout: package=undefined has no contents — purchase=cp-3[39m
2026-10-03T19:39:58.2795505Z PASS src/community/ack/ack.service.spec.ts
2026-10-03T19:39:58.3388597Z [33m[Nest] 3278  - [39m10/03/2026, 7:39:58 PM [33m   WARN[39m [38;5;3m[CommunityVoiceService] [39m[33mvoice publish refused: storage key shape[39m
2026-10-03T19:39:58.3421804Z [33m[Nest] 3278  - [39m10/03/2026, 7:39:58 PM [33m   WARN[39m [38;5;3m[CommunityVoiceService] [39m[33mvoice publish refused: storage key shape[39m
2026-10-03T19:39:58.3449444Z [33m[Nest] 3278  - [39m10/03/2026, 7:39:58 PM [33m   WARN[39m [38;5;3m[CommunityVoiceService] [39m[33mvoice publish refused: storage key shape[39m
2026-10-03T19:39:58.3450824Z [33m[Nest] 3278  - [39m10/03/2026, 7:39:58 PM [33m   WARN[39m [38;5;3m[CommunityVoiceService] [39m[33mvoice publish refused: storage key shape[39m
2026-10-03T19:39:58.3459616Z [33m[Nest] 3278  - [39m10/03/2026, 7:39:58 PM [33m   WARN[39m [38;5;3m[CommunityVoiceService] [39m[33mvoice publish refused: storage key shape[39m
2026-10-03T19:39:58.3461040Z [33m[Nest] 3278  - [39m10/03/2026, 7:39:58 PM [33m   WARN[39m [38;5;3m[CommunityVoiceService] [39m[33mvoice publish refused: storage key shape[39m
2026-10-03T19:39:58.3462347Z [33m[Nest] 3278  - [39m10/03/2026, 7:39:58 PM [33m   WARN[39m [38;5;3m[CommunityVoiceService] [39m[33mvoice publish refused: storage key shape[39m
2026-10-03T19:39:58.3463576Z [33m[Nest] 3278  - [39m10/03/2026, 7:39:58 PM [33m   WARN[39m [38;5;3m[CommunityVoiceService] [39m[33mvoice publish refused: storage key shape[39m
2026-10-03T19:39:58.3464690Z [33m[Nest] 3278  - [39m10/03/2026, 7:39:58 PM [33m   WARN[39m [38;5;3m[CommunityVoiceService] [39m[33mvoice publish refused: storage key shape[39m
2026-10-03T19:39:58.3465849Z [33m[Nest] 3278  - [39m10/03/2026, 7:39:58 PM [33m   WARN[39m [38;5;3m[CommunityVoiceService] [39m[33mvoice publish refused: storage key shape[39m
2026-10-03T19:39:58.3467000Z [33m[Nest] 3278  - [39m10/03/2026, 7:39:58 PM [33m   WARN[39m [38;5;3m[CommunityVoiceService] [39m[33mvoice publish refused: storage key shape[39m
2026-10-03T19:39:58.3468514Z [33m[Nest] 3278  - [39m10/03/2026, 7:39:58 PM [33m   WARN[39m [38;5;3m[VoiceUploadProvider] [39m[33mvoice signed-download refused: key failed the canonical check[39m
2026-10-03T19:39:58.3474551Z [33m[Nest] 3278  - [39m10/03/2026, 7:39:58 PM [33m   WARN[39m [38;5;3m[VoiceUploadProvider] [39m[33mvoice signed-download refused: key failed the canonical check[39m
2026-10-03T19:39:58.3476201Z [33m[Nest] 3278  - [39m10/03/2026, 7:39:58 PM [33m   WARN[39m [38;5;3m[VoiceUploadProvider] [39m[33mvoice signed-download refused: key failed the canonical check[39m
2026-10-03T19:39:58.3477600Z [33m[Nest] 3278  - [39m10/03/2026, 7:39:58 PM [33m   WARN[39m [38;5;3m[VoiceUploadProvider] [39m[33mvoice signed-download refused: key failed the canonical check[39m
2026-10-03T19:39:58.3479164Z [33m[Nest] 3278  - [39m10/03/2026, 7:39:58 PM [33m   WARN[39m [38;5;3m[VoiceUploadProvider] [39m[33mvoice signed-download refused: key failed the canonical check[39m
2026-10-03T19:39:58.3481026Z [33m[Nest] 3278  - [39m10/03/2026, 7:39:58 PM [33m   WARN[39m [38;5;3m[VoiceUploadProvider] [39m[33mvoice signed-download refused: key failed the canonical check[39m
2026-10-03T19:39:58.3482562Z [33m[Nest] 3278  - [39m10/03/2026, 7:39:58 PM [33m   WARN[39m [38;5;3m[VoiceUploadProvider] [39m[33mvoice signed-download refused: key failed the canonical check[39m
2026-10-03T19:39:58.3483939Z [33m[Nest] 3278  - [39m10/03/2026, 7:39:58 PM [33m   WARN[39m [38;5;3m[VoiceUploadProvider] [39m[33mvoice signed-download refused: key failed the canonical check[39m
2026-10-03T19:39:58.3485314Z [33m[Nest] 3278  - [39m10/03/2026, 7:39:58 PM [33m   WARN[39m [38;5;3m[VoiceUploadProvider] [39m[33mvoice signed-download refused: key failed the canonical check[39m
2026-10-03T19:39:58.3492689Z PASS src/community/voice/__tests__/voice-storage-key.spec.ts
2026-10-03T19:39:58.3494412Z [33m[Nest] 3278  - [39m10/03/2026, 7:39:58 PM [33m   WARN[39m [38;5;3m[VoiceUploadProvider] [39m[33mvoice signed-download refused: key failed the canonical check[39m
2026-10-03T19:39:58.3496696Z [33m[Nest] 3278  - [39m10/03/2026, 7:39:58 PM [33m   WARN[39m [38;5;3m[VoiceUploadProvider] [39m[33mvoice signed-download refused: key failed the canonical check[39m
2026-10-03T19:39:58.4451297Z [33m[Nest] 3278  - [39m10/03/2026, 7:39:58 PM [33m   WARN[39m [38;5;3m[VoiceUploadProvider] [39m[33mvoice signed-download refused: key failed the canonical check[39m
2026-10-03T19:39:58.8037109Z PASS test/auth-apple-mobile-contract.spec.ts
2026-10-03T19:39:59.0129707Z PASS test/common/feature-flag-not-found.bootstrap.spec.ts
2026-10-03T19:39:59.2465703Z PASS test/coach-ptm-risk-board.spec.ts
2026-10-03T19:39:59.2580796Z PASS test/profile-put-concurrency.spec.ts
2026-10-03T19:39:59.5169631Z PASS test/community/schema/community-schema.spec.ts
2026-10-03T19:39:59.5942845Z PASS test/notification-emitters.spec.ts
2026-10-03T19:39:59.6345358Z [33m[Nest] 3278  - [39m10/03/2026, 7:39:59 PM [33m   WARN[39m [38;5;3m[MilestoneReachedEmitter] [39m[33mMilestoneReachedEmitter failed for user=user-1: DB down[39m
2026-10-03T19:39:59.7514632Z PASS src/community/wearable-prompts/__tests__/wearable-prompts.service.spec.ts
2026-10-03T19:39:59.8020308Z [32m[Nest] 3279  - [39m10/03/2026, 7:39:59 PM [32m    LOG[39m [38;5;3m[WearablePromptsService] [39mObject(5) {
2026-10-03T19:39:59.8059129Z   event: [32m'community_wearable_prompts_generated'[39m,
2026-10-03T19:39:59.8079422Z   workspace_id: [32m'11111111-1111-1111-1111-111111111111'[39m,
2026-10-03T19:39:59.8109248Z   coach_id: [32m'22222222-2222-2222-2222-222222222222'[39m,
2026-10-03T19:39:59.8139205Z   generated_count: [33m0[39m,
2026-10-03T19:39:59.8158783Z   skipped_count: [33m1[39m
2026-10-03T19:39:59.8168544Z }
2026-10-03T19:39:59.8213202Z [32m[Nest] 3279  - [39m10/03/2026, 7:39:59 PM [32m    LOG[39m [38;5;3m[WearablePromptsService] [39mObject(5) {
2026-10-03T19:39:59.8229161Z   event: [32m'community_wearable_prompts_generated'[39m,
2026-10-03T19:39:59.8229805Z   workspace_id: [32m'11111111-1111-1111-1111-111111111111'[39m,
2026-10-03T19:39:59.8230316Z   coach_id: [32m'22222222-2222-2222-2222-222222222222'[39m,
2026-10-03T19:39:59.8230722Z   generated_count: [33m0[39m,
2026-10-03T19:39:59.8231088Z   skipped_count: [33m1[39m
2026-10-03T19:39:59.8231433Z }
2026-10-03T19:39:59.8232100Z [32m[Nest] 3279  - [39m10/03/2026, 7:39:59 PM [32m    LOG[39m [38;5;3m[WearablePromptsService] [39mObject(5) {
2026-10-03T19:39:59.8232803Z   event: [32m'community_wearable_prompts_generated'[39m,
2026-10-03T19:39:59.8233374Z   workspace_id: [32m'11111111-1111-1111-1111-111111111111'[39m,
2026-10-03T19:39:59.8233921Z   coach_id: [32m'22222222-2222-2222-2222-222222222222'[39m,
2026-10-03T19:39:59.8234383Z   generated_count: [33m0[39m,
2026-10-03T19:39:59.8234768Z   skipped_count: [33m1[39m
2026-10-03T19:39:59.8235070Z }
2026-10-03T19:39:59.8249582Z [32m[Nest] 3279  - [39m10/03/2026, 7:39:59 PM [32m    LOG[39m [38;5;3m[WearablePromptsService] [39mObject(5) {
2026-10-03T19:39:59.8251230Z   event: [32m'community_wearable_prompts_generated'[39m,
2026-10-03T19:39:59.8251881Z   workspace_id: [32m'11111111-1111-1111-1111-111111111111'[39m,
2026-10-03T19:39:59.8252488Z   coach_id: [32m'22222222-2222-2222-2222-222222222222'[39m,
2026-10-03T19:39:59.8253309Z   generated_count: [33m0[39m,
2026-10-03T19:39:59.8253734Z   skipped_count: [33m1[39m
2026-10-03T19:39:59.8254093Z }
2026-10-03T19:39:59.8254829Z [32m[Nest] 3279  - [39m10/03/2026, 7:39:59 PM [32m    LOG[39m [38;5;3m[WearablePromptsService] [39mObject(5) {
2026-10-03T19:39:59.8255542Z   event: [32m'community_wearable_prompts_generated'[39m,
2026-10-03T19:39:59.8256156Z   workspace_id: [32m'11111111-1111-1111-1111-111111111111'[39m,
2026-10-03T19:39:59.8256747Z   coach_id: [32m'22222222-2222-2222-2222-222222222222'[39m,
2026-10-03T19:39:59.8257250Z   generated_count: [33m1[39m,
2026-10-03T19:39:59.8257631Z   skipped_count: [33m0[39m
2026-10-03T19:39:59.8258100Z }
2026-10-03T19:39:59.8258750Z [32m[Nest] 3279  - [39m10/03/2026, 7:39:59 PM [32m    LOG[39m [38;5;3m[WearablePromptsService] [39mObject(5) {
2026-10-03T19:39:59.8259412Z   event: [32m'community_wearable_prompts_generated'[39m,
2026-10-03T19:39:59.8259956Z   workspace_id: [32m'11111111-1111-1111-1111-111111111111'[39m,
2026-10-03T19:39:59.8260455Z   coach_id: [32m'22222222-2222-2222-2222-222222222222'[39m,
2026-10-03T19:39:59.8260872Z   generated_count: [33m1[39m,
2026-10-03T19:39:59.8261277Z   skipped_count: [33m0[39m
2026-10-03T19:39:59.8261637Z }
2026-10-03T19:39:59.8262342Z [32m[Nest] 3279  - [39m10/03/2026, 7:39:59 PM [32m    LOG[39m [38;5;3m[WearablePromptsService] [39mObject(5) {
2026-10-03T19:39:59.8263068Z   event: [32m'community_wearable_prompts_generated'[39m,
2026-10-03T19:39:59.8263650Z   workspace_id: [32m'11111111-1111-1111-1111-111111111111'[39m,
2026-10-03T19:39:59.8264176Z   coach_id: [32m'22222222-2222-2222-2222-222222222222'[39m,
2026-10-03T19:39:59.8264686Z   generated_count: [33m0[39m,
2026-10-03T19:39:59.8265062Z   skipped_count: [33m1[39m
2026-10-03T19:39:59.8265375Z }
2026-10-03T19:39:59.8266046Z [32m[Nest] 3279  - [39m10/03/2026, 7:39:59 PM [32m    LOG[39m [38;5;3m[WearablePromptsService] [39mObject(5) {
2026-10-03T19:39:59.8266744Z   event: [32m'community_wearable_prompts_generated'[39m,
2026-10-03T19:39:59.8267292Z   workspace_id: [32m'11111111-1111-1111-1111-111111111111'[39m,
2026-10-03T19:39:59.8267831Z   coach_id: [32m'22222222-2222-2222-2222-222222222222'[39m,
2026-10-03T19:39:59.8268507Z   generated_count: [33m1[39m,
2026-10-03T19:39:59.8268898Z   skipped_count: [33m0[39m
2026-10-03T19:39:59.8269244Z }
2026-10-03T19:39:59.8659342Z PASS test/wearables/samples-integration.spec.ts
2026-10-03T19:39:59.9294566Z [32m[Nest] 3278  - [39m10/03/2026, 7:39:59 PM [32m    LOG[39m [38;5;3m[WearableSamplesService] [39mObject(9) {
2026-10-03T19:39:59.9296108Z   event: [32m'wearable_samples_query'[39m,
2026-10-03T19:39:59.9296764Z   user_id: [32m'44444444-4444-4444-4444-444444444444'[39m,
2026-10-03T19:39:59.9297337Z   bucket: [32m'SLEEP_RECOVERY'[39m,
2026-10-03T19:39:59.9298111Z   metric: [32m'HRV_MS'[39m,
2026-10-03T19:39:59.9298613Z   window_days: [33m4[39m,
2026-10-03T19:39:59.9299074Z   granularity: [32m'day'[39m,
2026-10-03T19:39:59.9299570Z   preferred_only: [33mtrue[39m,
2026-10-03T19:39:59.9300010Z   sample_count: [33m2[39m,
2026-10-03T19:39:59.9300419Z   duration_ms: [33m2[39m
2026-10-03T19:39:59.9300784Z }
2026-10-03T19:39:59.9301545Z [32m[Nest] 3278  - [39m10/03/2026, 7:39:59 PM [32m    LOG[39m [38;5;3m[WearableSamplesService] [39mObject(9) {
2026-10-03T19:39:59.9302293Z   event: [32m'wearable_samples_query'[39m,
2026-10-03T19:39:59.9302894Z   user_id: [32m'44444444-4444-4444-4444-444444444444'[39m,
2026-10-03T19:39:59.9303464Z   bucket: [32m'SLEEP_RECOVERY'[39m,
2026-10-03T19:39:59.9303932Z   metric: [32m'HRV_MS'[39m,
2026-10-03T19:39:59.9304892Z   window_days: [33m4[39m,
2026-10-03T19:39:59.9305340Z   granularity: [32m'day'[39m,
2026-10-03T19:39:59.9305802Z   preferred_only: [33mtrue[39m,
2026-10-03T19:39:59.9306259Z   sample_count: [33m2[39m,
2026-10-03T19:39:59.9306685Z   duration_ms: [33m0[39m
2026-10-03T19:39:59.9307048Z }
2026-10-03T19:39:59.9308121Z [32m[Nest] 3278  - [39m10/03/2026, 7:39:59 PM [32m    LOG[39m [38;5;3m[WearableSamplesService] [39mObject(9) {
2026-10-03T19:39:59.9308878Z   event: [32m'wearable_samples_query'[39m,
2026-10-03T19:39:59.9309401Z   user_id: [32m'44444444-4444-4444-4444-444444444444'[39m,
2026-10-03T19:39:59.9309864Z   bucket: [32m'SLEEP_RECOVERY'[39m,
2026-10-03T19:39:59.9310300Z   metric: [32m'HRV_MS'[39m,
2026-10-03T19:39:59.9310702Z   window_days: [33m4[39m,
2026-10-03T19:39:59.9311104Z   granularity: [32m'day'[39m,
2026-10-03T19:39:59.9311515Z   preferred_only: [33mtrue[39m,
2026-10-03T19:39:59.9311899Z   sample_count: [33m2[39m,
2026-10-03T19:39:59.9312325Z   duration_ms: [33m1[39m
2026-10-03T19:39:59.9312706Z }
2026-10-03T19:39:59.9313372Z [32m[Nest] 3278  - [39m10/03/2026, 7:39:59 PM [32m    LOG[39m [38;5;3m[WearableSamplesService] [39mObject(9) {
2026-10-03T19:39:59.9314016Z   event: [32m'wearable_samples_query'[39m,
2026-10-03T19:39:59.9314556Z   user_id: [32m'44444444-4444-4444-4444-444444444444'[39m,
2026-10-03T19:39:59.9319658Z   bucket: [32m'SLEEP_RECOVERY'[39m,
2026-10-03T19:39:59.9329459Z PASS test/secrets/secrets-dual-key.spec.ts
2026-10-03T19:39:59.9330006Z   metric: [32m'HRV_MS'[39m,
2026-10-03T19:39:59.9330632Z   window_days: [33m4[39m,
2026-10-03T19:39:59.9331106Z   granularity: [32m'day'[39m,
2026-10-03T19:39:59.9331565Z   preferred_only: [33mfalse[39m,
2026-10-03T19:39:59.9331983Z   sample_count: [33m4[39m,
2026-10-03T19:39:59.9332375Z   duration_ms: [33m1[39m
2026-10-03T19:39:59.9332718Z }
2026-10-03T19:39:59.9333423Z [32m[Nest] 3278  - [39m10/03/2026, 7:39:59 PM [32m    LOG[39m [38;5;3m[WearableSamplesService] [39mObject(9) {
2026-10-03T19:39:59.9334065Z   event: [32m'wearable_samples_query'[39m,
2026-10-03T19:39:59.9334542Z   user_id: [32m'44444444-4444-4444-4444-444444444444'[39m,
2026-10-03T19:39:59.9334987Z   bucket: [32m'SLEEP_RECOVERY'[39m,
2026-10-03T19:39:59.9335364Z   metric: [32m'HRV_MS'[39m,
2026-10-03T19:39:59.9335718Z   window_days: [33m4[39m,
2026-10-03T19:39:59.9336185Z   granularity: [32m'raw'[39m,
2026-10-03T19:39:59.9336605Z   preferred_only: [33mtrue[39m,
2026-10-03T19:39:59.9337008Z   sample_count: [33m2[39m,
2026-10-03T19:39:59.9337397Z   duration_ms: [33m1[39m
2026-10-03T19:39:59.9337722Z }
2026-10-03T19:40:00.1743709Z PASS test/scout/reconstruct/native/native-families.spec.ts
2026-10-03T19:40:00.1953065Z PASS test/federation-inbound.spec.ts
2026-10-03T19:40:00.2377463Z [33m[Nest] 3278  - [39m10/03/2026, 7:40:00 PM [33m   WARN[39m [38;5;3m[FederationInboundService] [39m[33mFederation inbound: FINANCE_SERVICE_TOKEN (and _NEXT) are unset — rejecting with 503[39m
2026-10-03T19:40:00.2379212Z [32m[Nest] 3278  - [39m10/03/2026, 7:40:00 PM [32m    LOG[39m [38;5;3m[FederationInboundService] [39mObject(1) {
2026-10-03T19:40:00.2380184Z   event: [32m'federation.auth.next-secret-used'[39m
2026-10-03T19:40:00.2380618Z }
2026-10-03T19:40:00.2381713Z [33m[Nest] 3278  - [39m10/03/2026, 7:40:00 PM [33m   WARN[39m [38;5;3m[FederationInboundService] [39m[33mFederation inbound: FINANCE_SERVICE_TOKEN (and _NEXT) are unset — rejecting with 503[39m
2026-10-03T19:40:00.5890185Z [32m[Nest] 3279  - [39m10/03/2026, 7:40:00 PM [32m    LOG[39m [38;5;3m[AccountDeletionStorageService] [39m[32maccount deletion storage purge: supabase=4 mux=0 local=0[39m
2026-10-03T19:40:00.5900066Z [32m[Nest] 3279  - [39m10/03/2026, 7:40:00 PM [32m    LOG[39m [38;5;3m[AccountDeletionService] [39m[32maccount deletion finalized user=66666666-6666-4666-8666-666666666666 rows=2 objects=4 subscriptions=0[39m
2026-10-03T19:40:00.6729584Z PASS test/account-deletion.voice-erasure.spec.ts
2026-10-03T19:40:00.7350368Z [32m[Nest] 3279  - [39m10/03/2026, 7:40:00 PM [32m    LOG[39m [38;5;3m[AccountDeletionStorageService] [39m[32maccount deletion storage purge: supabase=4 mux=0 local=0[39m
2026-10-03T19:40:00.7429917Z [32m[Nest] 3279  - [39m10/03/2026, 7:40:00 PM [32m    LOG[39m [38;5;3m[AccountDeletionService] [39m[32maccount deletion finalized user=66666666-6666-4666-8666-666666666666 rows=2 objects=4 subscriptions=0[39m
2026-10-03T19:40:00.7441265Z [33m[Nest] 3279  - [39m10/03/2026, 7:40:00 PM [33m   WARN[39m [38;5;3m[AccountDeletionService] [39m[33mvoice erasure erasure-object-66666666-6666-4666-8666-666666666666/1700000000000-0123456789abcdef.m4a (object) not yet verified after 1 attempt(s): object_still_present; retry scheduled[39m
2026-10-03T19:40:00.7444187Z [33m[Nest] 3279  - [39m10/03/2026, 7:40:00 PM [33m   WARN[39m [38;5;3m[AccountDeletionService] [39m[33mvoice erasure erasure-object-66666666-6666-4666-8666-666666666666/1700000000001-0123456789abcdef-0123456789abcdef0123456789abcdef.m4a (object) not yet verified after 1 attempt(s): object_still_present; retry scheduled[39m
2026-10-03T19:40:00.7446692Z [33m[Nest] 3279  - [39m10/03/2026, 7:40:00 PM [33m   WARN[39m [38;5;3m[AccountDeletionService] [39m[33mvoice erasure erasure-owner_folder-66666666-6666-4666-8666-666666666666 (owner_folder) not yet verified after 1 attempt(s): folder_not_empty; retry scheduled[39m
2026-10-03T19:40:00.7448925Z [33m[Nest] 3279  - [39m10/03/2026, 7:40:00 PM [33m   WARN[39m [38;5;3m[AccountDeletionService] [39m[33maccount deletion: 3 voice erasure(s) for user=66666666-6666-4666-8666-666666666666 not yet verified; retried by VoiceErasureService[39m
2026-10-03T19:40:00.7450640Z [32m[Nest] 3279  - [39m10/03/2026, 7:40:00 PM [32m    LOG[39m [38;5;3m[AccountDeletionStorageService] [39m[32maccount deletion storage purge: supabase=4 mux=0 local=0[39m
2026-10-03T19:40:00.9649658Z PASS test/observability.spec.ts
2026-10-03T19:40:00.9699964Z PASS test/transformation-scorecard.spec.ts
2026-10-03T19:40:01.4219402Z PASS src/scout/scout-ledger-backfill.spec.ts
2026-10-03T19:40:01.6492427Z PASS test/connect.service.spec.ts
2026-10-03T19:40:01.6493689Z [33m[Nest] 3278  - [39m10/03/2026, 7:40:01 PM [33m   WARN[39m [38;5;3m[ConnectService] [39m[33msyncFromStripe: no ConnectAccount mirror for acct_missing — ignoring webhook[39m
2026-10-03T19:40:02.2836952Z PASS test/ai-consent/ai-consent.controller.spec.ts
2026-10-03T19:40:03.0659620Z PASS test/ci/fly-env-workflows.spec.ts
2026-10-03T19:40:03.4939238Z PASS test/google-calendar.service.spec.ts
2026-10-03T19:40:03.5506813Z [33m[Nest] 3285  - [39m10/03/2026, 7:40:03 PM [33m   WARN[39m [38;5;3m[GoogleCalendarService] [39m[33mGoogle refresh failed for connection=conn-1: invalid_grant[39m
2026-10-03T19:40:04.7996926Z [31m[Nest] 3278  - [39m10/03/2026, 7:40:04 PM [31m  ERROR[39m [38;5;3m[AiEgressService] [39m[31mai_egress.blocked surface=coach_ai.health_probe reason=unbound_handle[39m
2026-10-03T19:40:04.8046871Z PASS test/ai-egress/ai-egress-guard.spec.ts
2026-10-03T19:40:05.2059424Z PASS test/ci/branch-protection-checks.spec.ts
2026-10-03T19:40:06.2679590Z PASS test/ai-egress/ai-egress-retry.spec.ts
2026-10-03T19:40:06.2732827Z [33m[Nest] 3278  - [39m10/03/2026, 7:40:06 PM [33m   WARN[39m [38;5;3m[AiEgressService] [39m[33mai_egress.retry surface=roman.chat processor=anthropic status=500 next_attempt=2[39m
2026-10-03T19:40:06.2734680Z [32m[Nest] 3278  - [39m10/03/2026, 7:40:06 PM [32m    LOG[39m [38;5;3m[AiEgressService] [39m[32mai_egress.refused surface=roman.chat reason=no_live_grant clients=1 missing=1[39m
2026-10-03T19:40:06.2736753Z [33m[Nest] 3278  - [39m10/03/2026, 7:40:06 PM [33m   WARN[39m [38;5;3m[AiEgressService] [39m[33mai_egress.retry surface=roman.chat processor=anthropic status=500 next_attempt=2[39m
2026-10-03T19:40:06.2738546Z [32m[Nest] 3278  - [39m10/03/2026, 7:40:06 PM [32m    LOG[39m [38;5;3m[AiEgressService] [39m[32mai_egress.refused surface=roman.chat reason=no_live_grant clients=1 missing=1[39m
2026-10-03T19:40:06.2740653Z [33m[Nest] 3278  - [39m10/03/2026, 7:40:06 PM [33m   WARN[39m [38;5;3m[AiEgressService] [39m[33mai_egress.retry surface=roman.chat processor=anthropic status=429 next_attempt=2[39m
2026-10-03T19:40:06.2742448Z [32m[Nest] 3278  - [39m10/03/2026, 7:40:06 PM [32m    LOG[39m [38;5;3m[AiEgressService] [39m[32mai_egress.refused surface=roman.chat reason=no_live_grant clients=1 missing=1[39m
2026-10-03T19:40:06.2743868Z [33m[Nest] 3278  - [39m10/03/2026, 7:40:06 PM [33m   WARN[39m [38;5;3m[AiEgressService] [39m[33mai_egress.retry surface=roman.chat processor=anthropic status=429 next_attempt=2[39m
2026-10-03T19:40:06.2745282Z [32m[Nest] 3278  - [39m10/03/2026, 7:40:06 PM [32m    LOG[39m [38;5;3m[AiEgressService] [39m[32mai_egress.refused surface=roman.chat reason=no_live_grant clients=1 missing=1[39m
2026-10-03T19:40:06.2746891Z [33m[Nest] 3278  - [39m10/03/2026, 7:40:06 PM [33m   WARN[39m [38;5;3m[AiEgressService] [39m[33mai_egress.retry surface=roman.chat processor=anthropic status=none next_attempt=2[39m
2026-10-03T19:40:06.2751101Z [32m[Nest] 3278  - [39m10/03/2026, 7:40:06 PM [32m    LOG[39m [38;5;3m[AiEgressService] [39m[32mai_egress.refused surface=roman.chat reason=no_live_grant clients=1 missing=1[39m
2026-10-03T19:40:06.2770650Z [33m[Nest] 3278  - [39m10/03/2026, 7:40:06 PM [33m   WARN[39m [38;5;3m[AiEgressService] [39m[33mai_egress.retry surface=roman.chat processor=anthropic status=none next_attempt=2[39m
2026-10-03T19:40:06.2772364Z [32m[Nest] 3278  - [39m10/03/2026, 7:40:06 PM [32m    LOG[39m [38;5;3m[AiEgressService] [39m[32mai_egress.refused surface=roman.chat reason=no_live_grant clients=1 missing=1[39m
2026-10-03T19:40:06.2773794Z [33m[Nest] 3278  - [39m10/03/2026, 7:40:06 PM [33m   WARN[39m [38;5;3m[AiEgressService] [39m[33mai_egress.retry surface=roman.chat processor=anthropic status=500 next_attempt=2[39m
2026-10-03T19:40:06.2775226Z [32m[Nest] 3278  - [39m10/03/2026, 7:40:06 PM [32m    LOG[39m [38;5;3m[AiEgressService] [39m[32mai_egress.refused surface=roman.chat reason=no_live_grant clients=1 missing=1[39m
2026-10-03T19:40:06.2776802Z [33m[Nest] 3278  - [39m10/03/2026, 7:40:06 PM [33m   WARN[39m [38;5;3m[AiEgressService] [39m[33mai_egress.retry surface=roman.chat processor=anthropic status=500 next_attempt=2[39m
2026-10-03T19:40:06.2778569Z [33m[Nest] 3278  - [39m10/03/2026, 7:40:06 PM [33m   WARN[39m [38;5;3m[AiEgressService] [39m[33mai_egress.retry surface=roman.chat processor=anthropic status=429 next_attempt=2[39m
2026-10-03T19:40:06.2780013Z [33m[Nest] 3278  - [39m10/03/2026, 7:40:06 PM [33m   WARN[39m [38;5;3m[AiEgressService] [39m[33mai_egress.retry surface=roman.chat processor=anthropic status=500 next_attempt=2[39m
2026-10-03T19:40:06.2788041Z [33m[Nest] 3278  - [39m10/03/2026, 7:40:06 PM [33m   WARN[39m [38;5;3m[AiEgressService] [39m[33mai_egress.retry surface=roman.chat processor=anthropic status=500 next_attempt=3[39m
2026-10-03T19:40:06.2789735Z [33m[Nest] 3278  - [39m10/03/2026, 7:40:06 PM [33m   WARN[39m [38;5;3m[AiEgressService] [39m[33mai_egress.retry surface=first_win processor=perplexity status=500 next_attempt=2[39m
2026-10-03T19:40:06.2791173Z [33m[Nest] 3278  - [39m10/03/2026, 7:40:06 PM [33m   WARN[39m [38;5;3m[AiEgressService] [39m[33mai_egress.retry surface=first_win processor=perplexity status=500 next_attempt=2[39m
2026-10-03T19:40:06.2792694Z [33m[Nest] 3278  - [39m10/03/2026, 7:40:06 PM [33m   WARN[39m [38;5;3m[AiEgressService] [39m[33mai_egress.retry surface=first_win processor=perplexity status=500 next_attempt=3[39m
2026-10-03T19:40:06.5189792Z PASS test/mwb-5-workout-diff.applier.spec.ts
2026-10-03T19:40:07.0414326Z PASS test/roman/roman-erasure.sweep.spec.ts
2026-10-03T19:40:07.5299423Z PASS test/scout/induction/manifest-registry.spec.ts
2026-10-03T19:40:07.8945359Z PASS test/module-graph.spec.ts (6.464 s)
2026-10-03T19:40:08.0894902Z PASS test/coach-connect.service.spec.ts
2026-10-03T19:40:08.3100935Z PASS test/sub-coach-reassign.service.spec.ts
2026-10-03T19:40:08.5879198Z PASS test/sub-coaches.service.spec.ts
2026-10-03T19:40:08.6822875Z PASS test/ai/ai-gateway-hardening.spec.ts
2026-10-03T19:40:09.4558431Z [31m[Nest] 3278  - [39m10/03/2026, 7:40:09 PM [31m  ERROR[39m [38;5;3m[WorkoutBuilderRevisionPruneCron] [39m[31mRevision prune failed for plan B: boom[39m
2026-10-03T19:40:09.4559988Z Error: boom
2026-10-03T19:40:09.4560876Z     at Object.<anonymous> (/home/runner/work/growth-project-backend/growth-project-backend/test/mwb-3-revision-prune.cron.spec.ts:81:30)
2026-10-03T19:40:09.4562186Z     at Promise.finally.completed (/home/runner/work/growth-project-backend/growth-project-backend/node_modules/jest-circus/build/jestAdapterInit.js:1561:28)
2026-10-03T19:40:09.4563001Z     at new Promise (<anonymous>)
2026-10-03T19:40:09.4563822Z     at callAsyncCircusFn (/home/runner/work/growth-project-backend/growth-project-backend/node_modules/jest-circus/build/jestAdapterInit.js:1501:10)
2026-10-03T19:40:09.4564937Z     at _callCircusTest (/home/runner/work/growth-project-backend/growth-project-backend/node_modules/jest-circus/build/jestAdapterInit.js:1011:40)
2026-10-03T19:40:09.4565824Z     at processTicksAndRejections (node:internal/process/task_queues:95:5)
2026-10-03T19:40:09.4566711Z     at _runTest (/home/runner/work/growth-project-backend/growth-project-backend/node_modules/jest-circus/build/jestAdapterInit.js:951:3)
2026-10-03T19:40:09.4567785Z     at /home/runner/work/growth-project-backend/growth-project-backend/node_modules/jest-circus/build/jestAdapterInit.js:853:7
2026-10-03T19:40:09.4569254Z     at _runTestsForDescribeBlock (/home/runner/work/growth-project-backend/growth-project-backend/node_modules/jest-circus/build/jestAdapterInit.js:866:11)
2026-10-03T19:40:09.4570500Z     at _runTestsForDescribeBlock (/home/runner/work/growth-project-backend/growth-project-backend/node_modules/jest-circus/build/jestAdapterInit.js:861:11)
2026-10-03T19:40:09.4572043Z     at run (/home/runner/work/growth-project-backend/growth-project-backend/node_modules/jest-circus/build/jestAdapterInit.js:765:3)
2026-10-03T19:40:09.4573917Z     at runAndTransformResultsToJestFormat (/home/runner/work/growth-project-backend/growth-project-backend/node_modules/jest-circus/build/jestAdapterInit.js:1993:21)
2026-10-03T19:40:09.4575780Z     at jestAdapter (/home/runner/work/growth-project-backend/growth-project-backend/node_modules/jest-circus/build/runner.js:111:19)
2026-10-03T19:40:09.4577445Z     at runTestInternal (/home/runner/work/growth-project-backend/growth-project-backend/node_modules/jest-runner/build/testWorker.js:276:16)
2026-10-03T19:40:09.4579343Z     at runTest (/home/runner/work/growth-project-backend/growth-project-backend/node_modules/jest-runner/build/testWorker.js:344:7)
2026-10-03T19:40:09.4580996Z     at Object.worker (/home/runner/work/growth-project-backend/growth-project-backend/node_modules/jest-runner/build/testWorker.js:498:12)
2026-10-03T19:40:09.4711665Z [31m[Nest] 3278  - [39m10/03/2026, 7:40:09 PM [31m  ERROR[39m [38;5;3m[WorkoutBuilderRevisionPruneCron] [39m[31mRevision prune sweep failed to enumerate plans: db down[39m
2026-10-03T19:40:09.4713754Z Error: db down
2026-10-03T19:40:09.4714642Z     at Object.<anonymous> (/home/runner/work/growth-project-backend/growth-project-backend/test/mwb-3-revision-prune.cron.spec.ts:103:28)
2026-10-03T19:40:09.4715855Z     at Promise.finally.completed (/home/runner/work/growth-project-backend/growth-project-backend/node_modules/jest-circus/build/jestAdapterInit.js:1561:28)
2026-10-03T19:40:09.4717462Z     at new Promise (<anonymous>)
2026-10-03T19:40:09.4718515Z     at callAsyncCircusFn (/home/runner/work/growth-project-backend/growth-project-backend/node_modules/jest-circus/build/jestAdapterInit.js:1501:10)
2026-10-03T19:40:09.4719833Z     at _callCircusTest (/home/runner/work/growth-project-backend/growth-project-backend/node_modules/jest-circus/build/jestAdapterInit.js:1011:40)
2026-10-03T19:40:09.4721256Z     at processTicksAndRejections (node:internal/process/task_queues:95:5)
2026-10-03T19:40:09.4722201Z     at _runTest (/home/runner/work/growth-project-backend/growth-project-backend/node_modules/jest-circus/build/jestAdapterInit.js:951:3)
2026-10-03T19:40:09.4723299Z     at /home/runner/work/growth-project-backend/growth-project-backend/node_modules/jest-circus/build/jestAdapterInit.js:853:7
2026-10-03T19:40:09.4724626Z     at _runTestsForDescribeBlock (/home/runner/work/growth-project-backend/growth-project-backend/node_modules/jest-circus/build/jestAdapterInit.js:866:11)
2026-10-03T19:40:09.4725937Z     at _runTestsForDescribeBlock (/home/runner/work/growth-project-backend/growth-project-backend/node_modules/jest-circus/build/jestAdapterInit.js:861:11)
2026-10-03T19:40:09.4727126Z     at run (/home/runner/work/growth-project-backend/growth-project-backend/node_modules/jest-circus/build/jestAdapterInit.js:765:3)
2026-10-03T19:40:09.4728562Z     at runAndTransformResultsToJestFormat (/home/runner/work/growth-project-backend/growth-project-backend/node_modules/jest-circus/build/jestAdapterInit.js:1993:21)
2026-10-03T19:40:09.4729845Z     at jestAdapter (/home/runner/work/growth-project-backend/growth-project-backend/node_modules/jest-circus/build/runner.js:111:19)
2026-10-03T19:40:09.4730982Z     at runTestInternal (/home/runner/work/growth-project-backend/growth-project-backend/node_modules/jest-runner/build/testWorker.js:276:16)
2026-10-03T19:40:09.4732076Z     at runTest (/home/runner/work/growth-project-backend/growth-project-backend/node_modules/jest-runner/build/testWorker.js:344:7)
2026-10-03T19:40:09.4733077Z     at Object.worker (/home/runner/work/growth-project-backend/growth-project-backend/node_modules/jest-runner/build/testWorker.js:498:12)
2026-10-03T19:40:09.4758991Z PASS test/mwb-3-revision-prune.cron.spec.ts
2026-10-03T19:40:09.4790184Z   ● Console
2026-10-03T19:40:09.4790592Z 
2026-10-03T19:40:09.4790869Z     console.warn
2026-10-03T19:40:09.4791529Z       [mwb3-revision-prune] MWB3_TEST_DATABASE_URL not set — live prune suite skipped.
2026-10-03T19:40:09.4792001Z 
2026-10-03T19:40:09.4792357Z     [0m [90m 39 |[39m [36mif[39m ([33m![39m[33mTEST_DB_URL[39m) {
2026-10-03T19:40:09.4792959Z      [90m 40 |[39m   [90m// eslint-disable-next-line no-console[39m
2026-10-03T19:40:09.4793540Z     [31m[1m>[22m[39m[90m 41 |[39m   console[33m.[39mwarn(
2026-10-03T19:40:09.4794045Z      [90m    |[39m           [31m[1m^[22m[39m
2026-10-03T19:40:09.4794767Z      [90m 42 |[39m     [32m'[mwb3-revision-prune] MWB3_TEST_DATABASE_URL not set — live prune suite '[39m [33m+[39m
2026-10-03T19:40:09.4795450Z      [90m 43 |[39m       [32m'skipped.'[39m[33m,[39m
2026-10-03T19:40:09.4795918Z      [90m 44 |[39m   )[33m;[39m[0m
2026-10-03T19:40:09.4796182Z 
2026-10-03T19:40:09.4796495Z       at Object.<anonymous> (test/mwb-3-revision-prune.cron.spec.ts:41:11)
2026-10-03T19:40:09.4796878Z 
2026-10-03T19:40:09.5427200Z [95m[Nest] 3278  - [39m10/03/2026, 7:40:09 PM [95m  DEBUG[39m [38;5;3m[WorkoutBuilderRevisionPruneCron] [39m[95mFEATURE_MWB_AUTOSAVE_UNDO off — revision prune skipped[39m
2026-10-03T19:40:09.5440210Z [32m[Nest] 3278  - [39m10/03/2026, 7:40:09 PM [32m    LOG[39m [38;5;3m[WorkoutBuilderRevisionPruneCron] [39m[32mStarting MWB-3 revision prune sweep[39m
2026-10-03T19:40:09.5470390Z [32m[Nest] 3278  - [39m10/03/2026, 7:40:09 PM [32m    LOG[39m [38;5;3m[WorkoutBuilderRevisionPruneCron] [39m[32mMWB-3 revision prune sweep complete: 2 plan(s) pruned, 8 revision(s) deleted[39m
2026-10-03T19:40:09.5499418Z [32m[Nest] 3278  - [39m10/03/2026, 7:40:09 PM [32m    LOG[39m [38;5;3m[WorkoutBuilderRevisionPruneCron] [39m[32mStarting MWB-3 revision prune sweep[39m
2026-10-03T19:40:09.6867115Z PASS test/consent.service.spec.ts
2026-10-03T19:40:09.6939162Z PASS test/mwb-program-dispatcher-e2e.spec.ts
2026-10-03T19:40:10.0065938Z PASS test/scout/reconstruct/native/native-rules.spec.ts
2026-10-03T19:40:10.1601159Z PASS test/transformation-scorecard-finance-columns.spec.ts
2026-10-03T19:40:10.2355249Z [31m[Nest] 3278  - [39m10/03/2026, 7:40:10 PM [31m  ERROR[39m [38;5;3m[AdminPtmService] [39m[31mPTM recompute after outcome label failed (user=student-1): boom[39m
2026-10-03T19:40:10.2519402Z PASS test/admin-ptm.service.spec.ts
2026-10-03T19:40:10.5067407Z PASS test/assignable-asset-resolver-meal-plan.spec.ts
2026-10-03T19:40:10.5229409Z PASS test/billing-payout-failed.spec.ts
2026-10-03T19:40:10.5829503Z [33m[Nest] 3279  - [39m10/03/2026, 7:40:10 PM [33m   WARN[39m [38;5;3m[BillingService] [39m[33mpayout.failed event=evt_po_1 payout=po_123 account=acct_abc coach=coach-1 amount_cents=5000 reason=account_closed: The bank account has been closed.[39m
2026-10-03T19:40:10.5832268Z [33m[Nest] 3279  - [39m10/03/2026, 7:40:10 PM [33m   WARN[39m [38;5;3m[BillingService] [39m[33mpayout.canceled event=evt_po_c payout=po_123 account=acct_abc coach=coach-1 amount_cents=5000 reason=account_closed: The bank account has been closed.[39m
2026-10-03T19:40:10.5834485Z [33m[Nest] 3279  - [39m10/03/2026, 7:40:10 PM [33m   WARN[39m [38;5;3m[BillingService] [39m[33mpayout.failed event=evt_po_dup payout=po_123 account=acct_abc coach=coach-1 amount_cents=5000 reason=account_closed: The bank account has been closed.[39m
2026-10-03T19:40:10.5836970Z [33m[Nest] 3279  - [39m10/03/2026, 7:40:10 PM [33m   WARN[39m [38;5;3m[BillingService] [39m[33mpayout.failed event=evt_po_a payout=po_123 account=acct_abc coach=coach-1 amount_cents=5000 reason=account_closed: The bank account has been closed.[39m
2026-10-03T19:40:10.5839302Z [33m[Nest] 3279  - [39m10/03/2026, 7:40:10 PM [33m   WARN[39m [38;5;3m[BillingService] [39m[33mpayout.failed event=evt_po_null payout=po_123 account=acct_abc coach=coach-null amount_cents=5000 reason=account_closed: The bank account has been closed.[39m
2026-10-03T19:40:10.5841356Z [33m[Nest] 3279  - [39m10/03/2026, 7:40:10 PM [33m   WARN[39m [38;5;3m[BillingService] [39m[33mpayout.failed event=evt_po_z payout=po_123 account=acct_abc coach=coach-z amount_cents=5000 reason=account_closed: The bank account has been closed.[39m
2026-10-03T19:40:10.5843115Z [33m[Nest] 3279  - [39m10/03/2026, 7:40:10 PM [33m   WARN[39m [38;5;3m[BillingService] [39m[33mpayout.failed event=evt_po_nosnap payout=po_123 account=acct_abc: no matching PayoutSnapshot row[39m
2026-10-03T19:40:11.1910047Z [31m[Nest] 3279  - [39m10/03/2026, 7:40:11 PM [31m  ERROR[39m [38;5;3m[RomanService] [39m[31mroman.context_builder_missing[39m
2026-10-03T19:40:11.1939223Z PASS src/notifications/__tests__/first-payment-webhook.integration.spec.ts
2026-10-03T19:40:11.2079471Z [31m[Nest] 3279  - [39m10/03/2026, 7:40:11 PM [31m  ERROR[39m [38;5;3m[RomanService] [39m[31mroman.context_builder_missing[39m
2026-10-03T19:40:11.2209520Z [31m[Nest] 3279  - [39m10/03/2026, 7:40:11 PM [31m  ERROR[39m [38;5;3m[RomanService] [39m[31mroman.context_builder_missing[39m
2026-10-03T19:40:11.2239322Z [33m[Nest] 3279  - [39m10/03/2026, 7:40:11 PM [33m   WARN[39m [38;5;3m[RomanService] [39m[33mroman.turn session=sess_1 prompt_version=roman-client-v3 router=emergency model_call=false[39m
2026-10-03T19:40:11.2338658Z PASS test/roman/roman-guardrails-wiring.spec.ts
2026-10-03T19:40:11.2339858Z [33m[Nest] 3279  - [39m10/03/2026, 7:40:11 PM [33m   WARN[39m [38;5;3m[RomanService] [39m[33mroman.turn session=sess_1 prompt_version=roman-client-v3 router=self_harm model_call=false[39m
2026-10-03T19:40:11.2389494Z [33m[Nest] 3279  - [39m10/03/2026, 7:40:11 PM [33m   WARN[39m [38;5;3m[RomanService] [39m[33mroman.turn session=sess_1 prompt_version=roman-client-v3 router=self_harm model_call=false[39m
2026-10-03T19:40:11.2509615Z [32m[Nest] 3279  - [39m10/03/2026, 7:40:11 PM [32m    LOG[39m [38;5;3m[RomanService] [39m[32mroman.turn session=sess_1 prompt_version=roman-client-v3 router=normal model_call=true rewritten=false guardrails_applied=[] context=unavailable[39m
2026-10-03T19:40:11.2589855Z [32m[Nest] 3279  - [39m10/03/2026, 7:40:11 PM [32m    LOG[39m [38;5;3m[RomanService] [39m[32mroman.turn session=sess_1 prompt_version=roman-client-v3 router=injury_pain model_call=true rewritten=false guardrails_applied=["referral_added"] context=unavailable[39m
2026-10-03T19:40:11.2660004Z [32m[Nest] 3279  - [39m10/03/2026, 7:40:11 PM [32m    LOG[39m [38;5;3m[RomanService] [39m[32mroman.turn session=sess_1 prompt_version=roman-client-v3 router=normal model_call=true rewritten=true guardrails_applied=["calorie_floor"] context=unavailable[39m
2026-10-03T19:40:12.2669587Z PASS test/dunning-v2-lockout-guard.e2e.spec.ts
2026-10-03T19:40:13.8315279Z PASS test/scout/entities/scout-entities.contract.spec.ts
2026-10-03T19:40:15.1949256Z PASS test/timeline.service.spec.ts
2026-10-03T19:40:15.5279787Z PASS src/talent-marketplace/__tests__/job-hunter.service.spec.ts
2026-10-03T19:40:15.8426656Z PASS test/marketplace-idempotency.service.spec.ts
2026-10-03T19:40:15.9877153Z PASS test/scout/g2-s9c-db-guard.spec.ts
2026-10-03T19:40:16.2380499Z PASS test/billing/subscription-guard.tier.spec.ts
2026-10-03T19:40:16.2725765Z [33m[Nest] 3279  - [39m10/03/2026, 7:40:16 PM [33m   WARN[39m [38;5;3m[SubscriptionGuard] [39m[33m[enforce] coach=c state=none reason=missing_subscription route=unknown unknown[39m
2026-10-03T19:40:16.2727459Z [33m[Nest] 3279  - [39m10/03/2026, 7:40:16 PM [33m   WARN[39m [38;5;3m[SubscriptionGuard] [39m[33m[observe] coach=c state=none reason=missing_subscription route=unknown unknown[39m
2026-10-03T19:40:16.2729106Z [33m[Nest] 3279  - [39m10/03/2026, 7:40:16 PM [33m   WARN[39m [38;5;3m[SubscriptionGuard] [39m[33m[enforce] coach=c state=canceled reason=canceled route=unknown unknown[39m
2026-10-03T19:40:16.2730590Z [33m[Nest] 3279  - [39m10/03/2026, 7:40:16 PM [33m   WARN[39m [38;5;3m[SubscriptionGuard] [39m[33m[enforce] coach=c state=past_due reason=past_due_grace_expired route=unknown unknown[39m
2026-10-03T19:40:16.2732038Z [33m[Nest] 3279  - [39m10/03/2026, 7:40:16 PM [33m   WARN[39m [38;5;3m[SubscriptionGuard] [39m[33m[enforce] coach=c state=none reason=missing_subscription route=unknown unknown[39m
2026-10-03T19:40:16.2733520Z [33m[Nest] 3279  - [39m10/03/2026, 7:40:16 PM [33m   WARN[39m [38;5;3m[SubscriptionGuard] [39m[33m[enforce] coach=c state=pro reason=tier_too_low route=unknown unknown[39m
2026-10-03T19:40:16.2734831Z [32m[Nest] 3285  - [39m10/03/2026, 7:40:16 PM [32m    LOG[39m [38;5;3m[AiEgressService] [39m[32mai_egress.refused surface=coach_ai.workout_program reason=no_live_grant clients=1 missing=1[39m
2026-10-03T19:40:16.2736311Z [32m[Nest] 3285  - [39m10/03/2026, 7:40:16 PM [32m    LOG[39m [38;5;3m[AiEgressService] [39m[32mai_egress.refused surface=coach_ai.workout_program reason=no_live_grant clients=1 missing=1[39m
2026-10-03T19:40:16.2737556Z [33m[Nest] 3285  - [39m10/03/2026, 7:40:16 PM [33m   WARN[39m [38;5;3m[AiEgressService] [39m[33mai_egress.consent_read_failed (treated as no grant)[39m
2026-10-03T19:40:16.2739049Z [32m[Nest] 3285  - [39m10/03/2026, 7:40:16 PM [32m    LOG[39m [38;5;3m[AiEgressService] [39m[32mai_egress.refused surface=coach_ai.workout_program reason=no_live_grant clients=1 missing=1[39m
2026-10-03T19:40:16.3498994Z PASS test/ai-egress/coach-ai-consent.spec.ts
2026-10-03T19:40:16.3977227Z [32m[Nest] 3285  - [39m10/03/2026, 7:40:16 PM [32m    LOG[39m [38;5;3m[AiEgressService] [39m[32mai_egress.refused surface=coach_ai.meal_plan reason=no_live_grant clients=1 missing=1[39m
2026-10-03T19:40:16.3978999Z [32m[Nest] 3285  - [39m10/03/2026, 7:40:16 PM [32m    LOG[39m [38;5;3m[AiEgressService] [39m[32mai_egress.refused surface=coach_ai.meal_plan reason=no_live_grant clients=1 missing=1[39m
2026-10-03T19:40:16.3980274Z [33m[Nest] 3285  - [39m10/03/2026, 7:40:16 PM [33m   WARN[39m [38;5;3m[AiEgressService] [39m[33mai_egress.consent_read_failed (treated as no grant)[39m
2026-10-03T19:40:16.3981720Z [32m[Nest] 3285  - [39m10/03/2026, 7:40:16 PM [32m    LOG[39m [38;5;3m[AiEgressService] [39m[32mai_egress.refused surface=coach_ai.meal_plan reason=no_live_grant clients=1 missing=1[39m
2026-10-03T19:40:16.3983667Z [32m[Nest] 3285  - [39m10/03/2026, 7:40:16 PM [32m    LOG[39m [38;5;3m[AiEgressService] [39m[32mai_egress.refused surface=coach_ai.insight reason=no_live_grant clients=1 missing=1[39m
2026-10-03T19:40:16.3985193Z [32m[Nest] 3285  - [39m10/03/2026, 7:40:16 PM [32m    LOG[39m [38;5;3m[AiEgressService] [39m[32mai_egress.refused surface=coach_ai.insight reason=no_live_grant clients=1 missing=1[39m
2026-10-03T19:40:16.3986422Z [33m[Nest] 3285  - [39m10/03/2026, 7:40:16 PM [33m   WARN[39m [38;5;3m[AiEgressService] [39m[33mai_egress.consent_read_failed (treated as no grant)[39m
2026-10-03T19:40:16.3987686Z [32m[Nest] 3285  - [39m10/03/2026, 7:40:16 PM [32m    LOG[39m [38;5;3m[AiEgressService] [39m[32mai_egress.refused surface=coach_ai.insight reason=no_live_grant clients=1 missing=1[39m
2026-10-03T19:40:16.3989118Z [32m[Nest] 3285  - [39m10/03/2026, 7:40:16 PM [32m    LOG[39m [38;5;3m[coach-ai:weekly-insight] [39m[32mweekly digest starting — coaches=1[39m
2026-10-03T19:40:16.3990076Z [32m[Nest] 3285  - [39m10/03/2026, 7:40:16 PM [32m    LOG[39m [38;5;3m[coach-ai:weekly-insight] [39mObject(3) {
2026-10-03T19:40:16.3990670Z   event: [32m'WEEKLY_INSIGHT_SKIPPED_NO_AI_CONSENT'[39m,
2026-10-03T19:40:16.3991071Z   coachId: [32m'coach1'[39m,
2026-10-03T19:40:16.3991368Z   skipped: [33m1[39m
2026-10-03T19:40:16.3991610Z }
2026-10-03T19:40:16.3992431Z [32m[Nest] 3285  - [39m10/03/2026, 7:40:16 PM [32m    LOG[39m [38;5;3m[coach-ai:weekly-insight] [39m[32mcoach=coach1 skipped 1 client(s) without AI consent[39m
2026-10-03T19:40:16.3993456Z [32m[Nest] 3285  - [39m10/03/2026, 7:40:16 PM [32m    LOG[39m [38;5;3m[coach-ai:weekly-insight] [39mObject(3) {
2026-10-03T19:40:16.3994005Z   event: [32m'WEEKLY_INSIGHT_COMPLETE'[39m,
2026-10-03T19:40:16.3994328Z   total: [33m1[39m,
2026-10-03T19:40:16.3994625Z   skippedDormant: [33m0[39m
2026-10-03T19:40:16.3994878Z }
2026-10-03T19:40:16.3995675Z [32m[Nest] 3285  - [39m10/03/2026, 7:40:16 PM [32m    LOG[39m [38;5;3m[coach-ai:weekly-insight] [39m[32mweekly digest complete — total=1 skippedDormant=0[39m
2026-10-03T19:40:16.3996801Z [32m[Nest] 3285  - [39m10/03/2026, 7:40:16 PM [32m    LOG[39m [38;5;3m[coach-ai:weekly-insight] [39m[32mweekly digest starting — coaches=1[39m
2026-10-03T19:40:16.3997746Z [32m[Nest] 3285  - [39m10/03/2026, 7:40:16 PM [32m    LOG[39m [38;5;3m[coach-ai:weekly-insight] [39mObject(3) {
2026-10-03T19:40:16.3998511Z   event: [32m'WEEKLY_INSIGHT_COMPLETE'[39m,
2026-10-03T19:40:16.3998832Z   total: [33m1[39m,
2026-10-03T19:40:16.3999119Z   skippedDormant: [33m0[39m
2026-10-03T19:40:16.3999362Z }
2026-10-03T19:40:16.4000156Z [32m[Nest] 3285  - [39m10/03/2026, 7:40:16 PM [32m    LOG[39m [38;5;3m[coach-ai:weekly-insight] [39m[32mweekly digest complete — total=1 skippedDormant=0[39m
2026-10-03T19:40:16.4001295Z [32m[Nest] 3285  - [39m10/03/2026, 7:40:16 PM [32m    LOG[39m [38;5;3m[coach-ai:weekly-insight] [39m[32mweekly digest starting — coaches=1[39m
2026-10-03T19:40:16.4002446Z [33m[Nest] 3285  - [39m10/03/2026, 7:40:16 PM [33m   WARN[39m [38;5;3m[AiEgressService] [39m[33mai_egress.consent_read_failed (treated as no grant)[39m
2026-10-03T19:40:16.4003471Z [32m[Nest] 3285  - [39m10/03/2026, 7:40:16 PM [32m    LOG[39m [38;5;3m[coach-ai:weekly-insight] [39mObject(3) {
2026-10-03T19:40:16.4004102Z   event: [32m'WEEKLY_INSIGHT_SKIPPED_NO_AI_CONSENT'[39m,
2026-10-03T19:40:16.4004513Z   coachId: [32m'coach1'[39m,
2026-10-03T19:40:16.4004797Z   skipped: [33m3[39m
2026-10-03T19:40:16.4005031Z }
2026-10-03T19:40:16.4005862Z [32m[Nest] 3285  - [39m10/03/2026, 7:40:16 PM [32m    LOG[39m [38;5;3m[coach-ai:weekly-insight] [39m[32mcoach=coach1 skipped 3 client(s) without AI consent[39m
2026-10-03T19:40:16.4006867Z [32m[Nest] 3285  - [39m10/03/2026, 7:40:16 PM [32m    LOG[39m [38;5;3m[coach-ai:weekly-insight] [39mObject(3) {
2026-10-03T19:40:16.4007424Z   event: [32m'WEEKLY_INSIGHT_COMPLETE'[39m,
2026-10-03T19:40:16.4008646Z   total: [33m1[39m,
2026-10-03T19:40:16.4008931Z   skippedDormant: [33m0[39m
2026-10-03T19:40:16.4009169Z }
2026-10-03T19:40:16.4009979Z [32m[Nest] 3285  - [39m10/03/2026, 7:40:16 PM [32m    LOG[39m [38;5;3m[coach-ai:weekly-insight] [39m[32mweekly digest complete — total=1 skippedDormant=0[39m
2026-10-03T19:40:16.4011281Z [32m[Nest] 3285  - [39m10/03/2026, 7:40:16 PM [32m    LOG[39m [38;5;3m[coach-ai] [39m[32m[coach-ai] ready (model=claude-sonnet-4-6)[39m
2026-10-03T19:40:16.4343654Z [31m[Nest] 3279  - [39m10/03/2026, 7:40:16 PM [31m  ERROR[39m [38;5;3m[AiEgressService] [39m[31mai_egress.blocked surface=gateway reason=client_subject_without_ids[39m
2026-10-03T19:40:16.4356815Z [31m[Nest] 3279  - [39m10/03/2026, 7:40:16 PM [31m  ERROR[39m [38;5;3m[AiEgressService] [39m[31mai_egress.blocked surface=gateway reason=unknown_exemption[39m
2026-10-03T19:40:16.4400304Z [31m[Nest] 3279  - [39m10/03/2026, 7:40:16 PM [31m  ERROR[39m [38;5;3m[AiEgressService] [39m[31mai_egress.blocked surface=first_win processor=perplexity reason=processor_not_consented[39m
2026-10-03T19:40:16.4676696Z PASS test/ai-egress/ai-egress.service.spec.ts
2026-10-03T19:40:16.5175343Z [32m[Nest] 3279  - [39m10/03/2026, 7:40:16 PM [32m    LOG[39m [38;5;3m[AiEgressService] [39m[32mai_egress.refused surface=coach.churn_draft reason=no_live_grant clients=1 missing=1[39m
2026-10-03T19:40:16.5176766Z [32m[Nest] 3279  - [39m10/03/2026, 7:40:16 PM [32m    LOG[39m [38;5;3m[AiEgressService] [39m[32mai_egress.refused surface=roman.chat reason=no_live_grant clients=1 missing=1[39m
2026-10-03T19:40:16.5178171Z [33m[Nest] 3279  - [39m10/03/2026, 7:40:16 PM [33m   WARN[39m [38;5;3m[AiEgressService] [39m[33mai_egress.consent_read_failed (treated as no grant)[39m
2026-10-03T19:40:16.5179402Z [32m[Nest] 3279  - [39m10/03/2026, 7:40:16 PM [32m    LOG[39m [38;5;3m[AiEgressService] [39m[32mai_egress.refused surface=coach.brief reason=no_live_grant clients=1 missing=1[39m
2026-10-03T19:40:16.5180666Z [32m[Nest] 3279  - [39m10/03/2026, 7:40:16 PM [32m    LOG[39m [38;5;3m[AiEgressService] [39m[32mai_egress.refused surface=coach.brief reason=no_live_grant clients=1 missing=1[39m
2026-10-03T19:40:16.5181892Z [32m[Nest] 3279  - [39m10/03/2026, 7:40:16 PM [32m    LOG[39m [38;5;3m[AiEgressService] [39m[32mai_egress.refused surface=gateway reason=no_live_grant clients=3 missing=1[39m
2026-10-03T19:40:16.5183049Z [32m[Nest] 3279  - [39m10/03/2026, 7:40:16 PM [32m    LOG[39m [38;5;3m[AiEgressService] [39m[32mai_egress.refused surface=roman.chat reason=no_live_grant clients=1 missing=1[39m
2026-10-03T19:40:16.5184125Z [33m[Nest] 3279  - [39m10/03/2026, 7:40:16 PM [33m   WARN[39m [38;5;3m[AiEgressService] [39m[33mai_egress.consent_read_failed (treated as no grant)[39m
2026-10-03T19:40:16.5723183Z PASS src/regimes/__tests__/partial-refund-decision.service.spec.ts
2026-10-03T19:40:16.6332124Z [32m[Nest] 3285  - [39m10/03/2026, 7:40:16 PM [32m    LOG[39m [38;5;3m[PartialRefundDecisionService] [39m[32monPartialRefund: pending decision created for purchase=cp-1 refund=re_123[39m
2026-10-03T19:40:16.6335390Z [32m[Nest] 3285  - [39m10/03/2026, 7:40:16 PM [32m    LOG[39m [38;5;3m[PartialRefundDecisionService] [39m[32monPartialRefund: pending decision created for purchase=cp-1 refund=re_123[39m
2026-10-03T19:40:16.6337117Z [32m[Nest] 3285  - [39m10/03/2026, 7:40:16 PM [32m    LOG[39m [38;5;3m[PartialRefundDecisionService] [39m[32monPartialRefund: pending decision created for purchase=cp-1 refund=re_race[39m
2026-10-03T19:40:16.6339703Z [32m[Nest] 3285  - [39m10/03/2026, 7:40:16 PM [32m    LOG[39m [38;5;3m[PartialRefundDecisionService] [39m[32monPartialRefund: concurrent insert collapsed (P2002) for purchase=cp-1 refund=re_race[39m
2026-10-03T19:40:16.6341365Z [32m[Nest] 3285  - [39m10/03/2026, 7:40:16 PM [32m    LOG[39m [38;5;3m[PartialRefundDecisionService] [39m[32mdecide: refund=re_123 decision=keep_drops drops_canceled=0 by coach=coach-1[39m
2026-10-03T19:40:16.6343295Z [32m[Nest] 3285  - [39m10/03/2026, 7:40:16 PM [32m    LOG[39m [38;5;3m[PartialRefundDecisionService] [39m[32mdecide: refund=re_123 decision=unassign_drops drops_canceled=4 by coach=coach-1[39m
2026-10-03T19:40:16.8807806Z PASS test/scout/induction/parse.spec.ts
2026-10-03T19:40:17.0379005Z PASS test/ptm-heuristic.service.spec.ts
2026-10-03T19:40:17.2897339Z PASS test/scout/induction/observation.controller.spec.ts
2026-10-03T19:40:17.4198400Z PASS test/client-purchases-field-select.spec.ts
2026-10-03T19:40:17.5554740Z PASS test/scout/g2-s8g-db-guard.spec.ts
2026-10-03T19:40:17.7246265Z PASS test/booking-reminder-local-time.spec.ts
2026-10-03T19:40:17.7599693Z [32m[Nest] 3285  - [39m06/02/2026, 12:30:00 AM [32m    LOG[39m [38;5;3m[SessionReminderJob] [39m[32mreminder sweep kind=booking_reminder_24h scanned=1 dispatched=2 skipped=0[39m
2026-10-03T19:40:17.7601443Z [32m[Nest] 3285  - [39m06/02/2026, 11:30:00 PM [32m    LOG[39m [38;5;3m[SessionReminderJob] [39m[32mreminder sweep kind=booking_reminder_1h scanned=1 dispatched=2 skipped=0[39m
2026-10-03T19:40:17.7603157Z [32m[Nest] 3285  - [39m06/02/2026, 12:30:00 AM [32m    LOG[39m [38;5;3m[SessionReminderJob] [39m[32mreminder sweep kind=booking_reminder_24h scanned=1 dispatched=2 skipped=0[39m
2026-10-03T19:40:17.7604659Z [32m[Nest] 3285  - [39m06/02/2026, 12:30:00 AM [32m    LOG[39m [38;5;3m[SessionReminderJob] [39m[32mreminder sweep kind=booking_reminder_24h scanned=1 dispatched=2 skipped=0[39m
2026-10-03T19:40:17.7605983Z [32m[Nest] 3285  - [39m06/02/2026, 12:40:00 AM [32m    LOG[39m [38;5;3m[SessionReminderJob] [39m[32mreminder sweep kind=booking_reminder_24h scanned=1 dispatched=1 skipped=1[39m
2026-10-03T19:40:17.7607342Z [32m[Nest] 3285  - [39m06/02/2026, 12:40:00 AM [32m    LOG[39m [38;5;3m[SessionReminderJob] [39m[32mreminder sweep kind=booking_reminder_24h scanned=1 dispatched=1 skipped=1[39m
2026-10-03T19:40:17.7609027Z [32m[Nest] 3285  - [39m06/02/2026, 12:40:00 AM [32m    LOG[39m [38;5;3m[SessionReminderJob] [39m[32mreminder sweep kind=booking_reminder_24h scanned=1 dispatched=0 skipped=2[39m
2026-10-03T19:40:17.7610450Z [32m[Nest] 3285  - [39m06/02/2026, 12:30:00 AM [32m    LOG[39m [38;5;3m[SessionReminderJob] [39m[32mreminder sweep kind=booking_reminder_24h scanned=1 dispatched=2 skipped=0[39m
2026-10-03T19:40:17.7611988Z [32m[Nest] 3285  - [39m06/02/2026, 12:30:00 AM [32m    LOG[39m [38;5;3m[SessionReminderJob] [39m[32mreminder sweep kind=booking_reminder_24h scanned=1 dispatched=2 skipped=0[39m
2026-10-03T19:40:17.7613443Z [32m[Nest] 3285  - [39m06/02/2026, 12:30:00 AM [32m    LOG[39m [38;5;3m[SessionReminderJob] [39m[32mreminder sweep kind=booking_reminder_24h scanned=1 dispatched=2 skipped=0[39m
2026-10-03T19:40:17.9061651Z PASS test/coach-alerts-emitters.spec.ts
2026-10-03T19:40:17.9211418Z PASS test/purchase-split-handler.service.spec.ts
2026-10-03T19:40:18.0046735Z [33m[Nest] 3285  - [39m10/03/2026, 7:40:17 PM [33m   WARN[39m [38;5;3m[PurchaseSplitHandlerService] [39m[33mCannot transfer head-coach split for purchase=p-sub: head coach head-1 has no ConnectAccount[39m
2026-10-03T19:40:18.0048701Z [33m[Nest] 3285  - [39m10/03/2026, 7:40:17 PM [33m   WARN[39m [38;5;3m[PurchaseSplitHandlerService] [39m[33mCannot post split for purchase=p-solo: seller has no ConnectAccount[39m
2026-10-03T19:40:18.1159245Z PASS test/ptm-weighted.service.spec.ts
2026-10-03T19:40:18.1896144Z PASS test/community/cohorts/community-cohort-members.service.spec.ts
2026-10-03T19:40:18.3992845Z [31m[Nest] 3279  - [39m10/03/2026, 7:40:18 PM [31m  ERROR[39m [38;5;3m[StorefrontService] [39m[31mSTRIPE_PUBLISHABLE_KEY unset — public storefront cannot confirm payments.[39m
2026-10-03T19:40:18.4369446Z PASS test/pr14-guest-recurring-dispatcher-integration.spec.ts
2026-10-03T19:40:18.5070699Z [33m[Nest] 3285  - [39m10/03/2026, 7:40:18 PM [33m   WARN[39m [38;5;3m[BillingService] [39m[33mSubscription sub_guest_rec for unknown customer cus_g[39m
2026-10-03T19:40:18.5099695Z [33m[Nest] 3285  - [39m10/03/2026, 7:40:18 PM [33m   WARN[39m [38;5;3m[BillingService] [39m[33mSubscription sub_guest_rec for unknown customer cus_g[39m
2026-10-03T19:40:18.5119587Z [33m[Nest] 3285  - [39m10/03/2026, 7:40:18 PM [33m   WARN[39m [38;5;3m[BillingService] [39m[33mSubscription sub_guest_rec for unknown customer cus_g[39m
2026-10-03T19:40:18.6205013Z PASS test/storefront.service.spec.ts
2026-10-03T19:40:18.6482539Z PASS test/coach-alerts.service.spec.ts
2026-10-03T19:40:18.9909674Z PASS test/reports.service.spec.ts
2026-10-03T19:40:19.0453945Z PASS test/stripe-api-timeout-r2.spec.ts (7.767 s)
2026-10-03T19:40:19.2189201Z PASS test/gcal-b3-channel-tracking.spec.ts
2026-10-03T19:40:19.5399541Z PASS test/scout/reconstruct/conformance-alpha.mapper.spec.ts
2026-10-03T19:40:19.9539581Z PASS test/contracts/contract-envelope.state-machine.spec.ts
2026-10-03T19:40:20.0289816Z [33m[Nest] 3278  - [39m10/03/2026, 7:40:19 PM [33m   WARN[39m [38;5;3m[ContractEnvelopeService] [39m[33mIgnoring illegal transition DECLINED → SIGNED for envelope env_1[39m
2026-10-03T19:40:20.4359613Z PASS test/scout/scout-ingest.validation.integration.spec.ts
2026-10-03T19:40:20.5921004Z [31m[Nest] 3278  - [39m10/03/2026, 7:40:20 PM [31m  ERROR[39m [38;5;3m[EmailService] [39m[31memail send failed template=coach-invites-client to=a@example.com: Resend 422: domain not verified[39m
2026-10-03T19:40:20.6079489Z PASS test/email.service.spec.ts
2026-10-03T19:40:20.6700344Z [32m[Nest] 3278  - [39m10/03/2026, 7:40:20 PM [32m    LOG[39m [38;5;3m[EmailService] [39m[32m[email:log] to=a@example.com template=coach-invites-client subject="C invited you to The Growth Project" key=invite:abc[39m
2026-10-03T19:40:20.6730124Z [32m[Nest] 3278  - [39m10/03/2026, 7:40:20 PM [32m    LOG[39m [38;5;3m[EmailService] [39m[32memail send skipped: idempotency hit key=invite:abc[39m
2026-10-03T19:40:20.6731748Z [32m[Nest] 3278  - [39m10/03/2026, 7:40:20 PM [32m    LOG[39m [38;5;3m[EmailService] [39m[32memail sent template=coach-invites-client to=a@example.com provider_id=msg_abc[39m
2026-10-03T19:40:20.8050280Z PASS test/account-deletion/storage-billing.spec.ts
2026-10-03T19:40:21.1929593Z PASS test/reports.controller.spec.ts
2026-10-03T19:40:21.4142479Z PASS test/transformation-scorecard-pdf.spec.ts
2026-10-03T19:40:21.8120037Z PASS src/extension-pair/__tests__/durable-session.spec.ts
2026-10-03T19:40:21.8161941Z [33m[Nest] 3278  - [39m10/03/2026, 7:40:21 PM [33m   WARN[39m [38;5;3m[ExtensionPairService] [39m[33msetup readiness read failed; readiness omitted (unknown)[39m
2026-10-03T19:40:21.8163887Z [33m[Nest] 3278  - [39m10/03/2026, 7:40:21 PM [33m   WARN[39m [38;5;3m[ExtensionPairService] [39m[33msetup readiness read failed; readiness omitted (unknown)[39m
2026-10-03T19:40:21.8165306Z [33m[Nest] 3278  - [39m10/03/2026, 7:40:21 PM [33m   WARN[39m [38;5;3m[ExtensionPairService] [39m[33msetup readiness read failed; readiness omitted (unknown)[39m
2026-10-03T19:40:21.8166757Z [33m[Nest] 3278  - [39m10/03/2026, 7:40:21 PM [33m   WARN[39m [38;5;3m[ExtensionPairService] [39m[33msetup readiness read failed; readiness omitted (unknown)[39m
2026-10-03T19:40:21.8168207Z [33m[Nest] 3278  - [39m10/03/2026, 7:40:21 PM [33m   WARN[39m [38;5;3m[ExtensionPairService] [39m[33msetup readiness read failed; readiness omitted (unknown)[39m
2026-10-03T19:40:21.8169628Z [33m[Nest] 3278  - [39m10/03/2026, 7:40:21 PM [33m   WARN[39m [38;5;3m[ExtensionPairService] [39m[33msetup readiness read failed; readiness omitted (unknown)[39m
2026-10-03T19:40:21.8171148Z [33m[Nest] 3278  - [39m10/03/2026, 7:40:21 PM [33m   WARN[39m [38;5;3m[ExtensionPairService] [39m[33msetup readiness read failed; readiness omitted (unknown)[39m
2026-10-03T19:40:21.8173158Z [33m[Nest] 3278  - [39m10/03/2026, 7:40:21 PM [33m   WARN[39m [38;5;3m[ExtensionPairService] [39m[33msetup readiness read failed; readiness omitted (unknown)[39m
2026-10-03T19:40:21.8175754Z [33m[Nest] 3278  - [39m10/03/2026, 7:40:21 PM [33m   WARN[39m [38;5;3m[ExtensionPairService] [39m[33msetup readiness read failed; readiness omitted (unknown)[39m
2026-10-03T19:40:21.8177799Z [33m[Nest] 3278  - [39m10/03/2026, 7:40:21 PM [33m   WARN[39m [38;5;3m[ExtensionPairService] [39m[33msetup readiness read failed; readiness omitted (unknown)[39m
2026-10-03T19:40:22.0433500Z [31m[Nest] 3285  - [39m10/03/2026, 7:40:22 PM [31m  ERROR[39m [38;5;3m[RecentAuthGuard] [39m[31mRECENT_AUTH_SECRET is not configured or is shorter than 32 characters — sensitive action blocked[39m
2026-10-03T19:40:22.0518874Z PASS test/account-deletion/admin-force-delete-step-up.spec.ts
2026-10-03T19:40:22.1633197Z PASS test/mwb-autosave-owner-visibility.spec.ts
2026-10-03T19:40:22.1997159Z [33m[Nest] 3278  - [39m10/03/2026, 7:40:22 PM [33m   WARN[39m [38;5;3m[AnalyticsService] [39m[33mPOSTHOG_KEY not set — analytics are disabled (no-op mode).[39m
2026-10-03T19:40:22.2010125Z [33m[Nest] 3278  - [39m10/03/2026, 7:40:22 PM [33m   WARN[39m [38;5;3m[AnalyticsService] [39m[33mPOSTHOG_KEY not set — analytics are disabled (no-op mode).[39m
2026-10-03T19:40:22.2040443Z [33m[Nest] 3278  - [39m10/03/2026, 7:40:22 PM [33m   WARN[39m [38;5;3m[AnalyticsService] [39m[33mPOSTHOG_KEY not set — analytics are disabled (no-op mode).[39m
2026-10-03T19:40:22.2049858Z [33m[Nest] 3278  - [39m10/03/2026, 7:40:22 PM [33m   WARN[39m [38;5;3m[AnalyticsService] [39m[33mPOSTHOG_KEY not set — analytics are disabled (no-op mode).[39m
2026-10-03T19:40:22.2051570Z [33m[Nest] 3278  - [39m10/03/2026, 7:40:22 PM [33m   WARN[39m [38;5;3m[AnalyticsService] [39m[33mPOSTHOG_KEY not set — analytics are disabled (no-op mode).[39m
2026-10-03T19:40:22.2053261Z [33m[Nest] 3278  - [39m10/03/2026, 7:40:22 PM [33m   WARN[39m [38;5;3m[AnalyticsService] [39m[33mPOSTHOG_KEY not set — analytics are disabled (no-op mode).[39m
2026-10-03T19:40:22.2054931Z [33m[Nest] 3278  - [39m10/03/2026, 7:40:22 PM [33m   WARN[39m [38;5;3m[AnalyticsService] [39m[33mPOSTHOG_KEY not set — analytics are disabled (no-op mode).[39m
2026-10-03T19:40:22.2056579Z [33m[Nest] 3278  - [39m10/03/2026, 7:40:22 PM [33m   WARN[39m [38;5;3m[AnalyticsService] [39m[33mPOSTHOG_KEY not set — analytics are disabled (no-op mode).[39m
2026-10-03T19:40:22.2058450Z [33m[Nest] 3278  - [39m10/03/2026, 7:40:22 PM [33m   WARN[39m [38;5;3m[AnalyticsService] [39m[33mPOSTHOG_KEY not set — analytics are disabled (no-op mode).[39m
2026-10-03T19:40:22.2060105Z [33m[Nest] 3278  - [39m10/03/2026, 7:40:22 PM [33m   WARN[39m [38;5;3m[AnalyticsService] [39m[33mPOSTHOG_KEY not set — analytics are disabled (no-op mode).[39m
2026-10-03T19:40:22.2061705Z [33m[Nest] 3278  - [39m10/03/2026, 7:40:22 PM [33m   WARN[39m [38;5;3m[AnalyticsService] [39m[33mPOSTHOG_KEY not set — analytics are disabled (no-op mode).[39m
2026-10-03T19:40:22.2063340Z [33m[Nest] 3278  - [39m10/03/2026, 7:40:22 PM [33m   WARN[39m [38;5;3m[AnalyticsService] [39m[33mPOSTHOG_KEY not set — analytics are disabled (no-op mode).[39m
2026-10-03T19:40:22.2064901Z [33m[Nest] 3278  - [39m10/03/2026, 7:40:22 PM [33m   WARN[39m [38;5;3m[AnalyticsService] [39m[33mPOSTHOG_KEY not set — analytics are disabled (no-op mode).[39m
2026-10-03T19:40:22.2078416Z [33m[Nest] 3278  - [39m10/03/2026, 7:40:22 PM [33m   WARN[39m [38;5;3m[AnalyticsService] [39m[33mPOSTHOG_KEY not set — analytics are disabled (no-op mode).[39m
2026-10-03T19:40:22.2080282Z [33m[Nest] 3278  - [39m10/03/2026, 7:40:22 PM [33m   WARN[39m [38;5;3m[AnalyticsService] [39m[33mPOSTHOG_KEY not set — analytics are disabled (no-op mode).[39m
2026-10-03T19:40:22.2081791Z [33m[Nest] 3278  - [39m10/03/2026, 7:40:22 PM [33m   WARN[39m [38;5;3m[AnalyticsService] [39m[33mPOSTHOG_KEY not set — analytics are disabled (no-op mode).[39m
2026-10-03T19:40:22.2083314Z [33m[Nest] 3278  - [39m10/03/2026, 7:40:22 PM [33m   WARN[39m [38;5;3m[AnalyticsService] [39m[33mPOSTHOG_KEY not set — analytics are disabled (no-op mode).[39m
2026-10-03T19:40:22.2085269Z [33m[Nest] 3278  - [39m10/03/2026, 7:40:22 PM [33m   WARN[39m [38;5;3m[AnalyticsService] [39m[33mPOSTHOG_KEY not set — analytics are disabled (no-op mode).[39m
2026-10-03T19:40:22.4927569Z PASS test/roman-coach-reviewed-migration.spec.ts
2026-10-03T19:40:22.5909819Z PASS test/build-week-day1-consultation-copy.spec.ts
2026-10-03T19:40:22.6210193Z PASS test/data-export.service.spec.ts
2026-10-03T19:40:22.8660218Z PASS test/sub-coach-scope.service.spec.ts
2026-10-03T19:40:22.9758702Z PASS src/scout/scout.dto.spec.ts
2026-10-03T19:40:23.3112385Z [33m[Nest] 3278  - [39m10/03/2026, 7:40:23 PM [33m   WARN[39m [38;5;3m[FinanceAdminClient] [39m[33mFinance federation degraded path=/api/admin/federation/clients/by-email/a%40b.test reason=http_error[39m
2026-10-03T19:40:23.3385094Z PASS test/analytics-instrumentation.spec.ts
2026-10-03T19:40:23.5403775Z PASS test/finance-admin.client.spec.ts
2026-10-03T19:40:23.6164378Z [33m[Nest] 3278  - [39m10/03/2026, 7:40:23 PM [33m   WARN[39m [38;5;3m[FinanceAdminClient] [39m[33mFinance federation degraded path=/api/admin/federation/clients/by-email/a%40b.test reason=timeout[39m
2026-10-03T19:40:23.6167499Z [33m[Nest] 3278  - [39m10/03/2026, 7:40:23 PM [33m   WARN[39m [38;5;3m[FinanceAdminClient] [39m[33mFinance federation degraded path=/api/admin/federation/users/search?q=q&limit=5 reason=malformed_response[39m
2026-10-03T19:40:23.6170349Z [33m[Nest] 3278  - [39m10/03/2026, 7:40:23 PM [33m   WARN[39m [38;5;3m[FinanceAdminClient] [39m[33mFinance federation degraded path=/api/admin/federation/users/search?q=q&limit=5 reason=malformed_response[39m
2026-10-03T19:40:23.6172977Z [33m[Nest] 3278  - [39m10/03/2026, 7:40:23 PM [33m   WARN[39m [38;5;3m[FinanceAdminClient] [39m[33mFinance federation degraded path=/api/admin/federation/clients/by-email/a%40b.test reason=malformed_response[39m
2026-10-03T19:40:23.8862821Z PASS test/ai/coach-ai.controller.spec.ts
2026-10-03T19:40:24.0820451Z PASS test/assignable-asset-resolver-media.spec.ts
2026-10-03T19:40:24.1597515Z [33m[Nest] 3278  - [39m10/03/2026, 7:40:24 PM [33m   WARN[39m [38;5;3m[MediaAssetResolver] [39m[33mMediaAssetResolver: tenant mismatch — asset.coach_id=other-coach acting.tenantCoachId=coach-1[39m
2026-10-03T19:40:24.1599537Z [33m[Nest] 3278  - [39m10/03/2026, 7:40:24 PM [33m   WARN[39m [38;5;3m[MediaAssetResolver] [39m[33mMediaAssetResolver: asset asset-1 not ready (status=uploading); refusing grant[39m
2026-10-03T19:40:24.1601000Z [33m[Nest] 3278  - [39m10/03/2026, 7:40:24 PM [33m   WARN[39m [38;5;3m[MediaAssetResolver] [39m[33mMediaAssetResolver: asset asset-1 not ready (status=processing); refusing grant[39m
2026-10-03T19:40:24.1602666Z [33m[Nest] 3278  - [39m10/03/2026, 7:40:24 PM [33m   WARN[39m [38;5;3m[MediaAssetResolver] [39m[33mMediaAssetResolver: asset asset-1 not ready (status=errored); refusing grant[39m
2026-10-03T19:40:24.5517215Z PASS test/scout/scout-ingest.controller.spec.ts
2026-10-03T19:40:24.6224314Z PASS test/community/rls/community-rls.spec.ts
2026-10-03T19:40:26.5956240Z PASS test/ci/s10-core-diff-gate-sc2015.spec.ts
2026-10-03T19:40:26.7569182Z PASS test/onboarding-program-rules.spec.ts (7.533 s)
2026-10-03T19:40:26.8896799Z [33m[Nest] 3278  - [39m10/03/2026, 7:40:26 PM [33m   WARN[39m [38;5;3m[AnthropicAdapter] [39m[33m[anthropic] retryable error status=429 attempt=1 delay=250ms[39m
2026-10-03T19:40:26.9396269Z PASS test/build-week.service.spec.ts
2026-10-03T19:40:27.1336946Z [33m[Nest] 3278  - [39m10/03/2026, 7:40:27 PM [33m   WARN[39m [38;5;3m[AnthropicAdapter] [39m[33m[anthropic] retryable error status=503 attempt=1 delay=250ms[39m
2026-10-03T19:40:27.2087774Z PASS test/observability/db-stats.spec.ts
2026-10-03T19:40:27.2805291Z [33m[Nest] 3279  - [39m10/03/2026, 7:40:27 PM [33m   WARN[39m [38;5;3m[DbStatsService] [39m[33mpg_stat_statements is not available; returning unavailable. Enable the extension (operator-attach).[39m
2026-10-03T19:40:27.3941174Z [33m[Nest] 3279  - [39m10/03/2026, 7:40:27 PM [33m   WARN[39m [38;5;3m[DbStatsService] [39m[33mpg_stat_statements is not available; returning unavailable. Enable the extension (operator-attach).[39m
2026-10-03T19:40:27.3943423Z [33m[Nest] 3278  - [39m10/03/2026, 7:40:27 PM [33m   WARN[39m [38;5;3m[AnthropicAdapter] [39m[33m[anthropic] retryable error status=503 attempt=2 delay=1000ms[39m
2026-10-03T19:40:27.4600837Z PASS test/mwb-program-package-delivery.spec.ts
2026-10-03T19:40:27.6406057Z PASS test/common/feature-flag-not-found.spec.ts
2026-10-03T19:40:28.4083018Z [33m[Nest] 3278  - [39m10/03/2026, 7:40:28 PM [33m   WARN[39m [38;5;3m[AnthropicAdapter] [39m[33m[anthropic] retryable error status=503 attempt=3 delay=4000ms[39m
2026-10-03T19:40:30.0499031Z PASS test/wearables/wearables-module.integration.spec.ts
2026-10-03T19:40:30.3736190Z PASS test/scout/reconstruct/native/engine-handoff.spec.ts
2026-10-03T19:40:30.4470669Z [32m[Nest] 3279  - [39m10/03/2026, 7:40:30 PM [32m    LOG[39m [38;5;3m[ScoutReconstructService] [39m[32mscout.reconstruct completed {"intent_id":"intent-1","coach_id":"coach-a","staged":1,"reconstructed":1,"skipped":0,"failed":0}[39m
2026-10-03T19:40:30.4490271Z [32m[Nest] 3279  - [39m10/03/2026, 7:40:30 PM [32m    LOG[39m [38;5;3m[ScoutReconstructService] [39m[32mscout.reconstruct completed {"intent_id":"intent-1","coach_id":"coach-a","staged":1,"reconstructed":0,"skipped":1,"failed":0}[39m
2026-10-03T19:40:30.4519990Z [32m[Nest] 3279  - [39m10/03/2026, 7:40:30 PM [32m    LOG[39m [38;5;3m[ScoutReconstructService] [39m[32mscout.reconstruct completed {"intent_id":"intent-1","coach_id":"coach-a","staged":1,"reconstructed":1,"skipped":0,"failed":0}[39m
2026-10-03T19:40:30.4539890Z [32m[Nest] 3279  - [39m10/03/2026, 7:40:30 PM [32m    LOG[39m [38;5;3m[ScoutReconstructService] [39m[32mscout.reconstruct completed {"intent_id":"intent-1","coach_id":"coach-a","staged":1,"reconstructed":1,"skipped":0,"failed":0}[39m
2026-10-03T19:40:30.4579531Z [32m[Nest] 3279  - [39m10/03/2026, 7:40:30 PM [32m    LOG[39m [38;5;3m[ScoutReconstructService] [39m[32mscout.reconstruct completed {"intent_id":"intent-1","coach_id":"coach-a","staged":1,"reconstructed":1,"skipped":0,"failed":0}[39m
2026-10-03T19:40:30.4599772Z [32m[Nest] 3279  - [39m10/03/2026, 7:40:30 PM [32m    LOG[39m [38;5;3m[ScoutReconstructService] [39m[32mscout.reconstruct completed {"intent_id":"intent-1","coach_id":"coach-a","staged":1,"reconstructed":0,"skipped":1,"failed":0}[39m
2026-10-03T19:40:30.4602045Z [32m[Nest] 3279  - [39m10/03/2026, 7:40:30 PM [32m    LOG[39m [38;5;3m[ScoutReconstructService] [39m[32mscout.reconstruct completed {"intent_id":"intent-1","coach_id":"coach-a","staged":1,"reconstructed":1,"skipped":0,"failed":0}[39m
2026-10-03T19:40:30.4603263Z [32m[Nest] 3279  - [39m10/03/2026, 7:40:30 PM [32m    LOG[39m [38;5;3m[ScoutReconstructService] [39m[32mscout.reconstruct completed {"intent_id":"intent-1","coach_id":"coach-a","staged":2,"reconstructed":2,"skipped":0,"failed":0}[39m
2026-10-03T19:40:30.4604506Z [33m[Nest] 3279  - [39m10/03/2026, 7:40:30 PM [33m   WARN[39m [38;5;3m[ScoutReconstructService] [39m[33mscout.reconstruct completed with failures {"intent_id":"intent-1","coach_id":"coach-a","staged":1,"reconstructed":0,"skipped":0,"failed":1}[39m
2026-10-03T19:40:30.6936686Z PASS test/account-deletion/optional-tables-export-fence.spec.ts
2026-10-03T19:40:30.7493609Z [33m[Nest] 3279  - [39m10/03/2026, 7:40:30 PM [33m   WARN[39m [38;5;3m[DataExportService] [39m[33mDATA_EXPORT_TOKEN_SECRET is not set — using the insecure default. Set DATA_EXPORT_TOKEN_SECRET before going to production.[39m
2026-10-03T19:40:30.7495389Z [33m[Nest] 3279  - [39m10/03/2026, 7:40:30 PM [33m   WARN[39m [38;5;3m[DataExportService] [39m[33mDATA_EXPORT_TOKEN_SECRET is not set — using the insecure default. Set DATA_EXPORT_TOKEN_SECRET before going to production.[39m
2026-10-03T19:40:30.7497105Z [33m[Nest] 3279  - [39m10/03/2026, 7:40:30 PM [33m   WARN[39m [38;5;3m[DataExportService] [39m[33mDATA_EXPORT_TOKEN_SECRET is not set — using the insecure default. Set DATA_EXPORT_TOKEN_SECRET before going to production.[39m
2026-10-03T19:40:30.7499425Z [33m[Nest] 3279  - [39m10/03/2026, 7:40:30 PM [33m   WARN[39m [38;5;3m[DataExportService] [39m[33mDATA_EXPORT_TOKEN_SECRET is not set — using the insecure default. Set DATA_EXPORT_TOKEN_SECRET before going to production.[39m
2026-10-03T19:40:31.0455294Z PASS test/coach-payments-field-select.spec.ts
2026-10-03T19:40:31.1585211Z [31m[Nest] 3279  - [39m10/03/2026, 7:40:31 PM [31m  ERROR[39m [38;5;3m[GoogleMeetAdapter] [39m[31mGoogleMeetAdapter.createMeeting called but real implementation is not wired up; idempotencyKey=idem-1[39m
2026-10-03T19:40:31.1608292Z [31m[Nest] 3279  - [39m10/03/2026, 7:40:31 PM [31m  ERROR[39m [38;5;3m[ZoomVideoAdapter] [39m[31mZoomVideoAdapter.createMeeting called but real implementation is not wired up; idempotencyKey=idem-2[39m
2026-10-03T19:40:31.1621370Z [31m[Nest] 3279  - [39m10/03/2026, 7:40:31 PM [31m  ERROR[39m [38;5;3m[GoogleCalendarAdapter] [39m[31mGoogleCalendarAdapter.createEvent called but real implementation is not wired up; idempotencyKey=idem-3[39m
2026-10-03T19:40:31.2083656Z PASS test/qa-p0-launch-blockers.spec.ts
2026-10-03T19:40:31.4553149Z PASS test/community/plan-context/plan-context.service.spec.ts
2026-10-03T19:40:31.6446955Z PASS test/purchase-fanout-coach-new-purchase.spec.ts
2026-10-03T19:40:31.7223689Z [95m[Nest] 3279  - [39m10/03/2026, 7:40:31 PM [95m  DEBUG[39m [38;5;3m[PurchaseFanoutService] [39m[95mfanout: package=pkg_1 has no contents — purchase=pur_1[39m
2026-10-03T19:40:31.7225137Z [95m[Nest] 3279  - [39m10/03/2026, 7:40:31 PM [95m  DEBUG[39m [38;5;3m[PurchaseFanoutService] [39m[95mfanout: package=pkg_1 has no contents — purchase=pur_1[39m
2026-10-03T19:40:31.7230336Z [95m[Nest] 3279  - [39m10/03/2026, 7:40:31 PM [95m  DEBUG[39m [38;5;3m[PurchaseFanoutService] [39m[95mfanout: package=pkg_1 has no contents — purchase=pur_1[39m
2026-10-03T19:40:31.7232311Z [95m[Nest] 3279  - [39m10/03/2026, 7:40:31 PM [95m  DEBUG[39m [38;5;3m[PurchaseFanoutService] [39m[95mcoach_new_purchase: marker already claimed for purchase=pur_1 (webhook replay)[39m
2026-10-03T19:40:31.7233867Z [95m[Nest] 3279  - [39m10/03/2026, 7:40:31 PM [95m  DEBUG[39m [38;5;3m[PurchaseFanoutService] [39m[95mfanout: package=pkg_1 has no contents — purchase=pur_1[39m
2026-10-03T19:40:31.7235276Z [95m[Nest] 3279  - [39m10/03/2026, 7:40:31 PM [95m  DEBUG[39m [38;5;3m[PurchaseFanoutService] [39m[95mfanout: package=pkg_1 has no contents — purchase=pur_1[39m
2026-10-03T19:40:31.7236684Z [95m[Nest] 3279  - [39m10/03/2026, 7:40:31 PM [95m  DEBUG[39m [38;5;3m[PurchaseFanoutService] [39m[95mfanout: package=pkg_1 has no contents — purchase=pur_1[39m
2026-10-03T19:40:31.8896229Z PASS test/team-mode-permissions.spec.ts
2026-10-03T19:40:32.1690050Z PASS test/coach-brief-ttl.spec.ts
2026-10-03T19:40:32.2427171Z [32m[Nest] 3279  - [39m10/03/2026, 7:40:32 PM [32m    LOG[39m [38;5;3m[CoachBriefService] [39m[32mCoachBrief TTL prune: deleted 2 rows older than 2026-09-26 (retentionDays=7)[39m
2026-10-03T19:40:32.2428802Z [32m[Nest] 3279  - [39m10/03/2026, 7:40:32 PM [32m    LOG[39m [38;5;3m[CoachBriefService] [39m[32mCoachBrief TTL prune: deleted 0 rows older than 2026-09-26 (retentionDays=7)[39m
2026-10-03T19:40:32.2430139Z [32m[Nest] 3279  - [39m10/03/2026, 7:40:32 PM [32m    LOG[39m [38;5;3m[CoachBriefService] [39m[32mCoachBrief TTL prune: deleted 0 rows older than 2026-09-26 (retentionDays=7)[39m
2026-10-03T19:40:32.2431454Z [32m[Nest] 3279  - [39m10/03/2026, 7:40:32 PM [32m    LOG[39m [38;5;3m[CoachBriefService] [39m[32mCoachBrief TTL prune: deleted 1 rows older than 2026-09-03 (retentionDays=30)[39m
2026-10-03T19:40:32.2432771Z [32m[Nest] 3279  - [39m10/03/2026, 7:40:32 PM [32m    LOG[39m [38;5;3m[CoachBriefService] [39m[32mCoachBrief TTL prune: deleted 3 rows older than 2026-09-19 (retentionDays=14)[39m
2026-10-03T19:40:32.2434328Z [32m[Nest] 3279  - [39m10/03/2026, 7:40:32 PM [32m    LOG[39m [38;5;3m[CoachBriefService] [39m[32mCoachBrief TTL prune: deleted 0 rows older than 2026-09-26 (retentionDays=7)[39m
2026-10-03T19:40:32.2435715Z [95m[Nest] 3279  - [39m10/03/2026, 7:40:32 PM [95m  DEBUG[39m [38;5;3m[CoachBriefScheduler] [39m[95mcoach brief TTL prune skipped — COACH_BRIEF_ENABLED=off[39m
2026-10-03T19:40:32.2436965Z [32m[Nest] 3279  - [39m10/03/2026, 7:40:32 PM [32m    LOG[39m [38;5;3m[CoachBriefService] [39m[32mCoachBrief TTL prune: deleted 0 rows older than 2026-09-26 (retentionDays=7)[39m
2026-10-03T19:40:32.4944617Z [33m[Nest] 3278  - [39m10/03/2026, 7:40:32 PM [33m   WARN[39m [38;5;3m[AnthropicAdapter] [39m[33m[anthropic] structured parse failed; attempting one repair: Unexpected token 'o', "not json at all" is not valid JSON[39m
2026-10-03T19:40:32.4946650Z [32m[Nest] 3278  - [39m10/03/2026, 7:40:32 PM [32m    LOG[39m [38;5;3m[AiEgressService] [39m[32mai_egress.refused surface=coach_ai.workout_program reason=no_live_grant clients=1 missing=1[39m
2026-10-03T19:40:32.4948645Z [33m[Nest] 3278  - [39m10/03/2026, 7:40:32 PM [33m   WARN[39m [38;5;3m[AnthropicAdapter] [39m[33m[anthropic] retryable error status=529 attempt=1 delay=250ms[39m
2026-10-03T19:40:32.6662460Z PASS test/ai/anthropic-adapter.spec.ts (6.058 s)
2026-10-03T19:40:32.7607373Z [32m[Nest] 3278  - [39m10/03/2026, 7:40:32 PM [32m    LOG[39m [38;5;3m[AiEgressService] [39m[32mai_egress.refused surface=coach_ai.workout_program reason=no_live_grant clients=1 missing=1[39m
2026-10-03T19:40:32.7609571Z [33m[Nest] 3278  - [39m10/03/2026, 7:40:32 PM [33m   WARN[39m [38;5;3m[AnthropicAdapter] [39m[33m[anthropic] structured parse failed; attempting one repair: Unexpected token 'o', "not json" is not valid JSON[39m
2026-10-03T19:40:32.7629827Z [32m[Nest] 3278  - [39m10/03/2026, 7:40:32 PM [32m    LOG[39m [38;5;3m[AiEgressService] [39m[32mai_egress.refused surface=coach_ai.workout_program reason=no_live_grant clients=1 missing=1[39m
2026-10-03T19:40:32.7631074Z [33m[Nest] 3278  - [39m10/03/2026, 7:40:32 PM [33m   WARN[39m [38;5;3m[AiEgressService] [39m[33mai_egress.consent_read_failed (treated as no grant)[39m
2026-10-03T19:40:32.7632301Z [32m[Nest] 3278  - [39m10/03/2026, 7:40:32 PM [32m    LOG[39m [38;5;3m[AiEgressService] [39m[32mai_egress.refused surface=coach_ai.workout_program reason=no_live_grant clients=1 missing=1[39m
2026-10-03T19:40:32.8260036Z PASS test/contracts/importer-contract-extraction.spec.ts
2026-10-03T19:40:33.7199138Z PASS test/nudges.service.spec.ts
2026-10-03T19:40:34.8199753Z PASS test/payout-readiness.service.spec.ts
2026-10-03T19:40:34.9089069Z [33m[Nest] 3278  - [39m10/03/2026, 7:40:34 PM [33m   WARN[39m [38;5;3m[PayoutReadinessService] [39m[33mPayoutReadinessService refresh failed coach=coach-4: stripe down[39m
2026-10-03T19:40:35.0782101Z PASS test/scout/g2-s9-db-guard.spec.ts
2026-10-03T19:40:35.2838406Z PASS test/checkout-buyer-drops.spec.ts
2026-10-03T19:40:35.5025145Z PASS test/meal-plans.service.spec.ts
2026-10-03T19:40:35.7684593Z PASS test/notification-prefs.spec.ts
2026-10-03T19:40:35.9647841Z PASS test/entitlements.service.spec.ts
2026-10-03T19:40:36.1910881Z PASS src/notifications/__tests__/first-payment-throttle-rollback.integration.spec.ts
2026-10-03T19:40:36.5759191Z PASS test/sub-coach-idempotency.service.spec.ts
2026-10-03T19:40:36.7908554Z PASS test/booking-emitter.spec.ts
2026-10-03T19:40:36.8732877Z [33m[Nest] 3278  - [39m10/03/2026, 7:40:36 PM [33m   WARN[39m [38;5;3m[BookingEmitter] [39m[33mBookingEmitter booking_requested failed for user=coach-1: db down[39m
2026-10-03T19:40:37.1493510Z PASS test/stripe-webhook-fixtures.spec.ts
2026-10-03T19:40:37.4430062Z [31m[Nest] 3278  - [39m10/03/2026, 7:40:37 PM [31m  ERROR[39m [38;5;3m[Soc2EvidenceService] [39m[31mFailed to fetch audit log for snapshot: DB connection lost[39m
2026-10-03T19:40:37.4483686Z PASS test/soc2-evidence.spec.ts
2026-10-03T19:40:37.6581772Z PASS test/landing-pages.analytics.spec.ts
2026-10-03T19:40:37.9104643Z PASS test/messaging-voice.spec.ts
2026-10-03T19:40:38.1370675Z PASS test/ci/r75-wiring.spec.ts (5.955 s)
2026-10-03T19:40:38.3787176Z PASS src/notifications/__tests__/first-payment-tx-rollback.integration.spec.ts
2026-10-03T19:40:38.6529671Z PASS test/ai-consent/ai-consent-dunning-lockout.e2e.spec.ts
2026-10-03T19:40:38.6530459Z PASS test/scout/g2-s8c-db-guard.spec.ts
2026-10-03T19:40:38.7989570Z PASS test/slot-computer.spec.ts
2026-10-03T19:40:38.8410287Z PASS test/data-export-archive-inventory.spec.ts
2026-10-03T19:40:38.9140949Z [33m[Nest] 3279  - [39m10/03/2026, 7:40:38 PM [33m   WARN[39m [38;5;3m[DataExportService] [39m[33mDATA_EXPORT_TOKEN_SECRET is not set — using the insecure default. Set DATA_EXPORT_TOKEN_SECRET before going to production.[39m
2026-10-03T19:40:38.9169857Z [33m[Nest] 3279  - [39m10/03/2026, 7:40:38 PM [33m   WARN[39m [38;5;3m[DataExportService] [39m[33mDATA_EXPORT_TOKEN_SECRET is not set — using the insecure default. Set DATA_EXPORT_TOKEN_SECRET before going to production.[39m
2026-10-03T19:40:38.9190107Z [33m[Nest] 3279  - [39m10/03/2026, 7:40:38 PM [33m   WARN[39m [38;5;3m[DataExportService] [39m[33mDATA_EXPORT_TOKEN_SECRET is not set — using the insecure default. Set DATA_EXPORT_TOKEN_SECRET before going to production.[39m
2026-10-03T19:40:38.9219851Z [33m[Nest] 3279  - [39m10/03/2026, 7:40:38 PM [33m   WARN[39m [38;5;3m[DataExportService] [39m[33mDATA_EXPORT_TOKEN_SECRET is not set — using the insecure default. Set DATA_EXPORT_TOKEN_SECRET before going to production.[39m
2026-10-03T19:40:39.0870269Z PASS test/account-deletion/receipt-r2.spec.ts
2026-10-03T19:40:39.3479393Z PASS test/mobile-coach-billing.controller.spec.ts
2026-10-03T19:40:39.5299512Z PASS test/dunning-v2-copy.spec.ts
2026-10-03T19:40:40.3680343Z [33m[Nest] 3279  - [39m10/03/2026, 7:40:40 PM [33m   WARN[39m [38;5;3m[ExtensionPairService] [39m[33msetup readiness read failed; readiness omitted (unknown)[39m
2026-10-03T19:40:40.5309703Z PASS src/extension-pair/__tests__/durable-intent.spec.ts
2026-10-03T19:40:40.5985834Z PASS test/mwb-program-deferred-delivery.spec.ts
2026-10-03T19:40:40.6663094Z [32m[Nest] 3278  - [39m10/03/2026, 7:40:40 PM [32m    LOG[39m [38;5;3m[PurchaseFanoutService] [39m[32mPurchaseFanout: drop=drop-1 type=workout_program left pending for the drip dispatcher (program delivery runs in its own transaction)[39m
2026-10-03T19:40:41.4679968Z PASS src/community/wearable-prompts/__tests__/wearable-prompts.schema.spec.ts
2026-10-03T19:40:42.3069474Z PASS test/coach-onboarding.service.spec.ts
2026-10-03T19:40:42.8636579Z PASS test/wearables/wearable-samples.controller.spec.ts
2026-10-03T19:40:42.9643282Z {"timestamp":"2026-10-03T19:40:42.863Z","level":"log","context":"RoutesResolver","message":"DiagnosticController {/diagnostic-fixture}:"}
2026-10-03T19:40:42.9645749Z {"timestamp":"2026-10-03T19:40:42.865Z","level":"log","context":"RouterExplorer","message":"Mapped {/diagnostic-fixture/:id, GET} route"}
2026-10-03T19:40:42.9647658Z {"timestamp":"2026-10-03T19:40:42.867Z","level":"log","context":"NestApplication","message":"Nest application successfully started"}
2026-10-03T19:40:43.0632492Z PASS test/observability/orm-composed-http.spec.ts
2026-10-03T19:40:43.1313712Z PASS test/ptm-signal-hooks.spec.ts
2026-10-03T19:40:43.3931382Z PASS test/owner-billing.controller.spec.ts
2026-10-03T19:40:43.3983313Z PASS test/ai/client-ai-context-self-only.spec.ts
2026-10-03T19:40:43.4954616Z [33m[Nest] 3278  - [39m10/03/2026, 7:40:43 PM [33m   WARN[39m [38;5;3m[OwnerBillingController] [39m[33mstart-subscription Stripe error coach=coach-1 code=card_declined status=402[39m
2026-10-03T19:40:43.5013833Z PASS test/landing-pages.html.spec.ts
2026-10-03T19:40:43.8221331Z [31m[Nest] 3279  - [39m10/03/2026, 7:40:43 PM [31m  ERROR[39m [38;5;3m[ShareLinkService] [39m[31mFailed to mint unique share_token after 5 attempts for package pkg-1[39m
2026-10-03T19:40:43.8878953Z PASS test/share-link.service.spec.ts
2026-10-03T19:40:43.9049123Z PASS test/workout-program-controller-entitlement.spec.ts
2026-10-03T19:40:43.9665809Z [33m[Nest] 3278  - [39m10/03/2026, 7:40:43 PM [33m   WARN[39m [38;5;3m[SubscriptionGuard] [39m[33m[enforce] coach=coach-1 state=none reason=missing_subscription route=POST /workout-programs/x/fork[39m
2026-10-03T19:40:43.9669146Z [33m[Nest] 3278  - [39m10/03/2026, 7:40:43 PM [33m   WARN[39m [38;5;3m[SubscriptionGuard] [39m[33m[enforce] coach=coach-1 state=none reason=missing_subscription route=POST /workout-programs/x/clone[39m
2026-10-03T19:40:43.9671831Z [33m[Nest] 3278  - [39m10/03/2026, 7:40:43 PM [33m   WARN[39m [38;5;3m[SubscriptionGuard] [39m[33m[enforce] coach=coach-1 state=none reason=missing_subscription route=POST /workout-programs/x/assignProgram[39m
2026-10-03T19:40:43.9704222Z [33m[Nest] 3278  - [39m10/03/2026, 7:40:43 PM [33m   WARN[39m [38;5;3m[SubscriptionGuard] [39m[33m[enforce] coach=coach-1 state=canceled reason=canceled route=POST /workout-programs/x/clone[39m
2026-10-03T19:40:44.1447752Z PASS test/onboarding-clinic-programs.spec.ts
2026-10-03T19:40:44.2384528Z PASS src/talent-marketplace/public-listing.controller.spec.ts
2026-10-03T19:40:44.4288731Z PASS test/account.service.spec.ts
2026-10-03T19:40:44.5621782Z PASS test/mwb-5-feature-flag-gating.spec.ts
2026-10-03T19:40:44.6482955Z PASS test/subscription.guard.spec.ts
2026-10-03T19:40:44.7254904Z [33m[Nest] 3278  - [39m10/03/2026, 7:40:44 PM [33m   WARN[39m [38;5;3m[SubscriptionGuard] [39m[33m[enforce] coach=c state=past_due reason=past_due_grace_expired route=unknown unknown[39m
2026-10-03T19:40:44.7258445Z [33m[Nest] 3278  - [39m10/03/2026, 7:40:44 PM [33m   WARN[39m [38;5;3m[SubscriptionGuard] [39m[33m[enforce] coach=c state=free reason=tier_too_low route=unknown unknown[39m
2026-10-03T19:40:44.7260124Z [33m[Nest] 3278  - [39m10/03/2026, 7:40:44 PM [33m   WARN[39m [38;5;3m[SubscriptionGuard] [39m[33m[observe] coach=c state=free reason=tier_too_low route=unknown unknown[39m
2026-10-03T19:40:44.7261735Z [33m[Nest] 3278  - [39m10/03/2026, 7:40:44 PM [33m   WARN[39m [38;5;3m[SubscriptionGuard] [39m[33m[enforce] coach=c state=paused reason=paused route=unknown unknown[39m
2026-10-03T19:40:44.7263437Z [33m[Nest] 3278  - [39m10/03/2026, 7:40:44 PM [33m   WARN[39m [38;5;3m[SubscriptionGuard] [39m[33m[observe] coach=c state=canceled reason=canceled route=POST /v1/coach/me/clients[39m
2026-10-03T19:40:44.8493019Z PASS test/ai-coach-message-materialiser.spec.ts
2026-10-03T19:40:44.9452308Z [33m[Nest] 3279  - [39m10/03/2026, 7:40:44 PM [33m   WARN[39m [38;5;3m[CoachMessageMaterializer] [39m[33mCoachMessageMaterializer: payload validation failed for draft 11111111-1111-1111-1111-111111111111: [
2026-10-03T19:40:44.9453459Z   {
2026-10-03T19:40:44.9453873Z     "expected": "string",
2026-10-03T19:40:44.9454193Z     "code": "invalid_type",
2026-10-03T19:40:44.9454483Z     "path": [
2026-10-03T19:40:44.9454729Z       "clientId"
2026-10-03T19:40:44.9455069Z     ],
2026-10-03T19:40:44.9455409Z     "message": "clientId must be a UUID"
2026-10-03T19:40:44.9455777Z   },
2026-10-03T19:40:44.9456035Z   {
2026-10-03T19:40:44.9456339Z     "code": "unrecognized_keys",
2026-10-03T19:40:44.9456652Z     "keys": [
2026-10-03T19:40:44.9456914Z       "client"
2026-10-03T19:40:44.9457190Z     ],
2026-10-03T19:40:44.9457445Z     "path": [],
2026-10-03T19:40:44.9457801Z     "message": "Unrecognized key: \"client\""
2026-10-03T19:40:44.9458897Z   }
2026-10-03T19:40:44.9459292Z ][39m
2026-10-03T19:40:45.0309157Z PASS test/coach-billing.controller.spec.ts
2026-10-03T19:40:45.2972044Z PASS test/roman/roman-guardrails-round2.spec.ts
2026-10-03T19:40:45.3157212Z PASS test/s-fee-first-published-backfill.spec.ts
2026-10-03T19:40:45.4912536Z PASS test/wearables/preferences.service.spec.ts
2026-10-03T19:40:45.5920701Z [31m[Nest] 3279  - [39m10/03/2026, 7:40:45 PM [31m  ERROR[39m [38;5;3m[TalentConnectAdapter] [39m[31mTalent Connect onboarding-link failed [b28e7d9b-aa22-4b09-83aa-b28d64aff68d] Error: stripe exploded with sk_[REDACTED] in the message[39m
2026-10-03T19:40:45.6126023Z [31m[Nest] 3279  - [39m10/03/2026, 7:40:45 PM [31m  ERROR[39m [38;5;3m[TalentConnectAdapter] [39m[31mTalent Connect onboarding-link unavailable [a2223529-66cc-4e1d-afdb-4f00a1c2e292] ServiceUnavailableException: Stripe Connect is not configured on this environment.[39m
2026-10-03T19:40:45.6275527Z [31m[Nest] 3279  - [39m10/03/2026, 7:40:55 PM [31m  ERROR[39m [38;5;3m[TalentConnectAdapter] [39m[31mTalent Connect onboarding-link timed out after 10000ms[39m
2026-10-03T19:40:45.6531857Z [31m[Nest] 3279  - [39m10/03/2026, 7:40:45 PM [31m  ERROR[39m [38;5;3m[TalentConnectAdapter] [39m[31mTalent Connect status failed [19a56ccb-acf6-46fa-9c6f-0f88572506a0] Error: boom[39m
2026-10-03T19:40:45.6644813Z PASS test/talent-marketplace-connect-adapter.service.spec.ts
2026-10-03T19:40:45.9901107Z PASS test/entitlement-guards-mounted.spec.ts
2026-10-03T19:40:46.0842703Z PASS test/community/classroom/community-classroom.e2e.spec.ts
2026-10-03T19:40:46.5409654Z PASS test/scout/reconstruct/truecoach-entity.mapper.spec.ts
2026-10-03T19:40:46.8072686Z PASS test/c13-email-case-login.spec.ts
2026-10-03T19:40:47.1455706Z PASS test/auth/become-coach.free-tier.spec.ts
2026-10-03T19:40:47.5649606Z PASS test/packages-archive-guard.spec.ts
2026-10-03T19:40:48.2279515Z PASS test/community/cohorts/community-cohort-write.service.spec.ts
2026-10-03T19:40:48.6722406Z PASS test/scout/reconstruct/scout-reconstruct.migration.spec.ts
2026-10-03T19:40:49.1289238Z PASS test/team.service.spec.ts
2026-10-03T19:40:49.5909274Z PASS test/team-revenue-sharing.spec.ts
2026-10-03T19:40:49.6845957Z [33m[Nest] 3278  - [39m10/03/2026, 7:40:49 PM [33m   WARN[39m [38;5;3m[TeamService] [39m[33mSOC2 audit write failed for revenue_sharing_changed: db down[39m
2026-10-03T19:40:49.7351437Z PASS test/roman/roman-sse-error-contract.spec.ts
2026-10-03T19:40:50.1029285Z PASS src/extension-pair/__tests__/readiness.spec.ts
2026-10-03T19:40:50.1834563Z [33m[Nest] 3278  - [39m10/03/2026, 7:40:50 PM [33m   WARN[39m [38;5;3m[ExtensionPairService] [39m[33msetup readiness read failed; readiness omitted (unknown)[39m
2026-10-03T19:40:50.1835982Z [33m[Nest] 3278  - [39m10/03/2026, 7:40:50 PM [33m   WARN[39m [38;5;3m[ExtensionPairService] [39m[33msetup readiness read failed; readiness omitted (unknown)[39m
2026-10-03T19:40:50.1837262Z [33m[Nest] 3278  - [39m10/03/2026, 7:40:50 PM [33m   WARN[39m [38;5;3m[ExtensionPairService] [39m[33msetup readiness read failed; readiness omitted (unknown)[39m
2026-10-03T19:40:50.2068367Z PASS src/extension-pair/__tests__/extension-pair-redeem-contract.spec.ts
2026-10-03T19:40:50.2579349Z PASS test/admin-analytics.service.spec.ts
2026-10-03T19:40:50.4315715Z PASS test/webview-detect.middleware.spec.ts
2026-10-03T19:40:50.4412796Z PASS test/supabase-storage-provider.spec.ts
2026-10-03T19:40:50.5230573Z [95m[Nest] 3278  - [39m10/03/2026, 7:40:50 PM [95m  DEBUG[39m [38;5;3m[WebviewDetectMiddleware] [39m[95mwebview detected (Instagram) on /v1/packages/public/abc[39m
2026-10-03T19:40:50.5233963Z [95m[Nest] 3278  - [39m10/03/2026, 7:40:50 PM [95m  DEBUG[39m [38;5;3m[WebviewDetectMiddleware] [39m[95mwebview detected (Instagram) on /v1/packages/public/abc[39m
2026-10-03T19:40:50.5235630Z [95m[Nest] 3278  - [39m10/03/2026, 7:40:50 PM [95m  DEBUG[39m [38;5;3m[WebviewDetectMiddleware] [39m[95mwebview detected (Instagram) on /v1/packages/public/abc[39m
2026-10-03T19:40:50.5237696Z [33m[Nest] 3279  - [39m10/03/2026, 7:40:50 PM [33m   WARN[39m [38;5;3m[SupabaseStorageProvider] [39m[33mSupabase deleteObject(k) error: 404[39m
2026-10-03T19:40:50.5653188Z PASS src/talent-marketplace/__tests__/public-listing.cursor.spec.ts
2026-10-03T19:40:50.7662173Z PASS test/invite-landing.spec.ts
2026-10-03T19:40:50.9113131Z PASS test/ssrf-guard.spec.ts
2026-10-03T19:40:51.0329484Z PASS test/community/voice/community-voice.e2e.spec.ts
2026-10-03T19:40:51.0968586Z PASS test/scout/entities/scout-entities.rls.live.spec.ts
2026-10-03T19:40:51.4070953Z PASS test/dunning-v2-lockout-guard.spec.ts
2026-10-03T19:40:51.4933139Z [33m[Nest] 3279  - [39m10/03/2026, 7:40:51 PM [33m   WARN[39m [38;5;3m[DunningLockoutGuard] [39m[33mDunningLockoutGuard lookup failed for user=u1: db down[39m
2026-10-03T19:40:51.4949373Z PASS test/mwb-sub-coach-day-access.spec.ts
2026-10-03T19:40:51.6022922Z PASS test/digest.cron.spec.ts
2026-10-03T19:40:51.7720686Z PASS test/assignable-asset-resolver-workout.spec.ts
2026-10-03T19:40:51.8302454Z PASS test/mwb-program-delivery.service.spec.ts
2026-10-03T19:40:51.8981226Z [32m[Nest] 3279  - [39m10/03/2026, 7:40:51 PM [32m    LOG[39m [38;5;3m[ProgramDeliveryService] [39m[32mdeliver: master=master-1 copy=ee993c44-e6c1-4f98-838c-a9941d5cace4 client=client-1 days=2 source=bulk_assign[39m
2026-10-03T19:40:51.9809927Z [31m[Nest] 3278  - [39m10/03/2026, 7:40:51 PM [31m  ERROR[39m [38;5;3m[PtmRecomputeService] [39m[31mPTM recompute failed (user=u-bad): synthetic per-user failure[39m
2026-10-03T19:40:51.9846247Z PASS test/ptm-recompute.service.spec.ts
2026-10-03T19:40:52.1010936Z PASS test/profile-lean-onboarding-contract.spec.ts
2026-10-03T19:40:52.3580327Z [31m[Nest] 3278  - [39m10/01/2026, 12:30:00 AM [31m  ERROR[39m [38;5;3m[RomanService] [39m[31mroman.context_builder_missing[39m
2026-10-03T19:40:52.3624731Z [31m[Nest] 3278  - [39m10/01/2026, 12:30:00 AM [31m  ERROR[39m [38;5;3m[RomanService] [39m[31mroman.context_failed: Error[39m
2026-10-03T19:40:52.3677355Z PASS test/roman/roman-client-context-injection.spec.ts
2026-10-03T19:40:52.4330542Z [32m[Nest] 3278  - [39m10/01/2026, 12:30:00 AM [32m    LOG[39m [38;5;3m[RomanService] [39m[32mroman.turn session=sess_1 prompt_version=roman-client-v3 router=normal model_call=true rewritten=false guardrails_applied=[] context=d9bf9e715ea2[39m
2026-10-03T19:40:52.4332903Z [32m[Nest] 3278  - [39m10/01/2026, 12:30:00 AM [32m    LOG[39m [38;5;3m[RomanService] [39m[32mroman.turn session=sess_1 prompt_version=roman-client-v3 router=normal model_call=true rewritten=false guardrails_applied=[] context=none[39m
2026-10-03T19:40:52.4334696Z [32m[Nest] 3278  - [39m10/01/2026, 12:30:00 AM [32m    LOG[39m [38;5;3m[RomanService] [39m[32mroman.turn session=sess_1 prompt_version=roman-client-v3 router=normal model_call=true rewritten=false guardrails_applied=[] context=none[39m
2026-10-03T19:40:52.4336495Z [32m[Nest] 3278  - [39m10/01/2026, 12:30:00 AM [32m    LOG[39m [38;5;3m[RomanService] [39m[32mroman.turn session=sess_1 prompt_version=roman-client-v3 router=normal model_call=true rewritten=false guardrails_applied=[] context=unavailable[39m
2026-10-03T19:40:52.4341905Z [32m[Nest] 3278  - [39m10/01/2026, 12:30:00 AM [32m    LOG[39m [38;5;3m[RomanService] [39m[32mroman.turn session=sess_1 prompt_version=roman-client-v3 router=normal model_call=true rewritten=false guardrails_applied=[] context=unavailable[39m
2026-10-03T19:40:52.4516921Z PASS test/scout/entities/scout-entities.controller.spec.ts
2026-10-03T19:40:52.6750183Z PASS src/talent-marketplace/anti-bot/__tests__/in-house-anti-bot.provider.spec.ts
2026-10-03T19:40:52.7263442Z PASS test/ci/r100-pathspec.spec.ts
2026-10-03T19:40:52.7358931Z [32m[Nest] 3279  - [39m10/03/2026, 7:40:52 PM [32m    LOG[39m [38;5;3m[InHouseAntiBotProvider] [39m[32mREDIS_URL unset — in-house anti-bot using in-memory counters[39m
2026-10-03T19:40:52.7360766Z [32m[Nest] 3279  - [39m10/03/2026, 7:40:52 PM [32m    LOG[39m [38;5;3m[InHouseAntiBotProvider] [39m[32mREDIS_URL unset — in-house anti-bot using in-memory counters[39m
2026-10-03T19:40:52.7362387Z [32m[Nest] 3279  - [39m10/03/2026, 7:40:52 PM [32m    LOG[39m [38;5;3m[InHouseAntiBotProvider] [39m[32mREDIS_URL unset — in-house anti-bot using in-memory counters[39m
2026-10-03T19:40:52.7363859Z [32m[Nest] 3279  - [39m10/03/2026, 7:40:52 PM [32m    LOG[39m [38;5;3m[InHouseAntiBotProvider] [39m[32mREDIS_URL unset — in-house anti-bot using in-memory counters[39m
2026-10-03T19:40:52.7365524Z [32m[Nest] 3279  - [39m10/03/2026, 7:40:52 PM [32m    LOG[39m [38;5;3m[InHouseAntiBotProvider] [39m[32mREDIS_URL unset — in-house anti-bot using in-memory counters[39m
2026-10-03T19:40:52.7366874Z [32m[Nest] 3279  - [39m10/03/2026, 7:40:52 PM [32m    LOG[39m [38;5;3m[InHouseAntiBotProvider] [39m[32mREDIS_URL unset — in-house anti-bot using in-memory counters[39m
2026-10-03T19:40:52.7368661Z [32m[Nest] 3279  - [39m10/03/2026, 7:40:52 PM [32m    LOG[39m [38;5;3m[InHouseAntiBotProvider] [39m[32mREDIS_URL unset — in-house anti-bot using in-memory counters[39m
2026-10-03T19:40:52.7369959Z [33m[Nest] 3279  - [39m10/03/2026, 7:40:52 PM [33m   WARN[39m [38;5;3m[InHouseAntiBotProvider] [39m[33manti-bot evaluate failed open: db down[39m
2026-10-03T19:40:52.9874385Z PASS test/thank-you.ssr.spec.ts
2026-10-03T19:40:53.1931789Z PASS test/community/community-v1-6-feature-flag.e2e.spec.ts
2026-10-03T19:40:53.2103245Z PASS test/checkout-rate-limiter.service.spec.ts
2026-10-03T19:40:53.2397083Z [32m[Nest] 3278  - [39m10/03/2026, 7:40:53 PM [32m    LOG[39m [38;5;3m[CheckoutIpRateLimiterService] [39m[32mCheckoutIpRateLimiterService: REDIS_URL unset — using in-memory limiter[39m
2026-10-03T19:40:53.2398968Z [32m[Nest] 3278  - [39m10/03/2026, 7:40:53 PM [32m    LOG[39m [38;5;3m[CheckoutIpRateLimiterService] [39m[32mCheckoutIpRateLimiterService: REDIS_URL unset — using in-memory limiter[39m
2026-10-03T19:40:53.2400571Z [32m[Nest] 3278  - [39m10/03/2026, 7:40:53 PM [32m    LOG[39m [38;5;3m[CheckoutIpRateLimiterService] [39m[32mCheckoutIpRateLimiterService: REDIS_URL unset — using in-memory limiter[39m
2026-10-03T19:40:53.2402040Z [32m[Nest] 3278  - [39m10/03/2026, 7:40:53 PM [32m    LOG[39m [38;5;3m[CheckoutIpRateLimiterService] [39m[32mCheckoutIpRateLimiterService: REDIS_URL unset — using in-memory limiter[39m
2026-10-03T19:40:53.2403560Z [32m[Nest] 3278  - [39m10/03/2026, 7:40:53 PM [32m    LOG[39m [38;5;3m[CheckoutIpRateLimiterService] [39m[32mCheckoutIpRateLimiterService: REDIS_URL unset — using in-memory limiter[39m
2026-10-03T19:40:53.2405003Z [32m[Nest] 3278  - [39m10/03/2026, 7:40:53 PM [32m    LOG[39m [38;5;3m[CheckoutIpRateLimiterService] [39m[32mCheckoutIpRateLimiterService: REDIS_URL unset — using in-memory limiter[39m
2026-10-03T19:40:53.2406862Z [32m[Nest] 3278  - [39m10/03/2026, 7:40:53 PM [32m    LOG[39m [38;5;3m[CheckoutIpRateLimiterService] [39m[32mCheckoutIpRateLimiterService: REDIS_URL unset — using in-memory limiter[39m
2026-10-03T19:40:53.2409406Z [32m[Nest] 3278  - [39m10/03/2026, 7:40:53 PM [32m    LOG[39m [38;5;3m[CheckoutIpRateLimiterService] [39m[32mCheckoutIpRateLimiterService: REDIS_URL unset — using in-memory limiter[39m
2026-10-03T19:40:53.2411770Z [32m[Nest] 3278  - [39m10/03/2026, 7:40:53 PM [32m    LOG[39m [38;5;3m[CheckoutIpRateLimiterService] [39m[32mCheckoutIpRateLimiterService: REDIS_URL unset — using in-memory limiter[39m
2026-10-03T19:40:53.2414158Z [32m[Nest] 3278  - [39m10/03/2026, 7:40:53 PM [32m    LOG[39m [38;5;3m[CheckoutIpRateLimiterService] [39m[32mCheckoutIpRateLimiterService: REDIS_URL unset — using in-memory limiter[39m
2026-10-03T19:40:53.2416782Z [32m[Nest] 3278  - [39m10/03/2026, 7:40:53 PM [32m    LOG[39m [38;5;3m[CheckoutIpRateLimiterService] [39m[32mCheckoutIpRateLimiterService: REDIS_URL unset — using in-memory limiter[39m
2026-10-03T19:40:53.5265408Z PASS test/profile-put-recompute.spec.ts
2026-10-03T19:40:53.8840250Z [31m[Nest] 3279  - [39m10/03/2026, 7:40:53 PM [31m  ERROR[39m [38;5;3m[AuthService] [39m[31mpair redeem: generateLink failed: no hashed_token[39m
2026-10-03T19:40:53.8884134Z [31m[Nest] 3279  - [39m10/03/2026, 7:40:53 PM [31m  ERROR[39m [38;5;3m[AuthService] [39m[31mpair redeem: verifyOtp failed: bad otp[39m
2026-10-03T19:40:53.8953264Z [31m[Nest] 3279  - [39m10/03/2026, 7:40:53 PM [31m  ERROR[39m [38;5;3m[AuthService] [39m[31mpair redeem: generateLink failed: supabase down[39m
2026-10-03T19:40:53.8977434Z PASS src/extension-pair/__tests__/auth-mint-extension-session.spec.ts
2026-10-03T19:40:54.6746453Z PASS src/scout/scout.controller.spec.ts
2026-10-03T19:40:55.7964762Z PASS test/transfer-orchestrator.service.spec.ts
2026-10-03T19:40:55.8612724Z [33m[Nest] 3279  - [39m10/03/2026, 7:40:55 PM [33m   WARN[39m [38;5;3m[TransferOrchestratorService] [39m[33mtransfer attempt failed purchase=p1 attempt=1: balance not available[39m
2026-10-03T19:40:55.8640502Z [33m[Nest] 3279  - [39m10/03/2026, 7:40:55 PM [33m   WARN[39m [38;5;3m[TransferOrchestratorService] [39m[33mtransfer attempt failed purchase=p1 attempt=1: boom[39m
2026-10-03T19:40:56.2584872Z PASS test/help-pages.spec.ts
2026-10-03T19:40:56.6710122Z PASS test/community/inbox/community-coach-inbox.service.spec.ts
2026-10-03T19:40:57.4099440Z PASS test/engagement/workout-reminder.policy.spec.ts
2026-10-03T19:40:57.7144363Z PASS test/finance-federation.service.spec.ts
2026-10-03T19:40:58.2383871Z PASS test/ci/r75-boundaries.spec.ts (34.887 s)
2026-10-03T19:40:58.4459579Z PASS src/community/wearable-prompts/__tests__/wearable-prompts.clock.spec.ts
2026-10-03T19:40:58.4842427Z [32m[Nest] 3279  - [39m06/14/2026, 12:00:00 AM [32m    LOG[39m [38;5;3m[WearablePromptsService] [39mObject(5) {
2026-10-03T19:40:58.4873023Z   event: [32m'community_wearable_prompts_generated'[39m,
2026-10-03T19:40:58.4898869Z   workspace_id: [32m'11111111-1111-1111-1111-111111111111'[39m,
2026-10-03T19:40:58.4899411Z   coach_id: [32m'22222222-2222-2222-2222-222222222222'[39m,
2026-10-03T19:40:58.4899768Z   generated_count: [33m1[39m,
2026-10-03T19:40:58.4900056Z   skipped_count: [33m0[39m
2026-10-03T19:40:58.4900291Z }
2026-10-03T19:40:58.4900736Z [32m[Nest] 3279  - [39m06/14/2026, 12:00:00 AM [32m    LOG[39m [38;5;3m[WearablePromptsService] [39mObject(5) {
2026-10-03T19:40:58.4901171Z   event: [32m'community_wearable_prompts_generated'[39m,
2026-10-03T19:40:58.4901512Z   workspace_id: [32m'11111111-1111-1111-1111-111111111111'[39m,
2026-10-03T19:40:58.4901837Z   coach_id: [32m'22222222-2222-2222-2222-222222222222'[39m,
2026-10-03T19:40:58.4902118Z   generated_count: [33m1[39m,
2026-10-03T19:40:58.4902323Z   skipped_count: [33m0[39m
2026-10-03T19:40:58.4902494Z }
2026-10-03T19:40:58.4902900Z [32m[Nest] 3279  - [39m06/14/2026, 11:00:00 PM [32m    LOG[39m [38;5;3m[WearablePromptsService] [39mObject(5) {
2026-10-03T19:40:58.4903315Z   event: [32m'community_wearable_prompts_generated'[39m,
2026-10-03T19:40:58.4903647Z   workspace_id: [32m'11111111-1111-1111-1111-111111111111'[39m,
2026-10-03T19:40:58.4903963Z   coach_id: [32m'22222222-2222-2222-2222-222222222222'[39m,
2026-10-03T19:40:58.4904231Z   generated_count: [33m0[39m,
2026-10-03T19:40:58.4904435Z   skipped_count: [33m1[39m
2026-10-03T19:40:58.4904604Z }
2026-10-03T19:40:58.4905011Z [32m[Nest] 3279  - [39m06/14/2026, 12:00:00 AM [32m    LOG[39m [38;5;3m[WearablePromptsService] [39mObject(5) {
2026-10-03T19:40:58.4905416Z   event: [32m'community_wearable_prompts_generated'[39m,
2026-10-03T19:40:58.4905747Z   workspace_id: [32m'11111111-1111-1111-1111-111111111111'[39m,
2026-10-03T19:40:58.4906073Z   coach_id: [32m'22222222-2222-2222-2222-222222222222'[39m,
2026-10-03T19:40:58.4906329Z   generated_count: [33m1[39m,
2026-10-03T19:40:58.4906534Z   skipped_count: [33m0[39m
2026-10-03T19:40:58.4906711Z }
2026-10-03T19:40:58.4907107Z [32m[Nest] 3279  - [39m06/15/2026, 12:00:00 AM [32m    LOG[39m [38;5;3m[WearablePromptsService] [39mObject(5) {
2026-10-03T19:40:58.4907503Z   event: [32m'community_wearable_prompts_generated'[39m,
2026-10-03T19:40:58.4907837Z   workspace_id: [32m'11111111-1111-1111-1111-111111111111'[39m,
2026-10-03T19:40:58.4908275Z   coach_id: [32m'22222222-2222-2222-2222-222222222222'[39m,
2026-10-03T19:40:58.4908538Z   generated_count: [33m1[39m,
2026-10-03T19:40:58.4908749Z   skipped_count: [33m0[39m
2026-10-03T19:40:58.4908916Z }
2026-10-03T19:40:58.7949310Z PASS test/scout/lifecycle/arbiter.spec.ts
2026-10-03T19:40:58.9789347Z PASS test/billing/subscription-webhook.tier.spec.ts
2026-10-03T19:40:59.3099428Z PASS test/billing-audit.spec.ts
2026-10-03T19:40:59.4040445Z [33m[Nest] 3285  - [39m10/03/2026, 7:40:59 PM [33m   WARN[39m [38;5;3m[BillingService] [39m[33mSubscription sub_x for unknown customer cus_unknown[39m
2026-10-03T19:40:59.4900757Z PASS test/scout/reconstruct/source-mapper-registry.spec.ts
2026-10-03T19:40:59.4998266Z PASS test/macro-calculator.spec.ts
2026-10-03T19:40:59.6562538Z [31m[Nest] 3279  - [39m10/03/2026, 7:40:59 PM [31m  ERROR[39m [38;5;3m[RecentAuthGuard] [39m[31mRECENT_AUTH_SECRET is not configured or is shorter than 32 characters — sensitive action blocked[39m
2026-10-03T19:40:59.7006409Z [31m[Nest] 3279  - [39m10/03/2026, 7:40:59 PM [31m  ERROR[39m [38;5;3m[RecentAuthGuard] [39m[31mRecentAuthGuard: nonce write failed for user=user-abc-123: connection timeout[39m
2026-10-03T19:40:59.7209821Z PASS test/recent-auth.guard.spec.ts
2026-10-03T19:40:59.7984666Z [33m[Nest] 3279  - [39m10/03/2026, 7:40:59 PM [33m   WARN[39m [38;5;3m[RecentAuthGuard] [39m[33mRecentAuthGuard: replay detected for user=user-abc-123 hmac_suffix=7da7eb2d827b60f9[39m
2026-10-03T19:40:59.7985927Z [33m[Nest] 3279  - [39m10/03/2026, 7:40:59 PM [33m   WARN[39m [38;5;3m[RecentAuthGuard] [39m[33mRecentAuthGuard: replay detected for user=user-abc-123 hmac_suffix=7da7eb2d827b60f9[39m
2026-10-03T19:41:00.3569691Z PASS test/notifications.controller.spec.ts
2026-10-03T19:41:00.4993728Z PASS test/auth-recent-auth-google-session.spec.ts
2026-10-03T19:41:01.2799632Z PASS src/roman/voice/__tests__/voice-policy.service.spec.ts
2026-10-03T19:41:01.8158420Z PASS test/engagement/welcome-message-idempotency.spec.ts
2026-10-03T19:41:01.8889894Z PASS test/onboarding-consultation-answers.spec.ts
2026-10-03T19:41:02.3775390Z PASS test/workout-builder.controller-rbac.spec.ts
2026-10-03T19:41:02.5274345Z PASS test/invite-bulk-email.spec.ts
2026-10-03T19:41:02.5287295Z [32m[Nest] 3285  - [39m10/03/2026, 7:41:02 PM [32m    LOG[39m [38;5;3m[InviteCodesService] [39m[32mbulkInvite coach=coach-1 requested=2 created=2 rejected=0[39m
2026-10-03T19:41:02.5289397Z [32m[Nest] 3285  - [39m10/03/2026, 7:41:02 PM [32m    LOG[39m [38;5;3m[InviteCodesService] [39m[32mbulkInvite coach=coach-1 requested=1 created=1 rejected=0[39m
2026-10-03T19:41:02.5290639Z [32m[Nest] 3285  - [39m10/03/2026, 7:41:02 PM [32m    LOG[39m [38;5;3m[InviteCodesService] [39m[32mbulkInvite coach=coach-1 requested=3 created=1 rejected=2[39m
2026-10-03T19:41:02.5292001Z [32m[Nest] 3285  - [39m10/03/2026, 7:41:02 PM [32m    LOG[39m [38;5;3m[InviteCodesService] [39m[32mbulkInvite coach=coach-1 requested=2 created=2 rejected=0[39m
2026-10-03T19:41:02.6238506Z PASS test/ai-approval.service.spec.ts
2026-10-03T19:41:02.8652851Z PASS src/talent-marketplace/__tests__/job-listing.service.spec.ts
2026-10-03T19:41:03.4387478Z PASS src/talent-marketplace/__tests__/apply.controller.spec.ts
2026-10-03T19:41:03.6403522Z PASS test/ai-credits-gateway-402.spec.ts
2026-10-03T19:41:04.0659334Z PASS test/split-ledger.service.spec.ts
2026-10-03T19:41:04.3472321Z PASS test/fee-policy.service.spec.ts
2026-10-03T19:41:04.6639462Z PASS test/roman/roman-context-round2.spec.ts
2026-10-03T19:41:04.8088928Z PASS test/pr14-recurring-reconciler-branch.spec.ts
2026-10-03T19:41:05.1539239Z PASS test/onboarding-consent-copy.spec.ts
2026-10-03T19:41:05.2200829Z [33m[Nest] 3285  - [39m10/03/2026, 7:41:05 PM [33m   WARN[39m [38;5;3m[Onboarding] [39m[33mCONSULT_CONSENT_COPY_VERSIONS lists consult-consent-v2, which the server has no consent text for; those names are ignored[39m
2026-10-03T19:41:05.2260317Z [33m[Nest] 3285  - [39m10/03/2026, 7:41:05 PM [33m   WARN[39m [38;5;3m[Onboarding] [39m[33mCONSULT_CONSENT_COPY_VERSIONS lists consult-consent-v9, which the server has no consent text for; those names are ignored[39m
2026-10-03T19:41:05.4566218Z PASS test/timeline.controller.spec.ts
2026-10-03T19:41:06.0386571Z [31m[Nest] 3279  - [39m10/03/2026, 7:41:06 PM [31m  ERROR[39m [38;5;3m[GoogleCalendarWebhookController] [39m[31mGOOGLE_CALENDAR_WEBHOOK_TOKEN not set — rejecting webhook[39m
2026-10-03T19:41:06.0599234Z PASS test/google-calendar-webhook.controller.spec.ts
2026-10-03T19:41:06.0930631Z [32m[Nest] 3279  - [39m10/03/2026, 7:41:05 PM [32m    LOG[39m [38;5;3m[GoogleCalendarWebhookController] [39m[32mGoogleCalendar webhook sync handshake channel=ch-1[39m
2026-10-03T19:41:06.0960625Z [32m[Nest] 3279  - [39m10/03/2026, 7:41:05 PM [32m    LOG[39m [38;5;3m[GoogleCalendarWebhookController] [39m[32mGoogleCalendar webhook channel=ch-1 state=exists msg=42[39m
2026-10-03T19:41:06.0997836Z [95m[Nest] 3279  - [39m10/03/2026, 7:41:05 PM [95m  DEBUG[39m [38;5;3m[GoogleCalendarWebhookController] [39m[95mSync trigger is a no-op in v1 — channel=ch-1 state=exists[39m
2026-10-03T19:41:06.4899119Z PASS test/ptm-weighted-report.spec.ts
2026-10-03T19:41:06.7322641Z PASS test/support-email.guard.spec.ts
2026-10-03T19:41:06.9634904Z PASS test/cross-tenant-isolation.spec.ts
2026-10-03T19:41:06.9987257Z PASS test/account-deletion/recipe-erasure.spec.ts
2026-10-03T19:41:07.2803115Z PASS test/google-oauth.service.spec.ts
2026-10-03T19:41:07.3509945Z [33m[Nest] 3285  - [39m10/03/2026, 7:41:07 PM [33m   WARN[39m [38;5;3m[KmsService] [39m[33mKMS not configured — secrets will be persisted with a PLAINTEXT: prefix. Set KMS_MASTER_KEY before production.[39m
2026-10-03T19:41:07.3511864Z [95m[Nest] 3285  - [39m10/03/2026, 7:41:07 PM [95m  DEBUG[39m [38;5;3m[GoogleOAuthService] [39m[95mNo CalendarConnection row yet for userId=u-1; refresh token kept in process stash for this run.[39m
2026-10-03T19:41:07.5589707Z PASS test/redis-throttler.spec.ts
2026-10-03T19:41:07.5829685Z PASS test/community/ai-triage/triage-cache.service.spec.ts
2026-10-03T19:41:07.6513463Z [32m[Nest] 3279  - [39m10/03/2026, 7:41:07 PM [32m    LOG[39m [38;5;3m[ThrottlerConfig] [39m[32mREDIS_URL not set -- using in-memory throttler tracker. Limits do NOT cross Fly machines.[39m
2026-10-03T19:41:07.6566137Z [32m[Nest] 3279  - [39m10/03/2026, 7:41:07 PM [32m    LOG[39m [38;5;3m[ThrottlerConfig] [39m[32mREDIS_URL not set -- using in-memory throttler tracker. Limits do NOT cross Fly machines.[39m
2026-10-03T19:41:07.8304018Z PASS test/account-deletion/apple-token-revocation.spec.ts
2026-10-03T19:41:07.8781250Z [33m[Nest] 3279  - [39m10/03/2026, 7:41:07 PM [33m   WARN[39m [38;5;3m[AppleTokenRevocationService] [39m[33mApple token revocation skipped for user=u1: Sign in with Apple key not configured[39m
2026-10-03T19:41:07.8810068Z [33m[Nest] 3279  - [39m10/03/2026, 7:41:07 PM [33m   WARN[39m [38;5;3m[AppleTokenRevocationService] [39m[33mApple token exchange failed for user=u1: HTTP 400[39m
2026-10-03T19:41:07.8866105Z [33m[Nest] 3279  - [39m10/03/2026, 7:41:07 PM [33m   WARN[39m [38;5;3m[AppleTokenRevocationService] [39m[33mApple token exchange error for user=u1: network down[39m
2026-10-03T19:41:07.8869098Z [33m[Nest] 3279  - [39m10/03/2026, 7:41:07 PM [33m   WARN[39m [38;5;3m[AppleTokenRevocationService] [39m[33mApple token revoke failed for user=u1: HTTP 500[39m
2026-10-03T19:41:08.0609580Z PASS test/bloodwork-kms.spec.ts
2026-10-03T19:41:08.1035586Z PASS test/wearables/on-device-connection.spec.ts
2026-10-03T19:41:08.1546017Z [33m[Nest] 3279  - [39m10/03/2026, 7:41:08 PM [33m   WARN[39m [38;5;3m[KmsService] [39m[33mKMS not configured — secrets will be persisted with a PLAINTEXT: prefix. Set KMS_MASTER_KEY before production.[39m
2026-10-03T19:41:08.6284817Z PASS test/c13-fix-round.spec.ts
2026-10-03T19:41:08.6439511Z PASS test/wearables/ingest-contract.spec.ts
2026-10-03T19:41:08.7153341Z [33m[Nest] 3285  - [39m10/03/2026, 7:41:08 PM [33m   WARN[39m [38;5;3m[SubCoachScopeService] [39m[33msub-coach scope: user=free-coach-who-bought-a-package has role=coach and coach_id=head-coach but no membership relation (TeamSubCoachAssignment / SubCoachAssignment); treating as head coach of own roster, NOT as a sub-coach[39m
2026-10-03T19:41:08.8658923Z PASS test/admin-console.service.spec.ts
2026-10-03T19:41:09.1236773Z PASS test/observability/metrics-auth.spec.ts
2026-10-03T19:41:09.1539780Z [31m[Nest] 3285  - [39m10/03/2026, 7:41:09 PM [31m  ERROR[39m [38;5;3m[WellKnownController] [39m[31mAPPLE_TEAM_ID unset in production — refusing to serve stub AASA. Set APPLE_TEAM_ID and redeploy.[39m
2026-10-03T19:41:09.1761350Z [31m[Nest] 3285  - [39m10/03/2026, 7:41:09 PM [31m  ERROR[39m [38;5;3m[WellKnownController] [39m[31mAPPLE_TEAM_ID unset in production — refusing to serve stub AASA. Set APPLE_TEAM_ID and redeploy.[39m
2026-10-03T19:41:09.2374228Z [31m[Nest] 3285  - [39m10/03/2026, 7:41:09 PM [31m  ERROR[39m [38;5;3m[WellKnownController] [39m[31mANDROID_CERT_SHA256_FINGERPRINTS unset in production — refusing to serve stub assetlinks.json. Set ANDROID_CERT_SHA256_FINGERPRINTS (or ANDROID_SHA256_FINGERPRINT) and redeploy.[39m
2026-10-03T19:41:09.2432568Z PASS test/well-known.controller.spec.ts
2026-10-03T19:41:09.6069753Z PASS test/coach-alerts-push-delivery.spec.ts
2026-10-03T19:41:10.2639884Z PASS test/availability-overrides.spec.ts
2026-10-03T19:41:10.4853432Z PASS test/observability/prom-metrics.spec.ts
2026-10-03T19:41:10.5970792Z PASS test/community/challenges/community-challenges-controller-guards.spec.ts
2026-10-03T19:41:10.9509418Z PASS test/contracts/checkout-contract-gate.spec.ts
2026-10-03T19:41:11.3849962Z [32m[Nest] 3279  - [39m10/03/2026, 7:41:11 PM [32m    LOG[39m [38;5;3m[CommunitySearchService] [39mObject(7) {
2026-10-03T19:41:11.3899409Z   event: [32m'community_search_query'[39m,
2026-10-03T19:41:11.3936411Z   workspace_id: [32m'11111111-1111-1111-1111-111111111111'[39m,
2026-10-03T19:41:11.3937203Z   user_id: [32m'44444444-4444-4444-4444-444444444444'[39m,
2026-10-03T19:41:11.3937785Z   term_length: [33m5[39m,
2026-10-03T19:41:11.3938408Z   kind: [1mnull[22m,
2026-10-03T19:41:11.3938850Z   result_count: [33m1[39m,
2026-10-03T19:41:11.3939288Z   took_ms: [33m4[39m
2026-10-03T19:41:11.3939655Z }
2026-10-03T19:41:11.3940433Z [32m[Nest] 3279  - [39m10/03/2026, 7:41:11 PM [32m    LOG[39m [38;5;3m[CommunitySearchService] [39mObject(7) {
2026-10-03T19:41:11.3941231Z   event: [32m'community_search_query'[39m,
2026-10-03T19:41:11.3941953Z   workspace_id: [32m'11111111-1111-1111-1111-111111111111'[39m,
2026-10-03T19:41:11.3942580Z   user_id: [32m'44444444-4444-4444-4444-444444444444'[39m,
2026-10-03T19:41:11.3943091Z   term_length: [33m4[39m,
2026-10-03T19:41:11.3943551Z   kind: [1mnull[22m,
2026-10-03T19:41:11.3943955Z   result_count: [33m1[39m,
2026-10-03T19:41:11.3944395Z   took_ms: [33m1[39m
2026-10-03T19:41:11.3944743Z }
2026-10-03T19:41:11.3945421Z [32m[Nest] 3279  - [39m10/03/2026, 7:41:11 PM [32m    LOG[39m [38;5;3m[CommunitySearchService] [39mObject(7) {
2026-10-03T19:41:11.3946082Z   event: [32m'community_search_query'[39m,
2026-10-03T19:41:11.3946662Z   workspace_id: [32m'11111111-1111-1111-1111-111111111111'[39m,
2026-10-03T19:41:11.3947215Z   user_id: [32m'44444444-4444-4444-4444-444444444444'[39m,
2026-10-03T19:41:11.3947707Z   term_length: [33m4[39m,
2026-10-03T19:41:11.3948391Z   kind: [1mnull[22m,
2026-10-03T19:41:11.3948748Z   result_count: [33m0[39m,
2026-10-03T19:41:11.3949096Z   took_ms: [33m0[39m
2026-10-03T19:41:11.3949442Z }
2026-10-03T19:41:11.3950131Z [32m[Nest] 3279  - [39m10/03/2026, 7:41:11 PM [32m    LOG[39m [38;5;3m[CommunitySearchService] [39mObject(7) {
2026-10-03T19:41:11.3950863Z   event: [32m'community_search_query'[39m,
2026-10-03T19:41:11.3951478Z   workspace_id: [32m'11111111-1111-1111-1111-111111111111'[39m,
2026-10-03T19:41:11.3952066Z   user_id: [32m'44444444-4444-4444-4444-444444444444'[39m,
2026-10-03T19:41:11.3952497Z   term_length: [33m4[39m,
2026-10-03T19:41:11.3952861Z   kind: [1mnull[22m,
2026-10-03T19:41:11.3953204Z   result_count: [33m1[39m,
2026-10-03T19:41:11.3953581Z   took_ms: [33m17[39m
2026-10-03T19:41:11.3953889Z }
2026-10-03T19:41:11.3975837Z PASS src/community/search/__tests__/community-search.service.spec.ts
2026-10-03T19:41:11.4913798Z [32m[Nest] 3279  - [39m10/03/2026, 7:41:11 PM [32m    LOG[39m [38;5;3m[CommunitySearchService] [39mObject(7) {
2026-10-03T19:41:11.4939560Z   event: [32m'community_search_query'[39m,
2026-10-03T19:41:11.4952776Z   workspace_id: [32m'11111111-1111-1111-1111-111111111111'[39m,
2026-10-03T19:41:11.4953602Z   user_id: [32m'44444444-4444-4444-4444-444444444444'[39m,
2026-10-03T19:41:11.4954045Z   term_length: [33m14[39m,
2026-10-03T19:41:11.4954734Z   kind: [1mnull[22m,
2026-10-03T19:41:11.4955111Z   result_count: [33m1[39m,
2026-10-03T19:41:11.4955526Z   took_ms: [33m0[39m
2026-10-03T19:41:11.4955845Z }
2026-10-03T19:41:11.6084355Z PASS test/wearables/maintenance/wearable-processed-event-prune.service.spec.ts
2026-10-03T19:41:11.8168441Z PASS test/scout/g2-s8f-db-guard.spec.ts
2026-10-03T19:41:11.9024049Z PASS test/reconciliation.service.spec.ts
2026-10-03T19:41:11.9790641Z [33m[Nest] 3285  - [39m10/03/2026, 7:41:11 PM [33m   WARN[39m [38;5;3m[ReconciliationService] [39m[33mresolveChargeId failed pi=pi_dead: stripe down[39m
2026-10-03T19:41:12.0948217Z PASS test/observability/prom-metrics-extended.spec.ts
2026-10-03T19:41:12.2054875Z PASS test/kms.service.spec.ts
2026-10-03T19:41:12.2664477Z [33m[Nest] 3285  - [39m10/03/2026, 7:41:12 PM [33m   WARN[39m [38;5;3m[KmsService] [39m[33mKMS not configured — secrets will be persisted with a PLAINTEXT: prefix. Set KMS_MASTER_KEY before production.[39m
2026-10-03T19:41:12.2677358Z [33m[Nest] 3285  - [39m10/03/2026, 7:41:12 PM [33m   WARN[39m [38;5;3m[KmsService] [39m[33mKMS not configured — secrets will be persisted with a PLAINTEXT: prefix. Set KMS_MASTER_KEY before production.[39m
2026-10-03T19:41:12.2679359Z [33m[Nest] 3279  - [39m10/03/2026, 7:41:12 PM [33m   WARN[39m [38;5;3m[RecipientTimeZone] [39m[33mtime zone lookup failed for user=u; writing copy without a clock time: Error[39m
2026-10-03T19:41:12.2856953Z PASS test/notification-local-time.spec.ts
2026-10-03T19:41:12.4629599Z PASS test/sub-coach-invite-reissue.spec.ts
2026-10-03T19:41:13.6113451Z PASS test/wearables/wearables-throttle-isolation.spec.ts
2026-10-03T19:41:14.1539521Z PASS test/engagement/engagement-flags.spec.ts
2026-10-03T19:41:14.6081370Z PASS src/talent-marketplace/__tests__/apply.controller.http.spec.ts
2026-10-03T19:41:14.7600098Z PASS test/community/challenges/community-challenges-cross-surface.spec.ts
2026-10-03T19:41:14.9110148Z PASS test/seed-clinic-programs.spec.ts (21.634 s)
2026-10-03T19:41:15.0279317Z PASS test/notification-timezone-provenance.spec.ts
2026-10-03T19:41:15.2390628Z PASS test/scout/reconstruct/scout-reconstruct.controller.spec.ts
2026-10-03T19:41:15.4557231Z PASS test/gcal-watch-startup.spec.ts
2026-10-03T19:41:15.7034302Z PASS test/auth-recent-auth-google-session-deletion.spec.ts
2026-10-03T19:41:15.7820774Z [33m[Nest] 3285  - [39m10/03/2026, 7:41:15 PM [33m   WARN[39m [38;5;3m[RecentAuthGuard] [39m[33mRecentAuthGuard: replay detected for user=u-google hmac_suffix=9ea07e46f516d9a7[39m
2026-10-03T19:41:15.8547500Z PASS test/mux.service.spec.ts
2026-10-03T19:41:16.1368660Z PASS test/admin-ptm.controller.spec.ts
2026-10-03T19:41:16.1988212Z PASS test/nudge-v1-prefs-and-copy.spec.ts
2026-10-03T19:41:16.3658974Z PASS test/stripe-api.service.spec.ts
2026-10-03T19:41:16.6709554Z PASS test/auth.service.spec.ts
2026-10-03T19:41:17.3689635Z PASS src/extension-pair/__tests__/extension-pair.controller-wiring.spec.ts
2026-10-03T19:41:17.8019265Z PASS test/dns-verifier.spec.ts
2026-10-03T19:41:18.8749672Z [31m[Nest] 3279  - [39m10/03/2026, 7:41:18 PM [31m  ERROR[39m [38;5;3m[BillingService] [39m[31mStripe event handler failed event=evt_rb type=checkout.session.completed: rolled_back[39m
2026-10-03T19:41:18.9699305Z PASS test/billing-drip-alert-flush.spec.ts
2026-10-03T19:41:18.9729930Z [33m[Nest] 3279  - [39m10/03/2026, 7:41:18 PM [33m   WARN[39m [38;5;3m[BillingService] [39m[33mdrip alert flush failed purchase=cp-3: push provider down[39m
2026-10-03T19:41:18.9733637Z [33m[Nest] 3279  - [39m10/03/2026, 7:41:18 PM [33m   WARN[39m [38;5;3m[BillingService] [39m[33mtx-rollback observability: event=evt_rb type=checkout.session.completed purchase=cp-rollback — splits/workout-ledger/auto-message-markers committed outside the outer tx will be reconciled by Stripe retry + per-resolver stable-key idempotency; check SplitLedgerEntry, WorkoutBuilderIdempotencyKey (key=drip:workout:p=cp-rollback:c=*), DripResolverMarker(purpose=auto_message, purchase_id=cp-rollback) on persistent failure[39m
2026-10-03T19:41:19.2990083Z PASS test/scout/reconstruct/scout-reconstructed-entity.migration.spec.ts
2026-10-03T19:41:19.4578930Z PASS test/roman/roman.prompts.spec.ts
2026-10-03T19:41:19.7889289Z PASS test/engagement/welcome-settings.spec.ts
2026-10-03T19:41:20.1227422Z PASS test/first-win.controller.spec.ts
2026-10-03T19:41:20.3059687Z PASS src/talent-marketplace/__tests__/admin-applications.controller.http.spec.ts (5.345 s)
2026-10-03T19:41:20.5855305Z PASS test/scout/orchestration/family-plan.spec.ts
2026-10-03T19:41:20.8546632Z PASS test/coach.service.spec.ts
2026-10-03T19:41:21.1009969Z PASS test/exercise-catalog.service.spec.ts
2026-10-03T19:41:22.6229356Z PASS test/coach-empty-states.e2e.spec.ts
2026-10-03T19:41:23.2631555Z PASS src/talent-marketplace/__tests__/applicant-tracking.controller.spec.ts
2026-10-03T19:41:23.7266050Z PASS test/scout/g2-s7l-db-guard.spec.ts
2026-10-03T19:41:23.9785997Z PASS test/calendar-oauth-kms.spec.ts
2026-10-03T19:41:24.0715671Z [95m[Nest] 3279  - [39m10/03/2026, 7:41:23 PM [95m  DEBUG[39m [38;5;3m[GoogleOAuthService] [39m[95mNo CalendarConnection row yet for userId=user-2; refresh token kept in process stash for this run.[39m
2026-10-03T19:41:24.3769536Z PASS src/talent-marketplace/__tests__/admin-moderation.controller.spec.ts
2026-10-03T19:41:24.6199325Z PASS test/scout/roster/scout-roster.controller.spec.ts
2026-10-03T19:41:24.7409295Z PASS test/purchase-fanout-hooks.spec.ts
2026-10-03T19:41:24.8027600Z [95m[Nest] 3279  - [39m10/03/2026, 7:41:24 PM [95m  DEBUG[39m [38;5;3m[PurchaseFanoutService] [39m[95mfanout: skipping drop seed for purchase=cp-1 (no engine tables on tx)[39m
2026-10-03T19:41:24.8089978Z [95m[Nest] 3279  - [39m10/03/2026, 7:41:24 PM [95m  DEBUG[39m [38;5;3m[PurchaseFanoutService] [39m[95mfanout: skipping drop seed for purchase=cp-2 (no engine tables on tx)[39m
2026-10-03T19:41:24.8119721Z [95m[Nest] 3279  - [39m10/03/2026, 7:41:24 PM [95m  DEBUG[39m [38;5;3m[PurchaseFanoutService] [39m[95mfanout: skipping drop seed for purchase=cp-3 (no engine tables on tx)[39m
2026-10-03T19:41:24.8169057Z [95m[Nest] 3279  - [39m10/03/2026, 7:41:24 PM [95m  DEBUG[39m [38;5;3m[PurchaseFanoutService] [39m[95mfanout: skipping drop seed for purchase=cp-3 (no engine tables on tx)[39m
2026-10-03T19:41:25.6429590Z PASS test/landing-pages.controller.spec.ts
2026-10-03T19:41:26.2699279Z PASS test/scout/g2-s8b-db-guard.spec.ts
2026-10-03T19:41:26.4980229Z {"timestamp":"2026-10-03T19:41:26.393Z","level":"log","context":"HTTP","request_id":"ef9191c2c16292678ee3cdd367682f07","message":"GET /healthz 200","method":"GET","path":"/healthz","status":200,"latency_ms":1}
2026-10-03T19:41:26.5033909Z PASS test/diagnostic-quiz-off.spec.ts (10.133 s)
2026-10-03T19:41:26.9511450Z PASS src/community/challenges/__tests__/pagination.dto.spec.ts
2026-10-03T19:41:27.1687713Z PASS src/talent-marketplace/__tests__/admin-moderation.controller.http.spec.ts
2026-10-03T19:41:27.3172718Z PASS test/team-mode-tier-resolver.spec.ts
2026-10-03T19:41:27.4198287Z PASS test/cross-pillar.service.spec.ts
2026-10-03T19:41:27.5252564Z PASS test/sprint-b-pearson.spec.ts
2026-10-03T19:41:27.9079747Z PASS test/oauth-coach-signup-ceiling.spec.ts
2026-10-03T19:41:27.9310168Z [33m[Nest] 3279  - [39m10/03/2026, 7:41:27 PM [33m   WARN[39m [38;5;3m[LoginThrottleResetService] [39m[33moauth coach signup ceiling hit for oauth-coach-signup:ip:192.0.2.1 (6/5 per hour)[39m
2026-10-03T19:41:27.9311950Z [33m[Nest] 3279  - [39m10/03/2026, 7:41:27 PM [33m   WARN[39m [38;5;3m[LoginThrottleResetService] [39m[33moauth coach signup ceiling hit for oauth-coach-signup:ip:192.0.2.1 (6/5 per hour)[39m
2026-10-03T19:41:27.9314279Z [33m[Nest] 3279  - [39m10/03/2026, 7:41:27 PM [33m   WARN[39m [38;5;3m[LoginThrottleResetService] [39m[33moauth coach signup ceiling hit for oauth-coach-signup:ip:192.0.2.1 (6/5 per hour)[39m
2026-10-03T19:41:27.9316318Z [33m[Nest] 3279  - [39m10/03/2026, 7:41:27 PM [33m   WARN[39m [38;5;3m[LoginThrottleResetService] [39m[33moauth coach signup ceiling hit for oauth-coach-signup:ip:192.0.2.1 (6/5 per hour)[39m
2026-10-03T19:41:27.9318272Z [33m[Nest] 3279  - [39m10/03/2026, 7:41:27 PM [33m   WARN[39m [38;5;3m[LoginThrottleResetService] [39m[33moauth coach signup ceiling hit for oauth-coach-signup:ip:192.0.2.1 (6/5 per hour)[39m
2026-10-03T19:41:27.9320068Z [33m[Nest] 3279  - [39m10/03/2026, 7:41:27 PM [33m   WARN[39m [38;5;3m[LoginThrottleResetService] [39m[33moauth coach signup ceiling hit for oauth-coach-signup:ip:192.0.2.1 (6/5 per hour)[39m
2026-10-03T19:41:27.9321764Z [33m[Nest] 3279  - [39m10/03/2026, 7:41:27 PM [33m   WARN[39m [38;5;3m[LoginThrottleResetService] [39m[33moauth coach signup ceiling hit for oauth-coach-signup:ip:192.0.2.1 (6/5 per hour)[39m
2026-10-03T19:41:27.9323531Z [33m[Nest] 3279  - [39m10/03/2026, 7:41:27 PM [33m   WARN[39m [38;5;3m[LoginThrottleResetService] [39m[33moauth coach signup ceiling hit for oauth-coach-signup:ip:192.0.2.1 (6/5 per hour)[39m
2026-10-03T19:41:27.9325289Z [33m[Nest] 3279  - [39m10/03/2026, 7:41:27 PM [33m   WARN[39m [38;5;3m[LoginThrottleResetService] [39m[33moauth coach signup ceiling hit for oauth-coach-signup:ip:unknown (6/5 per hour)[39m
2026-10-03T19:41:27.9327010Z [33m[Nest] 3279  - [39m10/03/2026, 7:41:27 PM [33m   WARN[39m [38;5;3m[LoginThrottleResetService] [39m[33moauth coach signup ceiling hit for oauth-coach-signup:ip:198.51.100.9 (3/2 per hour)[39m
2026-10-03T19:41:27.9329068Z [33m[Nest] 3279  - [39m10/03/2026, 7:41:27 PM [33m   WARN[39m [38;5;3m[LoginThrottleResetService] [39m[33moauth coach signup ceiling unavailable for oauth-coach-signup:ip:203.0.113.5 (fail closed): Stream isn't writeable[39m
2026-10-03T19:41:27.9331117Z [33m[Nest] 3279  - [39m10/03/2026, 7:41:27 PM [33m   WARN[39m [38;5;3m[LoginThrottleResetService] [39m[33moauth coach signup ceiling hit for oauth-coach-signup:ip:203.0.113.48-1791056487801 (6/5 per hour)[39m
2026-10-03T19:41:27.9332990Z [33m[Nest] 3279  - [39m10/03/2026, 7:41:27 PM [33m   WARN[39m [38;5;3m[LoginThrottleResetService] [39m[33moauth coach signup ceiling hit for oauth-coach-signup:ip:203.0.113.48-1791056487801 (7/5 per hour)[39m
2026-10-03T19:41:27.9334886Z [33m[Nest] 3279  - [39m10/03/2026, 7:41:27 PM [33m   WARN[39m [38;5;3m[LoginThrottleResetService] [39m[33moauth coach signup ceiling hit for oauth-coach-signup:ip:203.0.113.48-1791056487801 (8/5 per hour)[39m
2026-10-03T19:41:27.9336716Z [33m[Nest] 3279  - [39m10/03/2026, 7:41:27 PM [33m   WARN[39m [38;5;3m[LoginThrottleResetService] [39m[33moauth coach signup ceiling hit for oauth-coach-signup:ip:203.0.113.48-1791056487801 (9/5 per hour)[39m
2026-10-03T19:41:27.9338641Z [33m[Nest] 3279  - [39m10/03/2026, 7:41:27 PM [33m   WARN[39m [38;5;3m[LoginThrottleResetService] [39m[33moauth coach signup ceiling hit for oauth-coach-signup:ip:203.0.113.48-1791056487801 (10/5 per hour)[39m
2026-10-03T19:41:27.9340562Z [33m[Nest] 3279  - [39m10/03/2026, 7:41:27 PM [33m   WARN[39m [38;5;3m[LoginThrottleResetService] [39m[33moauth coach signup ceiling hit for oauth-coach-signup:ip:203.0.113.48-1791056487801 (11/5 per hour)[39m
2026-10-03T19:41:27.9342452Z [33m[Nest] 3279  - [39m10/03/2026, 7:41:27 PM [33m   WARN[39m [38;5;3m[LoginThrottleResetService] [39m[33moauth coach signup ceiling hit for oauth-coach-signup:ip:203.0.113.48-1791056487801 (12/5 per hour)[39m
2026-10-03T19:41:27.9642120Z PASS test/team-mode-invite-attribution.spec.ts
2026-10-03T19:41:28.1175460Z PASS test/coach-consent-gating.spec.ts
2026-10-03T19:41:28.4311321Z PASS test/coach-onboarding.controller.spec.ts
2026-10-03T19:41:28.5223255Z PASS test/command-center.controller.spec.ts
2026-10-03T19:41:28.6772301Z PASS test/community/classroom/pinned-ordering.spec.ts
2026-10-03T19:41:28.9577093Z PASS test/community/realtime/community-realtime-channel-cleanup.spec.ts
2026-10-03T19:41:29.1244294Z PASS test/select-role-canonical-attach.spec.ts
2026-10-03T19:41:29.4252157Z PASS test/trust-pages.spec.ts
2026-10-03T19:41:30.0989642Z PASS test/invite-attach-idempotent-replay.spec.ts
2026-10-03T19:41:30.2260093Z PASS src/talent-marketplace/__tests__/job-posting-jsonld.spec.ts
2026-10-03T19:41:30.3869804Z PASS test/ci/r75-enforcement.spec.ts
2026-10-03T19:41:30.6520374Z PASS test/sub-coach-analytics.service.spec.ts
2026-10-03T19:41:30.7889325Z PASS test/mwb-2-sub-coach-scope.service.spec.ts
2026-10-03T19:41:31.0364257Z PASS src/talent-marketplace/anti-bot/__tests__/anti-bot.guard.spec.ts
2026-10-03T19:41:31.2279137Z PASS test/account-deletion/engagement-tables-erasure.spec.ts
2026-10-03T19:41:31.5399968Z PASS src/roman/voice/__tests__/voice-policy-paywall.integration.spec.ts
2026-10-03T19:41:31.9489289Z PASS test/workout-program-clone-to-client.controller.spec.ts
2026-10-03T19:41:32.5239292Z PASS test/mux-webhook.spec.ts
2026-10-03T19:41:32.9035046Z PASS test/public-pages.spec.ts
2026-10-03T19:41:32.9725883Z PASS test/lost-webhook-reconcile.service.spec.ts
2026-10-03T19:41:33.0213101Z [33m[Nest] 3279  - [39m10/03/2026, 7:41:32 PM [33m   WARN[39m [38;5;3m[LostWebhookReconcileService] [39m[33mlost-webhook-reconcile: bailing out on gc_test_1 after 6 attempts[39m
2026-10-03T19:41:33.0240469Z [33m[Nest] 3279  - [39m10/03/2026, 7:41:32 PM [33m   WARN[39m [38;5;3m[LostWebhookReconcileService] [39m[33mlost-webhook-reconcile: bailing out on gc_test_1 after 7 attempts[39m
2026-10-03T19:41:33.6448684Z PASS src/extension-pair/__tests__/extension-pair.dto.spec.ts
2026-10-03T19:41:33.8412193Z PASS src/community/wearable-prompts/__tests__/prompt-generator.spec.ts
2026-10-03T19:41:34.2819525Z PASS test/wearables/maintenance/wearable-processed-event-prune.scheduler.spec.ts
2026-10-03T19:41:34.8313867Z PASS test/mwb-templates-feature.guard.spec.ts
2026-10-03T19:41:35.5936112Z PASS test/ai-credits-bankers-round.spec.ts
2026-10-03T19:41:36.7079886Z PASS src/talent-marketplace/__tests__/job-hunter.controller.spec.ts
2026-10-03T19:41:37.0249711Z PASS test/observability/db-stats-extended.spec.ts
2026-10-03T19:41:37.3100531Z PASS test/observability/sentry-config.spec.ts
2026-10-03T19:41:37.7529704Z PASS test/scout/g2-c-db-guard.spec.ts
2026-10-03T19:41:38.3983905Z PASS test/scout/scout-diagnostics-public-cause.spec.ts
2026-10-03T19:41:38.7799670Z PASS test/assignable-asset-resolver-auto-message.spec.ts
2026-10-03T19:41:39.0927213Z PASS test/migration-backfill-parity-r2.spec.ts (5.161 s)
2026-10-03T19:41:39.2250999Z PASS src/talent-marketplace/__tests__/specialty-alerts.controller.spec.ts
2026-10-03T19:41:39.4926037Z PASS test/mux-webhook-monotonic.spec.ts
2026-10-03T19:41:39.5742176Z [33m[Nest] 3279  - [39m10/03/2026, 7:41:39 PM [33m   WARN[39m [38;5;3m[MuxWebhookController] [39m[33mMux errored event for asset asset_ready arrived after terminal state; preserving playback id[39m
2026-10-03T19:41:39.6763654Z PASS src/community/ack/ack.controller.spec.ts
2026-10-03T19:41:39.7393233Z PASS test/community/realtime/broadcast-ping-contract.spec.ts
2026-10-03T19:41:39.7505456Z [32m[Nest] 3285  - [39m10/03/2026, 7:41:39 PM [32m    LOG[39m [38;5;3m[AckFeatureFlagGuard] [39m[32mack endpoint short-circuited reason=flag_off_disabled caller=cccccccc-0000-0000-0000-00000000000a[39m
2026-10-03T19:41:39.7508098Z [32m[Nest] 3285  - [39m10/03/2026, 7:41:39 PM [32m    LOG[39m [38;5;3m[AckFeatureFlagGuard] [39m[32mack endpoint short-circuited reason=flag_off_disabled caller=cccccccc-0000-0000-0000-00000000000a[39m
2026-10-03T19:41:39.7509921Z [32m[Nest] 3285  - [39m10/03/2026, 7:41:39 PM [32m    LOG[39m [38;5;3m[AckFeatureFlagGuard] [39m[32mack endpoint short-circuited reason=flag_off_disabled caller=cccccccc-0000-0000-0000-00000000000a[39m
2026-10-03T19:41:39.8041995Z PASS test/partial-refund-decision-rls-migration.spec.ts
2026-10-03T19:41:39.9719941Z PASS src/community/wearable-prompts/__tests__/wearable-prompts.repository.spec.ts
2026-10-03T19:41:40.0531661Z PASS test/scout/scout-diagnostics-public.spec.ts
2026-10-03T19:41:40.2012119Z PASS test/contracts/contract-provider.spec.ts
2026-10-03T19:41:40.4488379Z PASS src/feature-flags/__tests__/feature-flags.controller.spec.ts
2026-10-03T19:41:40.9509191Z PASS test/ptm-app-open-dedup.spec.ts
2026-10-03T19:41:41.2079705Z PASS src/talent-marketplace/__tests__/admin-applications.controller.spec.ts
2026-10-03T19:41:41.7502840Z PASS test/ai-egress/wearable-insights-consent.spec.ts
2026-10-03T19:41:41.7916047Z [95m[Nest] 3285  - [39m10/03/2026, 7:41:41 PM [95m  DEBUG[39m [38;5;3m[WearableInsightsService] [39m[95minsight cache HIT audience=coach user=clnt-2222-2222-2222-222222222222 bucket=SLEEP_RECOVERY[39m
2026-10-03T19:41:41.7918112Z [32m[Nest] 3285  - [39m10/03/2026, 7:41:41 PM [32m    LOG[39m [38;5;3m[AiEgressService] [39m[32mai_egress.refused surface=wearables.insight reason=no_live_grant clients=1 missing=1[39m
2026-10-03T19:41:41.7919836Z [32m[Nest] 3285  - [39m10/03/2026, 7:41:41 PM [32m    LOG[39m [38;5;3m[AiEgressService] [39m[32mai_egress.refused surface=wearables.insight reason=no_live_grant clients=1 missing=1[39m
2026-10-03T19:41:41.7921539Z [95m[Nest] 3285  - [39m10/03/2026, 7:41:41 PM [95m  DEBUG[39m [38;5;3m[WearableInsightsService] [39m[95minsight cache HIT audience=coach user=clnt-2222-2222-2222-222222222222 bucket=SLEEP_RECOVERY[39m
2026-10-03T19:41:41.7923087Z [32m[Nest] 3285  - [39m10/03/2026, 7:41:41 PM [32m    LOG[39m [38;5;3m[AiEgressService] [39m[32mai_egress.refused surface=wearables.insight reason=no_live_grant clients=1 missing=1[39m
2026-10-03T19:41:41.7924494Z [33m[Nest] 3285  - [39m10/03/2026, 7:41:41 PM [33m   WARN[39m [38;5;3m[AiEgressService] [39m[33mai_egress.consent_read_failed (treated as no grant)[39m
2026-10-03T19:41:41.7926013Z [32m[Nest] 3285  - [39m10/03/2026, 7:41:41 PM [32m    LOG[39m [38;5;3m[AiEgressService] [39m[32mai_egress.refused surface=wearables.insight reason=no_live_grant clients=1 missing=1[39m
2026-10-03T19:41:42.1889557Z PASS test/invite-codes-redeemers.spec.ts
2026-10-03T19:41:42.2339500Z PASS test/ci/lockfile-relevance.spec.ts
2026-10-03T19:41:42.4522329Z PASS test/guest-checkout-status-check.spec.ts
2026-10-03T19:41:42.5221128Z PASS test/scout/g2-nq1-db-guard.spec.ts
2026-10-03T19:41:42.6773632Z [31m[Nest] 3279  - [39m10/03/2026, 7:41:42 PM [31m  ERROR[39m [38;5;3m[PtmService] [39m[31mPTM signal write failed (user=user-1 type=message_sent): connection refused[39m
2026-10-03T19:41:42.7001803Z PASS test/ptm-service.spec.ts
2026-10-03T19:41:42.7585488Z PASS src/roman/voice/__tests__/voice-policy-integration.spec.ts
2026-10-03T19:41:42.8281990Z PASS test/scout/scout-ingest.idempotency.spec.ts
2026-10-03T19:41:43.1078266Z [31m[Nest] 3285  - [39m10/03/2026, 7:41:43 PM [31m  ERROR[39m [38;5;3m[GuestCheckoutPiiScrubService] [39m[31mGuestCheckoutPiiScrub: row gc-broken scrub failed: boom[39m
2026-10-03T19:41:43.1394419Z [31m[Nest] 3285  - [39m10/03/2026, 7:41:43 PM [31m  ERROR[39m [38;5;3m[GuestCheckoutPiiScrubService] [39m[31mGuestCheckoutPiiScrub tick crashed: GUEST_CHECKOUT_PII_SALT is required in production/staging. Refusing to run the scrub with a dev fallback.[39m
2026-10-03T19:41:43.1439206Z PASS test/guest-checkout-pii-scrub.service.spec.ts
2026-10-03T19:41:43.2652985Z PASS test/connect-webhook.spec.ts
2026-10-03T19:41:43.4716876Z PASS test/coach-brief-enabled.guard.spec.ts
2026-10-03T19:41:43.5041366Z PASS test/exercise-catalog-playback-authz.spec.ts
2026-10-03T19:41:43.7180090Z PASS src/talent-marketplace/__tests__/admin-review-cursor.spec.ts
2026-10-03T19:41:43.8153722Z PASS test/community/messages/community-messages-coach-reply.service.spec.ts
2026-10-03T19:41:44.0639692Z PASS test/scout/reconstruct/truecoach-clients.mapper.spec.ts
2026-10-03T19:41:44.0918714Z PASS test/auth/become-coach.tier.spec.ts
2026-10-03T19:41:44.3526989Z PASS test/scout/g2-r-ready-db-guard.spec.ts
2026-10-03T19:41:44.4559463Z PASS test/team-mode-controller-tier-gate.spec.ts
2026-10-03T19:41:44.7633188Z [32m[Nest] 3285  - [39m10/03/2026, 7:41:44 PM [32m    LOG[39m [38;5;3m[AIGuardrailsService] [39m[32mguardrails applied: calorie-floor[39m
2026-10-03T19:41:44.7650220Z [32m[Nest] 3285  - [39m10/03/2026, 7:41:44 PM [32m    LOG[39m [38;5;3m[AIGuardrailsService] [39m[32mguardrails applied: macro-correction[39m
2026-10-03T19:41:44.7709523Z [32m[Nest] 3285  - [39m10/03/2026, 7:41:44 PM [32m    LOG[39m [38;5;3m[AIGuardrailsService] [39m[32mguardrails applied: refer-to-coach[39m
2026-10-03T19:41:44.7759563Z [32m[Nest] 3285  - [39m10/03/2026, 7:41:44 PM [32m    LOG[39m [38;5;3m[AIGuardrailsService] [39m[32mguardrails applied: refer-to-coach[39m
2026-10-03T19:41:44.7799501Z [32m[Nest] 3285  - [39m10/03/2026, 7:41:44 PM [32m    LOG[39m [38;5;3m[AIGuardrailsService] [39m[32mguardrails applied: banned:unsafe-substance,banned:extreme-restriction[39m
2026-10-03T19:41:44.8119406Z PASS test/ai-guardrails.service.spec.ts
2026-10-03T19:41:46.2867659Z PASS src/community/voice/__tests__/voice-upload-bucket-assertion.spec.ts
2026-10-03T19:41:46.3380470Z [33m[Nest] 3285  - [39m10/03/2026, 7:41:46 PM [33m   WARN[39m [38;5;3m[VoiceUploadProvider] [39m[33mvoice signed-download refused: key failed the canonical check[39m
2026-10-03T19:41:46.3419948Z [33m[Nest] 3285  - [39m10/03/2026, 7:41:46 PM [33m   WARN[39m [38;5;3m[VoiceUploadProvider] [39m[33mvoice signed-download refused: key failed the canonical check[39m
2026-10-03T19:41:46.3449785Z [33m[Nest] 3285  - [39m10/03/2026, 7:41:46 PM [33m   WARN[39m [38;5;3m[VoiceUploadProvider] [39m[33mvoice signed-download refused: key failed the canonical check[39m
2026-10-03T19:41:46.3470004Z [33m[Nest] 3285  - [39m10/03/2026, 7:41:46 PM [33m   WARN[39m [38;5;3m[VoiceUploadProvider] [39m[33mvoice signed-download refused: key failed the canonical check[39m
2026-10-03T19:41:46.6618669Z PASS test/ai/client-context.service.spec.ts
2026-10-03T19:41:46.6749391Z PASS test/ai-consent/ai-consent-wiring.spec.ts
2026-10-03T19:41:46.7394444Z [33m[Nest] 3285  - [39m10/03/2026, 7:41:46 PM [33m   WARN[39m [38;5;3m[ClientContextService] [39m[33mbuild called for unknown clientId=unknown[39m
2026-10-03T19:41:46.8739553Z PASS test/dunning-v2-cadence.spec.ts
2026-10-03T19:41:46.9938378Z PASS test/observability/sentry-transaction-scrub.spec.ts
2026-10-03T19:41:47.1299577Z PASS test/community/events/community-event-state-machine.spec.ts
2026-10-03T19:41:47.2363745Z PASS src/talent-marketplace/__tests__/public-listing.controller.http.spec.ts
2026-10-03T19:41:47.6437792Z PASS test/scout/reconciliation/catalogue-parity.spec.ts
2026-10-03T19:41:48.4619427Z PASS src/community/voice/__tests__/voice-limits.spec.ts
2026-10-03T19:41:49.0639716Z PASS src/talent-marketplace/__tests__/apply-fit.spec.ts
2026-10-03T19:41:49.1099630Z PASS test/prod-readiness/operator-keys-artifact.spec.ts (24.375 s)
2026-10-03T19:41:49.5329510Z PASS src/feature-flags/__tests__/feature-flags.service.spec.ts
2026-10-03T19:41:49.6656800Z PASS test/recipe-private-by-default-migration.spec.ts
2026-10-03T19:41:49.6667016Z PASS test/scout/lifecycle/run.controller.spec.ts
2026-10-03T19:41:49.9989475Z PASS test/dto-mass-assignment.spec.ts
2026-10-03T19:41:50.0489900Z PASS test/observability/observability-wiring.spec.ts
2026-10-03T19:41:50.1453160Z [33m[Nest] 3278  - [39m10/03/2026, 7:41:50 PM [33m   WARN[39m [38;5;3m[DbStatsService] [39m[33mpg_stat_statements is not available; returning unavailable. Enable the extension (operator-attach).[39m
2026-10-03T19:41:50.5023006Z PASS test/scout/g2-b-drain-db-guard.spec.ts
2026-10-03T19:41:50.6049996Z PASS test/drop-coach-direct-enabled.spec.ts
2026-10-03T19:41:50.6131043Z PASS test/diagnostic.controller.spec.ts
2026-10-03T19:41:50.9289456Z PASS test/scout/g2-pg17-db-guard.spec.ts
2026-10-03T19:41:51.3739071Z PASS test/auth.controller.spec.ts
2026-10-03T19:41:51.4468165Z PASS test/scheduling-permissions.spec.ts
2026-10-03T19:41:51.6809207Z PASS test/diagnostic.service.spec.ts
2026-10-03T19:41:52.0750507Z PASS test/scout/induction/digest.spec.ts
2026-10-03T19:41:53.0979619Z PASS test/c03-select-role-reparent.regression.spec.ts
2026-10-03T19:41:53.4819161Z PASS test/roles.guard.spec.ts
2026-10-03T19:41:53.8570417Z PASS test/mwb-undo-head-fence.spec.ts
2026-10-03T19:41:53.9255708Z [33m[Nest] 3279  - [39m10/03/2026, 7:41:53 PM [33m   WARN[39m [38;5;3m[AnalyticsService] [39m[33mPOSTHOG_KEY not set — analytics are disabled (no-op mode).[39m
2026-10-03T19:41:53.9329600Z [33m[Nest] 3279  - [39m10/03/2026, 7:41:53 PM [33m   WARN[39m [38;5;3m[AnalyticsService] [39m[33mPOSTHOG_KEY not set — analytics are disabled (no-op mode).[39m
2026-10-03T19:41:53.9380118Z [33m[Nest] 3279  - [39m10/03/2026, 7:41:53 PM [33m   WARN[39m [38;5;3m[AnalyticsService] [39m[33mPOSTHOG_KEY not set — analytics are disabled (no-op mode).[39m
2026-10-03T19:41:54.5917745Z PASS test/real-meal-plans-guards.spec.ts
2026-10-03T19:41:54.9888527Z PASS test/community/notifications/lockscreen-privacy.spec.ts
2026-10-03T19:41:55.2507689Z PASS test/community/classroom/community-classroom-release.spec.ts
2026-10-03T19:41:55.7876343Z PASS src/roman/voice/__tests__/voice-policy-lint-contract.spec.ts
2026-10-03T19:41:56.1508169Z PASS test/stripe-connect-api-phase6.spec.ts
2026-10-03T19:41:56.5309605Z PASS test/community/safety/community-safety-copy.spec.ts
2026-10-03T19:41:57.3160074Z PASS test/health-readiness-bounded.spec.ts
2026-10-03T19:41:57.6579173Z PASS test/ltv-metrics.controller.spec.ts
2026-10-03T19:41:57.8989465Z PASS test/assignable-asset-resolver-registry.spec.ts
2026-10-03T19:41:57.9705007Z [33m[Nest] 3279  - [39m10/03/2026, 7:41:57 PM [33m   WARN[39m [38;5;3m[AssignableAssetResolverRegistry] [39m[33mDuplicate AssignableAssetResolver registered for asset_type=meal_plan; first one wins.[39m
2026-10-03T19:41:58.0355864Z [31m[Nest] 3278  - [39m10/03/2026, 7:41:58 PM [31m  ERROR[39m [38;5;3m[PracticeTypeService] [39m[31mPractice federation failed for coach user-1: timeout[39m
2026-10-03T19:41:58.0580333Z PASS test/sprint-a-practice-dual-write.spec.ts
2026-10-03T19:41:58.0927431Z PASS test/ai/coach-ai-prompts.spec.ts
2026-10-03T19:41:58.1277245Z [32m[Nest] 3278  - [39m10/03/2026, 7:41:58 PM [32m    LOG[39m [38;5;3m[PracticeTypeService] [39m[32mPractice federation: no finance coach for coach@example.com - fitness-only mirror[39m
2026-10-03T19:41:58.3539958Z PASS test/scout/scout-diagnostics.integrity.spec.ts
2026-10-03T19:41:58.5529298Z PASS test/voice-policy.service.spec.ts
2026-10-03T19:41:58.8879677Z PASS test/community/ai-triage/triage-output.schema.spec.ts
2026-10-03T19:41:59.1452496Z PASS test/truecoach-golden-fixture.spec.ts
2026-10-03T19:42:00.0099994Z [32m[Nest] 3279  - [39m10/03/2026, 7:41:59 PM [32m    LOG[39m [38;5;3m[RegimeRevisionRetentionService] [39m[32mevictForRegime: pruned 2 revision(s) for regime=reg-1 (kept latest 3)[39m
2026-10-03T19:42:00.0489260Z PASS src/regimes/__tests__/regime-revision-retention.service.spec.ts
2026-10-03T19:42:00.1150118Z [32m[Nest] 3279  - [39m10/03/2026, 7:42:00 PM [32m    LOG[39m [38;5;3m[RegimeRevisionRetentionService] [39m[32mevictForRegime: pruned 2 revision(s) for regime=reg-1 (kept latest 1)[39m
2026-10-03T19:42:01.5669406Z PASS test/checkout-subscription-fee-rounding.spec.ts
2026-10-03T19:42:03.0540682Z PASS test/health-readiness-public.spec.ts
2026-10-03T19:42:03.1310488Z PASS test/scout/induction/s10c-wiring.spec.ts (5.036 s)
2026-10-03T19:42:03.2509431Z PASS test/crm-redact.spec.ts
2026-10-03T19:42:03.4477250Z PASS test/sprint-b-holistic-insights.service.spec.ts
2026-10-03T19:42:03.6721555Z [31m[Nest] 3278  - [39m10/03/2026, 7:42:03 PM [31m  ERROR[39m [38;5;3m[HelloSignWebhookController] [39m[31mHelloSign webhook received without rawBody. Verify rawBody:true is wired in main.ts.[39m
2026-10-03T19:42:03.6901313Z PASS src/community/search/__tests__/search-indexer.spec.ts
2026-10-03T19:42:03.7024902Z PASS test/contracts/hellosign-webhook.controller.spec.ts
2026-10-03T19:42:03.7289268Z [32m[Nest] 3279  - [39m10/03/2026, 7:42:03 PM [32m    LOG[39m [38;5;3m[SearchIndexerService] [39mObject(6) {
2026-10-03T19:42:03.7309649Z   event: [32m'community_search_indexed'[39m,
2026-10-03T19:42:03.7319387Z   workspace_id: [32m'ws-1'[39m,
2026-10-03T19:42:03.7320628Z   kind: [32m'post'[39m,
2026-10-03T19:42:03.7321115Z   target_id: [32m'target-1'[39m,
2026-10-03T19:42:03.7321519Z   created: [33mtrue[39m,
2026-10-03T19:42:03.7321923Z   excerpt_length: [33m24[39m
2026-10-03T19:42:03.7322259Z }
2026-10-03T19:42:03.7323033Z [32m[Nest] 3279  - [39m10/03/2026, 7:42:03 PM [32m    LOG[39m [38;5;3m[SearchIndexerService] [39mObject(6) {
2026-10-03T19:42:03.7323686Z   event: [32m'community_search_indexed'[39m,
2026-10-03T19:42:03.7324149Z   workspace_id: [32m'ws-1'[39m,
2026-10-03T19:42:03.7324534Z   kind: [32m'post'[39m,
2026-10-03T19:42:03.7324891Z   target_id: [32m'target-1'[39m,
2026-10-03T19:42:03.7325246Z   created: [33mfalse[39m,
2026-10-03T19:42:03.7325613Z   excerpt_length: [33m24[39m
2026-10-03T19:42:03.7325926Z }
2026-10-03T19:42:03.7326563Z [32m[Nest] 3279  - [39m10/03/2026, 7:42:03 PM [32m    LOG[39m [38;5;3m[SearchIndexerService] [39mObject(4) {
2026-10-03T19:42:03.7327238Z   event: [32m'community_search_removed'[39m,
2026-10-03T19:42:03.7327660Z   workspace_id: [32m'ws-1'[39m,
2026-10-03T19:42:03.7328330Z   kind: [32m'post'[39m,
2026-10-03T19:42:03.7328723Z   target_id: [32m'target-1'[39m
2026-10-03T19:42:03.7329061Z }
2026-10-03T19:42:03.7329710Z [32m[Nest] 3279  - [39m10/03/2026, 7:42:03 PM [32m    LOG[39m [38;5;3m[SearchIndexerService] [39mObject(6) {
2026-10-03T19:42:03.7330299Z   event: [32m'community_search_indexed'[39m,
2026-10-03T19:42:03.7330716Z   workspace_id: [32m'ws-1'[39m,
2026-10-03T19:42:03.7331122Z   kind: [32m'classroom_lesson'[39m,
2026-10-03T19:42:03.7331556Z   target_id: [32m'target-1'[39m,
2026-10-03T19:42:03.7331953Z   created: [33mtrue[39m,
2026-10-03T19:42:03.7332336Z   excerpt_length: [33m47[39m
2026-10-03T19:42:03.7332644Z }
2026-10-03T19:42:03.7333781Z [32m[Nest] 3278  - [39m10/03/2026, 7:42:03 PM [32m    LOG[39m [38;5;3m[HelloSignWebhookController] [39m[32mHelloSign webhook verified but FEATURE_CONTRACTS_ENABLED is OFF; acking without state change.[39m
2026-10-03T19:42:03.9411573Z PASS test/observability/metrics-auth-extended.spec.ts
2026-10-03T19:42:04.3381016Z PASS test/sub-coach-capacity.service.spec.ts
2026-10-03T19:42:04.4529733Z PASS test/coach.service.sub-coach-scope.spec.ts
2026-10-03T19:42:04.8459607Z PASS test/community/events/community-events-flag.spec.ts
2026-10-03T19:42:04.9809323Z PASS src/community/wearable-prompts/__tests__/degraded-connector-fallback.spec.ts
2026-10-03T19:42:04.9886205Z [32m[Nest] 3278  - [39m10/03/2026, 7:42:04 PM [32m    LOG[39m [38;5;3m[DegradedConnectorFallbackService] [39mObject(5) {
2026-10-03T19:42:04.9891147Z   event: [32m'community_wearable_prompt_fallback'[39m,
2026-10-03T19:42:04.9894458Z   workspace_id: [32m'ws-1'[39m,
2026-10-03T19:42:04.9895069Z   coach_id: [32m'coach-1'[39m,
2026-10-03T19:42:04.9895715Z   client_id: [32m'client-1'[39m,
2026-10-03T19:42:04.9896325Z   reason: [32m'none'[39m
2026-10-03T19:42:04.9896819Z }
2026-10-03T19:42:04.9898068Z [32m[Nest] 3278  - [39m10/03/2026, 7:42:04 PM [32m    LOG[39m [38;5;3m[DegradedConnectorFallbackService] [39mObject(5) {
2026-10-03T19:42:04.9899254Z   event: [32m'community_wearable_prompt_fallback'[39m,
2026-10-03T19:42:04.9899963Z   workspace_id: [32m'ws-1'[39m,
2026-10-03T19:42:04.9900580Z   coach_id: [32m'coach-1'[39m,
2026-10-03T19:42:04.9901196Z   client_id: [32m'client-1'[39m,
2026-10-03T19:42:04.9901794Z   reason: [32m'expired'[39m
2026-10-03T19:42:04.9902300Z }
2026-10-03T19:42:04.9903428Z [32m[Nest] 3278  - [39m10/03/2026, 7:42:04 PM [32m    LOG[39m [38;5;3m[DegradedConnectorFallbackService] [39mObject(5) {
2026-10-03T19:42:04.9904591Z   event: [32m'community_wearable_prompt_fallback'[39m,
2026-10-03T19:42:04.9905621Z   workspace_id: [32m'ws-1'[39m,
2026-10-03T19:42:04.9906234Z   coach_id: [32m'coach-1'[39m,
2026-10-03T19:42:04.9906847Z   client_id: [32m'client-1'[39m,
2026-10-03T19:42:04.9907451Z   reason: [32m'disconnected'[39m
2026-10-03T19:42:04.9908074Z }
2026-10-03T19:42:04.9909411Z [32m[Nest] 3278  - [39m10/03/2026, 7:42:04 PM [32m    LOG[39m [38;5;3m[DegradedConnectorFallbackService] [39mObject(5) {
2026-10-03T19:42:04.9910488Z   event: [32m'community_wearable_prompt_fallback'[39m,
2026-10-03T19:42:04.9911148Z   workspace_id: [32m'ws-1'[39m,
2026-10-03T19:42:04.9911768Z   coach_id: [32m'coach-1'[39m,
2026-10-03T19:42:04.9912327Z   client_id: [32m'client-1'[39m,
2026-10-03T19:42:04.9912867Z   reason: [32m'error'[39m
2026-10-03T19:42:04.9913317Z }
2026-10-03T19:42:04.9914353Z [32m[Nest] 3278  - [39m10/03/2026, 7:42:04 PM [32m    LOG[39m [38;5;3m[DegradedConnectorFallbackService] [39mObject(5) {
2026-10-03T19:42:04.9915440Z   event: [32m'community_wearable_prompt_fallback'[39m,
2026-10-03T19:42:04.9916105Z   workspace_id: [32m'ws-1'[39m,
2026-10-03T19:42:04.9916678Z   coach_id: [32m'coach-1'[39m,
2026-10-03T19:42:04.9917227Z   client_id: [32m'client-1'[39m,
2026-10-03T19:42:04.9917803Z   reason: [32m'disconnected'[39m
2026-10-03T19:42:04.9918437Z }
2026-10-03T19:42:05.0767192Z PASS test/coach-archive-audit.spec.ts
2026-10-03T19:42:05.2234497Z PASS src/community/ack/sla.spec.ts
2026-10-03T19:42:05.4049207Z PASS test/community/realtime/no-pii-in-broadcast.spec.ts
2026-10-03T19:42:05.7049659Z PASS test/messaging.dto.spec.ts
2026-10-03T19:42:05.7639860Z PASS test/sub-coach-assignment.service.spec.ts
2026-10-03T19:42:05.8197530Z PASS test/community/realtime/posthog-event-names.spec.ts
2026-10-03T19:42:06.0569699Z PASS test/observability/sentry-config-extended.spec.ts
2026-10-03T19:42:06.3362761Z PASS test/coach-my-effectiveness.controller.spec.ts
2026-10-03T19:42:06.5313635Z PASS test/backfill-coach-subscriptions.spec.ts
2026-10-03T19:42:06.5315074Z   ● Console
2026-10-03T19:42:06.5315463Z 
2026-10-03T19:42:06.5315708Z     console.log
2026-10-03T19:42:06.5316302Z       [backfill-coach-subscriptions] grandfathered coach=coach-1 email=c1@example.com
2026-10-03T19:42:06.5316809Z 
2026-10-03T19:42:06.5317231Z       at backfillCoachSubscriptions (scripts/backfill-coach-subscriptions.ts:72:15)
2026-10-03T19:42:06.5317778Z 
2026-10-03T19:42:06.5318166Z     console.log
2026-10-03T19:42:06.5318742Z       [backfill-coach-subscriptions] grandfathered coach=coach-2 email=c2@example.com
2026-10-03T19:42:06.5319198Z 
2026-10-03T19:42:06.5319628Z       at backfillCoachSubscriptions (scripts/backfill-coach-subscriptions.ts:72:15)
2026-10-03T19:42:06.5320099Z 
2026-10-03T19:42:06.5320310Z     console.log
2026-10-03T19:42:06.5320871Z       [backfill-coach-subscriptions] grandfathered coach=coach-3 email=c3@example.com
2026-10-03T19:42:06.5321356Z 
2026-10-03T19:42:06.5321760Z       at backfillCoachSubscriptions (scripts/backfill-coach-subscriptions.ts:72:15)
2026-10-03T19:42:06.5322235Z 
2026-10-03T19:42:06.5322436Z     console.log
2026-10-03T19:42:06.5322990Z       [backfill-coach-subscriptions] grandfathered coach=coach-1 email=c1@example.com
2026-10-03T19:42:06.5323459Z 
2026-10-03T19:42:06.5323878Z       at backfillCoachSubscriptions (scripts/backfill-coach-subscriptions.ts:72:15)
2026-10-03T19:42:06.5324317Z 
2026-10-03T19:42:06.8999589Z PASS test/profile-dto-diet-cadence.spec.ts
2026-10-03T19:42:07.0249230Z PASS src/extension-pair/__tests__/setup-recovery.spec.ts
2026-10-03T19:42:08.2759669Z PASS src/community/challenges/__tests__/pagination.controller.spec.ts
2026-10-03T19:42:09.4534392Z PASS test/nudges.dto.spec.ts
2026-10-03T19:42:10.0749182Z PASS test/doctrine-cleanup.spec.ts
2026-10-03T19:42:11.0896113Z PASS test/metrics.service.spec.ts
2026-10-03T19:42:11.1580573Z [31m[Nest] 3279  - [39m10/03/2026, 7:42:11 PM [31m  ERROR[39m [38;5;3m[GuestCheckoutReconciliationService] [39m[31mreconcilePaidCheckout crashed for gc-broken: boom[39m
2026-10-03T19:42:11.1820066Z [31m[Nest] 3279  - [39m10/03/2026, 7:42:11 PM [31m  ERROR[39m [38;5;3m[GuestCheckoutReconciliationService] [39m[31mGuestCheckoutReconciliation tick crashed: prisma down[39m
2026-10-03T19:42:11.1879221Z PASS test/guest-checkout-reconciliation.service.spec.ts
2026-10-03T19:42:11.5098565Z PASS src/talent-marketplace/__tests__/application-cursor.spec.ts
2026-10-03T19:42:11.5813536Z PASS test/auth-guard-deletion-lockout.spec.ts
2026-10-03T19:42:12.2009685Z PASS test/community/community-v3-4-throttle-metadata.spec.ts
2026-10-03T19:42:12.4079519Z PASS test/food-query-parser.spec.ts
2026-10-03T19:42:12.9533592Z PASS test/route-doc-drift.spec.ts
2026-10-03T19:42:13.1896468Z PASS test/admin-build-week.controller.spec.ts
2026-10-03T19:42:13.2429147Z PASS test/data-export-controller-roles.spec.ts
2026-10-03T19:42:13.4303507Z PASS src/talent-marketplace/__tests__/hirer-verified.guard.spec.ts
2026-10-03T19:42:13.6017608Z PASS test/openapi-spec.spec.ts (25.933 s)
2026-10-03T19:42:13.7315609Z PASS test/food.service.spec.ts
2026-10-03T19:42:13.9270319Z PASS src/talent-marketplace/__tests__/pipeline-stage.spec.ts
2026-10-03T19:42:13.9527469Z PASS test/coach-timeline.spec.ts
2026-10-03T19:42:14.2050248Z PASS src/community/wearable-prompts/__tests__/wearable-prompts.cooldown.spec.ts
2026-10-03T19:42:14.3745674Z PASS test/wearables/metric-bucket.map.spec.ts
2026-10-03T19:42:14.4314514Z PASS test/phase-8-role-gates.spec.ts
2026-10-03T19:42:14.6089128Z PASS test/profile-dto-equipment-access.spec.ts
2026-10-03T19:42:14.6118845Z PASS test/purchase-fanout.service.spec.ts
2026-10-03T19:42:14.6627789Z [95m[Nest] 3279  - [39m10/03/2026, 7:42:14 PM [95m  DEBUG[39m [38;5;3m[PurchaseFanoutService] [39m[95mfanout: skipping drop seed for purchase=pur-1 (no engine tables on tx)[39m
2026-10-03T19:42:14.6659763Z [95m[Nest] 3279  - [39m10/03/2026, 7:42:14 PM [95m  DEBUG[39m [38;5;3m[PurchaseFanoutService] [39m[95mfanout: skipping drop seed for purchase=pur-1 (no engine tables on tx)[39m
2026-10-03T19:42:14.6661196Z [95m[Nest] 3279  - [39m10/03/2026, 7:42:14 PM [95m  DEBUG[39m [38;5;3m[PurchaseFanoutService] [39m[95mfanout: skipping drop seed for purchase=pur-1 (no engine tables on tx)[39m
2026-10-03T19:42:14.6662242Z [95m[Nest] 3279  - [39m10/03/2026, 7:42:14 PM [95m  DEBUG[39m [38;5;3m[PurchaseFanoutService] [39m[95mfanout: skipping drop seed for purchase=pur-2 (no engine tables on tx)[39m
2026-10-03T19:42:14.6663275Z [95m[Nest] 3279  - [39m10/03/2026, 7:42:14 PM [95m  DEBUG[39m [38;5;3m[PurchaseFanoutService] [39m[95mfanout: skipping drop seed for purchase=pur-a (no engine tables on tx)[39m
2026-10-03T19:42:14.6664307Z [95m[Nest] 3279  - [39m10/03/2026, 7:42:14 PM [95m  DEBUG[39m [38;5;3m[PurchaseFanoutService] [39m[95mfanout: skipping drop seed for purchase=pur-b (no engine tables on tx)[39m
2026-10-03T19:42:14.8553343Z PASS test/coach-practice-type.service.spec.ts
2026-10-03T19:42:14.9478114Z [33m[Nest] 3278  - [39m10/03/2026, 7:42:14 PM [33m   WARN[39m [38;5;3m[SchedulingProviderRegistry] [39m[33mgoogle_calendar requested but GOOGLE_CALENDAR_ENABLED is not "true" — falling back to stub adapter[39m
2026-10-03T19:42:14.9510417Z [33m[Nest] 3278  - [39m10/03/2026, 7:42:14 PM [33m   WARN[39m [38;5;3m[SchedulingProviderRegistry] [39m[33mzoom requested but ZOOM_ENABLED is not "true" — falling back to stub adapter[39m
2026-10-03T19:42:15.0364086Z PASS test/scheduling-providers.spec.ts
2026-10-03T19:42:15.0747719Z [33m[Nest] 3278  - [39m10/03/2026, 7:42:14 PM [33m   WARN[39m [38;5;3m[SchedulingProviderRegistry] [39m[33mgoogle_meet requested but GOOGLE_MEET_ENABLED is not "true" — falling back to stub adapter[39m
2026-10-03T19:42:15.1796212Z PASS test/admin-audit.spec.ts
2026-10-03T19:42:15.3059679Z PASS test/http-exception.filter.spec.ts
2026-10-03T19:42:15.6329881Z PASS test/leaderboard.controller.spec.ts
2026-10-03T19:42:15.7889390Z PASS test/invariants/locked_defaults.spec.ts
2026-10-03T19:42:15.8968902Z PASS test/macros-current-self.spec.ts
2026-10-03T19:42:16.6309662Z PASS test/scout/reconstruct/scout-reconstruct.flag.spec.ts
2026-10-03T19:42:16.7439629Z PASS test/dunning-v2-lockout-privacy-exact.spec.ts
2026-10-03T19:42:17.2766619Z PASS test/coach-new-purchase-prefs-routing.spec.ts
2026-10-03T19:42:17.5519138Z PASS test/exercise-catalog.controller.spec.ts
2026-10-03T19:42:17.6549232Z PASS test/ai-gateway.config.spec.ts
2026-10-03T19:42:17.9868561Z PASS test/scout/entities/scout-entities.flag.spec.ts
2026-10-03T19:42:18.5759297Z PASS test/community/notifications/push-preference-defaults.spec.ts
2026-10-03T19:42:18.7231288Z PASS test/ai-capability-materialiser-registry.spec.ts
2026-10-03T19:42:18.7574261Z [33m[Nest] 3278  - [39m10/03/2026, 7:42:18 PM [33m   WARN[39m [38;5;3m[CapabilityMaterializerRegistry] [39m[33mDuplicate CapabilityMaterializer registered for capability=draft.coach_message; first one wins.[39m
2026-10-03T19:42:19.1069564Z PASS test/seed-coach-session-types.spec.ts
2026-10-03T19:42:19.1993933Z PASS test/scout/roster/scout-roster.flag.spec.ts
2026-10-03T19:42:19.4209866Z PASS src/community/voice/__tests__/voice-forbidden-cast-scan.spec.ts
2026-10-03T19:42:19.5050441Z PASS test/community/events/community-event-link.spec.ts
2026-10-03T19:42:19.5201958Z PASS test/nudge-v1-quiet-hours.spec.ts
2026-10-03T19:42:19.6923344Z [31m[Nest] 3279  - [39m10/03/2026, 7:42:19 PM [31m  ERROR[39m [38;5;3m[AuditService] [39m[31mAudit write failed for action=test.event: connection refused[39m
2026-10-03T19:42:19.7184432Z PASS test/audit.service.spec.ts
2026-10-03T19:42:19.7644255Z PASS test/community/challenges/community-challenges-param-validation.spec.ts
2026-10-03T19:42:19.8839775Z PASS test/account-deletion/program-copies-erasure.spec.ts
2026-10-03T19:42:19.9719829Z PASS src/roman/voice/__tests__/voice-policy-empty-notifications.spec.ts
2026-10-03T19:42:20.1106203Z PASS test/scout/induction/contract.spec.ts
2026-10-03T19:42:20.3149499Z PASS test/landing-pages.crm-controller.spec.ts
2026-10-03T19:42:20.3830082Z PASS test/private-context.service.spec.ts
2026-10-03T19:42:20.3955350Z PASS test/connect-env-gate.spec.ts
2026-10-03T19:42:20.5927649Z [31m[Nest] 3279  - [39m10/03/2026, 7:42:20 PM [31m  ERROR[39m [38;5;3m[GdprScrubScheduler] [39m[31mGDPR scrub cron tick: fatal error: database is on fire[39m
2026-10-03T19:42:20.5970317Z PASS test/gdpr-scrub.scheduler.spec.ts
2026-10-03T19:42:20.6037442Z PASS src/talent-marketplace/__tests__/portfolio-showcase.spec.ts
2026-10-03T19:42:20.6496689Z PASS test/data-export-bucket-verifier-wiring.spec.ts
2026-10-03T19:42:20.6783588Z [32m[Nest] 3279  - [39m10/03/2026, 7:42:20 PM [32m    LOG[39m [38;5;3m[GdprScrubScheduler] [39m[32mGDPR scrub cron tick: starting daily run[39m
2026-10-03T19:42:20.6810200Z [32m[Nest] 3279  - [39m10/03/2026, 7:42:20 PM [32m    LOG[39m [38;5;3m[GdprScrubScheduler] [39m[32mGDPR scrub cron tick: completed; scrubbed=2 considered=2 errors=0[39m
2026-10-03T19:42:20.6839808Z [32m[Nest] 3279  - [39m10/03/2026, 7:42:20 PM [32m    LOG[39m [38;5;3m[GdprScrubScheduler] [39m[32mGDPR scrub cron tick: starting daily run[39m
2026-10-03T19:42:20.9542119Z PASS test/account-deletion/controller-roles.spec.ts
2026-10-03T19:42:21.0713677Z PASS src/talent-marketplace/anti-bot/__tests__/marketplace-abuse-signal-rls-migration.spec.ts
2026-10-03T19:42:21.2500533Z [31m[Nest] 3278  - [39m10/03/2026, 7:42:21 PM [31m  ERROR[39m [38;5;3m[PtmScheduler] [39m[31mPTM recompute cron tick: fatal error: database is on fire[39m
2026-10-03T19:42:21.2698397Z PASS test/ptm-scheduler.spec.ts
2026-10-03T19:42:21.3119047Z PASS test/expo-sdk-v6-smoke.spec.ts
2026-10-03T19:42:21.3260095Z [32m[Nest] 3278  - [39m10/03/2026, 7:42:21 PM [32m    LOG[39m [38;5;3m[PtmScheduler] [39m[32mPTM scoring disabled by env flag[39m
2026-10-03T19:42:21.3289505Z [32m[Nest] 3278  - [39m10/03/2026, 7:42:21 PM [32m    LOG[39m [38;5;3m[PtmScheduler] [39m[32mPTM recompute cron tick: starting nightly run[39m
2026-10-03T19:42:21.3319674Z [32m[Nest] 3278  - [39m10/03/2026, 7:42:21 PM [32m    LOG[39m [38;5;3m[PtmScheduler] [39m[32mPTM recompute cron tick: completed; considered=5 recomputed=5 errors=0[39m
2026-10-03T19:42:21.3339950Z [32m[Nest] 3278  - [39m10/03/2026, 7:42:21 PM [32m    LOG[39m [38;5;3m[PtmScheduler] [39m[32mPTM recompute cron tick: starting nightly run[39m
2026-10-03T19:42:21.3630432Z [31m[Nest] 3285  - [39m10/03/2026, 7:42:21 PM [31m  ERROR[39m [38;5;3m[HealthController] [39mObject(2) {
2026-10-03T19:42:21.3688957Z   event: [32m'readiness_database_unavailable'[39m,
2026-10-03T19:42:21.3718772Z   operation: [32m'health.readiness'[39m
2026-10-03T19:42:21.3744898Z }
2026-10-03T19:42:21.3868750Z PASS test/health.controller.spec.ts
2026-10-03T19:42:21.5389406Z PASS test/ci/fly-readiness.spec.ts
2026-10-03T19:42:21.8201570Z PASS test/sprint-b-macros.service.spec.ts
2026-10-03T19:42:21.9059204Z PASS test/community/ai-triage/ai-triage-flag.guard.spec.ts
2026-10-03T19:42:21.9728204Z [32m[Nest] 3279  - [39m10/03/2026, 7:42:21 PM [32m    LOG[39m [38;5;3m[AiTriageFeatureFlagGuard] [39m[32mai-triage endpoint short-circuited reason=flag_off_disabled caller=coach-1[39m
2026-10-03T19:42:22.1249132Z PASS test/helmet.middleware.spec.ts
2026-10-03T19:42:22.3749434Z PASS test/sub-coach.dto.spec.ts
2026-10-03T19:42:22.4900563Z PASS src/notifications/__tests__/first-payment-refund-retention.spec.ts
2026-10-03T19:42:22.6181361Z PASS test/diagnostic-prompt-doctrine.spec.ts
2026-10-03T19:42:22.7369599Z PASS test/food-density.spec.ts
2026-10-03T19:42:22.8140527Z [31m[Nest] 3285  - [39m10/03/2026, 7:42:22 PM [31m  ERROR[39m [38;5;3m[CoachEffectivenessScheduler] [39m[31mCoach effectiveness recompute failed (coach=c2): boom[39m
2026-10-03T19:42:22.8299865Z PASS test/coach-effectiveness.scheduler.spec.ts
2026-10-03T19:42:22.8950321Z [32m[Nest] 3285  - [39m10/03/2026, 7:42:22 PM [32m    LOG[39m [38;5;3m[CoachEffectivenessScheduler] [39m[32mCoach effectiveness scoring disabled by env flag[39m
2026-10-03T19:42:22.9529523Z PASS test/coach-build-week.controller.spec.ts
2026-10-03T19:42:23.1723118Z PASS test/cross-pillar-practice.guard.spec.ts
2026-10-03T19:42:23.2549158Z PASS test/community/dm-enabled-resolver.spec.ts
2026-10-03T19:42:23.3069472Z PASS test/invite-grant-bindings-migration.spec.ts
2026-10-03T19:42:23.4803363Z PASS test/check-ins.dto.spec.ts
2026-10-03T19:42:23.4803808Z PASS test/reports-csv.spec.ts
2026-10-03T19:42:23.7469306Z PASS test/ai-redaction.service.spec.ts
2026-10-03T19:42:24.2242930Z PASS test/coach-messaging-roles.spec.ts
2026-10-03T19:42:24.3899592Z PASS test/program-writer-client-id.spec.ts
2026-10-03T19:42:25.1005639Z PASS src/regimes/__tests__/regimes-throttle-metadata.spec.ts
2026-10-03T19:42:25.4619751Z PASS test/system.controller.spec.ts
2026-10-03T19:42:25.4815841Z PASS test/community/challenges/community-challenges-flag.guard.spec.ts
2026-10-03T19:42:25.6139787Z PASS test/admin-federation-smoke.helpers.spec.ts
2026-10-03T19:42:26.2419200Z PASS test/sprint-b-workout-builder-guard.spec.ts
2026-10-03T19:42:26.5554884Z PASS test/auth-forgot-password-throttle.spec.ts
2026-10-03T19:42:26.6050243Z [32m[Nest] 3285  - [39m10/03/2026, 7:42:26 PM [32m    LOG[39m [38;5;3m[LeadRateLimiterService] [39m[32mREDIS_URL unset — using in-memory lead rate limiter[39m
2026-10-03T19:42:26.6069676Z [32m[Nest] 3285  - [39m10/03/2026, 7:42:26 PM [32m    LOG[39m [38;5;3m[LeadRateLimiterService] [39m[32mREDIS_URL unset — using in-memory lead rate limiter[39m
2026-10-03T19:42:26.7009420Z PASS test/landing-pages.rate-limit.spec.ts
2026-10-03T19:42:26.7420276Z [32m[Nest] 3285  - [39m10/03/2026, 7:42:26 PM [32m    LOG[39m [38;5;3m[LeadRateLimiterService] [39m[32mREDIS_URL unset — using in-memory lead rate limiter[39m
2026-10-03T19:42:26.7453671Z [32m[Nest] 3285  - [39m10/03/2026, 7:42:26 PM [32m    LOG[39m [38;5;3m[LeadRateLimiterService] [39m[32mREDIS_URL unset — using in-memory lead rate limiter[39m
2026-10-03T19:42:26.7506114Z [32m[Nest] 3285  - [39m10/03/2026, 7:42:26 PM [32m    LOG[39m [38;5;3m[LeadRateLimiterService] [39m[32mREDIS_URL unset — using in-memory lead rate limiter[39m
2026-10-03T19:42:27.2679701Z PASS src/community/voice/__tests__/community-voice.dto.spec.ts
2026-10-03T19:42:27.5319545Z PASS src/talent-marketplace/__tests__/admin-applications.pipes.spec.ts
2026-10-03T19:42:27.5399315Z PASS src/extension-pair/__tests__/extension-pair.controller.spec.ts
2026-10-03T19:42:28.0299451Z PASS test/billing-throttle-metadata.spec.ts
2026-10-03T19:42:28.3338076Z PASS test/community/cohorts/community-cohort-members.repository.spec.ts
2026-10-03T19:42:28.3364995Z PASS test/google-feature-flag.spec.ts
2026-10-03T19:42:28.4219245Z PASS test/federation-inbound-constant-time.spec.ts
2026-10-03T19:42:28.6164580Z PASS test/lessons.service.spec.ts
2026-10-03T19:42:28.6437659Z PASS test/community.service.spec.ts
2026-10-03T19:42:28.8324390Z PASS test/invite-codes.controller.spec.ts
2026-10-03T19:42:28.8589884Z PASS test/start-subscription.dto.spec.ts
2026-10-03T19:42:28.9279124Z PASS test/sprint-b-bulk-invite.spec.ts
2026-10-03T19:42:29.1539338Z PASS test/habits.service.spec.ts
2026-10-03T19:42:29.2719236Z PASS test/sprint-b-seed-catalog.spec.ts
2026-10-03T19:42:29.4299316Z PASS test/ai-egress/ai-egress-policy-copy.spec.ts
2026-10-03T19:42:29.6653691Z PASS test/cors-config.spec.ts
2026-10-03T19:42:30.0672644Z PASS test/community/safety/community-content-filter.spec.ts
2026-10-03T19:42:30.2839966Z PASS test/roman-coach-reviewed-feature.spec.ts
2026-10-03T19:42:30.3566966Z PASS test/pr14-interval-guard.spec.ts
2026-10-03T19:42:30.6289211Z PASS test/scout/g2-ledger-target.spec.ts
2026-10-03T19:42:30.7334231Z PASS src/extension-pair/__tests__/coach-guard-role.spec.ts
2026-10-03T19:42:30.8759958Z PASS src/talent-marketplace/__tests__/application-status.spec.ts
2026-10-03T19:42:30.9129762Z PASS test/cname-prisma-client.spec.ts
2026-10-03T19:42:31.2601685Z PASS test/scout/g2-tq0-db-guard.spec.ts
2026-10-03T19:42:31.3170032Z PASS src/regimes/__tests__/regimes-roles-pin.spec.ts
2026-10-03T19:42:31.6333036Z PASS test/account-deletion/drip-fence.spec.ts
2026-10-03T19:42:31.7889197Z PASS test/exercise-catalog-seed.spec.ts
2026-10-03T19:42:31.8289294Z PASS src/talent-marketplace/__tests__/saved-search.spec.ts
2026-10-03T19:42:32.5370149Z PASS test/throttler.module.spec.ts
2026-10-03T19:42:33.7372601Z PASS test/observability/sentry-incoming-request.spec.ts
2026-10-03T19:42:33.9092142Z PASS test/dunning-v2-feature-flag.spec.ts
2026-10-03T19:42:34.6405263Z A worker process has failed to exit gracefully and has been force exited. This is likely caused by tests leaking due to improper teardown. Try running with --detectOpenHandles to find leaks. Active timers can also cause this, ensure that .unref() was called on them.
2026-10-03T19:42:34.6431111Z 
2026-10-03T19:42:34.6431750Z Summary of all failing tests
2026-10-03T19:42:34.6432249Z FAIL test/roman/roman-launch-hardening.spec.ts
2026-10-03T19:42:34.6449964Z   ● FR1-651-3 the single per-session exclamation is spent once, then never allowed again › a stored reply that uses the exclamation marks the session; a spent session gets none
2026-10-03T19:42:34.6450899Z 
2026-10-03T19:42:34.6453355Z     expect(received).toBe(expected) // Object.is equality
2026-10-03T19:42:34.6453624Z 
2026-10-03T19:42:34.6458926Z     Expected: "Nice work! Keep it up."
2026-10-03T19:42:34.6473369Z     Received: "Nice work. Keep it up."
2026-10-03T19:42:34.6473818Z 
2026-10-03T19:42:34.6474754Z     [0m [90m 721 |[39m     [36mawait[39m drain(svc[33m.[39mstreamAssistantTurn([33mCLIENT[39m[33m,[39m fakeOf(session())[33m,[39m { userMessage[33m:[39m [32m'I hit my protein'[39m }))[33m;[39m
2026-10-03T19:42:34.6475673Z      [90m 722 |[39m     [36mconst[39m roman1 [33m=[39m first[33m.[39mstored[33m.[39mfilter((m) [33m=>[39m m[33m.[39mrole [33m===[39m [32m'roman'[39m)[33m;[39m
2026-10-03T19:42:34.6476406Z     [31m[1m>[22m[39m[90m 723 |[39m     expect(roman1[[35m0[39m][33m.[39mcontent)[33m.[39mtoBe([32m'Nice work! Keep it up.'[39m)[33m;[39m
2026-10-03T19:42:34.6476896Z      [90m     |[39m                               [31m[1m^[22m[39m
2026-10-03T19:42:34.6477740Z      [90m 724 |[39m     [36mconst[39m marks [33m=[39m first[33m.[39mprisma[33m.[39mromanSession[33m.[39mupdateMany[33m.[39mmock[33m.[39mcalls[33m.[39mmap(
2026-10-03T19:42:34.6479102Z      [90m 725 |[39m       (c[33m:[39m unknown[]) [33m=>[39m (c[[35m0[39m] [36mas[39m { data[33m:[39m [33mRecord[39m[33m<[39m[33mstring[39m[33m,[39m unknown[33m>[39m })[33m.[39mdata[33m.[39mexclamation_used[33m,[39m
2026-10-03T19:42:34.6479690Z      [90m 726 |[39m     )[33m;[39m[0m
2026-10-03T19:42:34.6479834Z 
2026-10-03T19:42:34.6480018Z       at Object.<anonymous> (test/roman/roman-launch-hardening.spec.ts:723:31)
2026-10-03T19:42:34.6480236Z 
2026-10-03T19:42:34.6480242Z 
2026-10-03T19:42:34.6480425Z Test Suites: 1 failed, 23 skipped, 719 passed, 720 of 743 total
2026-10-03T19:42:34.6480771Z Tests:       1 failed, 239 skipped, 5 todo, 12472 passed, 12717 total
2026-10-03T19:42:34.6481053Z Snapshots:   6 passed, 6 total
2026-10-03T19:42:34.6481261Z Time:        278.873 s
2026-10-03T19:42:34.6481436Z Ran all test suites.
2026-10-03T19:42:34.6632442Z ##[error]Process completed with exit code 1.
2026-10-03T19:42:34.6720472Z Post job cleanup.
2026-10-03T19:42:34.8170158Z [command]/usr/bin/git version
2026-10-03T19:42:34.8197833Z git version 2.55.0
2026-10-03T19:42:34.8225859Z Temporarily overriding HOME='/home/runner/work/_temp/e730acdf-2831-49d1-ab30-9a0e99fe5e7d' before making global git config changes
2026-10-03T19:42:34.8227197Z Adding repository directory to the temporary git global config as a safe directory
2026-10-03T19:42:34.8230698Z [command]/usr/bin/git config --global --add safe.directory /home/runner/work/growth-project-backend/growth-project-backend
2026-10-03T19:42:34.8253312Z Removing SSH command configuration
2026-10-03T19:42:34.8258869Z [command]/usr/bin/git config --local --name-only --get-regexp core\.sshCommand
2026-10-03T19:42:34.8283951Z [command]/usr/bin/git submodule foreach --recursive sh -c "git config --local --name-only --get-regexp 'core\.sshCommand' && git config --local --unset-all 'core.sshCommand' || :"
2026-10-03T19:42:34.8475850Z Removing HTTP extra header
2026-10-03T19:42:34.8479414Z [command]/usr/bin/git config --local --name-only --get-regexp http\.https\:\/\/github\.com\/\.extraheader
2026-10-03T19:42:34.8504134Z [command]/usr/bin/git submodule foreach --recursive sh -c "git config --local --name-only --get-regexp 'http\.https\:\/\/github\.com\/\.extraheader' && git config --local --unset-all 'http.https://github.com/.extraheader' || :"
2026-10-03T19:42:34.8655819Z Removing includeIf entries pointing to credentials config files
2026-10-03T19:42:34.8662104Z [command]/usr/bin/git config --local --name-only --get-regexp ^includeIf\.gitdir:
2026-10-03T19:42:34.8686998Z includeif.gitdir:/home/runner/work/growth-project-backend/growth-project-backend/.git.path
2026-10-03T19:42:34.8687772Z includeif.gitdir:/home/runner/work/growth-project-backend/growth-project-backend/.git/worktrees/*.path
2026-10-03T19:42:34.8688461Z includeif.gitdir:/github/workspace/.git.path
2026-10-03T19:42:34.8688767Z includeif.gitdir:/github/workspace/.git/worktrees/*.path
2026-10-03T19:42:34.8695578Z [command]/usr/bin/git config --local --get-all includeif.gitdir:/home/runner/work/growth-project-backend/growth-project-backend/.git.path
2026-10-03T19:42:34.8713468Z /home/runner/work/_temp/git-credentials-cbc76a5e-5100-4001-b43a-3d20c9a23052.config
2026-10-03T19:42:34.8721890Z [command]/usr/bin/git config --local --unset includeif.gitdir:/home/runner/work/growth-project-backend/growth-project-backend/.git.path /home/runner/work/_temp/git-credentials-cbc76a5e-5100-4001-b43a-3d20c9a23052.config
2026-10-03T19:42:34.8748071Z [command]/usr/bin/git config --local --get-all includeif.gitdir:/home/runner/work/growth-project-backend/growth-project-backend/.git/worktrees/*.path
2026-10-03T19:42:34.8762819Z /home/runner/work/_temp/git-credentials-cbc76a5e-5100-4001-b43a-3d20c9a23052.config
2026-10-03T19:42:34.8769615Z [command]/usr/bin/git config --local --unset includeif.gitdir:/home/runner/work/growth-project-backend/growth-project-backend/.git/worktrees/*.path /home/runner/work/_temp/git-credentials-cbc76a5e-5100-4001-b43a-3d20c9a23052.config
2026-10-03T19:42:34.8794686Z [command]/usr/bin/git config --local --get-all includeif.gitdir:/github/workspace/.git.path
2026-10-03T19:42:34.8809138Z /github/runner_temp/git-credentials-cbc76a5e-5100-4001-b43a-3d20c9a23052.config
2026-10-03T19:42:34.8814161Z [command]/usr/bin/git config --local --unset includeif.gitdir:/github/workspace/.git.path /github/runner_temp/git-credentials-cbc76a5e-5100-4001-b43a-3d20c9a23052.config
2026-10-03T19:42:34.8838963Z [command]/usr/bin/git config --local --get-all includeif.gitdir:/github/workspace/.git/worktrees/*.path
2026-10-03T19:42:34.8852679Z /github/runner_temp/git-credentials-cbc76a5e-5100-4001-b43a-3d20c9a23052.config
2026-10-03T19:42:34.8858053Z [command]/usr/bin/git config --local --unset includeif.gitdir:/github/workspace/.git/worktrees/*.path /github/runner_temp/git-credentials-cbc76a5e-5100-4001-b43a-3d20c9a23052.config
2026-10-03T19:42:34.8883852Z [command]/usr/bin/git submodule foreach --recursive git config --local --show-origin --name-only --get-regexp remote.origin.url
2026-10-03T19:42:34.9036526Z Removing credentials config '/home/runner/work/_temp/git-credentials-cbc76a5e-5100-4001-b43a-3d20c9a23052.config'
2026-10-03T19:42:34.9129045Z Print service container logs: 64496b49b2304615b7f64a58d19014ad_redis7alpine_79413c
2026-10-03T19:42:34.9132730Z ##[command]/usr/bin/docker logs --details c20c2ef856f22712629a06a627360ccb9982ddf0ee2a45802d8222fb348b4680
2026-10-03T19:42:34.9245584Z  1:C 03 Oct 2026 19:36:06.150 # WARNING Memory overcommit must be enabled! Without it, a background save or replication may fail under low memory condition. Being disabled, it can also cause failures without low memory condition, see https://github.com/jemalloc/jemalloc/issues/1328. To fix this issue add 'vm.overcommit_memory = 1' to /etc/sysctl.conf and then reboot or run the command 'sysctl vm.overcommit_memory=1' for this to take effect.
2026-10-03T19:42:34.9247215Z  1:C 03 Oct 2026 19:36:06.150 * oO0OoO0OoO0Oo Redis is starting oO0OoO0OoO0Oo
2026-10-03T19:42:34.9247731Z  1:C 03 Oct 2026 19:36:06.150 * Redis version=7.4.11, bits=64, commit=00000000, modified=0, pid=1, just started
2026-10-03T19:42:34.9248661Z  1:C 03 Oct 2026 19:36:06.150 # Warning: no config file specified, using the default config. In order to specify a config file use redis-server /path/to/redis.conf
2026-10-03T19:42:34.9249362Z  1:M 03 Oct 2026 19:36:06.150 * monotonic clock: POSIX clock_gettime
2026-10-03T19:42:34.9249730Z  1:M 03 Oct 2026 19:36:06.151 * Running mode=standalone, port=6379.
2026-10-03T19:42:34.9250112Z  1:M 03 Oct 2026 19:36:06.151 * Server initialized
2026-10-03T19:42:34.9250437Z  1:M 03 Oct 2026 19:36:06.151 * Ready to accept connections tcp
2026-10-03T19:42:34.9250774Z  1:M 03 Oct 2026 19:41:07.043 * 100 changes in 300 seconds. Saving...
2026-10-03T19:42:34.9251125Z  1:M 03 Oct 2026 19:41:07.044 * Background saving started by pid 369
2026-10-03T19:42:34.9251452Z  369:C 03 Oct 2026 19:41:07.140 * DB saved on disk
2026-10-03T19:42:34.9251808Z  369:C 03 Oct 2026 19:41:07.141 * Fork CoW for RDB: current 0 MB, peak 0 MB, average 0 MB
2026-10-03T19:42:34.9252218Z  1:M 03 Oct 2026 19:41:07.144 * Background saving terminated with success
2026-10-03T19:42:34.9260085Z Stop and remove container: 64496b49b2304615b7f64a58d19014ad_redis7alpine_79413c
2026-10-03T19:42:34.9263303Z ##[command]/usr/bin/docker rm --force c20c2ef856f22712629a06a627360ccb9982ddf0ee2a45802d8222fb348b4680
2026-10-03T19:42:35.0668406Z c20c2ef856f22712629a06a627360ccb9982ddf0ee2a45802d8222fb348b4680
2026-10-03T19:42:35.0690112Z Remove container network: github_network_cd7cb99a0afb4fe08064fa9a9a878641
2026-10-03T19:42:35.0693748Z ##[command]/usr/bin/docker network rm github_network_cd7cb99a0afb4fe08064fa9a9a878641
2026-10-03T19:42:35.2006310Z github_network_cd7cb99a0afb4fe08064fa9a9a878641
2026-10-03T19:42:35.2079547Z Cleaning up orphan processes
