2026-10-04T03:02:53.1983771Z Current runner version: '2.337.0'
2026-10-04T03:02:53.2009910Z ##[group]Runner Image Provisioner
2026-10-04T03:02:53.2011138Z Hosted Compute Agent
2026-10-04T03:02:53.2011757Z Version: 20260901.588
2026-10-04T03:02:53.2012485Z Commit: f88ec8081b781fac6c440065ac7ff9e710ce3d0b
2026-10-04T03:02:53.2013211Z Build Date: 2026-09-01T19:56:44Z
2026-10-04T03:02:53.2013902Z Worker ID: {331917aa-82c9-4160-92b6-8088e211302f}
2026-10-04T03:02:53.2014672Z Azure Region: westcentralus
2026-10-04T03:02:53.2015273Z ##[endgroup]
2026-10-04T03:02:53.2016827Z ##[group]Operating System
2026-10-04T03:02:53.2017485Z Ubuntu
2026-10-04T03:02:53.2018044Z 24.04.5
2026-10-04T03:02:53.2018645Z LTS
2026-10-04T03:02:53.2019156Z ##[endgroup]
2026-10-04T03:02:53.2019765Z ##[group]Runner Image
2026-10-04T03:02:53.2020383Z Image: ubuntu-24.04
2026-10-04T03:02:53.2021154Z Version: 20260927.320.1
2026-10-04T03:02:53.2022499Z Included Software: https://github.com/actions/runner-images/blob/ubuntu24/20260927.320/images/ubuntu/Ubuntu2404-Readme.md
2026-10-04T03:02:53.2024116Z Image Release: https://github.com/actions/runner-images/releases/tag/ubuntu24%2F20260927.320
2026-10-04T03:02:53.2025097Z ##[endgroup]
2026-10-04T03:02:53.2026321Z ##[group]GITHUB_TOKEN Permissions
2026-10-04T03:02:53.2028460Z Contents: read
2026-10-04T03:02:53.2029073Z Metadata: read
2026-10-04T03:02:53.2029713Z Packages: read
2026-10-04T03:02:53.2030297Z ##[endgroup]
2026-10-04T03:02:53.2032793Z Secret source: Actions
2026-10-04T03:02:53.2033881Z Cache mode: write
2026-10-04T03:02:53.2034583Z Prepare workflow directory
2026-10-04T03:02:53.2535591Z Prepare all required actions
2026-10-04T03:02:53.2592570Z Getting action download info
2026-10-04T03:02:53.5432047Z Download action repository 'actions/checkout@v6' (SHA:d23441a48e516b6c34aea4fa41551a30e30af803)
2026-10-04T03:02:53.6585030Z Download action repository 'actions/setup-node@v6' (SHA:249970729cb0ef3589644e2896645e5dc5ba9c38)
2026-10-04T03:02:53.8624560Z Complete job name: build-and-test
2026-10-04T03:02:53.9203661Z ##[group]Checking docker version
2026-10-04T03:02:53.9216907Z ##[command]/usr/bin/docker version --format '{{.Server.APIVersion}}'
2026-10-04T03:02:54.0285189Z '1.48'
2026-10-04T03:02:54.0295600Z Docker daemon API version: '1.48'
2026-10-04T03:02:54.0296380Z ##[command]/usr/bin/docker version --format '{{.Client.APIVersion}}'
2026-10-04T03:02:54.0458834Z '1.48'
2026-10-04T03:02:54.0472590Z Docker client API version: '1.48'
2026-10-04T03:02:54.0477900Z ##[endgroup]
2026-10-04T03:02:54.0480725Z ##[group]Clean up resources from previous jobs
2026-10-04T03:02:54.0486897Z ##[command]/usr/bin/docker ps --all --quiet --no-trunc --filter "label=fc658e"
2026-10-04T03:02:54.0632724Z ##[command]/usr/bin/docker network prune --force --filter "label=fc658e"
2026-10-04T03:02:54.0762652Z ##[endgroup]
2026-10-04T03:02:54.0763192Z ##[group]Create local container network
2026-10-04T03:02:54.0773452Z ##[command]/usr/bin/docker network create --label fc658e github_network_081f7029e2ee48b7b8deee2ed0e2009d
2026-10-04T03:02:54.1275056Z 47d134dc55c30efcaaf80b96a4ece8c73debfd80e6a6d326c64db2c19730b302
2026-10-04T03:02:54.1290053Z ##[endgroup]
2026-10-04T03:02:54.1313818Z ##[group]Starting redis service container
2026-10-04T03:02:54.1335074Z ##[command]/usr/bin/docker pull redis:7-alpine
2026-10-04T03:02:54.7960325Z 7-alpine: Pulling from library/redis
2026-10-04T03:02:55.0052776Z 16333ee0c00f: Pulling fs layer
2026-10-04T03:02:55.0054263Z 83234986c742: Pulling fs layer
2026-10-04T03:02:55.0055530Z 7eb50503c2b0: Pulling fs layer
2026-10-04T03:02:55.0056654Z 1522f9c6f453: Pulling fs layer
2026-10-04T03:02:55.0057599Z 9928009b15c8: Pulling fs layer
2026-10-04T03:02:55.0058601Z 4f4fb700ef54: Pulling fs layer
2026-10-04T03:02:55.0059556Z 4eb14bae0e1d: Pulling fs layer
2026-10-04T03:02:55.0060464Z 1522f9c6f453: Waiting
2026-10-04T03:02:55.0061666Z 9928009b15c8: Waiting
2026-10-04T03:02:55.0062533Z 4f4fb700ef54: Waiting
2026-10-04T03:02:55.0063368Z 4eb14bae0e1d: Waiting
2026-10-04T03:02:55.1970326Z 83234986c742: Verifying Checksum
2026-10-04T03:02:55.1972190Z 83234986c742: Download complete
2026-10-04T03:02:55.2404732Z 7eb50503c2b0: Verifying Checksum
2026-10-04T03:02:55.2405447Z 7eb50503c2b0: Download complete
2026-10-04T03:02:55.3576302Z 16333ee0c00f: Download complete
2026-10-04T03:02:55.4193407Z 9928009b15c8: Download complete
2026-10-04T03:02:55.4683592Z 16333ee0c00f: Pull complete
2026-10-04T03:02:55.4944040Z 83234986c742: Pull complete
2026-10-04T03:02:55.5490736Z 4f4fb700ef54: Verifying Checksum
2026-10-04T03:02:55.5492559Z 4f4fb700ef54: Download complete
2026-10-04T03:02:55.6103001Z 1522f9c6f453: Verifying Checksum
2026-10-04T03:02:55.6104196Z 1522f9c6f453: Download complete
2026-10-04T03:02:55.6214565Z 4eb14bae0e1d: Verifying Checksum
2026-10-04T03:02:55.6215313Z 4eb14bae0e1d: Download complete
2026-10-04T03:02:55.6520478Z 7eb50503c2b0: Pull complete
2026-10-04T03:02:55.8396039Z 1522f9c6f453: Pull complete
2026-10-04T03:02:55.8499198Z 9928009b15c8: Pull complete
2026-10-04T03:02:55.8576560Z 4f4fb700ef54: Pull complete
2026-10-04T03:02:55.8682192Z 4eb14bae0e1d: Pull complete
2026-10-04T03:02:55.8718190Z Digest: sha256:858f009f9709ce576febc734aa78b8f6d624b82571f9ddb6bda4377c833b3499
2026-10-04T03:02:55.8729404Z Status: Downloaded newer image for redis:7-alpine
2026-10-04T03:02:55.8738533Z docker.io/library/redis:7-alpine
2026-10-04T03:02:55.8775561Z ##[command]/usr/bin/docker create --name 0528a764b17d4cfc9dee90e4fb8aa297_redis7alpine_f12f71 --label fc658e --network github_network_081f7029e2ee48b7b8deee2ed0e2009d --network-alias redis -p 6379:6379 --health-cmd "redis-cli ping" --health-interval 5s --health-timeout 3s --health-retries 10 -e GITHUB_ACTIONS=true -e CI=true redis:7-alpine
2026-10-04T03:02:55.9049828Z 4c332e496c85e5b6dbd73eee122d8e65ea80877003f95ac90de678c3fec72834
2026-10-04T03:02:55.9073469Z ##[command]/usr/bin/docker start 4c332e496c85e5b6dbd73eee122d8e65ea80877003f95ac90de678c3fec72834
2026-10-04T03:02:56.1236187Z 4c332e496c85e5b6dbd73eee122d8e65ea80877003f95ac90de678c3fec72834
2026-10-04T03:02:56.1269460Z ##[command]/usr/bin/docker ps --all --filter id=4c332e496c85e5b6dbd73eee122d8e65ea80877003f95ac90de678c3fec72834 --filter status=running --no-trunc --format "{{.ID}} {{.Status}}"
2026-10-04T03:02:56.1398043Z 4c332e496c85e5b6dbd73eee122d8e65ea80877003f95ac90de678c3fec72834 Up Less than a second (health: starting)
2026-10-04T03:02:56.1416763Z ##[command]/usr/bin/docker port 4c332e496c85e5b6dbd73eee122d8e65ea80877003f95ac90de678c3fec72834
2026-10-04T03:02:56.1536272Z 6379/tcp -> 0.0.0.0:6379
2026-10-04T03:02:56.1536734Z 6379/tcp -> [::]:6379
2026-10-04T03:02:56.1583801Z ##[endgroup]
2026-10-04T03:02:56.1592716Z ##[group]Waiting for all services to be ready
2026-10-04T03:02:56.1606013Z ##[command]/usr/bin/docker inspect --format="{{if .Config.Healthcheck}}{{print .State.Health.Status}}{{end}}" 4c332e496c85e5b6dbd73eee122d8e65ea80877003f95ac90de678c3fec72834
2026-10-04T03:02:56.1733693Z starting
2026-10-04T03:02:56.1754776Z redis service is starting, waiting 2 seconds before checking again.
2026-10-04T03:02:58.1753005Z ##[command]/usr/bin/docker inspect --format="{{if .Config.Healthcheck}}{{print .State.Health.Status}}{{end}}" 4c332e496c85e5b6dbd73eee122d8e65ea80877003f95ac90de678c3fec72834
2026-10-04T03:02:58.1883975Z starting
2026-10-04T03:02:58.1903537Z redis service is starting, waiting 4 seconds before checking again.
2026-10-04T03:03:02.5533628Z ##[command]/usr/bin/docker inspect --format="{{if .Config.Healthcheck}}{{print .State.Health.Status}}{{end}}" 4c332e496c85e5b6dbd73eee122d8e65ea80877003f95ac90de678c3fec72834
2026-10-04T03:03:02.5657937Z healthy
2026-10-04T03:03:02.5675111Z redis service is healthy.
2026-10-04T03:03:02.5675877Z ##[endgroup]
2026-10-04T03:03:02.6036496Z ##[group]Run actions/checkout@v6
2026-10-04T03:03:02.6037094Z with:
2026-10-04T03:03:02.6037413Z   repository: BradleyGleavePortfolio/growth-project-backend
2026-10-04T03:03:02.6039925Z   token: ***
2026-10-04T03:03:02.6040157Z   ssh-strict: true
2026-10-04T03:03:02.6040368Z   ssh-user: git
2026-10-04T03:03:02.6040620Z   persist-credentials: true
2026-10-04T03:03:02.6041283Z   clean: true
2026-10-04T03:03:02.6041507Z   sparse-checkout-cone-mode: true
2026-10-04T03:03:02.6041760Z   fetch-depth: 1
2026-10-04T03:03:02.6041960Z   fetch-tags: false
2026-10-04T03:03:02.6042172Z   show-progress: true
2026-10-04T03:03:02.6042380Z   lfs: false
2026-10-04T03:03:02.6042569Z   submodules: false
2026-10-04T03:03:02.6042773Z   set-safe-directory: true
2026-10-04T03:03:02.6043017Z   allow-unsafe-pr-checkout: false
2026-10-04T03:03:02.6043543Z ##[endgroup]
2026-10-04T03:03:02.7018025Z Syncing repository: BradleyGleavePortfolio/growth-project-backend
2026-10-04T03:03:02.7019480Z ##[group]Getting Git version info
2026-10-04T03:03:02.7020009Z Working directory is '/home/runner/work/growth-project-backend/growth-project-backend'
2026-10-04T03:03:02.7020701Z [command]/usr/bin/git version
2026-10-04T03:03:02.7142913Z git version 2.55.0
2026-10-04T03:03:02.7165065Z ##[endgroup]
2026-10-04T03:03:02.7178634Z Temporarily overriding HOME='/home/runner/work/_temp/7b34c9d5-492d-4433-8e84-6050f487b005' before making global git config changes
2026-10-04T03:03:02.7179970Z Adding repository directory to the temporary git global config as a safe directory
2026-10-04T03:03:02.7184662Z [command]/usr/bin/git config --global --add safe.directory /home/runner/work/growth-project-backend/growth-project-backend
2026-10-04T03:03:02.7239494Z Deleting the contents of '/home/runner/work/growth-project-backend/growth-project-backend'
2026-10-04T03:03:02.7244173Z ##[group]Determining repository object format
2026-10-04T03:03:02.7246798Z ##[endgroup]
2026-10-04T03:03:02.7247369Z ##[group]Initializing the repository
2026-10-04T03:03:02.7251358Z [command]/usr/bin/git init /home/runner/work/growth-project-backend/growth-project-backend
2026-10-04T03:03:02.7382321Z hint: Using 'master' as the name for the initial branch. This default branch name
2026-10-04T03:03:02.7383318Z hint: will change to "main" in Git 3.0. To configure the initial branch name
2026-10-04T03:03:02.7384278Z hint: to use in all of your new repositories, which will suppress this warning,
2026-10-04T03:03:02.7385021Z hint: call:
2026-10-04T03:03:02.7385341Z hint:
2026-10-04T03:03:02.7385801Z hint: 	git config --global init.defaultBranch <name>
2026-10-04T03:03:02.7386336Z hint:
2026-10-04T03:03:02.7386848Z hint: Names commonly chosen instead of 'master' are 'main', 'trunk' and
2026-10-04T03:03:02.7387690Z hint: 'development'. The just-created branch can be renamed via this command:
2026-10-04T03:03:02.7388376Z hint:
2026-10-04T03:03:02.7388765Z hint: 	git branch -m <name>
2026-10-04T03:03:02.7389204Z hint:
2026-10-04T03:03:02.7389626Z hint: Disable this message with "git config set advice.defaultBranchName false"
2026-10-04T03:03:02.7390398Z Initialized empty Git repository in /home/runner/work/growth-project-backend/growth-project-backend/.git/
2026-10-04T03:03:02.7397713Z [command]/usr/bin/git remote add origin https://github.com/BradleyGleavePortfolio/growth-project-backend
2026-10-04T03:03:02.7453418Z ##[endgroup]
2026-10-04T03:03:02.7454086Z ##[group]Disabling automatic garbage collection
2026-10-04T03:03:02.7458870Z [command]/usr/bin/git config --local gc.auto 0
2026-10-04T03:03:02.7491640Z ##[endgroup]
2026-10-04T03:03:02.7492267Z ##[group]Setting up auth
2026-10-04T03:03:02.7493178Z Removing SSH command configuration
2026-10-04T03:03:02.7499730Z [command]/usr/bin/git config --local --name-only --get-regexp core\.sshCommand
2026-10-04T03:03:02.7532370Z [command]/usr/bin/git submodule foreach --recursive sh -c "git config --local --name-only --get-regexp 'core\.sshCommand' && git config --local --unset-all 'core.sshCommand' || :"
2026-10-04T03:03:02.7899848Z Removing HTTP extra header
2026-10-04T03:03:02.7906443Z [command]/usr/bin/git config --local --name-only --get-regexp http\.https\:\/\/github\.com\/\.extraheader
2026-10-04T03:03:02.7938878Z [command]/usr/bin/git submodule foreach --recursive sh -c "git config --local --name-only --get-regexp 'http\.https\:\/\/github\.com\/\.extraheader' && git config --local --unset-all 'http.https://github.com/.extraheader' || :"
2026-10-04T03:03:02.8148456Z Removing includeIf entries pointing to credentials config files
2026-10-04T03:03:02.8155531Z [command]/usr/bin/git config --local --name-only --get-regexp ^includeIf\.gitdir:
2026-10-04T03:03:02.8186058Z [command]/usr/bin/git submodule foreach --recursive git config --local --show-origin --name-only --get-regexp remote.origin.url
2026-10-04T03:03:02.8402818Z [command]/usr/bin/git config --file /home/runner/work/_temp/git-credentials-849187c2-2a9b-413d-af1b-2c473b42d6d7.config http.https://github.com/.extraheader AUTHORIZATION: basic ***
2026-10-04T03:03:02.8438277Z [command]/usr/bin/git config --local includeIf.gitdir:/home/runner/work/growth-project-backend/growth-project-backend/.git.path /home/runner/work/_temp/git-credentials-849187c2-2a9b-413d-af1b-2c473b42d6d7.config
2026-10-04T03:03:02.8492085Z [command]/usr/bin/git config --local includeIf.gitdir:/home/runner/work/growth-project-backend/growth-project-backend/.git/worktrees/*.path /home/runner/work/_temp/git-credentials-849187c2-2a9b-413d-af1b-2c473b42d6d7.config
2026-10-04T03:03:02.8524485Z [command]/usr/bin/git config --local includeIf.gitdir:/github/workspace/.git.path /github/runner_temp/git-credentials-849187c2-2a9b-413d-af1b-2c473b42d6d7.config
2026-10-04T03:03:02.8553524Z [command]/usr/bin/git config --local includeIf.gitdir:/github/workspace/.git/worktrees/*.path /github/runner_temp/git-credentials-849187c2-2a9b-413d-af1b-2c473b42d6d7.config
2026-10-04T03:03:02.8590234Z ##[endgroup]
2026-10-04T03:03:02.8591093Z ##[group]Fetching the repository
2026-10-04T03:03:02.8596634Z [command]/usr/bin/git -c protocol.version=2 fetch --no-tags --prune --no-recurse-submodules --depth=1 origin +012dc82d2a8aac19a45416fc5e8a2038f8349886:refs/remotes/pull/652/merge
2026-10-04T03:03:04.7861888Z From https://github.com/BradleyGleavePortfolio/growth-project-backend
2026-10-04T03:03:04.7862788Z  * [new ref]         012dc82d2a8aac19a45416fc5e8a2038f8349886 -> pull/652/merge
2026-10-04T03:03:04.7868947Z ##[endgroup]
2026-10-04T03:03:04.7869903Z ##[group]Determining the checkout info
2026-10-04T03:03:04.7871274Z ##[endgroup]
2026-10-04T03:03:04.7878121Z [command]/usr/bin/git sparse-checkout disable
2026-10-04T03:03:04.7934033Z [command]/usr/bin/git config --local --unset-all extensions.worktreeConfig
2026-10-04T03:03:04.7966726Z ##[group]Checking out the ref
2026-10-04T03:03:04.7982167Z [command]/usr/bin/git checkout --progress --force refs/remotes/pull/652/merge
2026-10-04T03:03:05.0120769Z Note: switching to 'refs/remotes/pull/652/merge'.
2026-10-04T03:03:05.0121641Z 
2026-10-04T03:03:05.0122003Z You are in 'detached HEAD' state. You can look around, make experimental
2026-10-04T03:03:05.0122635Z changes and commit them, and you can discard any commits you make in this
2026-10-04T03:03:05.0123234Z state without impacting any branches by switching back to a branch.
2026-10-04T03:03:05.0123604Z 
2026-10-04T03:03:05.0123870Z If you want to create a new branch to retain commits you create, you may
2026-10-04T03:03:05.0124432Z do so (now or later) by using -c with the switch command. Example:
2026-10-04T03:03:05.0124765Z 
2026-10-04T03:03:05.0124917Z   git switch -c <new-branch-name>
2026-10-04T03:03:05.0125128Z 
2026-10-04T03:03:05.0125257Z Or undo this operation with:
2026-10-04T03:03:05.0125449Z 
2026-10-04T03:03:05.0125557Z   git switch -
2026-10-04T03:03:05.0125705Z 
2026-10-04T03:03:05.0125959Z Turn off this advice by setting config variable advice.detachedHead to false
2026-10-04T03:03:05.0126274Z 
2026-10-04T03:03:05.0126622Z HEAD is now at 012dc82 Merge 74667fe7500aeb23caa55469197e3e55c219965a into f57baba35af51981d0b778ddf4bbdba3e3dfbb07
2026-10-04T03:03:05.0134147Z ##[endgroup]
2026-10-04T03:03:05.0179059Z [command]/usr/bin/git log -1 --format=%H
2026-10-04T03:03:05.0204099Z 012dc82d2a8aac19a45416fc5e8a2038f8349886
2026-10-04T03:03:05.0416421Z ##[group]Run if [ -n "$(git ls-files dist/ 2>/dev/null)" ]; then
2026-10-04T03:03:05.0416996Z [36;1mif [ -n "$(git ls-files dist/ 2>/dev/null)" ]; then[0m
2026-10-04T03:03:05.0417443Z [36;1m  echo "ERROR: dist/ is committed. Run: git rm -r --cached dist/"[0m
2026-10-04T03:03:05.0418010Z [36;1m  exit 1[0m
2026-10-04T03:03:05.0418207Z [36;1mfi[0m
2026-10-04T03:03:05.0646283Z shell: /usr/bin/bash -e {0}
2026-10-04T03:03:05.0646610Z ##[endgroup]
2026-10-04T03:03:05.0817504Z ##[group]Run if git grep -nI 'tgp\.app' -- ':(exclude)package-lock.json' ':(exclude)node_modules'; then
2026-10-04T03:03:05.0818266Z [36;1mif git grep -nI 'tgp\.app' -- ':(exclude)package-lock.json' ':(exclude)node_modules'; then[0m
2026-10-04T03:03:05.0818853Z [36;1m  echo "ERROR: R45 violation — the banned hostname appears in source."[0m
2026-10-04T03:03:05.0819252Z [36;1m  exit 1[0m
2026-10-04T03:03:05.0819448Z [36;1mfi[0m
2026-10-04T03:03:05.0880783Z shell: /usr/bin/bash -e {0}
2026-10-04T03:03:05.0881259Z ##[endgroup]
2026-10-04T03:03:05.1438866Z ##[group]Run actions/setup-node@v6
2026-10-04T03:03:05.1439164Z with:
2026-10-04T03:03:05.1439357Z   node-version: 20
2026-10-04T03:03:05.1439565Z   cache: npm
2026-10-04T03:03:05.1439775Z   check-latest: false
2026-10-04T03:03:05.1442304Z   token: ***
2026-10-04T03:03:05.1442536Z   package-manager-cache: true
2026-10-04T03:03:05.1442783Z ##[endgroup]
2026-10-04T03:03:05.2828802Z Attempting to download 20...
2026-10-04T03:03:06.1796669Z Acquiring 20.20.2 - x64 from https://github.com/actions/node-versions/releases/download/20.20.2-23521894959/node-20.20.2-linux-x64.tar.gz
2026-10-04T03:03:06.8374856Z Extracting ...
2026-10-04T03:03:06.8498279Z [command]/usr/bin/tar xz --strip 1 --warning=no-unknown-keyword --overwrite -C /home/runner/work/_temp/eeb5cad4-e706-48d8-9356-408e60d990c2 -f /home/runner/work/_temp/783265a6-488b-4f15-bcce-b1a381f22ded
2026-10-04T03:03:07.9011673Z Adding to the cache ...
2026-10-04T03:03:09.6940198Z ##[group]Environment details
2026-10-04T03:03:09.9223424Z node: v20.20.2
2026-10-04T03:03:09.9223835Z npm: 10.8.2
2026-10-04T03:03:09.9224151Z yarn: 1.22.22
2026-10-04T03:03:09.9224820Z ##[endgroup]
2026-10-04T03:03:09.9246335Z [command]/opt/hostedtoolcache/node/20.20.2/x64/bin/npm config get cache
2026-10-04T03:03:10.0257886Z /home/runner/.npm
2026-10-04T03:03:10.2016958Z Cache hit for: node-cache-Linux-x64-npm-07f78abbac5e2cbfcef112b8b919e298f8da38fa5e6aaf98a3625ef672bd5b12
2026-10-04T03:03:11.4094566Z Received 33554432 of 86828135 (38.6%), 32.0 MBs/sec
2026-10-04T03:03:11.7291865Z Received 86828135 of 86828135 (100.0%), 62.7 MBs/sec
2026-10-04T03:03:11.7293056Z Cache Size: ~83 MB (86828135 B)
2026-10-04T03:03:11.7328267Z [command]/usr/bin/tar -xf /home/runner/work/_temp/b95bc559-56af-4a5c-8642-a49c851bd81e/cache.tzst -P -C /home/runner/work/growth-project-backend/growth-project-backend --use-compress-program unzstd
2026-10-04T03:03:11.9065492Z Cache restored successfully
2026-10-04T03:03:11.9111761Z Cache restored from key: node-cache-Linux-x64-npm-07f78abbac5e2cbfcef112b8b919e298f8da38fa5e6aaf98a3625ef672bd5b12
2026-10-04T03:03:11.9277987Z ##[group]Run npm ci
2026-10-04T03:03:11.9278257Z [36;1mnpm ci[0m
2026-10-04T03:03:11.9344132Z shell: /usr/bin/bash -e {0}
2026-10-04T03:03:11.9344419Z ##[endgroup]
2026-10-04T03:03:17.8483613Z npm warn deprecated inflight@1.0.6: This module is not supported, and leaks memory. Do not use it. Check out lru-cache if you want a good and tested way to coalesce async requests by a key value, which is much more comprehensive and powerful.
2026-10-04T03:03:18.7555283Z npm warn deprecated jpeg-exif@1.1.4: Package no longer supported. Contact Support at https://www.npmjs.com/support for more info.
2026-10-04T03:03:20.2183878Z npm warn deprecated glob@7.2.3: Old versions of glob are not supported, and contain widely publicized security vulnerabilities, which have been fixed in the current version. Please update. Support for old versions may be purchased (at exorbitant rates) by contacting i@izs.me
2026-10-04T03:03:21.6239973Z npm warn deprecated glob@10.5.0: Old versions of glob are not supported, and contain widely publicized security vulnerabilities, which have been fixed in the current version. Please update. Support for old versions may be purchased (at exorbitant rates) by contacting i@izs.me
2026-10-04T03:03:21.6244543Z npm warn deprecated glob@10.5.0: Old versions of glob are not supported, and contain widely publicized security vulnerabilities, which have been fixed in the current version. Please update. Support for old versions may be purchased (at exorbitant rates) by contacting i@izs.me
2026-10-04T03:03:21.7133203Z npm warn deprecated glob@10.5.0: Old versions of glob are not supported, and contain widely publicized security vulnerabilities, which have been fixed in the current version. Please update. Support for old versions may be purchased (at exorbitant rates) by contacting i@izs.me
2026-10-04T03:03:34.5571133Z 
2026-10-04T03:03:34.5571837Z > growth-project-backend@1.0.0 postinstall
2026-10-04T03:03:34.5572272Z > prisma generate
2026-10-04T03:03:34.5574124Z 
2026-10-04T03:03:35.5016563Z Prisma schema loaded from prisma/schema.prisma
2026-10-04T03:03:39.2904977Z ┌─────────────────────────────────────────────────────────┐
2026-10-04T03:03:39.2906026Z │  Update available 6.19.3 -> 8.0.0-rc.19                 │
2026-10-04T03:03:39.2906980Z │                                                         │
2026-10-04T03:03:39.2908067Z │  This is a major update - please follow the guide at    │
2026-10-04T03:03:39.2909188Z │  https://pris.ly/d/major-version-upgrade                │
2026-10-04T03:03:39.2910236Z │                                                         │
2026-10-04T03:03:39.2911482Z │  Run the following to update                            │
2026-10-04T03:03:39.2912589Z │    npm i --save-dev prisma@latest                       │
2026-10-04T03:03:39.2913667Z │    npm i @prisma/client@latest                          │
2026-10-04T03:03:39.2914781Z └─────────────────────────────────────────────────────────┘
2026-10-04T03:03:39.2915634Z 
2026-10-04T03:03:39.2916791Z ✔ Generated Prisma Client (v6.19.3) to ./node_modules/@prisma/client in 2.07s
2026-10-04T03:03:39.2917822Z 
2026-10-04T03:03:39.2918732Z Start by importing your Prisma Client (See: https://pris.ly/d/importing-client)
2026-10-04T03:03:39.2919668Z 
2026-10-04T03:03:39.2920785Z Tip: Interested in query caching in just a few lines of code? Try Accelerate today! https://pris.ly/tip-3-accelerate
2026-10-04T03:03:39.2922226Z 
2026-10-04T03:03:39.3449265Z 
2026-10-04T03:03:39.3449986Z > growth-project-backend@1.0.0 prepare
2026-10-04T03:03:39.3450696Z > lefthook install
2026-10-04T03:03:39.3451475Z 
2026-10-04T03:03:39.3954328Z sync hooks: ✔️(pre-commit, commit-msg)
2026-10-04T03:03:39.4124251Z 
2026-10-04T03:03:39.4125122Z added 1115 packages, and audited 1116 packages in 27s
2026-10-04T03:03:39.4125436Z 
2026-10-04T03:03:39.4125620Z 202 packages are looking for funding
2026-10-04T03:03:39.4125943Z   run `npm fund` for details
2026-10-04T03:03:39.4157618Z 
2026-10-04T03:03:39.4157913Z 3 high severity vulnerabilities
2026-10-04T03:03:39.4158665Z 
2026-10-04T03:03:39.4158963Z To address all issues (including breaking changes), run:
2026-10-04T03:03:39.4159410Z   npm audit fix --force
2026-10-04T03:03:39.4159593Z 
2026-10-04T03:03:39.4159730Z Run `npm audit` for details.
2026-10-04T03:03:39.4771779Z ##[group]Run npm run guard:vendors
2026-10-04T03:03:39.4772145Z [36;1mnpm run guard:vendors[0m
2026-10-04T03:03:39.4834089Z shell: /usr/bin/bash -e {0}
2026-10-04T03:03:39.4834371Z ##[endgroup]
2026-10-04T03:03:39.5955805Z 
2026-10-04T03:03:39.5956477Z > growth-project-backend@1.0.0 guard:vendors
2026-10-04T03:03:39.5957035Z > node scripts/vendor-name-guard.mjs
2026-10-04T03:03:39.5957309Z 
2026-10-04T03:03:39.7909556Z .vendor-name-guard.json: 6 hit(s) — Guard configuration names the quarantined oracle path.; retire: V1 learned-path parity
2026-10-04T03:03:39.7912371Z src/scout/**/*.spec.ts: 6 hit(s) — Importer unit tests preserve legacy source-contract evidence.; retire: V1 learned-path parity
2026-10-04T03:03:39.7914545Z src/extension-pair/**/__tests__/**: 47 hit(s) — Importer pairing tests preserve legacy source-contract evidence.; retire: V1 learned-path parity
2026-10-04T03:03:39.7917079Z test/scout/**: 349 hit(s) — Importer tests preserve legacy source-contract evidence.; retire: V1 learned-path parity
2026-10-04T03:03:39.7919068Z docs/importer/NORTH_STAR.md: 3 hit(s) — Current importer governance record states the retired legacy oracle.; retire: V1 learned-path parity
2026-10-04T03:03:39.7921199Z src/scout/reconstruct/sources/truecoach.json: 1 hit(s) — Quarantined legacy oracle.; retire: V1 learned-path parity
2026-10-04T03:03:39.7922581Z README.md: 4 hit(s) — non-importer domain; retire: n/a (other domain)
2026-10-04T03:03:39.7924246Z prisma/migrations/20260513000000_food_logger_trainerize_floor/migration.sql: 2 hit(s) — non-importer domain; retire: n/a (other domain)
2026-10-04T03:03:39.7925864Z src/common/env-validation.ts: 1 hit(s) — non-importer domain; retire: n/a (other domain)
2026-10-04T03:03:39.7927167Z src/food/food-density.ts: 1 hit(s) — non-importer domain; retire: n/a (other domain)
2026-10-04T03:03:39.7928459Z src/food/food-query-parser.ts: 1 hit(s) — non-importer domain; retire: n/a (other domain)
2026-10-04T03:03:39.7929707Z src/log/log.dto.ts: 1 hit(s) — non-importer domain; retire: n/a (other domain)
2026-10-04T03:03:39.7931678Z docs/decisions/2026-07-16-importer-f-scout-reconstruct.md: 4 hit(s) — Historical importer decision record.; retire: Historical record retained
2026-10-04T03:03:39.7933703Z docs/decisions/2026-07-19-importer-h-multi-family-reconstruction.md: 2 hit(s) — Historical importer decision record.; retire: Historical record retained
2026-10-04T03:03:39.7935020Z docs/decisions/2026-09-18-g2-transition-writer-cursors.md: 1 hit(s) — Historical importer decision record.; retire: Historical record retained
2026-10-04T03:03:39.7936290Z docs/decisions/2026-09-24-s8-native-contract.md: 10 hit(s) — Historical importer decision record.; retire: Historical record retained
2026-10-04T03:03:39.7937359Z test/env-validation.spec.ts: 1 hit(s) — non-importer domain; retire: n/a (other domain)
2026-10-04T03:03:39.7938418Z test/fixtures/conformance/conformance-alpha.json.raw: 1 hit(s) — Importer fixture.; retire: V1 learned-path parity
2026-10-04T03:03:39.7939528Z test/fixtures/truecoach/client-history.golden.json: 5 hit(s) — Importer fixture.; retire: V1 learned-path parity
2026-10-04T03:03:39.7940540Z test/fixtures/truecoach/clients.golden.json: 5 hit(s) — Importer fixture.; retire: V1 learned-path parity
2026-10-04T03:03:39.7941742Z test/fixtures/truecoach/workouts.golden.json: 5 hit(s) — Importer fixture.; retire: V1 learned-path parity
2026-10-04T03:03:39.7942698Z test/rls-c1-setup.spec.ts: 36 hit(s) — Importer RLS test.; retire: V1 learned-path parity
2026-10-04T03:03:39.7943592Z test/rls-g2-b-drain.spec.ts: 16 hit(s) — Importer RLS test.; retire: V1 learned-path parity
2026-10-04T03:03:39.7944496Z test/rls-g2-c-contract.spec.ts: 48 hit(s) — Importer RLS test.; retire: V1 learned-path parity
2026-10-04T03:03:39.7945487Z test/rls-g2-ledger-expand.spec.ts: 10 hit(s) — Importer RLS test.; retire: V1 learned-path parity
2026-10-04T03:03:39.7946413Z test/rls-g2-nq1.spec.ts: 26 hit(s) — Importer RLS test.; retire: V1 learned-path parity
2026-10-04T03:03:39.7947722Z test/rls-g2-pg17-etq0.spec.ts: 63 hit(s) — Importer RLS test.; retire: V1 learned-path parity
2026-10-04T03:03:39.7948698Z test/rls-g2-r-ready.spec.ts: 21 hit(s) — Importer RLS test.; retire: V1 learned-path parity
2026-10-04T03:03:39.7950191Z test/rls-g2-s8b.spec.ts: 5 hit(s) — Importer RLS test.; retire: V1 learned-path parity
2026-10-04T03:03:39.7951373Z test/rls-g2-s8c.spec.ts: 2 hit(s) — Importer RLS test.; retire: V1 learned-path parity
2026-10-04T03:03:39.7952117Z test/rls-g2-s8f.spec.ts: 5 hit(s) — Importer RLS test.; retire: V1 learned-path parity
2026-10-04T03:03:39.7952845Z test/rls-g2-tq0.spec.ts: 24 hit(s) — Importer RLS test.; retire: V1 learned-path parity
2026-10-04T03:03:39.7953674Z test/truecoach-golden-fixture.spec.ts: 5 hit(s) — Importer fixture test.; retire: V1 learned-path parity
2026-10-04T03:03:39.7954564Z test/utils/g2-b-drain-pg-harness.ts: 3 hit(s) — Importer test harness.; retire: V1 learned-path parity
2026-10-04T03:03:39.7955628Z test/utils/g2-c-harness.ts: 1 hit(s) — Importer test harness.; retire: V1 learned-path parity
2026-10-04T03:03:39.7956430Z test/utils/g2-c-pg-harness.ts: 3 hit(s) — Importer test harness.; retire: V1 learned-path parity
2026-10-04T03:03:39.7957690Z test/utils/g2-nq1-pg-harness.ts: 3 hit(s) — Importer test harness.; retire: V1 learned-path parity
2026-10-04T03:03:39.7958521Z test/utils/g2-pg17-harness.ts: 3 hit(s) — Importer test harness.; retire: V1 learned-path parity
2026-10-04T03:03:39.7959356Z test/utils/g2-r-ready-pg-harness.ts: 3 hit(s) — Importer test harness.; retire: V1 learned-path parity
2026-10-04T03:03:39.7960178Z test/utils/g2-s10b-harness.ts: 1 hit(s) — Importer test harness.; retire: V1 learned-path parity
2026-10-04T03:03:39.7961236Z test/utils/g2-s7l-harness.ts: 2 hit(s) — Importer test harness.; retire: V1 learned-path parity
2026-10-04T03:03:39.7962081Z test/utils/g2-s7l-worker.cjs: 1 hit(s) — Importer test harness.; retire: V1 learned-path parity
2026-10-04T03:03:39.7962930Z test/utils/g2-s8b-harness.ts: 4 hit(s) — Importer test harness.; retire: V1 learned-path parity
2026-10-04T03:03:39.7963737Z test/utils/g2-s8f-pg-harness.ts: 3 hit(s) — Importer test harness.; retire: V1 learned-path parity
2026-10-04T03:03:39.7964520Z test/utils/g2-s8g-harness.ts: 1 hit(s) — Importer test harness.; retire: V1 learned-path parity
2026-10-04T03:03:39.7965294Z test/utils/g2-s9c-harness.ts: 1 hit(s) — Importer test harness.; retire: V1 learned-path parity
2026-10-04T03:03:39.7965775Z vendor-name guard: passed
2026-10-04T03:03:39.8050390Z ##[group]Run npm run test:guard:vendors
2026-10-04T03:03:39.8050748Z [36;1mnpm run test:guard:vendors[0m
2026-10-04T03:03:39.8121647Z shell: /usr/bin/bash -e {0}
2026-10-04T03:03:39.8121915Z ##[endgroup]
2026-10-04T03:03:39.9359234Z 
2026-10-04T03:03:39.9360136Z > growth-project-backend@1.0.0 test:guard:vendors
2026-10-04T03:03:39.9361296Z > node scripts/vendor-name-guard.self-test.mjs
2026-10-04T03:03:39.9361730Z 
2026-10-04T03:03:40.1787672Z vendor-name guard self-test: passed
2026-10-04T03:03:40.1913904Z ##[group]Run npx prisma generate
2026-10-04T03:03:40.1914253Z [36;1mnpx prisma generate[0m
2026-10-04T03:03:40.1974026Z shell: /usr/bin/bash -e {0}
2026-10-04T03:03:40.1974296Z ##[endgroup]
2026-10-04T03:03:41.4347301Z Prisma schema loaded from prisma/schema.prisma
2026-10-04T03:03:45.1849960Z 
2026-10-04T03:03:45.1851398Z ✔ Generated Prisma Client (v6.19.3) to ./node_modules/@prisma/client in 2.05s
2026-10-04T03:03:45.1851896Z 
2026-10-04T03:03:45.1852382Z Start by importing your Prisma Client (See: https://pris.ly/d/importing-client)
2026-10-04T03:03:45.1852828Z 
2026-10-04T03:03:45.1853195Z Tip: Want to turn off tips and other hints? https://pris.ly/tip-4-nohints
2026-10-04T03:03:45.1853577Z 
2026-10-04T03:03:45.2530015Z ##[group]Run npm run lint --if-present
2026-10-04T03:03:45.2530599Z [36;1mnpm run lint --if-present[0m
2026-10-04T03:03:45.2601425Z shell: /usr/bin/bash -e {0}
2026-10-04T03:03:45.2601742Z ##[endgroup]
2026-10-04T03:03:45.3818730Z 
2026-10-04T03:03:45.3819426Z > growth-project-backend@1.0.0 lint
2026-10-04T03:03:45.3819924Z > eslint "src/**/*.ts"
2026-10-04T03:03:45.3820089Z 
2026-10-04T03:03:58.8926414Z 
2026-10-04T03:03:58.8927718Z /home/runner/work/growth-project-backend/growth-project-backend/src/admin/reports/reports.controller.ts
2026-10-04T03:03:58.8964840Z ##[warning]  5:3  warning  'Header' is defined but never used. Allowed unused vars must match /^_/u  @typescript-eslint/no-unused-vars
2026-10-04T03:03:58.8975117Z 
2026-10-04T03:03:58.8975901Z /home/runner/work/growth-project-backend/growth-project-backend/src/ai/client-ai-context.service.ts
2026-10-04T03:03:58.8978357Z ##[warning]  17:3  warning  'NextSessionSummary' is defined but never used. Allowed unused vars must match /^_/u  @typescript-eslint/no-unused-vars
2026-10-04T03:03:58.8981493Z ##[warning]  19:3  warning  'LeaderboardSummary' is defined but never used. Allowed unused vars must match /^_/u  @typescript-eslint/no-unused-vars
2026-10-04T03:03:58.8983382Z 
2026-10-04T03:03:58.8984117Z /home/runner/work/growth-project-backend/growth-project-backend/src/ai/gateway/ai-gateway.controller.ts
2026-10-04T03:03:58.8986267Z ##[warning]  52:30  warning  'req' is defined but never used. Allowed unused args must match /^_/u  @typescript-eslint/no-unused-vars
2026-10-04T03:03:58.8987661Z 
2026-10-04T03:03:58.8988310Z /home/runner/work/growth-project-backend/growth-project-backend/src/build-week/build-week.dto.ts
2026-10-04T03:03:58.8990172Z ##[warning]  2:3  warning  'IsArray' is defined but never used. Allowed unused vars must match /^_/u  @typescript-eslint/no-unused-vars
2026-10-04T03:03:58.8991922Z 
2026-10-04T03:03:58.8992689Z /home/runner/work/growth-project-backend/growth-project-backend/src/coach/command-center/ltv-metrics.service.ts
2026-10-04T03:03:58.8994848Z ##[warning]  77:11  warning  'startOfLastMonth' is assigned a value but never used. Allowed unused vars must match /^_/u  @typescript-eslint/no-unused-vars
2026-10-04T03:03:58.8996356Z 
2026-10-04T03:03:58.8997207Z /home/runner/work/growth-project-backend/growth-project-backend/src/contracts/checkout-contract-gate.service.ts
2026-10-04T03:03:58.8999290Z ##[warning]  8:10  warning  'sampleMergeData' is defined but never used. Allowed unused vars must match /^_/u  @typescript-eslint/no-unused-vars
2026-10-04T03:03:58.9000760Z 
2026-10-04T03:03:58.9001719Z /home/runner/work/growth-project-backend/growth-project-backend/src/contracts/contract-envelope.service.ts
2026-10-04T03:03:58.9003753Z ##[warning]  3:3  warning  'ForbiddenException' is defined but never used. Allowed unused vars must match /^_/u  @typescript-eslint/no-unused-vars
2026-10-04T03:03:58.9005258Z 
2026-10-04T03:03:58.9005973Z /home/runner/work/growth-project-backend/growth-project-backend/src/landing-pages/landing-pages.service.ts
2026-10-04T03:03:58.9007945Z ##[warning]  13:3  warning  'LandingPageStatus' is defined but never used. Allowed unused vars must match /^_/u  @typescript-eslint/no-unused-vars
2026-10-04T03:03:58.9009331Z 
2026-10-04T03:03:58.9009878Z /home/runner/work/growth-project-backend/growth-project-backend/src/lists/lists.dto.ts
2026-10-04T03:03:58.9011752Z ##[warning]  6:3  warning  'IsIn' is defined but never used. Allowed unused vars must match /^_/u  @typescript-eslint/no-unused-vars
2026-10-04T03:03:58.9013242Z 
2026-10-04T03:03:58.9013845Z /home/runner/work/growth-project-backend/growth-project-backend/src/macros/macros.service.ts
2026-10-04T03:03:58.9015777Z ##[warning]  1:10  warning  'ForbiddenException' is defined but never used. Allowed unused vars must match /^_/u  @typescript-eslint/no-unused-vars
2026-10-04T03:03:58.9017186Z 
2026-10-04T03:03:58.9017814Z /home/runner/work/growth-project-backend/growth-project-backend/src/meal-plans/meal-plans.dto.ts
2026-10-04T03:03:58.9019944Z ##[warning]  7:3  warning  'IsObject' is defined but never used. Allowed unused vars must match /^_/u  @typescript-eslint/no-unused-vars
2026-10-04T03:03:58.9021563Z 
2026-10-04T03:03:58.9022330Z /home/runner/work/growth-project-backend/growth-project-backend/src/notifications/nudges/nudge-detector.service.ts
2026-10-04T03:03:58.9024361Z ##[warning]  384:10  warning  'floorDays' is defined but never used. Allowed unused vars must match /^_/u  @typescript-eslint/no-unused-vars
2026-10-04T03:03:58.9025708Z 
2026-10-04T03:03:58.9026450Z /home/runner/work/growth-project-backend/growth-project-backend/src/notifications/nudges/nudge-engine.service.ts
2026-10-04T03:03:58.9028213Z ##[warning]  381:5  warning  'prefs' is defined but never used. Allowed unused args must match /^_/u  @typescript-eslint/no-unused-vars
2026-10-04T03:03:58.9029521Z 
2026-10-04T03:03:58.9030171Z /home/runner/work/growth-project-backend/growth-project-backend/src/prep-guide/prep-guide.service.ts
2026-10-04T03:03:58.9032332Z ##[warning]  32:7  warning  'DAYS' is assigned a value but never used. Allowed unused vars must match /^_/u  @typescript-eslint/no-unused-vars
2026-10-04T03:03:58.9033707Z 
2026-10-04T03:03:58.9034431Z /home/runner/work/growth-project-backend/growth-project-backend/src/real-meal-plans/real-meal-plans.service.ts
2026-10-04T03:03:58.9036714Z ##[warning]  3:3  warning  'ForbiddenException' is defined but never used. Allowed unused vars must match /^_/u  @typescript-eslint/no-unused-vars
2026-10-04T03:03:58.9038215Z 
2026-10-04T03:03:58.9038939Z /home/runner/work/growth-project-backend/growth-project-backend/src/regimes/__tests__/regimes.service.spec.ts
2026-10-04T03:03:58.9041191Z ##[warning]  14:15  warning  'PrismaService' is defined but never used. Allowed unused vars must match /^_/u  @typescript-eslint/no-unused-vars
2026-10-04T03:03:58.9042590Z 
2026-10-04T03:03:58.9043363Z /home/runner/work/growth-project-backend/growth-project-backend/src/storefront/guest-checkout-pii-scrub.service.ts
2026-10-04T03:03:58.9045401Z ##[warning]  3:16  warning  'CronExpression' is defined but never used. Allowed unused vars must match /^_/u  @typescript-eslint/no-unused-vars
2026-10-04T03:03:58.9046806Z 
2026-10-04T03:03:58.9047484Z /home/runner/work/growth-project-backend/growth-project-backend/src/talent-marketplace/apply.service.ts
2026-10-04T03:03:58.9049606Z ##[warning]   6:3   warning  'ForbiddenException' is defined but never used. Allowed unused vars must match /^_/u                  @typescript-eslint/no-unused-vars
2026-10-04T03:03:58.9052667Z ##[warning]  10:22  warning  'randomUUID' is defined but never used. Allowed unused vars must match /^_/u                          @typescript-eslint/no-unused-vars
2026-10-04T03:03:58.9055947Z ##[warning]  15:3   warning  'MARKETPLACE_CLAIM_STATUS_COMPLETED' is defined but never used. Allowed unused vars must match /^_/u  @typescript-eslint/no-unused-vars
2026-10-04T03:03:58.9057673Z 
2026-10-04T03:03:58.9058244Z ✖ 21 problems (0 errors, 21 warnings)
2026-10-04T03:03:58.9058582Z 
2026-10-04T03:03:59.0187631Z ##[group]Run npx --no-install eslint --max-warnings 0 scripts/check-r75.js test/ci/r75-gate.spec.ts test/ci/r75-boundaries.spec.ts test/ci/r75-wiring.spec.ts test/ci/r75-enforcement.spec.ts test/ci/r100-pathspec.spec.ts test/ci/dependency-audit.spec.ts
2026-10-04T03:03:59.0189427Z [36;1mnpx --no-install eslint --max-warnings 0 scripts/check-r75.js test/ci/r75-gate.spec.ts test/ci/r75-boundaries.spec.ts test/ci/r75-wiring.spec.ts test/ci/r75-enforcement.spec.ts test/ci/r100-pathspec.spec.ts test/ci/dependency-audit.spec.ts[0m
2026-10-04T03:03:59.0252873Z shell: /usr/bin/bash --noprofile --norc -e -o pipefail {0}
2026-10-04T03:03:59.0253241Z ##[endgroup]
2026-10-04T03:04:00.6059851Z ##[group]Run npx tsc --noEmit
2026-10-04T03:04:00.6060187Z [36;1mnpx tsc --noEmit[0m
2026-10-04T03:04:00.6120340Z shell: /usr/bin/bash -e {0}
2026-10-04T03:04:00.6120604Z env:
2026-10-04T03:04:00.6120966Z   NODE_OPTIONS: --max-old-space-size=4096
2026-10-04T03:04:00.6121269Z ##[endgroup]
2026-10-04T03:04:53.4102109Z ##[group]Run npm run build
2026-10-04T03:04:53.4102582Z [36;1mnpm run build[0m
2026-10-04T03:04:53.4179704Z shell: /usr/bin/bash -e {0}
2026-10-04T03:04:53.4180181Z ##[endgroup]
2026-10-04T03:04:53.5395620Z 
2026-10-04T03:04:53.5396343Z > growth-project-backend@1.0.0 build
2026-10-04T03:04:53.5397021Z > nest build
2026-10-04T03:04:53.5397302Z 
2026-10-04T03:05:23.6951855Z ##[group]Run npm test --if-present
2026-10-04T03:05:23.6952245Z [36;1mnpm test --if-present[0m
2026-10-04T03:05:23.7013364Z shell: /usr/bin/bash -e {0}
2026-10-04T03:05:23.7013639Z env:
2026-10-04T03:05:23.7013877Z   NODE_OPTIONS: --max-old-space-size=4096
2026-10-04T03:05:23.7014250Z   THROTTLER_LIVE_REDIS_URL: redis://localhost:6379/0
2026-10-04T03:05:23.7014572Z ##[endgroup]
2026-10-04T03:05:23.8399857Z 
2026-10-04T03:05:23.8400578Z > growth-project-backend@1.0.0 test
2026-10-04T03:05:23.8401493Z > jest
2026-10-04T03:05:23.8401707Z 
2026-10-04T03:05:47.1133358Z PASS test/scout/entities/scout-entities.service.spec.ts (21.831 s)
2026-10-04T03:05:47.5562899Z PASS test/scout/lifecycle/lifecycle.service.spec.ts (22.418 s)
2026-10-04T03:05:48.6895713Z [33m[Nest] 3730  - [39m10/04/2026, 3:05:48 AM [33m   WARN[39m [38;5;3m[SubCoachScopeService] [39m[33msub-coach scope: user=sub-x has role=coach and coach_id=other-coach but no membership relation (TeamSubCoachAssignment / SubCoachAssignment); treating as head coach of own roster, NOT as a sub-coach[39m
2026-10-04T03:05:48.6904442Z [33m[Nest] 3730  - [39m10/04/2026, 3:05:48 AM [33m   WARN[39m [38;5;3m[SubCoachScopeService] [39m[33msub-coach scope: user=sub-1 has role=coach and coach_id=other-coach but no membership relation (TeamSubCoachAssignment / SubCoachAssignment); treating as head coach of own roster, NOT as a sub-coach[39m
2026-10-04T03:05:48.6914231Z [33m[Nest] 3730  - [39m10/04/2026, 3:05:48 AM [33m   WARN[39m [38;5;3m[SubCoachScopeService] [39m[33msub-coach scope: user=sub-1 has role=coach and coach_id=coach-1 but no membership relation (TeamSubCoachAssignment / SubCoachAssignment); treating as head coach of own roster, NOT as a sub-coach[39m
2026-10-04T03:05:48.6974456Z [33m[Nest] 3730  - [39m10/04/2026, 3:05:48 AM [33m   WARN[39m [38;5;3m[SubCoachScopeService] [39m[33msub-coach scope: user=sub-x has role=coach and coach_id=other-coach but no membership relation (TeamSubCoachAssignment / SubCoachAssignment); treating as head coach of own roster, NOT as a sub-coach[39m
2026-10-04T03:05:48.6979173Z [33m[Nest] 3730  - [39m10/04/2026, 3:05:48 AM [33m   WARN[39m [38;5;3m[SubCoachScopeService] [39m[33msub-coach scope: user=coach-1 has role=coach and coach_id=other-coach but no membership relation (TeamSubCoachAssignment / SubCoachAssignment); treating as head coach of own roster, NOT as a sub-coach[39m
2026-10-04T03:05:48.6984197Z [33m[Nest] 3730  - [39m10/04/2026, 3:05:48 AM [33m   WARN[39m [38;5;3m[SubCoachScopeService] [39m[33msub-coach scope: user=coach-1 has role=coach and coach_id=third-head but no membership relation (TeamSubCoachAssignment / SubCoachAssignment); treating as head coach of own roster, NOT as a sub-coach[39m
2026-10-04T03:05:48.6989310Z [33m[Nest] 3730  - [39m10/04/2026, 3:05:48 AM [33m   WARN[39m [38;5;3m[SubCoachScopeService] [39m[33msub-coach scope: user=coach-1 has role=coach and coach_id=other-coach but no membership relation (TeamSubCoachAssignment / SubCoachAssignment); treating as head coach of own roster, NOT as a sub-coach[39m
2026-10-04T03:05:48.6993963Z [33m[Nest] 3730  - [39m10/04/2026, 3:05:48 AM [33m   WARN[39m [38;5;3m[SubCoachScopeService] [39m[33msub-coach scope: user=coach-1 has role=coach and coach_id=other-coach but no membership relation (TeamSubCoachAssignment / SubCoachAssignment); treating as head coach of own roster, NOT as a sub-coach[39m
2026-10-04T03:05:48.7005936Z [33m[Nest] 3730  - [39m10/04/2026, 3:05:48 AM [33m   WARN[39m [38;5;3m[SubCoachScopeService] [39m[33msub-coach scope: user=coach-1 has role=coach and coach_id=other-coach but no membership relation (TeamSubCoachAssignment / SubCoachAssignment); treating as head coach of own roster, NOT as a sub-coach[39m
2026-10-04T03:05:48.7014341Z [33m[Nest] 3730  - [39m10/04/2026, 3:05:48 AM [33m   WARN[39m [38;5;3m[SubCoachScopeService] [39m[33msub-coach scope: user=coach-1 has role=coach and coach_id=other-coach but no membership relation (TeamSubCoachAssignment / SubCoachAssignment); treating as head coach of own roster, NOT as a sub-coach[39m
2026-10-04T03:05:48.8528679Z PASS test/onboarding.service.spec.ts (23.533 s)
2026-10-04T03:05:48.9294364Z [33m[Nest] 3730  - [39m10/04/2026, 3:05:48 AM [33m   WARN[39m [38;5;3m[Onboarding] [39m[33mCONSULT_CONSENT_COPY_VERSIONS lists consult-consent-v1, consult-consent-v2, which the server has no consent text for; those names are ignored[39m
2026-10-04T03:05:49.3512254Z PASS test/prod-readiness/auto-flipper.spec.ts
2026-10-04T03:05:49.4092380Z   ● Console
2026-10-04T03:05:49.4124152Z 
2026-10-04T03:05:49.4152127Z     console.warn
2026-10-04T03:05:49.4154197Z       warning: FLY_BIN is unset — relying on PATH to resolve "flyctl" on a secret-mutating path. Set FLY_BIN to an absolute path in CI/staging/prod.
2026-10-04T03:05:49.4155523Z 
2026-10-04T03:05:49.4156446Z     [0m [90m 334 |[39m   [36mif[39m (_flyBinWarned) [36mreturn[39m[33m;[39m
2026-10-04T03:05:49.4159031Z      [90m 335 |[39m   _flyBinWarned [33m=[39m [36mtrue[39m[33m;[39m
2026-10-04T03:05:49.4160213Z     [31m[1m>[22m[39m[90m 336 |[39m   warn(
2026-10-04T03:05:49.4161866Z      [90m     |[39m   [31m[1m^[22m[39m
2026-10-04T03:05:49.4163681Z      [90m 337 |[39m     [32m`warning: ${FLY_BIN_ENV} is unset — relying on PATH to resolve "${FLY_BIN_DEFAULT}" on a `[39m [33m+[39m
2026-10-04T03:05:49.4165814Z      [90m 338 |[39m       [32m`secret-mutating path. Set ${FLY_BIN_ENV} to an absolute path in CI/staging/prod.`[39m[33m,[39m
2026-10-04T03:05:49.4167268Z      [90m 339 |[39m   )[33m;[39m[0m
2026-10-04T03:05:49.4167844Z 
2026-10-04T03:05:49.4168515Z       at warnIfPathResolvedFlyBin (test/prod-readiness/auto-flipper.ts:336:3)
2026-10-04T03:05:49.4169723Z       at runFlyctl (test/prod-readiness/auto-flipper.ts:916:3)
2026-10-04T03:05:49.4170825Z       at run (test/prod-readiness/auto-flipper.ts:1116:57)
2026-10-04T03:05:49.4172177Z       at doCommit (test/prod-readiness/auto-flipper.ts:1187:7)
2026-10-04T03:05:49.4173302Z       at commit (test/prod-readiness/auto-flipper.ts:1103:18)
2026-10-04T03:05:49.4174517Z       at Object.<anonymous> (test/prod-readiness/auto-flipper.spec.ts:429:17)
2026-10-04T03:05:49.4175321Z 
2026-10-04T03:05:52.3306722Z [31m[Nest] 3723  - [39m10/04/2026, 3:05:52 AM [31m  ERROR[39m [38;5;3m[CoachBriefService] [39m[31mCoachBrief Claude call failed for coach=Sarah Johnson: boom[39m
2026-10-04T03:05:52.3327691Z [31m[Nest] 3723  - [39m10/04/2026, 3:05:52 AM [31m  ERROR[39m [38;5;3m[CoachBriefService] [39m[31mCoachBrief Anthropic client init failed: ANTHROPIC_API_KEY not configured[39m
2026-10-04T03:05:52.3357543Z [31m[Nest] 3723  - [39m10/04/2026, 3:05:52 AM [31m  ERROR[39m [38;5;3m[CoachBriefService] [39m[31mCoachBrief Anthropic client init failed: ANTHROPIC_API_KEY not configured[39m
2026-10-04T03:05:52.3473665Z [31m[Nest] 3723  - [39m10/04/2026, 3:05:52 AM [31m  ERROR[39m [38;5;3m[CoachBriefService] [39m[31mCoachBrief Anthropic client init failed: ANTHROPIC_API_KEY not configured[39m
2026-10-04T03:05:52.4304407Z [31m[Nest] 3723  - [39m10/04/2026, 3:05:52 AM [31m  ERROR[39m [38;5;3m[CoachBriefService] [39m[31mCoachBrief Claude call failed for coach=Sarah Johnson: This client hasn't allowed AI help yet. They can turn it on in their app under Settings > Privacy.[39m
2026-10-04T03:05:52.4308063Z [33m[Nest] 3723  - [39m10/04/2026, 3:05:52 AM [33m   WARN[39m [38;5;3m[CoachBriefService] [39m[33mCoachBrief Claude output failed contract (too_few_sentences:2) for coach=Sarah Johnson; attempting one repair[39m
2026-10-04T03:05:52.4354236Z [31m[Nest] 3723  - [39m10/04/2026, 3:05:52 AM [31m  ERROR[39m [38;5;3m[CoachBriefService] [39m[31mCoachBrief Claude call failed for coach=Sarah Johnson: This client hasn't allowed AI help yet. They can turn it on in their app under Settings > Privacy.[39m
2026-10-04T03:05:52.4358583Z [33m[Nest] 3723  - [39m10/04/2026, 3:05:52 AM [33m   WARN[39m [38;5;3m[CoachBriefService] [39m[33mCoachBrief Claude repair attempt also failed contract (too_few_sentences:2) for coach=Sarah Johnson; using fallback[39m
2026-10-04T03:05:52.4362541Z [95m[Nest] 3723  - [39m10/04/2026, 3:05:52 AM [95m  DEBUG[39m [38;5;3m[CoachBriefScheduler] [39m[95mcoach brief push deferred for coach=coach1 — summary not ready yet[39m
2026-10-04T03:05:52.4392992Z [32m[Nest] 3723  - [39m10/04/2026, 3:05:52 AM [32m    LOG[39m [38;5;3m[CoachBriefScheduler] [39m[32mcoach brief push sent: coach=coach1 date=2026-05-25[39m
2026-10-04T03:05:52.4412631Z [95m[Nest] 3723  - [39m10/04/2026, 3:05:52 AM [95m  DEBUG[39m [38;5;3m[CoachBriefScheduler] [39m[95mcoach brief push not delivered for coach=coach1 outcome=transport-error attempt=1/5[39m
2026-10-04T03:05:52.4415698Z [95m[Nest] 3723  - [39m10/04/2026, 3:05:52 AM [95m  DEBUG[39m [38;5;3m[CoachBriefScheduler] [39m[95mcoach brief push already delivered for coach=coach1 date=2026-05-25[39m
2026-10-04T03:05:52.4419690Z [33m[Nest] 3723  - [39m10/04/2026, 3:05:52 AM [33m   WARN[39m [38;5;3m[CoachBriefScheduler] [39m[33mcoach brief push retry budget exhausted for coach=coach1 date=2026-05-25 attempts=5[39m
2026-10-04T03:05:52.4422906Z [95m[Nest] 3723  - [39m10/04/2026, 3:05:52 AM [95m  DEBUG[39m [38;5;3m[CoachBriefScheduler] [39m[95mcoach brief push lease held by another instance for coach=coach1[39m
2026-10-04T03:05:52.4425558Z [33m[Nest] 3723  - [39m10/04/2026, 3:06:02 AM [33m   WARN[39m [38;5;3m[CoachBriefScheduler] [39m[33mcoach brief push failed or timed out for coach coach1 on 2026-05-25: push timeout[39m
2026-10-04T03:05:52.4428180Z [95m[Nest] 3723  - [39m10/04/2026, 3:06:02 AM [95m  DEBUG[39m [38;5;3m[CoachBriefScheduler] [39m[95mcoach brief push not delivered for coach=coach1 outcome=timeout attempt=1/5[39m
2026-10-04T03:05:52.4431178Z [95m[Nest] 3723  - [39m10/04/2026, 3:05:52 AM [95m  DEBUG[39m [38;5;3m[CoachBriefScheduler] [39m[95mcoach brief notifications skipped — COACH_BRIEF_NOTIFICATIONS_ENABLED=off[39m
2026-10-04T03:05:52.4433879Z [95m[Nest] 3723  - [39m10/04/2026, 3:05:52 AM [95m  DEBUG[39m [38;5;3m[CoachBriefScheduler] [39m[95mcoach brief scheduler skipped — COACH_BRIEF_ENABLED=off[39m
2026-10-04T03:05:52.4436453Z [32m[Nest] 3723  - [39m10/04/2026, 3:05:52 AM [32m    LOG[39m [38;5;3m[AiEgressService] [39m[32mai_egress.refused surface=coach.brief reason=no_live_grant clients=1 missing=1[39m
2026-10-04T03:05:52.4438988Z [33m[Nest] 3723  - [39m10/04/2026, 3:05:52 AM [33m   WARN[39m [38;5;3m[AiEgressService] [39m[33mai_egress.consent_read_failed (treated as no grant)[39m
2026-10-04T03:05:52.4441720Z [32m[Nest] 3723  - [39m10/04/2026, 3:05:52 AM [32m    LOG[39m [38;5;3m[AiEgressService] [39m[32mai_egress.refused surface=coach.brief reason=no_live_grant clients=1 missing=1[39m
2026-10-04T03:05:52.4529575Z PASS test/coach-brief.service.spec.ts
2026-10-04T03:05:52.5277676Z [33m[Nest] 3723  - [39m10/04/2026, 3:05:52 AM [33m   WARN[39m [38;5;3m[AiEgressService] [39m[33mai_egress.consent_read_failed (treated as no grant)[39m
2026-10-04T03:05:52.5317372Z [33m[Nest] 3724  - [39m10/04/2026, 3:05:52 AM [33m   WARN[39m [38;5;3m[AuthService] [39m[33mregister: retained Supabase user sup-rollback@example.test without a local row after local user create failed (Error) (created_by_this_request=true); recovered by retry, OAuth or first password sign-in[39m
2026-10-04T03:05:52.5338798Z [33m[Nest] 3724  - [39m10/04/2026, 3:05:52 AM [33m   WARN[39m [38;5;3m[AuthService] [39m[33mregister: retained Supabase user sup-noaudit@example.test without a local row after local user create failed (Error) (created_by_this_request=true); recovered by retry, OAuth or first password sign-in[39m
2026-10-04T03:05:52.5379385Z [33m[Nest] 3724  - [39m10/04/2026, 3:05:52 AM [33m   WARN[39m [38;5;3m[AuthService] [39m[33mregister: retained Supabase user sup-race@example.test without a local row after local user create failed (Error) (created_by_this_request=true); recovered by retry, OAuth or first password sign-in[39m
2026-10-04T03:05:52.5387072Z [33m[Nest] 3724  - [39m10/04/2026, 3:05:52 AM [33m   WARN[39m [38;5;3m[AuthService] [39m[33mregister: competing signup won for Supabase user sup-race@example.test; identity kept[39m
2026-10-04T03:05:52.5415790Z [33m[Nest] 3724  - [39m10/04/2026, 3:05:52 AM [33m   WARN[39m [38;5;3m[AuthService] [39m[33mcreateSignupUser: invite code collision on attempt 1, retrying with a fresh code[39m
2026-10-04T03:05:52.5443766Z [33m[Nest] 3724  - [39m10/04/2026, 3:05:52 AM [33m   WARN[39m [38;5;3m[AuthService] [39m[33mregister: competing signup won for Supabase user sup-dup2@example.test; identity kept[39m
2026-10-04T03:05:52.5447432Z [33m[Nest] 3724  - [39m10/04/2026, 3:05:52 AM [33m   WARN[39m [38;5;3m[AuthService] [39m[33mgoogleAuth: refusing to re-bind supabase_id for existing user u-jane (email=jane@example.com); supabase_id already set[39m
2026-10-04T03:05:52.5451281Z [33m[Nest] 3724  - [39m10/04/2026, 3:05:52 AM [33m   WARN[39m [38;5;3m[AuthService] [39m[33mgoogleAuth: refusing to re-bind supabase_id for existing user u-o (email=boss@example.com); supabase_id already set[39m
2026-10-04T03:05:52.5455237Z [33m[Nest] 3724  - [39m10/04/2026, 3:05:52 AM [33m   WARN[39m [38;5;3m[AuthService] [39m[33mgoogleAuth: refusing to create/link a row for an unverified Google email (supabase_id=sup-unv)[39m
2026-10-04T03:05:52.5482975Z [33m[Nest] 3724  - [39m10/04/2026, 3:05:52 AM [33m   WARN[39m [38;5;3m[AuthService] [39m[33mgoogleAuth: ignoring invite_code for user=u-1 role=coach (coach_cannot_redeem)[39m
2026-10-04T03:05:52.5543554Z [33m[Nest] 3724  - [39m10/04/2026, 3:05:52 AM [33m   WARN[39m [38;5;3m[AuthService] [39m[33mgoogleAuth: ignoring invite_code for user=u-o role=owner (coach_cannot_redeem)[39m
2026-10-04T03:05:52.5569416Z [33m[Nest] 3724  - [39m10/04/2026, 3:05:52 AM [33m   WARN[39m [38;5;3m[AuthService] [39m[33mappleAuth: no raw_nonce provided — token replay protection not active for this sign-in[39m
2026-10-04T03:05:52.5614143Z [33m[Nest] 3724  - [39m10/04/2026, 3:05:52 AM [33m   WARN[39m [38;5;3m[AuthService] [39m[33mappleAuth: no raw_nonce provided — token replay protection not active for this sign-in[39m
2026-10-04T03:05:52.5636867Z [33m[Nest] 3724  - [39m10/04/2026, 3:05:52 AM [33m   WARN[39m [38;5;3m[AuthService] [39m[33mappleAuth: no raw_nonce provided — token replay protection not active for this sign-in[39m
2026-10-04T03:05:52.5640602Z [33m[Nest] 3724  - [39m10/04/2026, 3:05:52 AM [33m   WARN[39m [38;5;3m[AuthService] [39m[33mappleAuth: refusing to re-bind supabase_id for existing user u-j (email=jane@example.com); supabase_id already set[39m
2026-10-04T03:05:52.5674658Z [33m[Nest] 3724  - [39m10/04/2026, 3:05:52 AM [33m   WARN[39m [38;5;3m[AuthService] [39m[33mappleAuth: no raw_nonce provided — token replay protection not active for this sign-in[39m
2026-10-04T03:05:52.5677751Z [33m[Nest] 3724  - [39m10/04/2026, 3:05:52 AM [33m   WARN[39m [38;5;3m[AuthService] [39m[33mappleAuth: ignoring invite_code for user=u-c role=coach (coach_cannot_redeem)[39m
2026-10-04T03:05:52.6353406Z [33m[Nest] 3724  - [39m10/04/2026, 3:05:52 AM [33m   WARN[39m [38;5;3m[AuthService] [39m[33msignupWithCode invite_code attach failed for user=u-1 code=attach_failed: Cannot read properties of undefined (reading 'grant')[39m
2026-10-04T03:05:52.6403880Z [33m[Nest] 3724  - [39m10/04/2026, 3:05:52 AM [33m   WARN[39m [38;5;3m[AuthService] [39m[33msignupWithCode invite_code attach failed for user=u-2 code=attach_failed: Cannot read properties of undefined (reading 'grant')[39m
2026-10-04T03:05:52.6453594Z [33m[Nest] 3724  - [39m10/04/2026, 3:05:52 AM [33m   WARN[39m [38;5;3m[InviteCodesService] [39m[33mattach refused: user=me role=coach tried to redeem a client invite code (not a student)[39m
2026-10-04T03:05:52.6457050Z [33m[Nest] 3724  - [39m10/04/2026, 3:05:52 AM [33m   WARN[39m [38;5;3m[InviteCodesService] [39m[33mattach refused: user=me role=sub_coach tried to redeem a client invite code (not a student)[39m
2026-10-04T03:05:52.6461177Z [33m[Nest] 3724  - [39m10/04/2026, 3:05:52 AM [33m   WARN[39m [38;5;3m[AuthService] [39m[33mregister: retained Supabase user sup-oauth-compensation@example.test without a local row after local user create failed (Error) (created_by_this_request=true); recovered by retry, OAuth or first password sign-in[39m
2026-10-04T03:05:52.6464591Z [33m[Nest] 3724  - [39m10/04/2026, 3:05:52 AM [33m   WARN[39m [38;5;3m[AuthService] [39m[33mregister: competing signup won for Supabase user sup-oauth-first@example.test; identity kept[39m
2026-10-04T03:05:52.6467466Z [33m[Nest] 3724  - [39m10/04/2026, 3:05:52 AM [33m   WARN[39m [38;5;3m[AuthService] [39m[33mregister: competing signup won for Supabase user sup-same.person.creator-commits-first@example.test; identity kept[39m
2026-10-04T03:05:52.6470481Z [33m[Nest] 3724  - [39m10/04/2026, 3:05:52 AM [33m   WARN[39m [38;5;3m[AuthService] [39m[33mregister: competing signup won for Supabase user sup-same.person.retained-commits-first@example.test; identity kept[39m
2026-10-04T03:05:52.6474630Z [33m[Nest] 3724  - [39m10/04/2026, 3:05:52 AM [33m   WARN[39m [38;5;3m[AuthService] [39m[33mregister: retained Supabase user sup-retry@example.test without a local row after local user create failed (Error) (created_by_this_request=true); recovered by retry, OAuth or first password sign-in[39m
2026-10-04T03:05:52.7372254Z PASS test/auth-signup-role-choice.spec.ts (5.563 s)
2026-10-04T03:05:52.7415803Z [33m[Nest] 3724  - [39m10/04/2026, 3:05:52 AM [33m   WARN[39m [38;5;3m[AuthService] [39m[33mregister: retained Supabase user sup-stranded.login@example.test without a local row after local user create failed (Error) (created_by_this_request=true); recovered by retry, OAuth or first password sign-in[39m
2026-10-04T03:05:52.7483474Z [33m[Nest] 3724  - [39m10/04/2026, 3:05:52 AM [33m   WARN[39m [38;5;3m[AuthService] [39m[33mlogin: adopted stranded Supabase user sup-stranded.login@example.test as a client[39m
2026-10-04T03:05:52.7544756Z [33m[Nest] 3724  - [39m10/04/2026, 3:05:52 AM [33m   WARN[39m [38;5;3m[AuthService] [39m[33mregister: retained Supabase user sup-stranded.extensionlogin@example.test without a local row after local user create failed (Error) (created_by_this_request=true); recovered by retry, OAuth or first password sign-in[39m
2026-10-04T03:05:52.7643590Z [33m[Nest] 3724  - [39m10/04/2026, 3:05:52 AM [33m   WARN[39m [38;5;3m[AuthService] [39m[33mlogin: adopted stranded Supabase user sup-stranded.extensionlogin@example.test as a client[39m
2026-10-04T03:05:52.7723625Z [33m[Nest] 3724  - [39m10/04/2026, 3:05:52 AM [33m   WARN[39m [38;5;3m[AuthService] [39m[33mregister: retained Supabase user sup-attacker-made not bound: caller did not prove its password[39m
2026-10-04T03:05:52.7784322Z [33m[Nest] 3724  - [39m10/04/2026, 3:05:52 AM [33m   WARN[39m [38;5;3m[AuthService] [39m[33mregister: retained Supabase user sup-retry-other-pw@example.test without a local row after local user create failed (Error) (created_by_this_request=true); recovered by retry, OAuth or first password sign-in[39m
2026-10-04T03:05:52.7853696Z [33m[Nest] 3724  - [39m10/04/2026, 3:05:52 AM [33m   WARN[39m [38;5;3m[AuthService] [39m[33mregister: retained Supabase user sup-retry-other-pw@example.test not bound: caller did not prove its password[39m
2026-10-04T03:05:53.1335290Z [33m[Nest] 3730  - [39m10/04/2026, 3:05:53 AM [33m   WARN[39m [38;5;3m[SupabaseArchiveStore] [39m[33mdata export upload failed (STORAGE_HTTP_503), attempt 1 of 3; retrying.[39m
2026-10-04T03:05:53.1363459Z [33m[Nest] 3730  - [39m10/04/2026, 3:05:53 AM [33m   WARN[39m [38;5;3m[SupabaseArchiveStore] [39m[33mdata export upload failed (STORAGE_NETWORK), attempt 2 of 3; retrying.[39m
2026-10-04T03:05:53.1393085Z [33m[Nest] 3730  - [39m10/04/2026, 3:05:53 AM [33m   WARN[39m [38;5;3m[SupabaseArchiveStore] [39m[33mdata export archive delete failed (STORAGE_HTTP_500), attempt 1 of 3; retrying.[39m
2026-10-04T03:05:53.1395378Z [33m[Nest] 3730  - [39m10/04/2026, 3:05:53 AM [33m   WARN[39m [38;5;3m[SupabaseArchiveStore] [39m[33mdata export archive delete failed (STORAGE_HTTP_502), attempt 2 of 3; retrying.[39m
2026-10-04T03:05:53.1397060Z [33m[Nest] 3730  - [39m10/04/2026, 3:05:53 AM [33m   WARN[39m [38;5;3m[SupabaseArchiveStore] [39m[33mdata export archive check failed (STORAGE_TIMEOUT), attempt 1 of 3; retrying.[39m
2026-10-04T03:05:53.1398677Z [33m[Nest] 3730  - [39m10/04/2026, 3:05:53 AM [33m   WARN[39m [38;5;3m[SupabaseArchiveStore] [39m[33mdata export archive check failed (STORAGE_TIMEOUT), attempt 2 of 3; retrying.[39m
2026-10-04T03:05:53.2813693Z [95m[Nest] 3730  - [39m10/04/2026, 3:05:53 AM [95m  DEBUG[39m [38;5;3m[DataExportStorageDeadline] [39m[95mop: settled after it was abandoned or cancelled: late[39m
2026-10-04T03:05:53.2873223Z [95m[Nest] 3730  - [39m10/04/2026, 3:05:53 AM [95m  DEBUG[39m [38;5;3m[DataExportStorageDeadline] [39m[95mop: settled after it was abandoned or cancelled: late[39m
2026-10-04T03:05:53.2903046Z [95m[Nest] 3730  - [39m10/04/2026, 3:05:53 AM [95m  DEBUG[39m [38;5;3m[DataExportStorageDeadline] [39m[95mdata export read: settled after it was abandoned or cancelled: aborted[39m
2026-10-04T03:05:53.2934492Z [33m[Nest] 3730  - [39m10/04/2026, 3:05:53 AM [33m   WARN[39m [38;5;3m[SupabaseArchiveStore] [39m[33mdata export read failed (STORAGE_TIMEOUT), attempt 1 of 3; retrying.[39m
2026-10-04T03:05:53.2988327Z [95m[Nest] 3730  - [39m10/04/2026, 3:05:53 AM [95m  DEBUG[39m [38;5;3m[DataExportStorageDeadline] [39m[95mdata export read: settled after it was abandoned or cancelled: aborted[39m
2026-10-04T03:05:53.3041598Z [33m[Nest] 3730  - [39m10/04/2026, 3:05:53 AM [33m   WARN[39m [38;5;3m[SupabaseArchiveStore] [39m[33mdata export read failed (STORAGE_TIMEOUT), attempt 2 of 3; retrying.[39m
2026-10-04T03:05:53.3044176Z [95m[Nest] 3730  - [39m10/04/2026, 3:05:53 AM [95m  DEBUG[39m [38;5;3m[DataExportStorageDeadline] [39m[95mdata export read: settled after it was abandoned or cancelled: aborted[39m
2026-10-04T03:05:53.3063855Z [33m[Nest] 3730  - [39m10/04/2026, 3:05:53 AM [33m   WARN[39m [38;5;3m[DataExportService] [39m[33mDATA_EXPORT_TOKEN_SECRET is not set — using the insecure default. Set DATA_EXPORT_TOKEN_SECRET before going to production.[39m
2026-10-04T03:05:53.3764402Z [33m[Nest] 3730  - [39m10/04/2026, 3:05:53 AM [33m   WARN[39m [38;5;3m[DataExportService] [39m[33mDATA_EXPORT_TOKEN_SECRET is not set — using the insecure default. Set DATA_EXPORT_TOKEN_SECRET before going to production.[39m
2026-10-04T03:05:53.3783709Z [33m[Nest] 3730  - [39m10/04/2026, 3:05:53 AM [33m   WARN[39m [38;5;3m[DataExportService] [39m[33mDATA_EXPORT_TOKEN_SECRET is not set — using the insecure default. Set DATA_EXPORT_TOKEN_SECRET before going to production.[39m
2026-10-04T03:05:53.5034663Z [33m[Nest] 3730  - [39m10/04/2026, 3:05:53 AM [33m   WARN[39m [38;5;3m[DataExportService] [39m[33mDATA_EXPORT_TOKEN_SECRET is not set — using the insecure default. Set DATA_EXPORT_TOKEN_SECRET before going to production.[39m
2026-10-04T03:05:53.5074060Z [33m[Nest] 3730  - [39m10/04/2026, 3:05:53 AM [33m   WARN[39m [38;5;3m[DataExportService] [39m[33mDATA_EXPORT_TOKEN_SECRET is not set — using the insecure default. Set DATA_EXPORT_TOKEN_SECRET before going to production.[39m
2026-10-04T03:05:53.5125567Z [33m[Nest] 3730  - [39m10/04/2026, 3:05:53 AM [33m   WARN[39m [38;5;3m[DataExportService] [39m[33mDATA_EXPORT_TOKEN_SECRET is not set — using the insecure default. Set DATA_EXPORT_TOKEN_SECRET before going to production.[39m
2026-10-04T03:05:53.5130034Z [33m[Nest] 3730  - [39m10/04/2026, 3:05:53 AM [33m   WARN[39m [38;5;3m[DataExportService] [39m[33mDATA_EXPORT_TOKEN_SECRET is not set — using the insecure default. Set DATA_EXPORT_TOKEN_SECRET before going to production.[39m
2026-10-04T03:05:53.5164185Z [33m[Nest] 3730  - [39m10/04/2026, 3:05:53 AM [33m   WARN[39m [38;5;3m[DataExportService] [39m[33mDATA_EXPORT_TOKEN_SECRET is not set — using the insecure default. Set DATA_EXPORT_TOKEN_SECRET before going to production.[39m
2026-10-04T03:05:53.5168657Z [33m[Nest] 3730  - [39m10/04/2026, 3:05:53 AM [33m   WARN[39m [38;5;3m[DataExportService] [39m[33mDATA_EXPORT_TOKEN_SECRET is not set — using the insecure default. Set DATA_EXPORT_TOKEN_SECRET before going to production.[39m
2026-10-04T03:05:53.6653639Z [33m[Nest] 3730  - [39m10/04/2026, 3:05:53 AM [33m   WARN[39m [38;5;3m[DataExportService] [39m[33mDATA_EXPORT_TOKEN_SECRET is not set — using the insecure default. Set DATA_EXPORT_TOKEN_SECRET before going to production.[39m
2026-10-04T03:05:53.6763941Z [33m[Nest] 3730  - [39m10/04/2026, 3:05:53 AM [33m   WARN[39m [38;5;3m[DataExportService] [39m[33mDATA_EXPORT_TOKEN_SECRET is not set — using the insecure default. Set DATA_EXPORT_TOKEN_SECRET before going to production.[39m
2026-10-04T03:05:53.6811569Z PASS test/data-export-storage.spec.ts
2026-10-04T03:05:53.6814107Z [33m[Nest] 3730  - [39m10/04/2026, 3:05:53 AM [33m   WARN[39m [38;5;3m[DataExportService] [39m[33mDATA_EXPORT_TOKEN_SECRET is not set — using the insecure default. Set DATA_EXPORT_TOKEN_SECRET before going to production.[39m
2026-10-04T03:05:53.6822268Z [33m[Nest] 3730  - [39m10/04/2026, 3:05:53 AM [33m   WARN[39m [38;5;3m[DataExportService] [39m[33mDATA_EXPORT_TOKEN_SECRET is not set — using the insecure default. Set DATA_EXPORT_TOKEN_SECRET before going to production.[39m
2026-10-04T03:05:53.6825867Z [33m[Nest] 3730  - [39m10/04/2026, 3:05:53 AM [33m   WARN[39m [38;5;3m[DataExportService] [39m[33mDATA_EXPORT_TOKEN_SECRET is not set — using the insecure default. Set DATA_EXPORT_TOKEN_SECRET before going to production.[39m
2026-10-04T03:05:53.6829480Z [33m[Nest] 3730  - [39m10/04/2026, 3:05:53 AM [33m   WARN[39m [38;5;3m[DataExportService] [39m[33mDATA_EXPORT_TOKEN_SECRET is not set — using the insecure default. Set DATA_EXPORT_TOKEN_SECRET before going to production.[39m
2026-10-04T03:05:53.6864818Z [33m[Nest] 3730  - [39m10/04/2026, 3:05:53 AM [33m   WARN[39m [38;5;3m[DataExportService] [39m[33mDATA_EXPORT_TOKEN_SECRET is not set — using the insecure default. Set DATA_EXPORT_TOKEN_SECRET before going to production.[39m
2026-10-04T03:05:53.6868421Z [33m[Nest] 3730  - [39m10/04/2026, 3:05:53 AM [33m   WARN[39m [38;5;3m[DataExportService] [39m[33mDATA_EXPORT_TOKEN_SECRET is not set — using the insecure default. Set DATA_EXPORT_TOKEN_SECRET before going to production.[39m
2026-10-04T03:05:53.6872070Z [33m[Nest] 3730  - [39m10/04/2026, 3:05:53 AM [33m   WARN[39m [38;5;3m[DataExportService] [39m[33mDATA_EXPORT_TOKEN_SECRET is not set — using the insecure default. Set DATA_EXPORT_TOKEN_SECRET before going to production.[39m
2026-10-04T03:05:53.6875347Z [33m[Nest] 3730  - [39m10/04/2026, 3:05:53 AM [33m   WARN[39m [38;5;3m[DataExportService] [39m[33mDATA_EXPORT_TOKEN_SECRET is not set — using the insecure default. Set DATA_EXPORT_TOKEN_SECRET before going to production.[39m
2026-10-04T03:05:53.6878528Z [33m[Nest] 3730  - [39m10/04/2026, 3:05:53 AM [33m   WARN[39m [38;5;3m[DataExportService] [39m[33mDATA_EXPORT_TOKEN_SECRET is not set — using the insecure default. Set DATA_EXPORT_TOKEN_SECRET before going to production.[39m
2026-10-04T03:05:53.6881874Z [33m[Nest] 3730  - [39m10/04/2026, 3:05:53 AM [33m   WARN[39m [38;5;3m[DataExportService] [39m[33mDATA_EXPORT_TOKEN_SECRET is not set — using the insecure default. Set DATA_EXPORT_TOKEN_SECRET before going to production.[39m
2026-10-04T03:05:53.6885013Z [33m[Nest] 3730  - [39m10/04/2026, 3:05:53 AM [33m   WARN[39m [38;5;3m[DataExportService] [39m[33mDATA_EXPORT_TOKEN_SECRET is not set — using the insecure default. Set DATA_EXPORT_TOKEN_SECRET before going to production.[39m
2026-10-04T03:05:53.6888515Z [33m[Nest] 3730  - [39m10/04/2026, 3:05:53 AM [33m   WARN[39m [38;5;3m[DataExportService] [39m[33mDATA_EXPORT_TOKEN_SECRET is not set — using the insecure default. Set DATA_EXPORT_TOKEN_SECRET before going to production.[39m
2026-10-04T03:05:53.6892129Z [33m[Nest] 3730  - [39m10/04/2026, 3:05:53 AM [33m   WARN[39m [38;5;3m[DataExportService] [39m[33mDATA_EXPORT_TOKEN_SECRET is not set — using the insecure default. Set DATA_EXPORT_TOKEN_SECRET before going to production.[39m
2026-10-04T03:05:53.6923640Z [33m[Nest] 3730  - [39m10/04/2026, 3:05:53 AM [33m   WARN[39m [38;5;3m[DataExportService] [39m[33mDATA_EXPORT_TOKEN_SECRET is not set — using the insecure default. Set DATA_EXPORT_TOKEN_SECRET before going to production.[39m
2026-10-04T03:05:53.6979351Z [33m[Nest] 3730  - [39m10/04/2026, 3:05:53 AM [33m   WARN[39m [38;5;3m[DataExportService] [39m[33mDATA_EXPORT_TOKEN_SECRET is not set — using the insecure default. Set DATA_EXPORT_TOKEN_SECRET before going to production.[39m
2026-10-04T03:05:53.6991694Z [33m[Nest] 3730  - [39m10/04/2026, 3:05:53 AM [33m   WARN[39m [38;5;3m[DataExportService] [39m[33mDATA_EXPORT_TOKEN_SECRET is not set — using the insecure default. Set DATA_EXPORT_TOKEN_SECRET before going to production.[39m
2026-10-04T03:05:53.7033429Z [33m[Nest] 3730  - [39m10/04/2026, 3:05:53 AM [33m   WARN[39m [38;5;3m[DataExportService] [39m[33mDATA_EXPORT_TOKEN_SECRET is not set — using the insecure default. Set DATA_EXPORT_TOKEN_SECRET before going to production.[39m
2026-10-04T03:05:53.7053570Z [33m[Nest] 3730  - [39m10/04/2026, 3:05:53 AM [33m   WARN[39m [38;5;3m[DataExportService] [39m[33mDATA_EXPORT_TOKEN_SECRET is not set — using the insecure default. Set DATA_EXPORT_TOKEN_SECRET before going to production.[39m
2026-10-04T03:05:53.7083242Z [33m[Nest] 3730  - [39m10/04/2026, 3:05:53 AM [33m   WARN[39m [38;5;3m[DataExportService] [39m[33mDATA_EXPORT_TOKEN_SECRET is not set — using the insecure default. Set DATA_EXPORT_TOKEN_SECRET before going to production.[39m
2026-10-04T03:05:53.7123573Z [33m[Nest] 3730  - [39m10/04/2026, 3:05:53 AM [33m   WARN[39m [38;5;3m[DataExportService] [39m[33mDATA_EXPORT_TOKEN_SECRET is not set — using the insecure default. Set DATA_EXPORT_TOKEN_SECRET before going to production.[39m
2026-10-04T03:05:53.7133511Z [33m[Nest] 3730  - [39m10/04/2026, 3:05:53 AM [33m   WARN[39m [38;5;3m[DataExportService] [39m[33mDATA_EXPORT_TOKEN_SECRET is not set — using the insecure default. Set DATA_EXPORT_TOKEN_SECRET before going to production.[39m
2026-10-04T03:05:53.7136899Z [33m[Nest] 3730  - [39m10/04/2026, 3:05:53 AM [33m   WARN[39m [38;5;3m[DataExportService] [39m[33mDATA_EXPORT_TOKEN_SECRET is not set — using the insecure default. Set DATA_EXPORT_TOKEN_SECRET before going to production.[39m
2026-10-04T03:05:53.7193593Z [33m[Nest] 3730  - [39m10/04/2026, 3:05:53 AM [33m   WARN[39m [38;5;3m[DataExportService] [39m[33mDATA_EXPORT_TOKEN_SECRET is not set — using the insecure default. Set DATA_EXPORT_TOKEN_SECRET before going to production.[39m
2026-10-04T03:05:53.7244626Z [33m[Nest] 3730  - [39m10/04/2026, 3:05:53 AM [33m   WARN[39m [38;5;3m[SupabaseArchiveStore] [39m[33mdata export archive delete failed (STORAGE_HTTP_500), attempt 1 of 3; retrying.[39m
2026-10-04T03:05:53.7285641Z [33m[Nest] 3730  - [39m10/04/2026, 3:05:53 AM [33m   WARN[39m [38;5;3m[SupabaseArchiveStore] [39m[33mdata export archive delete failed (STORAGE_HTTP_500), attempt 2 of 3; retrying.[39m
2026-10-04T03:05:53.7323462Z [33m[Nest] 3730  - [39m10/04/2026, 3:05:53 AM [33m   WARN[39m [38;5;3m[DataExportService] [39m[33mDATA_EXPORT_TOKEN_SECRET is not set — using the insecure default. Set DATA_EXPORT_TOKEN_SECRET before going to production.[39m
2026-10-04T03:05:53.7345357Z [33m[Nest] 3730  - [39m10/04/2026, 3:05:53 AM [33m   WARN[39m [38;5;3m[DataExportService] [39m[33mDATA_EXPORT_TOKEN_SECRET is not set — using the insecure default. Set DATA_EXPORT_TOKEN_SECRET before going to production.[39m
2026-10-04T03:05:53.7373958Z [33m[Nest] 3730  - [39m10/04/2026, 3:05:53 AM [33m   WARN[39m [38;5;3m[DataExportService] [39m[33mDATA_EXPORT_TOKEN_SECRET is not set — using the insecure default. Set DATA_EXPORT_TOKEN_SECRET before going to production.[39m
2026-10-04T03:05:53.7394741Z [33m[Nest] 3730  - [39m10/04/2026, 3:05:53 AM [33m   WARN[39m [38;5;3m[DataExportService] [39m[33mDATA_EXPORT_TOKEN_SECRET is not set — using the insecure default. Set DATA_EXPORT_TOKEN_SECRET before going to production.[39m
2026-10-04T03:05:53.7398314Z [33m[Nest] 3730  - [39m10/04/2026, 3:05:53 AM [33m   WARN[39m [38;5;3m[DataExportService] [39m[33mDATA_EXPORT_TOKEN_SECRET is not set — using the insecure default. Set DATA_EXPORT_TOKEN_SECRET before going to production.[39m
2026-10-04T03:05:53.7402381Z [33m[Nest] 3730  - [39m10/04/2026, 3:05:53 AM [33m   WARN[39m [38;5;3m[DataExportService] [39m[33mDATA_EXPORT_TOKEN_SECRET is not set — using the insecure default. Set DATA_EXPORT_TOKEN_SECRET before going to production.[39m
2026-10-04T03:05:53.7405749Z [33m[Nest] 3730  - [39m10/04/2026, 3:05:53 AM [33m   WARN[39m [38;5;3m[SupabaseArchiveStore] [39m[33mdata export archive delete failed (STORAGE_HTTP_503), attempt 1 of 3; retrying.[39m
2026-10-04T03:05:53.7409400Z [33m[Nest] 3730  - [39m10/04/2026, 3:05:53 AM [33m   WARN[39m [38;5;3m[SupabaseArchiveStore] [39m[33mdata export archive delete failed (STORAGE_HTTP_503), attempt 2 of 3; retrying.[39m
2026-10-04T03:05:53.7419088Z [33m[Nest] 3730  - [39m10/04/2026, 3:05:53 AM [33m   WARN[39m [38;5;3m[DataExportService] [39m[33mDATA_EXPORT_TOKEN_SECRET is not set — using the insecure default. Set DATA_EXPORT_TOKEN_SECRET before going to production.[39m
2026-10-04T03:05:53.7433349Z [33m[Nest] 3730  - [39m10/04/2026, 3:05:53 AM [33m   WARN[39m [38;5;3m[DataExportService] [39m[33mDATA_EXPORT_TOKEN_SECRET is not set — using the insecure default. Set DATA_EXPORT_TOKEN_SECRET before going to production.[39m
2026-10-04T03:05:53.7436867Z [33m[Nest] 3730  - [39m10/04/2026, 3:05:53 AM [33m   WARN[39m [38;5;3m[DataExportService] [39m[33mDATA_EXPORT_TOKEN_SECRET is not set — using the insecure default. Set DATA_EXPORT_TOKEN_SECRET before going to production.[39m
2026-10-04T03:05:53.7439914Z [33m[Nest] 3730  - [39m10/04/2026, 3:05:53 AM [33m   WARN[39m [38;5;3m[SupabaseArchiveStore] [39m[33mdata export upload failed (STORAGE_HTTP_503), attempt 1 of 3; retrying.[39m
2026-10-04T03:05:53.7443308Z [33m[Nest] 3730  - [39m10/04/2026, 3:05:53 AM [33m   WARN[39m [38;5;3m[DataExportService] [39m[33mDATA_EXPORT_TOKEN_SECRET is not set — using the insecure default. Set DATA_EXPORT_TOKEN_SECRET before going to production.[39m
2026-10-04T03:05:53.7446713Z [33m[Nest] 3730  - [39m10/04/2026, 3:05:53 AM [33m   WARN[39m [38;5;3m[DataExportService] [39m[33mDATA_EXPORT_TOKEN_SECRET is not set — using the insecure default. Set DATA_EXPORT_TOKEN_SECRET before going to production.[39m
2026-10-04T03:05:53.7449708Z [33m[Nest] 3730  - [39m10/04/2026, 3:05:53 AM [33m   WARN[39m [38;5;3m[SupabaseArchiveStore] [39m[33mdata export upload failed (STORAGE_HTTP_504), attempt 1 of 3; retrying.[39m
2026-10-04T03:05:53.7452701Z [33m[Nest] 3730  - [39m10/04/2026, 3:05:53 AM [33m   WARN[39m [38;5;3m[SupabaseArchiveStore] [39m[33mdata export upload failed (STORAGE_HTTP_504), attempt 2 of 3; retrying.[39m
2026-10-04T03:05:53.7455637Z [33m[Nest] 3730  - [39m10/04/2026, 3:05:53 AM [33m   WARN[39m [38;5;3m[DataExportService] [39m[33mDATA_EXPORT_TOKEN_SECRET is not set — using the insecure default. Set DATA_EXPORT_TOKEN_SECRET before going to production.[39m
2026-10-04T03:05:53.7458839Z [33m[Nest] 3730  - [39m10/04/2026, 3:05:53 AM [33m   WARN[39m [38;5;3m[DataExportService] [39m[33mDATA_EXPORT_TOKEN_SECRET is not set — using the insecure default. Set DATA_EXPORT_TOKEN_SECRET before going to production.[39m
2026-10-04T03:05:53.7492596Z [33m[Nest] 3730  - [39m10/04/2026, 3:05:53 AM [33m   WARN[39m [38;5;3m[DataExportService] [39m[33mDATA_EXPORT_TOKEN_SECRET is not set — using the insecure default. Set DATA_EXPORT_TOKEN_SECRET before going to production.[39m
2026-10-04T03:05:53.7496480Z [33m[Nest] 3730  - [39m10/04/2026, 3:05:53 AM [33m   WARN[39m [38;5;3m[DataExportService] [39m[33mDATA_EXPORT_TOKEN_SECRET is not set — using the insecure default. Set DATA_EXPORT_TOKEN_SECRET before going to production.[39m
2026-10-04T03:05:53.7499912Z [33m[Nest] 3730  - [39m10/04/2026, 3:05:53 AM [33m   WARN[39m [38;5;3m[DataExportService] [39m[33mDATA_EXPORT_TOKEN_SECRET is not set — using the insecure default. Set DATA_EXPORT_TOKEN_SECRET before going to production.[39m
2026-10-04T03:05:53.7503618Z [33m[Nest] 3730  - [39m10/04/2026, 3:05:53 AM [33m   WARN[39m [38;5;3m[DataExportService] [39m[33mDATA_EXPORT_TOKEN_SECRET is not set — using the insecure default. Set DATA_EXPORT_TOKEN_SECRET before going to production.[39m
2026-10-04T03:05:53.7507005Z [33m[Nest] 3730  - [39m10/04/2026, 3:05:53 AM [33m   WARN[39m [38;5;3m[DataExportService] [39m[33mDATA_EXPORT_TOKEN_SECRET is not set — using the insecure default. Set DATA_EXPORT_TOKEN_SECRET before going to production.[39m
2026-10-04T03:05:53.7510823Z [33m[Nest] 3730  - [39m10/04/2026, 3:05:53 AM [33m   WARN[39m [38;5;3m[DataExportService] [39m[33mDATA_EXPORT_TOKEN_SECRET is not set — using the insecure default. Set DATA_EXPORT_TOKEN_SECRET before going to production.[39m
2026-10-04T03:05:53.7514467Z [33m[Nest] 3730  - [39m10/04/2026, 3:05:53 AM [33m   WARN[39m [38;5;3m[DataExportService] [39m[33mDATA_EXPORT_TOKEN_SECRET is not set — using the insecure default. Set DATA_EXPORT_TOKEN_SECRET before going to production.[39m
2026-10-04T03:05:53.7517768Z [33m[Nest] 3730  - [39m10/04/2026, 3:05:53 AM [33m   WARN[39m [38;5;3m[DataExportService] [39m[33mDATA_EXPORT_TOKEN_SECRET is not set — using the insecure default. Set DATA_EXPORT_TOKEN_SECRET before going to production.[39m
2026-10-04T03:05:53.7551319Z [33m[Nest] 3730  - [39m10/04/2026, 3:05:53 AM [33m   WARN[39m [38;5;3m[DataExportService] [39m[33mDATA_EXPORT_TOKEN_SECRET is not set — using the insecure default. Set DATA_EXPORT_TOKEN_SECRET before going to production.[39m
2026-10-04T03:05:53.7554513Z [33m[Nest] 3730  - [39m10/04/2026, 3:05:53 AM [33m   WARN[39m [38;5;3m[SupabaseArchiveStore] [39m[33mdata export archive delete failed (STORAGE_HTTP_503), attempt 1 of 3; retrying.[39m
2026-10-04T03:05:53.7557337Z [33m[Nest] 3730  - [39m10/04/2026, 3:05:53 AM [33m   WARN[39m [38;5;3m[SupabaseArchiveStore] [39m[33mdata export archive delete failed (STORAGE_HTTP_503), attempt 2 of 3; retrying.[39m
2026-10-04T03:05:53.7560502Z [33m[Nest] 3730  - [39m10/04/2026, 3:05:53 AM [33m   WARN[39m [38;5;3m[DataExportService] [39m[33mDATA_EXPORT_TOKEN_SECRET is not set — using the insecure default. Set DATA_EXPORT_TOKEN_SECRET before going to production.[39m
2026-10-04T03:05:53.7564165Z [33m[Nest] 3730  - [39m10/04/2026, 3:05:53 AM [33m   WARN[39m [38;5;3m[DataExportService] [39m[33mDATA_EXPORT_TOKEN_SECRET is not set — using the insecure default. Set DATA_EXPORT_TOKEN_SECRET before going to production.[39m
2026-10-04T03:05:53.7567837Z [33m[Nest] 3730  - [39m10/04/2026, 3:05:53 AM [33m   WARN[39m [38;5;3m[DataExportService] [39m[33mDATA_EXPORT_TOKEN_SECRET is not set — using the insecure default. Set DATA_EXPORT_TOKEN_SECRET before going to production.[39m
2026-10-04T03:05:53.7571419Z [33m[Nest] 3730  - [39m10/04/2026, 3:05:53 AM [33m   WARN[39m [38;5;3m[DataExportService] [39m[33mDATA_EXPORT_TOKEN_SECRET is not set — using the insecure default. Set DATA_EXPORT_TOKEN_SECRET before going to production.[39m
2026-10-04T03:05:53.7574703Z [33m[Nest] 3730  - [39m10/04/2026, 3:05:53 AM [33m   WARN[39m [38;5;3m[DataExportService] [39m[33mDATA_EXPORT_TOKEN_SECRET is not set — using the insecure default. Set DATA_EXPORT_TOKEN_SECRET before going to production.[39m
2026-10-04T03:05:53.7577883Z [33m[Nest] 3730  - [39m10/04/2026, 3:05:53 AM [33m   WARN[39m [38;5;3m[DataExportService] [39m[33mDATA_EXPORT_TOKEN_SECRET is not set — using the insecure default. Set DATA_EXPORT_TOKEN_SECRET before going to production.[39m
2026-10-04T03:05:53.7611849Z [33m[Nest] 3730  - [39m10/04/2026, 3:05:53 AM [33m   WARN[39m [38;5;3m[DataExportService] [39m[33mDATA_EXPORT_TOKEN_SECRET is not set — using the insecure default. Set DATA_EXPORT_TOKEN_SECRET before going to production.[39m
2026-10-04T03:05:53.7615381Z [33m[Nest] 3730  - [39m10/04/2026, 3:05:53 AM [33m   WARN[39m [38;5;3m[DataExportService] [39m[33mDATA_EXPORT_TOKEN_SECRET is not set — using the insecure default. Set DATA_EXPORT_TOKEN_SECRET before going to production.[39m
2026-10-04T03:05:53.7618891Z [33m[Nest] 3730  - [39m10/04/2026, 3:05:53 AM [33m   WARN[39m [38;5;3m[DataExportService] [39m[33mDATA_EXPORT_TOKEN_SECRET is not set — using the insecure default. Set DATA_EXPORT_TOKEN_SECRET before going to production.[39m
2026-10-04T03:05:53.7622568Z [33m[Nest] 3730  - [39m10/04/2026, 3:05:53 AM [33m   WARN[39m [38;5;3m[DataExportService] [39m[33mDATA_EXPORT_TOKEN_SECRET is not set — using the insecure default. Set DATA_EXPORT_TOKEN_SECRET before going to production.[39m
2026-10-04T03:05:53.7626332Z [33m[Nest] 3730  - [39m10/04/2026, 3:05:53 AM [33m   WARN[39m [38;5;3m[DataExportService] [39m[33mDATA_EXPORT_TOKEN_SECRET is not set — using the insecure default. Set DATA_EXPORT_TOKEN_SECRET before going to production.[39m
2026-10-04T03:05:53.7629645Z [33m[Nest] 3730  - [39m10/04/2026, 3:05:53 AM [33m   WARN[39m [38;5;3m[DataExportService] [39m[33mDATA_EXPORT_TOKEN_SECRET is not set — using the insecure default. Set DATA_EXPORT_TOKEN_SECRET before going to production.[39m
2026-10-04T03:05:53.7633151Z [33m[Nest] 3730  - [39m10/04/2026, 3:05:53 AM [33m   WARN[39m [38;5;3m[DataExportService] [39m[33mDATA_EXPORT_TOKEN_SECRET is not set — using the insecure default. Set DATA_EXPORT_TOKEN_SECRET before going to production.[39m
2026-10-04T03:05:53.7636324Z [33m[Nest] 3730  - [39m10/04/2026, 3:05:53 AM [33m   WARN[39m [38;5;3m[DataExportService] [39m[33mDATA_EXPORT_TOKEN_SECRET is not set — using the insecure default. Set DATA_EXPORT_TOKEN_SECRET before going to production.[39m
2026-10-04T03:05:53.7639619Z [33m[Nest] 3730  - [39m10/04/2026, 3:05:53 AM [33m   WARN[39m [38;5;3m[DataExportService] [39m[33mDATA_EXPORT_TOKEN_SECRET is not set — using the insecure default. Set DATA_EXPORT_TOKEN_SECRET before going to production.[39m
2026-10-04T03:05:53.7654844Z [33m[Nest] 3730  - [39m10/04/2026, 3:05:53 AM [33m   WARN[39m [38;5;3m[DataExportService] [39m[33mDATA_EXPORT_TOKEN_SECRET is not set — using the insecure default. Set DATA_EXPORT_TOKEN_SECRET before going to production.[39m
2026-10-04T03:05:53.7658098Z [33m[Nest] 3730  - [39m10/04/2026, 3:05:53 AM [33m   WARN[39m [38;5;3m[DataExportService] [39m[33mDATA_EXPORT_TOKEN_SECRET is not set — using the insecure default. Set DATA_EXPORT_TOKEN_SECRET before going to production.[39m
2026-10-04T03:05:53.7661565Z [33m[Nest] 3730  - [39m10/04/2026, 3:05:53 AM [33m   WARN[39m [38;5;3m[DataExportService] [39m[33mDATA_EXPORT_TOKEN_SECRET is not set — using the insecure default. Set DATA_EXPORT_TOKEN_SECRET before going to production.[39m
2026-10-04T03:05:53.7665039Z [33m[Nest] 3730  - [39m10/04/2026, 3:05:53 AM [33m   WARN[39m [38;5;3m[DataExportService] [39m[33mDATA_EXPORT_TOKEN_SECRET is not set — using the insecure default. Set DATA_EXPORT_TOKEN_SECRET before going to production.[39m
2026-10-04T03:05:53.7668188Z [33m[Nest] 3730  - [39m10/04/2026, 3:05:53 AM [33m   WARN[39m [38;5;3m[DataExportService] [39m[33mDATA_EXPORT_TOKEN_SECRET is not set — using the insecure default. Set DATA_EXPORT_TOKEN_SECRET before going to production.[39m
2026-10-04T03:05:53.7671574Z [33m[Nest] 3730  - [39m10/04/2026, 3:05:53 AM [33m   WARN[39m [38;5;3m[DataExportService] [39m[33mDATA_EXPORT_TOKEN_SECRET is not set — using the insecure default. Set DATA_EXPORT_TOKEN_SECRET before going to production.[39m
2026-10-04T03:05:53.7695343Z [33m[Nest] 3730  - [39m10/04/2026, 3:05:53 AM [33m   WARN[39m [38;5;3m[DataExportService] [39m[33mDATA_EXPORT_TOKEN_SECRET is not set — using the insecure default. Set DATA_EXPORT_TOKEN_SECRET before going to production.[39m
2026-10-04T03:05:53.7698788Z [33m[Nest] 3730  - [39m10/04/2026, 3:05:53 AM [33m   WARN[39m [38;5;3m[DataExportService] [39m[33mDATA_EXPORT_TOKEN_SECRET is not set — using the insecure default. Set DATA_EXPORT_TOKEN_SECRET before going to production.[39m
2026-10-04T03:05:53.7702261Z [33m[Nest] 3730  - [39m10/04/2026, 3:05:53 AM [33m   WARN[39m [38;5;3m[DataExportService] [39m[33mDATA_EXPORT_TOKEN_SECRET is not set — using the insecure default. Set DATA_EXPORT_TOKEN_SECRET before going to production.[39m
2026-10-04T03:05:53.7705374Z [33m[Nest] 3730  - [39m10/04/2026, 3:05:53 AM [33m   WARN[39m [38;5;3m[DataExportService] [39m[33mDATA_EXPORT_TOKEN_SECRET is not set — using the insecure default. Set DATA_EXPORT_TOKEN_SECRET before going to production.[39m
2026-10-04T03:05:53.7708508Z [33m[Nest] 3730  - [39m10/04/2026, 3:05:53 AM [33m   WARN[39m [38;5;3m[DataExportService] [39m[33mDATA_EXPORT_TOKEN_SECRET is not set — using the insecure default. Set DATA_EXPORT_TOKEN_SECRET before going to production.[39m
2026-10-04T03:05:53.7712067Z [33m[Nest] 3730  - [39m10/04/2026, 3:05:53 AM [33m   WARN[39m [38;5;3m[DataExportService] [39m[33mDATA_EXPORT_TOKEN_SECRET is not set — using the insecure default. Set DATA_EXPORT_TOKEN_SECRET before going to production.[39m
2026-10-04T03:05:53.7715039Z [33m[Nest] 3730  - [39m10/04/2026, 3:05:53 AM [33m   WARN[39m [38;5;3m[DataExportService] [39m[33mDATA_EXPORT_TOKEN_SECRET is not set — using the insecure default. Set DATA_EXPORT_TOKEN_SECRET before going to production.[39m
2026-10-04T03:05:53.7718194Z [33m[Nest] 3730  - [39m10/04/2026, 3:05:53 AM [33m   WARN[39m [38;5;3m[DataExportService] [39m[33mDATA_EXPORT_TOKEN_SECRET is not set — using the insecure default. Set DATA_EXPORT_TOKEN_SECRET before going to production.[39m
2026-10-04T03:05:53.7751742Z [33m[Nest] 3730  - [39m10/04/2026, 3:05:53 AM [33m   WARN[39m [38;5;3m[DataExportService] [39m[33mDATA_EXPORT_TOKEN_SECRET is not set — using the insecure default. Set DATA_EXPORT_TOKEN_SECRET before going to production.[39m
2026-10-04T03:05:53.7755145Z [33m[Nest] 3730  - [39m10/04/2026, 3:05:53 AM [33m   WARN[39m [38;5;3m[DataExportService] [39m[33mDATA_EXPORT_TOKEN_SECRET is not set — using the insecure default. Set DATA_EXPORT_TOKEN_SECRET before going to production.[39m
2026-10-04T03:05:53.7758386Z [33m[Nest] 3730  - [39m10/04/2026, 3:05:53 AM [33m   WARN[39m [38;5;3m[DataExportService] [39m[33mDATA_EXPORT_TOKEN_SECRET is not set — using the insecure default. Set DATA_EXPORT_TOKEN_SECRET before going to production.[39m
2026-10-04T03:05:53.7761476Z [33m[Nest] 3730  - [39m10/04/2026, 3:05:53 AM [33m   WARN[39m [38;5;3m[SupabaseArchiveStore] [39m[33mdata export archive check failed (STORAGE_HTTP_503), attempt 1 of 3; retrying.[39m
2026-10-04T03:05:53.7764283Z [33m[Nest] 3730  - [39m10/04/2026, 3:05:53 AM [33m   WARN[39m [38;5;3m[SupabaseArchiveStore] [39m[33mdata export archive check failed (STORAGE_HTTP_503), attempt 2 of 3; retrying.[39m
2026-10-04T03:05:53.7767455Z [33m[Nest] 3730  - [39m10/04/2026, 3:05:53 AM [33m   WARN[39m [38;5;3m[DataExportService] [39m[33mDATA_EXPORT_TOKEN_SECRET is not set — using the insecure default. Set DATA_EXPORT_TOKEN_SECRET before going to production.[39m
2026-10-04T03:05:53.7771082Z [33m[Nest] 3730  - [39m10/04/2026, 3:05:53 AM [33m   WARN[39m [38;5;3m[DataExportService] [39m[33mDATA_EXPORT_TOKEN_SECRET is not set — using the insecure default. Set DATA_EXPORT_TOKEN_SECRET before going to production.[39m
2026-10-04T03:05:53.7773978Z [33m[Nest] 3730  - [39m10/04/2026, 3:05:53 AM [33m   WARN[39m [38;5;3m[DataExportService] [39m[33mDATA_EXPORT_TOKEN_SECRET is not set — using the insecure default. Set DATA_EXPORT_TOKEN_SECRET before going to production.[39m
2026-10-04T03:05:53.7777409Z [33m[Nest] 3730  - [39m10/04/2026, 3:05:53 AM [33m   WARN[39m [38;5;3m[DataExportService] [39m[33mDATA_EXPORT_TOKEN_SECRET is not set — using the insecure default. Set DATA_EXPORT_TOKEN_SECRET before going to production.[39m
2026-10-04T03:05:53.7780697Z [33m[Nest] 3730  - [39m10/04/2026, 3:05:53 AM [33m   WARN[39m [38;5;3m[DataExportService] [39m[33mDATA_EXPORT_TOKEN_SECRET is not set — using the insecure default. Set DATA_EXPORT_TOKEN_SECRET before going to production.[39m
2026-10-04T03:05:53.7814789Z [33m[Nest] 3730  - [39m10/04/2026, 3:05:53 AM [33m   WARN[39m [38;5;3m[DataExportService] [39m[33mDATA_EXPORT_TOKEN_SECRET is not set — using the insecure default. Set DATA_EXPORT_TOKEN_SECRET before going to production.[39m
2026-10-04T03:05:53.7817970Z [33m[Nest] 3730  - [39m10/04/2026, 3:05:53 AM [33m   WARN[39m [38;5;3m[SupabaseArchiveStore] [39m[33mdata export read link failed (STORAGE_HTTP_502), attempt 1 of 3; retrying.[39m
2026-10-04T03:05:53.7820711Z [33m[Nest] 3730  - [39m10/04/2026, 3:05:53 AM [33m   WARN[39m [38;5;3m[SupabaseArchiveStore] [39m[33mdata export read link failed (STORAGE_HTTP_502), attempt 2 of 3; retrying.[39m
2026-10-04T03:05:53.7824592Z [33m[Nest] 3730  - [39m10/04/2026, 3:05:53 AM [33m   WARN[39m [38;5;3m[DataExportService] [39m[33mDATA_EXPORT_TOKEN_SECRET is not set — using the insecure default. Set DATA_EXPORT_TOKEN_SECRET before going to production.[39m
2026-10-04T03:05:53.7827988Z [33m[Nest] 3730  - [39m10/04/2026, 3:05:53 AM [33m   WARN[39m [38;5;3m[DataExportService] [39m[33mDATA_EXPORT_TOKEN_SECRET is not set — using the insecure default. Set DATA_EXPORT_TOKEN_SECRET before going to production.[39m
2026-10-04T03:05:53.7831763Z [33m[Nest] 3730  - [39m10/04/2026, 3:05:53 AM [33m   WARN[39m [38;5;3m[DataExportService] [39m[33mDATA_EXPORT_TOKEN_SECRET is not set — using the insecure default. Set DATA_EXPORT_TOKEN_SECRET before going to production.[39m
2026-10-04T03:05:53.7835209Z [33m[Nest] 3730  - [39m10/04/2026, 3:05:53 AM [33m   WARN[39m [38;5;3m[DataExportService] [39m[33mDATA_EXPORT_TOKEN_SECRET is not set — using the insecure default. Set DATA_EXPORT_TOKEN_SECRET before going to production.[39m
2026-10-04T03:05:53.7838549Z [33m[Nest] 3730  - [39m10/04/2026, 3:05:53 AM [33m   WARN[39m [38;5;3m[DataExportService] [39m[33mDATA_EXPORT_TOKEN_SECRET is not set — using the insecure default. Set DATA_EXPORT_TOKEN_SECRET before going to production.[39m
2026-10-04T03:05:53.7871835Z [33m[Nest] 3730  - [39m10/04/2026, 3:05:53 AM [33m   WARN[39m [38;5;3m[DataExportController] [39m[33mDownload of export e1 ended early (client closed).[39m
2026-10-04T03:05:54.8089443Z PASS test/ltv-metrics.service.spec.ts
2026-10-04T03:05:57.2189282Z [31m[Nest] 3730  - [39m10/04/2026, 3:05:57 AM [31m  ERROR[39m [38;5;3m[GuestCheckoutService] [39m[31mStripe createPaymentIntent failed (code=card_declined http=402)[39m
2026-10-04T03:05:57.2484409Z [31m[Nest] 3730  - [39m10/04/2026, 3:05:57 AM [31m  ERROR[39m [38;5;3m[GuestCheckoutService] [39m[31mconvertGuestToUser: Supabase user creation failed for gc-fail (tag=Error)[39m
2026-10-04T03:05:57.2527621Z [31m[Nest] 3730  - [39m10/04/2026, 3:05:57 AM [31m  ERROR[39m [38;5;3m[GuestCheckoutService] [39m[31mconvertGuestToUser: Supabase user creation failed for gc-term (tag=Error)[39m
2026-10-04T03:05:57.2546210Z [31m[Nest] 3730  - [39m10/04/2026, 3:05:57 AM [31m  ERROR[39m [38;5;3m[GuestCheckoutService] [39m[31mGuestCheckout gc-term reached conversion_failed_terminal after 5 retries (last_error=supabase:Error)[39m
2026-10-04T03:05:57.2624940Z [31m[Nest] 3730  - [39m10/04/2026, 3:05:57 AM [31m  ERROR[39m [38;5;3m[GuestCheckoutService] [39m[31mhandlePaymentSucceeded crashed (tag=Error)[39m
2026-10-04T03:05:57.3705726Z [31m[Nest] 3730  - [39m10/04/2026, 3:05:57 AM [31m  ERROR[39m [38;5;3m[GuestCheckoutService] [39m[31mhandlePaymentFailed crashed (tag=Error)[39m
2026-10-04T03:05:57.4189021Z [31m[Nest] 3730  - [39m10/04/2026, 3:05:57 AM [31m  ERROR[39m [38;5;3m[GuestCheckoutService] [39m[31mhandleChargeRefunded crashed (tag=Error) — propagating for Stripe retry[39m
2026-10-04T03:05:57.4226414Z [31m[Nest] 3730  - [39m10/04/2026, 3:05:57 AM [31m  ERROR[39m [38;5;3m[GuestCheckoutService] [39m[31mhandleDisputeOpened crashed (tag=Error) — propagating for Stripe retry[39m
2026-10-04T03:05:57.4374136Z PASS test/guest-checkout.service.spec.ts
2026-10-04T03:05:58.3083549Z PASS test/prod-readiness/provider-wiring-twilio-aws-fly-sentry-supabase-openai-cf.spec.ts
2026-10-04T03:05:59.6628593Z [31m[Nest] 3730  - [39m10/04/2026, 3:05:59 AM [31m  ERROR[39m [38;5;3m[RomanService] [39m[31mroman.erase_deleted_session_failed session=legacy_u_a_2026-09-27: Error: db hiccup[39m
2026-10-04T03:05:59.6879534Z [31m[Nest] 3730  - [39m10/04/2026, 3:05:59 AM [31m  ERROR[39m [38;5;3m[RomanService] [39m[31mroman.delete_all_bound_hit erased=2 left=1[39m
2026-10-04T03:05:59.7336696Z PASS test/roman/roman.service.spec.ts
2026-10-04T03:06:00.4538178Z PASS test/scout/reconciliation/reconcile.spec.ts
2026-10-04T03:06:01.4622113Z PASS test/package-contents.service.spec.ts
2026-10-04T03:06:02.7822270Z PASS test/storefront-public.controller.spec.ts
2026-10-04T03:06:02.8719648Z [32m[Nest] 3730  - [39m10/04/2026, 3:06:02 AM [32m    LOG[39m [38;5;3m[CheckoutIpRateLimiterService] [39m[32mCheckoutIpRateLimiterService: REDIS_URL unset — using in-memory limiter[39m
2026-10-04T03:06:02.8745519Z [32m[Nest] 3730  - [39m10/04/2026, 3:06:02 AM [32m    LOG[39m [38;5;3m[CheckoutIpRateLimiterService] [39m[32mCheckoutIpRateLimiterService: REDIS_URL unset — using in-memory limiter[39m
2026-10-04T03:06:04.0260194Z PASS test/scout/roster/scout-roster.service.spec.ts
2026-10-04T03:06:05.9104469Z [32m[Nest] 3730  - [39m10/04/2026, 3:06:05 AM [32m    LOG[39m [38;5;3m[PackageContentsService] [39m[32mpushToExisting: package=pkg-1 content=content-1 drops_updated=2 buyers_affected=2 skipped_delivered=2[39m
2026-10-04T03:06:05.9163531Z [32m[Nest] 3730  - [39m10/04/2026, 3:06:05 AM [32m    LOG[39m [38;5;3m[PackageContentsService] [39m[32mpushToExisting: package=pkg-1 content=content-1 drops_updated=2 buyers_affected=2 skipped_delivered=0[39m
2026-10-04T03:06:05.9223679Z [32m[Nest] 3730  - [39m10/04/2026, 3:06:05 AM [32m    LOG[39m [38;5;3m[PackageContentsService] [39m[32mpushToExisting: package=pkg-1 content=content-1 drops_updated=2 buyers_affected=2 skipped_delivered=0[39m
2026-10-04T03:06:05.9253391Z [32m[Nest] 3730  - [39m10/04/2026, 3:06:05 AM [32m    LOG[39m [38;5;3m[PackageContentsService] [39m[32mpushToExisting: package=pkg-1 content=content-1 drops_updated=1 buyers_affected=1 skipped_delivered=0[39m
2026-10-04T03:06:05.9283359Z [32m[Nest] 3730  - [39m10/04/2026, 3:06:05 AM [32m    LOG[39m [38;5;3m[PackageContentsService] [39m[32mpushToExisting: package=pkg-1 content=content-1 drops_updated=1 buyers_affected=1 skipped_delivered=0[39m
2026-10-04T03:06:06.0413736Z [31m[Nest] 3730  - [39m10/04/2026, 3:06:06 AM [31m  ERROR[39m [38;5;3m[PackageContentsService] [39m[31mpushToExisting audit write failed: audit backend down[39m
2026-10-04T03:06:06.0535327Z PASS test/package-contents-push-to-existing.spec.ts
2026-10-04T03:06:06.1259124Z [32m[Nest] 3730  - [39m10/04/2026, 3:06:06 AM [32m    LOG[39m [38;5;3m[PackageContentsService] [39m[32mpushToExisting: package=pkg-1 content=content-1 drops_updated=5 buyers_affected=5 skipped_delivered=0[39m
2026-10-04T03:06:06.1262919Z [32m[Nest] 3730  - [39m10/04/2026, 3:06:06 AM [32m    LOG[39m [38;5;3m[PackageContentsService] [39m[32mpushToExisting: package=pkg-1 content=content-1 drops_updated=1 buyers_affected=1 skipped_delivered=0[39m
2026-10-04T03:06:06.1266412Z [32m[Nest] 3730  - [39m10/04/2026, 3:06:06 AM [32m    LOG[39m [38;5;3m[PackageContentsService] [39m[32mpushToExisting: package=pkg-1 content=content-1 drops_updated=1 buyers_affected=1 skipped_delivered=0[39m
2026-10-04T03:06:06.1269792Z [32m[Nest] 3730  - [39m10/04/2026, 3:06:06 AM [32m    LOG[39m [38;5;3m[PackageContentsService] [39m[32mpushToExisting: package=pkg-1 content=content-1 drops_updated=1 buyers_affected=1 skipped_delivered=0[39m
2026-10-04T03:06:06.1273791Z [32m[Nest] 3730  - [39m10/04/2026, 3:06:06 AM [32m    LOG[39m [38;5;3m[PackageContentsService] [39m[32mpushToExisting: package=pkg-1 content=content-1 drops_updated=1 buyers_affected=1 skipped_delivered=0[39m
2026-10-04T03:06:06.1277180Z [32m[Nest] 3730  - [39m10/04/2026, 3:06:06 AM [32m    LOG[39m [38;5;3m[PackageContentsService] [39m[32mpushToExisting: package=pkg-1 content=content-1 drops_updated=1 buyers_affected=1 skipped_delivered=0[39m
2026-10-04T03:06:13.0497536Z PASS test/prod-readiness/env-discovery.spec.ts (20.589 s)
2026-10-04T03:06:13.9114608Z [32m[Nest] 3723  - [39m10/04/2026, 3:06:13 AM [32m    LOG[39m [38;5;3m[ScoutReconstructService] [39m[32mscout.reconstruct completed {"intent_id":"intent-1","coach_id":"coach-1","staged":1,"reconstructed":1,"skipped":0,"failed":0}[39m
2026-10-04T03:06:13.9134291Z [32m[Nest] 3723  - [39m10/04/2026, 3:06:13 AM [32m    LOG[39m [38;5;3m[ScoutReconstructService] [39m[32mscout.reconstruct completed {"intent_id":"intent-1","coach_id":"coach-1","staged":1,"reconstructed":0,"skipped":1,"failed":0}[39m
2026-10-04T03:06:13.9142594Z [33m[Nest] 3723  - [39m10/04/2026, 3:06:13 AM [33m   WARN[39m [38;5;3m[ScoutReconstructService] [39m[33mscout.reconstruct completed with failures {"intent_id":"intent-1","coach_id":"coach-1","staged":1,"reconstructed":0,"skipped":0,"failed":1}[39m
2026-10-04T03:06:13.9146429Z [32m[Nest] 3723  - [39m10/04/2026, 3:06:13 AM [32m    LOG[39m [38;5;3m[ScoutReconstructService] [39m[32mscout.reconstruct completed {"intent_id":"intent-1","coach_id":"coach-1","staged":1,"reconstructed":1,"skipped":0,"failed":0}[39m
2026-10-04T03:06:13.9150142Z [32m[Nest] 3723  - [39m10/04/2026, 3:06:13 AM [32m    LOG[39m [38;5;3m[ScoutReconstructService] [39m[32mscout.reconstruct completed {"intent_id":"intent-1","coach_id":"coach-1","staged":1,"reconstructed":1,"skipped":0,"failed":0}[39m
2026-10-04T03:06:13.9154131Z [32m[Nest] 3723  - [39m10/04/2026, 3:06:13 AM [32m    LOG[39m [38;5;3m[ScoutReconstructService] [39m[32mscout.reconstruct completed {"intent_id":"intent-1","coach_id":"coach-1","staged":1,"reconstructed":1,"skipped":0,"failed":0}[39m
2026-10-04T03:06:13.9157803Z [32m[Nest] 3723  - [39m10/04/2026, 3:06:13 AM [32m    LOG[39m [38;5;3m[ScoutReconstructService] [39m[32mscout.reconstruct completed {"intent_id":"intent-1","coach_id":"coach-1","staged":1,"reconstructed":1,"skipped":0,"failed":0}[39m
2026-10-04T03:06:13.9161596Z [32m[Nest] 3723  - [39m10/04/2026, 3:06:13 AM [32m    LOG[39m [38;5;3m[ScoutReconstructService] [39m[32mscout.reconstruct completed {"intent_id":"intent-1","coach_id":"coach-1","staged":1,"reconstructed":1,"skipped":0,"failed":0}[39m
2026-10-04T03:06:13.9165273Z [32m[Nest] 3723  - [39m10/04/2026, 3:06:13 AM [32m    LOG[39m [38;5;3m[ScoutReconstructService] [39m[32mscout.reconstruct completed {"intent_id":"intent-1","coach_id":"coach-1","staged":1,"reconstructed":2,"skipped":0,"failed":0}[39m
2026-10-04T03:06:13.9169051Z [32m[Nest] 3723  - [39m10/04/2026, 3:06:13 AM [32m    LOG[39m [38;5;3m[ScoutReconstructService] [39m[32mscout.reconstruct completed {"intent_id":"intent-1","coach_id":"coach-1","staged":1,"reconstructed":1,"skipped":0,"failed":0}[39m
2026-10-04T03:06:13.9172980Z [32m[Nest] 3723  - [39m10/04/2026, 3:06:13 AM [32m    LOG[39m [38;5;3m[ScoutReconstructService] [39m[32mscout.reconstruct completed {"intent_id":"intent-1","coach_id":"coach-1","staged":1,"reconstructed":1,"skipped":1,"failed":0}[39m
2026-10-04T03:06:13.9176664Z [32m[Nest] 3723  - [39m10/04/2026, 3:06:13 AM [32m    LOG[39m [38;5;3m[ScoutReconstructService] [39m[32mscout.reconstruct completed {"intent_id":"intent-1","coach_id":"coach-1","staged":1,"reconstructed":1,"skipped":0,"failed":0}[39m
2026-10-04T03:06:13.9180396Z [33m[Nest] 3723  - [39m10/04/2026, 3:06:13 AM [33m   WARN[39m [38;5;3m[ScoutReconstructService] [39m[33mscout.reconstruct completed with failures {"intent_id":"intent-1","coach_id":"coach-1","staged":1,"reconstructed":1,"skipped":0,"failed":1}[39m
2026-10-04T03:06:13.9184597Z [32m[Nest] 3723  - [39m10/04/2026, 3:06:13 AM [32m    LOG[39m [38;5;3m[ScoutReconstructService] [39m[32mscout.reconstruct completed {"intent_id":"intent-1","coach_id":"coach-1","staged":1,"reconstructed":1,"skipped":0,"failed":0}[39m
2026-10-04T03:06:13.9188338Z [33m[Nest] 3723  - [39m10/04/2026, 3:06:13 AM [33m   WARN[39m [38;5;3m[ScoutReconstructService] [39m[33mscout.reconstruct completed with failures {"intent_id":"intent-1","coach_id":"coach-1","staged":1,"reconstructed":0,"skipped":0,"failed":1}[39m
2026-10-04T03:06:13.9192357Z [32m[Nest] 3723  - [39m10/04/2026, 3:06:13 AM [32m    LOG[39m [38;5;3m[ScoutReconstructService] [39m[32mscout.reconstruct completed {"intent_id":"intent-1","coach_id":"coach-1","staged":1,"reconstructed":0,"skipped":1,"failed":0}[39m
2026-10-04T03:06:13.9196120Z [32m[Nest] 3723  - [39m10/04/2026, 3:06:13 AM [32m    LOG[39m [38;5;3m[ScoutReconstructService] [39m[32mscout.reconstruct completed {"intent_id":"intent-1","coach_id":"coach-1","staged":1,"reconstructed":1,"skipped":0,"failed":0}[39m
2026-10-04T03:06:13.9200069Z [33m[Nest] 3723  - [39m10/04/2026, 3:06:13 AM [33m   WARN[39m [38;5;3m[ScoutReconstructService] [39m[33mscout.reconstruct completed with failures {"intent_id":"intent-1","coach_id":"coach-1","staged":2,"reconstructed":1,"skipped":0,"failed":1}[39m
2026-10-04T03:06:13.9204456Z [32m[Nest] 3723  - [39m10/04/2026, 3:06:13 AM [32m    LOG[39m [38;5;3m[ScoutReconstructService] [39m[32mscout.reconstruct completed {"intent_id":"intent-1","coach_id":"coach-1","staged":1,"reconstructed":0,"skipped":1,"failed":0}[39m
2026-10-04T03:06:13.9210358Z [33m[Nest] 3723  - [39m10/04/2026, 3:06:13 AM [33m   WARN[39m [38;5;3m[ScoutReconstructService] [39m[33mscout.reconstruct completed with failures {"intent_id":"intent-1","coach_id":"coach-1","staged":1,"reconstructed":0,"skipped":0,"failed":1}[39m
2026-10-04T03:06:13.9214396Z [32m[Nest] 3723  - [39m10/04/2026, 3:06:13 AM [32m    LOG[39m [38;5;3m[ScoutReconstructService] [39m[32mscout.reconstruct completed {"intent_id":"intent-1","coach_id":"coach-1","staged":1,"reconstructed":0,"skipped":1,"failed":0}[39m
2026-10-04T03:06:13.9218129Z [33m[Nest] 3723  - [39m10/04/2026, 3:06:13 AM [33m   WARN[39m [38;5;3m[ScoutReconstructService] [39m[33mscout.reconstruct completed with failures {"intent_id":"intent-1","coach_id":"coach-1","staged":1,"reconstructed":0,"skipped":0,"failed":1}[39m
2026-10-04T03:06:13.9222227Z [32m[Nest] 3723  - [39m10/04/2026, 3:06:13 AM [32m    LOG[39m [38;5;3m[ScoutReconstructService] [39m[32mscout.reconstruct completed {"intent_id":"intent-1","coach_id":"coach-1","staged":3,"reconstructed":3,"skipped":0,"failed":0}[39m
2026-10-04T03:06:13.9225873Z [32m[Nest] 3723  - [39m10/04/2026, 3:06:13 AM [32m    LOG[39m [38;5;3m[ScoutReconstructService] [39m[32mscout.reconstruct completed {"intent_id":"intent-1","coach_id":"coach-1","staged":2,"reconstructed":2,"skipped":0,"failed":0}[39m
2026-10-04T03:06:13.9229463Z [32m[Nest] 3723  - [39m10/04/2026, 3:06:13 AM [32m    LOG[39m [38;5;3m[ScoutReconstructService] [39m[32mscout.reconstruct completed {"intent_id":"intent-1","coach_id":"coach-1","staged":2,"reconstructed":2,"skipped":0,"failed":0}[39m
2026-10-04T03:06:13.9233341Z [32m[Nest] 3723  - [39m10/04/2026, 3:06:13 AM [32m    LOG[39m [38;5;3m[ScoutReconstructService] [39m[32mscout.reconstruct completed {"intent_id":"intent-1","coach_id":"coach-1","staged":2,"reconstructed":1,"skipped":1,"failed":0}[39m
2026-10-04T03:06:13.9237151Z [33m[Nest] 3723  - [39m10/04/2026, 3:06:13 AM [33m   WARN[39m [38;5;3m[ScoutReconstructService] [39m[33mscout.reconstruct completed with failures {"intent_id":"intent-1","coach_id":"coach-1","staged":3,"reconstructed":2,"skipped":0,"failed":1}[39m
2026-10-04T03:06:13.9241655Z [33m[Nest] 3723  - [39m10/04/2026, 3:06:13 AM [33m   WARN[39m [38;5;3m[ScoutReconstructService] [39m[33mscout.reconstruct completed with failures {"intent_id":"intent-1","coach_id":"coach-1","staged":1,"reconstructed":0,"skipped":0,"failed":1}[39m
2026-10-04T03:06:13.9245394Z [32m[Nest] 3723  - [39m10/04/2026, 3:06:13 AM [32m    LOG[39m [38;5;3m[ScoutReconstructService] [39m[32mscout.reconstruct completed {"intent_id":"intent-empty","coach_id":"coach-1","staged":0,"reconstructed":0,"skipped":0,"failed":0}[39m
2026-10-04T03:06:13.9249184Z [32m[Nest] 3723  - [39m10/04/2026, 3:06:13 AM [32m    LOG[39m [38;5;3m[ScoutReconstructService] [39m[32mscout.reconstruct completed {"intent_id":"intent-1","coach_id":"coach-1","staged":2,"reconstructed":1,"skipped":1,"failed":0}[39m
2026-10-04T03:06:13.9253225Z [33m[Nest] 3723  - [39m10/04/2026, 3:06:13 AM [33m   WARN[39m [38;5;3m[ScoutReconstructService] [39m[33mscout.reconstruct completed with failures {"intent_id":"intent-1","coach_id":"coach-1","staged":5,"reconstructed":2,"skipped":2,"failed":1}[39m
2026-10-04T03:06:13.9257047Z [32m[Nest] 3723  - [39m10/04/2026, 3:06:13 AM [32m    LOG[39m [38;5;3m[ScoutReconstructService] [39m[32mscout.reconstruct completed {"intent_id":"intent-1","coach_id":"coach-1","staged":1,"reconstructed":1,"skipped":0,"failed":0}[39m
2026-10-04T03:06:13.9261590Z [33m[Nest] 3723  - [39m10/04/2026, 3:06:13 AM [33m   WARN[39m [38;5;3m[ScoutReconstructService] [39m[33mscout.reconstruct completed with failures {"intent_id":"intent-1","coach_id":"coach-1","staged":2,"reconstructed":1,"skipped":0,"failed":1}[39m
2026-10-04T03:06:13.9265533Z [32m[Nest] 3723  - [39m10/04/2026, 3:06:13 AM [32m    LOG[39m [38;5;3m[ScoutReconstructService] [39m[32mscout.reconstruct completed {"intent_id":"intent-1","coach_id":"coach-1","staged":2,"reconstructed":2,"skipped":0,"failed":0}[39m
2026-10-04T03:06:13.9269185Z [32m[Nest] 3723  - [39m10/04/2026, 3:06:13 AM [32m    LOG[39m [38;5;3m[ScoutReconstructService] [39m[32mscout.reconstruct completed {"intent_id":"intent-1","coach_id":"coach-1","staged":1,"reconstructed":1,"skipped":0,"failed":0}[39m
2026-10-04T03:06:13.9273137Z [32m[Nest] 3723  - [39m10/04/2026, 3:06:13 AM [32m    LOG[39m [38;5;3m[ScoutReconstructService] [39m[32mscout.reconstruct completed {"intent_id":"intent-1","coach_id":"coach-1","staged":1,"reconstructed":1,"skipped":0,"failed":0}[39m
2026-10-04T03:06:13.9276777Z [32m[Nest] 3723  - [39m10/04/2026, 3:06:13 AM [32m    LOG[39m [38;5;3m[ScoutReconstructService] [39m[32mscout.reconstruct completed {"intent_id":"intent-1","coach_id":"coach-1","staged":1,"reconstructed":1,"skipped":0,"failed":0}[39m
2026-10-04T03:06:13.9280403Z [32m[Nest] 3723  - [39m10/04/2026, 3:06:13 AM [32m    LOG[39m [38;5;3m[ScoutReconstructService] [39m[32mscout.reconstruct completed {"intent_id":"intent-1","coach_id":"coach-1","staged":1,"reconstructed":0,"skipped":1,"failed":0}[39m
2026-10-04T03:06:13.9284232Z [32m[Nest] 3723  - [39m10/04/2026, 3:06:13 AM [32m    LOG[39m [38;5;3m[ScoutReconstructService] [39m[32mscout.reconstruct completed {"intent_id":"intent-1","coach_id":"coach-1","staged":1,"reconstructed":1,"skipped":0,"failed":0}[39m
2026-10-04T03:06:13.9287898Z [32m[Nest] 3723  - [39m10/04/2026, 3:06:13 AM [32m    LOG[39m [38;5;3m[ScoutReconstructService] [39m[32mscout.reconstruct completed {"intent_id":"intent-1","coach_id":"coach-1","staged":1,"reconstructed":1,"skipped":0,"failed":0}[39m
2026-10-04T03:06:13.9291875Z [32m[Nest] 3723  - [39m10/04/2026, 3:06:13 AM [32m    LOG[39m [38;5;3m[ScoutReconstructService] [39m[32mscout.reconstruct completed {"intent_id":"intent-1","coach_id":"coach-1","staged":2,"reconstructed":1,"skipped":1,"failed":0}[39m
2026-10-04T03:06:13.9295507Z [32m[Nest] 3723  - [39m10/04/2026, 3:06:13 AM [32m    LOG[39m [38;5;3m[ScoutReconstructService] [39m[32mscout.reconstruct completed {"intent_id":"intent-1","coach_id":"coach-1","staged":2,"reconstructed":1,"skipped":1,"failed":0}[39m
2026-10-04T03:06:13.9299440Z [32m[Nest] 3723  - [39m10/04/2026, 3:06:13 AM [32m    LOG[39m [38;5;3m[ScoutReconstructService] [39m[32mscout.reconstruct completed {"intent_id":"intent-1","coach_id":"coach-A","staged":1,"reconstructed":1,"skipped":0,"failed":0}[39m
2026-10-04T03:06:13.9303388Z [32m[Nest] 3723  - [39m10/04/2026, 3:06:13 AM [32m    LOG[39m [38;5;3m[ScoutReconstructService] [39m[32mscout.reconstruct completed {"intent_id":"intent-1","coach_id":"coach-B","staged":1,"reconstructed":1,"skipped":0,"failed":0}[39m
2026-10-04T03:06:13.9307062Z [32m[Nest] 3723  - [39m10/04/2026, 3:06:13 AM [32m    LOG[39m [38;5;3m[ScoutReconstructService] [39m[32mscout.reconstruct completed {"intent_id":"intent-1","coach_id":"coach-1","staged":1,"reconstructed":0,"skipped":1,"failed":0}[39m
2026-10-04T03:06:13.9310763Z [32m[Nest] 3723  - [39m10/04/2026, 3:06:13 AM [32m    LOG[39m [38;5;3m[ScoutReconstructService] [39m[32mscout.reconstruct completed {"intent_id":"intent-success","coach_id":"coach-1","staged":1,"reconstructed":1,"skipped":0,"failed":0}[39m
2026-10-04T03:06:13.9315001Z [32m[Nest] 3723  - [39m10/04/2026, 3:06:13 AM [32m    LOG[39m [38;5;3m[ScoutReconstructService] [39m[32mscout.reconstruct completed {"intent_id":"intent-partial","coach_id":"coach-1","staged":1,"reconstructed":1,"skipped":0,"failed":0}[39m
2026-10-04T03:06:13.9319205Z [32m[Nest] 3723  - [39m10/04/2026, 3:06:13 AM [32m    LOG[39m [38;5;3m[ScoutReconstructService] [39m[32mscout.reconstruct completed {"intent_id":"intent-failed","coach_id":"coach-1","staged":1,"reconstructed":1,"skipped":0,"failed":0}[39m
2026-10-04T03:06:13.9323421Z [32m[Nest] 3723  - [39m10/04/2026, 3:06:13 AM [32m    LOG[39m [38;5;3m[ScoutReconstructService] [39m[32mscout.reconstruct completed {"intent_id":"intent-1","coach_id":"coach-1","staged":1,"reconstructed":1,"skipped":0,"failed":0}[39m
2026-10-04T03:06:13.9327152Z [32m[Nest] 3723  - [39m10/04/2026, 3:06:13 AM [32m    LOG[39m [38;5;3m[ScoutReconstructService] [39m[32mscout.reconstruct completed {"intent_id":"intent-A","coach_id":"coach-1","staged":2,"reconstructed":2,"skipped":0,"failed":0}[39m
2026-10-04T03:06:13.9331152Z [32m[Nest] 3723  - [39m10/04/2026, 3:06:13 AM [32m    LOG[39m [38;5;3m[ScoutReconstructService] [39m[32mscout.reconstruct completed {"intent_id":"intent-A","coach_id":"coach-1","staged":2,"reconstructed":2,"skipped":0,"failed":0}[39m
2026-10-04T03:06:13.9335012Z [33m[Nest] 3723  - [39m10/04/2026, 3:06:13 AM [33m   WARN[39m [38;5;3m[ScoutReconstructService] [39m[33mscout.reconstruct completed with failures {"intent_id":"intent-1","coach_id":"coach-1","staged":3,"reconstructed":1,"skipped":1,"failed":1}[39m
2026-10-04T03:06:13.9338751Z [33m[Nest] 3723  - [39m10/04/2026, 3:06:13 AM [33m   WARN[39m [38;5;3m[ScoutReconstructService] [39m[33mscout.reconstruct rejected oversized intent {"intent_id":"intent-huge","coach_id":"coach-1","staged":10001,"max":10000}[39m
2026-10-04T03:06:13.9342729Z [32m[Nest] 3723  - [39m10/04/2026, 3:06:13 AM [32m    LOG[39m [38;5;3m[ScoutReconstructService] [39m[32mscout.reconstruct completed {"intent_id":"intent-1","coach_id":"coach-1","staged":10000,"reconstructed":1,"skipped":0,"failed":0}[39m
2026-10-04T03:06:14.0028125Z PASS test/scout/reconstruct/scout-reconstruct.service.spec.ts
2026-10-04T03:06:14.0790698Z [32m[Nest] 3723  - [39m10/04/2026, 3:06:13 AM [32m    LOG[39m [38;5;3m[ScoutReconstructService] [39m[32mscout.reconstruct completed {"intent_id":"intent-big","coach_id":"coach-1","staged":1001,"reconstructed":1001,"skipped":0,"failed":0}[39m
2026-10-04T03:06:14.0795557Z [32m[Nest] 3723  - [39m10/04/2026, 3:06:13 AM [32m    LOG[39m [38;5;3m[ScoutReconstructService] [39m[32mscout.reconstruct completed {"intent_id":"intent-1","coach_id":"coach-1","staged":1,"reconstructed":1,"skipped":0,"failed":0}[39m
2026-10-04T03:06:14.0799533Z [33m[Nest] 3723  - [39m10/04/2026, 3:06:13 AM [33m   WARN[39m [38;5;3m[ScoutReconstructService] [39m[33mscout.reconstruct completed with failures {"intent_id":"intent-1","coach_id":"coach-1","staged":1,"reconstructed":0,"skipped":0,"failed":1}[39m
2026-10-04T03:06:14.0803929Z [32m[Nest] 3723  - [39m10/04/2026, 3:06:13 AM [32m    LOG[39m [38;5;3m[ScoutReconstructService] [39m[32mscout.reconstruct completed {"intent_id":"intent-1","coach_id":"coach-1","staged":2,"reconstructed":2,"skipped":0,"failed":0}[39m
2026-10-04T03:06:14.0807582Z [32m[Nest] 3723  - [39m10/04/2026, 3:06:13 AM [32m    LOG[39m [38;5;3m[ScoutReconstructService] [39m[32mscout.reconstruct completed {"intent_id":"intent-1","coach_id":"coach-1","staged":2,"reconstructed":2,"skipped":0,"failed":0}[39m
2026-10-04T03:06:14.0811413Z [32m[Nest] 3723  - [39m10/04/2026, 3:06:13 AM [32m    LOG[39m [38;5;3m[ScoutReconstructService] [39m[32mscout.reconstruct completed {"intent_id":"intent-1","coach_id":"coach-7","staged":1,"reconstructed":1,"skipped":0,"failed":0}[39m
2026-10-04T03:06:31.2121841Z PASS test/deploy-readiness.spec.ts (38.458 s)
2026-10-04T03:06:31.2125484Z   ● Console
2026-10-04T03:06:31.2126101Z 
2026-10-04T03:06:31.2126457Z     console.log
2026-10-04T03:06:31.2127188Z       ================ DEPLOY READINESS BOARD (R100) ================
2026-10-04T03:06:31.2128386Z       mode: INFORMATIONAL (PR / pre-launch)
2026-10-04T03:06:31.2129015Z       
2026-10-04T03:06:31.2129586Z       --- STUB VALUES [RED=0] ---
2026-10-04T03:06:31.2130284Z         BLOCK_SHIP=0  WARN=7  INFO=5
2026-10-04T03:06:31.2131578Z         [warn] src/coach/command-center/ltv-metrics.dto.ts:153  STUB (tracked debt or low-signal)
2026-10-04T03:06:31.2132926Z         [warn] src/contracts/contracts.module.ts:47  STUB (tracked debt or low-signal)
2026-10-04T03:06:31.2134167Z         [warn] src/contracts/contracts.module.ts:53  STUB (tracked debt or low-signal)
2026-10-04T03:06:31.2135423Z         [warn] src/contracts/providers/docusign.provider.ts:11  STUB (tracked debt or low-signal)
2026-10-04T03:06:31.2136898Z         [warn] src/contracts/providers/native-canvas.provider.ts:11  STUB (tracked debt or low-signal)
2026-10-04T03:06:31.2138277Z         [warn] src/gym/gym-distribution.service.ts:4  STUB (tracked debt or low-signal)
2026-10-04T03:06:31.2139709Z         [warn] src/scheduling/scheduling.controller.ts:83  Coming soon (tracked debt or low-signal)
2026-10-04T03:06:31.2141276Z         no blocking stub/placeholder tokens in production-bound src/
2026-10-04T03:06:31.2142138Z       
2026-10-04T03:06:31.2142858Z       ---------------------------------------------------------------
2026-10-04T03:06:31.2143674Z       GATING RED LINES (this run): 0
2026-10-04T03:06:31.2144406Z       PROD-DEPLOY RED LINES (strict): 0
2026-10-04T03:06:31.2145280Z       EXIT: ALL CLEAR → SAFE TO DEPLOY
2026-10-04T03:06:31.2146003Z       ===============================================================
2026-10-04T03:06:31.2146545Z 
2026-10-04T03:06:31.2147069Z       at Object.<anonymous> (test/deploy-readiness.spec.ts:1240:15)
2026-10-04T03:06:31.2147672Z 
2026-10-04T03:06:31.2147951Z     console.log
2026-10-04T03:06:31.2148636Z       ================ DEPLOY READINESS BOARD (R100) ================
2026-10-04T03:06:31.2149483Z       mode: INFORMATIONAL (PR / pre-launch)
2026-10-04T03:06:31.2150158Z       
2026-10-04T03:06:31.2150773Z       --- STUB VALUES [RED=0] ---
2026-10-04T03:06:31.2151738Z         BLOCK_SHIP=0  WARN=7  INFO=5
2026-10-04T03:06:31.2152913Z         [warn] src/coach/command-center/ltv-metrics.dto.ts:153  STUB (tracked debt or low-signal)
2026-10-04T03:06:31.2154353Z         [warn] src/contracts/contracts.module.ts:47  STUB (tracked debt or low-signal)
2026-10-04T03:06:31.2155595Z         [warn] src/contracts/contracts.module.ts:53  STUB (tracked debt or low-signal)
2026-10-04T03:06:31.2157001Z         [warn] src/contracts/providers/docusign.provider.ts:11  STUB (tracked debt or low-signal)
2026-10-04T03:06:31.2158505Z         [warn] src/contracts/providers/native-canvas.provider.ts:11  STUB (tracked debt or low-signal)
2026-10-04T03:06:31.2159897Z         [warn] src/gym/gym-distribution.service.ts:4  STUB (tracked debt or low-signal)
2026-10-04T03:06:31.2161637Z         [warn] src/scheduling/scheduling.controller.ts:83  Coming soon (tracked debt or low-signal)
2026-10-04T03:06:31.2163255Z         no blocking stub/placeholder tokens in production-bound src/
2026-10-04T03:06:31.2164077Z       
2026-10-04T03:06:31.2164664Z       --- PROD SWITCHES [RED=0] ---
2026-10-04T03:06:31.2165413Z         registry switches: 240   coherence errors: 0
2026-10-04T03:06:31.2166210Z         switch states: WRONG=0  WARN=31  OK=209
2026-10-04T03:06:31.2167366Z         [⚠️ WARN] ANDROID_SHA256_FINGERPRINT: actual=<unset> expected=ON ⚠️
2026-10-04T03:06:31.2168497Z         [⚠️ WARN] ANTHROPIC_API_KEY: actual=<unset> expected=ON ⚠️
2026-10-04T03:06:31.2169547Z         [⚠️ WARN] APPLE_AUDIENCES: actual=<unset> expected=ON ⚠️
2026-10-04T03:06:31.2170553Z         [⚠️ WARN] APPLE_TEAM_ID: actual=<unset> expected=ON ⚠️
2026-10-04T03:06:31.2172695Z         [⚠️ WARN] APP_STORE_URL: actual=<unset> expected=ON ⚠️
2026-10-04T03:06:31.2173841Z         [⚠️ WARN] CHECKOUT_RECOVERY_SECRET: actual=<unset> expected=ON ⚠️
2026-10-04T03:06:31.2175385Z         [⚠️ WARN] COACH_BRIEF_ENABLED: actual=<unset> expected=ON ⚠️
2026-10-04T03:06:31.2177248Z         [⚠️ WARN] COACH_BRIEF_NOTIFICATIONS_ENABLED: actual=<unset> expected=ON ⚠️
2026-10-04T03:06:31.2178635Z         [⚠️ WARN] COACH_BRIEF_RETENTION_DAYS: actual=<unset> expected=ON ⚠️
2026-10-04T03:06:31.2179849Z         [⚠️ WARN] CORS_ORIGINS: actual=<unset> expected=ON ⚠️
2026-10-04T03:06:31.2181259Z         [⚠️ WARN] DIRECT_URL: actual=<unset> expected=MUST_SET ⚠️
2026-10-04T03:06:31.2182506Z         [⚠️ WARN] EXERCISEDB_API_KEY: actual=<unset> expected=ON ⚠️
2026-10-04T03:06:31.2183654Z         [⚠️ WARN] GOOGLE_CLIENT_ID: actual=<unset> expected=ON ⚠️
2026-10-04T03:06:31.2184799Z         [⚠️ WARN] GOOGLE_CLIENT_IDS: actual=<unset> expected=ON ⚠️
2026-10-04T03:06:31.2185969Z         [⚠️ WARN] GUEST_CHECKOUT_PII_SALT: actual=<unset> expected=ON ⚠️
2026-10-04T03:06:31.2187131Z         [⚠️ WARN] PLAY_STORE_URL: actual=<unset> expected=ON ⚠️
2026-10-04T03:06:31.2188313Z         [⚠️ WARN] PUBLIC_INVITE_BASE_URL: actual=<unset> expected=ON ⚠️
2026-10-04T03:06:31.2189527Z         [⚠️ WARN] PUBLIC_WEB_SIGNUP_URL: actual=<unset> expected=ON ⚠️
2026-10-04T03:06:31.2190687Z         [⚠️ WARN] RESEND_API_KEY: actual=<unset> expected=ON ⚠️
2026-10-04T03:06:31.2192198Z         [⚠️ WARN] RESEND_FROM_EMAIL: actual=<unset> expected=ON ⚠️
2026-10-04T03:06:31.2193257Z         [⚠️ WARN] SENTRY_DSN: actual=<unset> expected=ON ⚠️
2026-10-04T03:06:31.2194409Z         [⚠️ WARN] STOREFRONT_BASE_URL: actual=<unset> expected=ON ⚠️
2026-10-04T03:06:31.2195659Z         [⚠️ WARN] STRIPE_CHECKOUT_CANCEL_URL: actual=<unset> expected=ON ⚠️
2026-10-04T03:06:31.2196904Z         [⚠️ WARN] STRIPE_CHECKOUT_SUCCESS_URL: actual=<unset> expected=ON ⚠️
2026-10-04T03:06:31.2198200Z         [⚠️ WARN] STRIPE_PRICE_ID_FITNESS: actual=<unset> expected=ON ⚠️
2026-10-04T03:06:31.2199522Z         [✅ OK] ADMIN_SERVICE_TOKEN: actual=<unset> expected=STUB_ALLOWED ✅
2026-10-04T03:06:31.2200813Z         [✅ OK] AI_GATEWAY_CAPABILITIES: actual=<unset> expected=STUB_ALLOWED ✅
2026-10-04T03:06:31.2202453Z         [✅ OK] AI_GATEWAY_PROVIDER: actual=<unset> expected=STUB_ALLOWED ✅
2026-10-04T03:06:31.2203838Z         [✅ OK] AI_GATEWAY_REQUIRE_APPROVAL: actual=<unset> expected=STUB_ALLOWED ✅
2026-10-04T03:06:31.2205192Z         [✅ OK] ALLOW_SELF_SERVICE_BECOME_COACH: actual=<unset> expected=STUB_ALLOWED ✅
2026-10-04T03:06:31.2206630Z         [✅ OK] ANDROID_CERT_SHA256_FINGERPRINTS: actual=<unset> expected=STUB_ALLOWED ✅
2026-10-04T03:06:31.2207945Z         [✅ OK] ANDROID_PACKAGE_NAME: actual=<unset> expected=STUB_ALLOWED ✅
2026-10-04T03:06:31.2209079Z         [✅ OK] APPLE_NONCE_REQUIRED: actual=<unset> expected=STUB_ALLOWED ✅
2026-10-04T03:06:31.2210208Z         [✅ OK] APP_URL: actual=<unset> expected=STUB_ALLOWED ✅
2026-10-04T03:06:31.2211792Z         [✅ OK] AUDIT_LOGGING_ENABLED: actual=<unset> expected=STUB_ALLOWED ✅
2026-10-04T03:06:31.2212710Z       
2026-10-04T03:06:31.2213455Z       --- ENV REGISTRATION (code invariant) [RED=0] ---
2026-10-04T03:06:31.2214532Z         env names read by src/: 333   registered in ENV_RULES: 333   unregistered: 0
2026-10-04T03:06:31.2215908Z         registered but not read by src/ (informational): 0
2026-10-04T03:06:31.2216857Z         all env reads registered
2026-10-04T03:06:31.2217533Z       
2026-10-04T03:06:31.2218306Z       --- OAUTH / INTEGRATION WIRING [RED=7 (informational on PR)] ---
2026-10-04T03:06:31.2219352Z         providers: WIRED=0  STUB=7  NOT_USED=3
2026-10-04T03:06:31.2220477Z         [STUB] Supabase (auth + DB)  missing=-  placeholder=SUPABASE_SERVICE_ROLE_KEY
2026-10-04T03:06:31.2222110Z         [STUB] Stripe  missing=STRIPE_SECRET_KEY,STRIPE_WEBHOOK_SECRET  placeholder=-
2026-10-04T03:06:31.2223145Z         [STUB] OpenAI  missing=OPENAI_API_KEY  placeholder=-
2026-10-04T03:06:31.2224099Z         [STUB] SendGrid (email)  missing=SENDGRID_API_KEY  placeholder=-
2026-10-04T03:06:31.2225197Z         [STUB] Mux (video)  missing=MUX_TOKEN_ID,MUX_TOKEN_SECRET  placeholder=-
2026-10-04T03:06:31.2226196Z         [STUB] Fly.io  missing=FLY_API_TOKEN  placeholder=-
2026-10-04T03:06:31.2227573Z         [STUB] Sentry  missing=SENTRY_DSN,SENTRY_AUTH_TOKEN  placeholder=-
2026-10-04T03:06:31.2228437Z       
2026-10-04T03:06:31.2229118Z       --- ENV DISCOVERY [RED=44 (informational on PR)] ---
2026-10-04T03:06:31.2230020Z         env vars discovered: 347   registry size: 240
2026-10-04T03:06:31.2230833Z         unregistered in code (R108): 44
2026-10-04T03:06:31.2232085Z         [GAP] AI_GATEWAY_ENABLED referenced in src/ but absent from prod-switches.yml
2026-10-04T03:06:31.2233317Z         [GAP] AWS_KMS_KEY_ID referenced in src/ but absent from prod-switches.yml
2026-10-04T03:06:31.2234668Z         [GAP] COACH_AI_CREDIT_PACK_CHECKOUT_PER_MIN referenced in src/ but absent from prod-switches.yml
2026-10-04T03:06:31.2236004Z         [GAP] CONSOLE_URL referenced in src/ but absent from prod-switches.yml
2026-10-04T03:06:31.2237260Z         [GAP] DATA_EXPORT_S3_ENDPOINT referenced in src/ but absent from prod-switches.yml
2026-10-04T03:06:31.2238554Z         [GAP] DELETION_GRACE_DAYS referenced in src/ but absent from prod-switches.yml
2026-10-04T03:06:31.2239888Z         [GAP] DELETION_RECEIPT_SECRET referenced in src/ but absent from prod-switches.yml
2026-10-04T03:06:31.2241535Z         [GAP] DELETION_RECEIPT_SECRET_PREVIOUS referenced in src/ but absent from prod-switches.yml
2026-10-04T03:06:31.2242969Z         [GAP] DELETION_TOKEN_TTL_HOURS referenced in src/ but absent from prod-switches.yml
2026-10-04T03:06:31.2244451Z         [GAP] EMAIL_DIGEST_CLIENT_ENABLED referenced in src/ but absent from prod-switches.yml
2026-10-04T03:06:31.2245893Z         [GAP] EMAIL_DIGEST_COACH_ENABLED referenced in src/ but absent from prod-switches.yml
2026-10-04T03:06:31.2247369Z         [GAP] EMAIL_FROM_ADDRESS referenced in src/ but absent from prod-switches.yml
2026-10-04T03:06:31.2248730Z         [GAP] EMAIL_TRANSPORT referenced in src/ but absent from prod-switches.yml
2026-10-04T03:06:31.2250100Z         [GAP] FEATURE_BANK_PAYOUTS_V2 referenced in src/ but absent from prod-switches.yml
2026-10-04T03:06:31.2252069Z         [GAP] FEATURE_CONTRACTS_ENABLED referenced in src/ but absent from prod-switches.yml
2026-10-04T03:06:31.2253483Z         [GAP] FEATURE_MWB_AUTOSAVE_UNDO referenced in src/ but absent from prod-switches.yml
2026-10-04T03:06:31.2254827Z         [GAP] FEATURE_ROMAN_CHAT_ENABLED referenced in src/ but absent from prod-switches.yml
2026-10-04T03:06:31.2256288Z         [GAP] FEATURE_STRIPE_TREASURY_PAYOUTS referenced in src/ but absent from prod-switches.yml
2026-10-04T03:06:31.2257698Z         [GAP] JWT_SIGNING_KEY referenced in src/ but absent from prod-switches.yml
2026-10-04T03:06:31.2259110Z         [GAP] JWT_SIGNING_KEY_PREVIOUS referenced in src/ but absent from prod-switches.yml
2026-10-04T03:06:31.2260449Z         [GAP] KMS_PROVIDER referenced in src/ but absent from prod-switches.yml
2026-10-04T03:06:31.2261943Z         [GAP] METRICS_AUTH_TOKEN referenced in src/ but absent from prod-switches.yml
2026-10-04T03:06:31.2263247Z         [GAP] MUX_SIGNING_KEY_ID referenced in src/ but absent from prod-switches.yml
2026-10-04T03:06:31.2264873Z         [GAP] MUX_SIGNING_KEY_PRIVATE referenced in src/ but absent from prod-switches.yml
2026-10-04T03:06:31.2266237Z         [GAP] MUX_TOKEN_ID referenced in src/ but absent from prod-switches.yml
2026-10-04T03:06:31.2267465Z         [GAP] MUX_TOKEN_SECRET referenced in src/ but absent from prod-switches.yml
2026-10-04T03:06:31.2268749Z         [GAP] MUX_WEBHOOK_SECRET referenced in src/ but absent from prod-switches.yml
2026-10-04T03:06:31.2270183Z         [GAP] MWB_AUTOSAVE_LOCK_TOKEN_SECRET referenced in src/ but absent from prod-switches.yml
2026-10-04T03:06:31.2271953Z         [GAP] PAIR_CODE_TTL_SECONDS referenced in src/ but absent from prod-switches.yml
2026-10-04T03:06:31.2273313Z         [GAP] PAIR_REDEEM_PER_MIN referenced in src/ but absent from prod-switches.yml
2026-10-04T03:06:31.2274666Z         [GAP] POSTMARK_SERVER_TOKEN referenced in src/ but absent from prod-switches.yml
2026-10-04T03:06:31.2276043Z         [GAP] SCOUT_RUN_DEADLINE_MS referenced in src/ but absent from prod-switches.yml
2026-10-04T03:06:31.2277737Z         [GAP] SENDGRID_API_KEY referenced in src/ but absent from prod-switches.yml
2026-10-04T03:06:31.2279068Z         [GAP] SENTRY_RELEASE referenced in src/ but absent from prod-switches.yml
2026-10-04T03:06:31.2280324Z         [GAP] SMTP_FROM referenced in src/ but absent from prod-switches.yml
2026-10-04T03:06:31.2281799Z         [GAP] SMTP_HOST referenced in src/ but absent from prod-switches.yml
2026-10-04T03:06:31.2282986Z         [GAP] SMTP_PASS referenced in src/ but absent from prod-switches.yml
2026-10-04T03:06:31.2284148Z         [GAP] SMTP_PORT referenced in src/ but absent from prod-switches.yml
2026-10-04T03:06:31.2285341Z         [GAP] SMTP_SECURE referenced in src/ but absent from prod-switches.yml
2026-10-04T03:06:31.2286530Z         [GAP] SMTP_USER referenced in src/ but absent from prod-switches.yml
2026-10-04T03:06:31.2287775Z         [GAP] VOICE_KEY_SIGNING_SECRET referenced in src/ but absent from prod-switches.yml
2026-10-04T03:06:31.2289039Z         [GAP] ZOOM_OAUTH_ACCOUNT_ID referenced in src/ but absent from prod-switches.yml
2026-10-04T03:06:31.2290334Z         [GAP] ZOOM_OAUTH_CLIENT_ID referenced in src/ but absent from prod-switches.yml
2026-10-04T03:06:31.2292011Z         [GAP] ZOOM_OAUTH_CLIENT_SECRET referenced in src/ but absent from prod-switches.yml
2026-10-04T03:06:31.2293032Z       
2026-10-04T03:06:31.2293816Z       --- AUTO-FLIPPER [INFO] ---
2026-10-04T03:06:31.2294709Z         would auto-flip: 3   already current: 0   skipped: 237
2026-10-04T03:06:31.2295826Z         + COACH_BRIEF_ENABLED ← true   (was unset)
2026-10-04T03:06:31.2296967Z         + COACH_BRIEF_NOTIFICATIONS_ENABLED ← true   (was unset)
2026-10-04T03:06:31.2298106Z         + FEATURE_COMMUNITY_SCHEMA ← true   (was unset)
2026-10-04T03:06:31.2298912Z       
2026-10-04T03:06:31.2299680Z       --- OPERATOR KEYS [RED=13 (informational on PR)] ---
2026-10-04T03:06:31.2300593Z         operator keys outstanding: 13
2026-10-04T03:06:31.2301704Z           MUST_SET switches unset: 3
2026-10-04T03:06:31.2302574Z           provider credentials missing/placeholder: 10
2026-10-04T03:06:31.2303502Z         [KEY] fly secrets set DIRECT_URL=<value>   (platform)
2026-10-04T03:06:31.2304434Z         [KEY] fly secrets set FLY_API_TOKEN=<value>   (platform)
2026-10-04T03:06:31.2305488Z         [KEY] fly secrets set FLY_APP_NAME=<value>   (platform)
2026-10-04T03:06:31.2306638Z         [KEY] SUPABASE_SERVICE_ROLE_KEY is a placeholder for Supabase (auth + DB)
2026-10-04T03:06:31.2307848Z         [KEY] fly secrets set STRIPE_SECRET_KEY=<value>   (Stripe)
2026-10-04T03:06:31.2308959Z         [KEY] fly secrets set STRIPE_WEBHOOK_SECRET=<value>   (Stripe)
2026-10-04T03:06:31.2310042Z         [KEY] fly secrets set OPENAI_API_KEY=<value>   (OpenAI)
2026-10-04T03:06:31.2311452Z         [KEY] fly secrets set SENDGRID_API_KEY=<value>   (SendGrid (email))
2026-10-04T03:06:31.2312560Z         [KEY] fly secrets set MUX_TOKEN_ID=<value>   (Mux (video))
2026-10-04T03:06:31.2313874Z         [KEY] fly secrets set MUX_TOKEN_SECRET=<value>   (Mux (video))
2026-10-04T03:06:31.2314910Z         [KEY] fly secrets set FLY_API_TOKEN=<value>   (Fly.io)
2026-10-04T03:06:31.2315817Z         [KEY] fly secrets set SENTRY_DSN=<value>   (Sentry)
2026-10-04T03:06:31.2316700Z         [KEY] fly secrets set SENTRY_AUTH_TOKEN=<value>   (Sentry)
2026-10-04T03:06:31.2317508Z       
2026-10-04T03:06:31.2318267Z       ---------------------------------------------------------------
2026-10-04T03:06:31.2319209Z       GATING RED LINES (this run): 0
2026-10-04T03:06:31.2320009Z       PROD-DEPLOY RED LINES (strict): 95
2026-10-04T03:06:31.2321280Z       EXIT: ALL CLEAR → SAFE TO DEPLOY
2026-10-04T03:06:31.2322172Z       ===============================================================
2026-10-04T03:06:31.2322792Z 
2026-10-04T03:06:31.2323414Z       at Object.<anonymous> (test/deploy-readiness.spec.ts:1252:15)
2026-10-04T03:06:31.2324139Z 
2026-10-04T03:06:32.5643706Z [33m[Nest] 3724  - [39m10/04/2026, 3:06:32 AM [33m   WARN[39m [38;5;3m[ScoutService] [39m[33mscout progress flush failed for coach-1:intent-1:device-a: Error[39m
2026-10-04T03:06:32.5674932Z [33m[Nest] 3724  - [39m10/04/2026, 3:06:32 AM [33m   WARN[39m [38;5;3m[ScoutService] [39m[33mscout progress flush failed for coach-1:intent-1:device-a: Error[39m
2026-10-04T03:06:32.5722641Z [33m[Nest] 3724  - [39m10/04/2026, 3:06:32 AM [33m   WARN[39m [38;5;3m[ScoutService] [39m[33mscout progress flush failed for coach-1:intent-1:device-a: Error[39m
2026-10-04T03:06:32.5748763Z [33m[Nest] 3724  - [39m10/04/2026, 3:06:32 AM [33m   WARN[39m [38;5;3m[ScoutService] [39m[33mimport.complete push failed for coach coach-1: Error[39m
2026-10-04T03:06:32.5782817Z [33m[Nest] 3724  - [39m10/04/2026, 3:06:32 AM [33m   WARN[39m [38;5;3m[ScoutService] [39m[33mimport.complete push failed for coach coach-1: Error[39m
2026-10-04T03:06:32.5811284Z [33m[Nest] 3724  - [39m10/04/2026, 3:06:32 AM [33m   WARN[39m [38;5;3m[ScoutService] [39m[33mscout settle pre-flush failed for run coach-1:intent-1: Error[39m
2026-10-04T03:06:32.6110441Z [31m[Nest] 3724  - [39m10/04/2026, 3:06:32 AM [31m  ERROR[39m [38;5;3m[ScoutService] [39m[31mscout import intent-1 has an unrecognised persisted terminal_status; failing closed to 'failed'[39m
2026-10-04T03:06:32.6145784Z [31m[Nest] 3724  - [39m10/04/2026, 3:06:32 AM [31m  ERROR[39m [38;5;3m[ScoutService] [39m[31mscout import intent-1 has an unrecognised persisted terminal_status; failing closed to 'failed'[39m
2026-10-04T03:06:32.6697854Z [33m[Nest] 3724  - [39m10/04/2026, 3:06:32 AM [33m   WARN[39m [38;5;3m[ScoutService] [39m[33mscout settle pre-flush failed for run coach-1:intent-1: Error[39m
2026-10-04T03:06:32.6711660Z [33m[Nest] 3724  - [39m10/04/2026, 3:06:32 AM [33m   WARN[39m [38;5;3m[ScoutService] [39m[33mscout settle pre-flush failed for run coach-1:intent-1: Error[39m
2026-10-04T03:06:32.6714606Z [33m[Nest] 3724  - [39m10/04/2026, 3:06:32 AM [33m   WARN[39m [38;5;3m[ScoutService] [39m[33mscout settle pre-flush failed for run coach-1:intent-1: Error[39m
2026-10-04T03:06:32.7652473Z PASS src/scout/scout.service.spec.ts
2026-10-04T03:06:33.3759408Z [31m[Nest] 3724  - [39m10/04/2026, 3:06:33 AM [31m  ERROR[39m [38;5;3m[DripDispatcherCron] [39m[31mdrip-dispatcher PERMANENT FAILURE drop=drop-1 client=client-1 coach=coach-1 package=package-1 content=content-1 asset_type=meal_plan attempts=5/5 reason=still broken[39m
2026-10-04T03:06:33.4715277Z [33m[Nest] 3724  - [39m10/04/2026, 3:06:33 AM [33m   WARN[39m [38;5;3m[DripDispatcherCron] [39m[33mdrip-dispatcher transient failure drop=drop-1 attempt=1/5 next_retry_at=2026-01-01T13:01:00.000Z reason=transient downstream blip[39m
2026-10-04T03:06:33.4719455Z [33m[Nest] 3724  - [39m10/04/2026, 3:06:33 AM [33m   WARN[39m [38;5;3m[DripDispatcherCron] [39m[33mdrip-dispatcher transient failure drop=drop-1 attempt=1/5 next_retry_at=2026-01-01T13:01:00.000Z reason=blip[39m
2026-10-04T03:06:33.4723477Z [33m[Nest] 3724  - [39m10/04/2026, 3:06:33 AM [33m   WARN[39m [38;5;3m[DripDispatcherCron] [39m[33mdrip-dispatcher in-app notification failed drop=drop-1 client=client-1: expo blew up[39m
2026-10-04T03:06:33.4726531Z [33m[Nest] 3724  - [39m10/04/2026, 3:06:33 AM [33m   WARN[39m [38;5;3m[DripDispatcherCron] [39m[33mdrip-dispatcher push notification failed drop=drop-1 client=client-1: expo blew up[39m
2026-10-04T03:06:33.4729492Z [33m[Nest] 3724  - [39m10/04/2026, 3:06:33 AM [33m   WARN[39m [38;5;3m[DripDispatcherCron] [39m[33mdrip-dispatcher push-channel notification row failed drop=drop-1 client=client-1: expo blew up[39m
2026-10-04T03:06:33.6947698Z [31m[Nest] 3724  - [39m10/04/2026, 3:06:33 AM [31m  ERROR[39m [38;5;3m[DripDispatcherCron] [39m[31mdrip-dispatcher: AssignableAssetResolverRegistry not wired — cannot dispatch[39m
2026-10-04T03:06:33.7132728Z [31m[Nest] 3724  - [39m10/04/2026, 3:06:33 AM [31m  ERROR[39m [38;5;3m[DripDispatcherCron] [39m[31mdrip-dispatcher: drop=drop-1 has no ClientPurchase row — canceled[39m
2026-10-04T03:06:33.7194575Z PASS test/drip-dispatcher.cron.spec.ts
2026-10-04T03:06:33.7933665Z [33m[Nest] 3724  - [39m10/04/2026, 3:06:33 AM [33m   WARN[39m [38;5;3m[DripDispatcherCron] [39m[33mdrip-dispatcher reclaiming stranded drop=drop-1 (worker crash recovery); prior locked_at was stale[39m
2026-10-04T03:06:33.7973588Z [32m[Nest] 3724  - [39m10/04/2026, 3:06:33 AM [32m    LOG[39m [38;5;3m[DripDispatcherCron] [39m[32mdrip-dispatcher reclaimed 1 stranded dispatching drop(s)[39m
2026-10-04T03:06:33.7977288Z [95m[Nest] 3724  - [39m10/04/2026, 3:06:33 AM [95m  DEBUG[39m [38;5;3m[DripDispatcherCron] [39m[95mdrip-dispatcher alert skipped for drop=drop-1 client=client-1: alert claim count=0 (notify off pre-stamp or already alerted by another worker)[39m
2026-10-04T03:06:33.7981826Z [95m[Nest] 3724  - [39m10/04/2026, 3:06:33 AM [95m  DEBUG[39m [38;5;3m[DripDispatcherCron] [39m[95mdrip-dispatcher alert skipped for drop=drop-1 client=client-1: alert claim count=0 (notify off pre-stamp or already alerted by another worker)[39m
2026-10-04T03:06:33.7985963Z [95m[Nest] 3724  - [39m10/04/2026, 3:06:33 AM [95m  DEBUG[39m [38;5;3m[DripDispatcherCron] [39m[95mdrip-dispatcher alert skipped for drop=drop-1 client=client-1: alert claim count=0 (notify off pre-stamp or already alerted by another worker)[39m
2026-10-04T03:06:33.7989475Z [33m[Nest] 3724  - [39m10/04/2026, 3:06:33 AM [33m   WARN[39m [38;5;3m[DripDispatcherCron] [39m[33mdrip-dispatcher in-app notification failed drop=drop-1 client=client-1: expo blew up[39m
2026-10-04T03:06:33.7992878Z [33m[Nest] 3724  - [39m10/04/2026, 3:06:33 AM [33m   WARN[39m [38;5;3m[DripDispatcherCron] [39m[33mdrip-dispatcher push notification failed drop=drop-1 client=client-1: expo blew up[39m
2026-10-04T03:06:33.7996129Z [33m[Nest] 3724  - [39m10/04/2026, 3:06:33 AM [33m   WARN[39m [38;5;3m[DripDispatcherCron] [39m[33mdrip-dispatcher push-channel notification row failed drop=drop-1 client=client-1: expo blew up[39m
2026-10-04T03:06:33.7999830Z [95m[Nest] 3724  - [39m10/04/2026, 3:06:33 AM [95m  DEBUG[39m [38;5;3m[DripDispatcherCron] [39m[95mdrip-dispatcher alert skipped for drop=drop-1 client=client-1: alert claim count=0 (notify off pre-stamp or already alerted by another worker)[39m
2026-10-04T03:06:34.3684073Z [33m[Nest] 3724  - [39m10/04/2026, 3:06:34 AM [33m   WARN[39m [38;5;3m[RefundDisputeHandlerService] [39m[33mcoach refund notification failed refund=rf_n charge=ch_alert coach=coach-1: expo unreachable[39m
2026-10-04T03:06:34.3712045Z PASS test/refund-dispute-handler.service.spec.ts
2026-10-04T03:06:35.5875678Z PASS test/invite-grant.spec.ts
2026-10-04T03:06:36.6752086Z PASS test/workout-builder.service.spec.ts
2026-10-04T03:06:37.2062503Z PASS test/command-center.service.spec.ts
2026-10-04T03:06:38.1442937Z PASS test/checkout.service.spec.ts
2026-10-04T03:06:38.6299647Z PASS test/packages.service.spec.ts
2026-10-04T03:06:39.7302551Z PASS test/scout/reconciliation/facts.service.spec.ts
2026-10-04T03:06:41.6402781Z PASS test/community/safety/community-block-two-way.spec.ts
2026-10-04T03:06:41.6728672Z [32m[Nest] 3724  - [39m10/04/2026, 3:06:41 AM [32m    LOG[39m [38;5;3m[CommunitySearchService] [39mObject(7) {
2026-10-04T03:06:41.6730562Z   event: [32m'community_search_query'[39m,
2026-10-04T03:06:41.6732224Z   workspace_id: [32m'11111111-1111-4111-8111-111111111111'[39m,
2026-10-04T03:06:41.6733382Z   user_id: [32m'33333333-3333-4333-8333-333333333333'[39m,
2026-10-04T03:06:41.6734299Z   term_length: [33m4[39m,
2026-10-04T03:06:41.6735028Z   kind: [1mnull[22m,
2026-10-04T03:06:41.6735743Z   result_count: [33m2[39m,
2026-10-04T03:06:41.6736449Z   took_ms: [33m0[39m
2026-10-04T03:06:41.6737039Z }
2026-10-04T03:06:41.6738377Z [32m[Nest] 3724  - [39m10/04/2026, 3:06:41 AM [32m    LOG[39m [38;5;3m[CommunitySearchService] [39mObject(7) {
2026-10-04T03:06:41.6739614Z   event: [32m'community_search_query'[39m,
2026-10-04T03:06:41.6741449Z   workspace_id: [32m'11111111-1111-4111-8111-111111111111'[39m,
2026-10-04T03:06:41.6742622Z   user_id: [32m'44444444-4444-4444-8444-444444444444'[39m,
2026-10-04T03:06:41.6743477Z   term_length: [33m4[39m,
2026-10-04T03:06:41.6744239Z   kind: [1mnull[22m,
2026-10-04T03:06:41.6744972Z   result_count: [33m2[39m,
2026-10-04T03:06:41.6745691Z   took_ms: [33m0[39m
2026-10-04T03:06:41.6746274Z }
2026-10-04T03:06:41.6747603Z [32m[Nest] 3724  - [39m10/04/2026, 3:06:41 AM [32m    LOG[39m [38;5;3m[CommunitySearchService] [39mObject(7) {
2026-10-04T03:06:41.6748907Z   event: [32m'community_search_query'[39m,
2026-10-04T03:06:41.6749958Z   workspace_id: [32m'11111111-1111-4111-8111-111111111111'[39m,
2026-10-04T03:06:41.6751448Z   user_id: [32m'44444444-4444-4444-8444-444444444444'[39m,
2026-10-04T03:06:41.6752268Z   term_length: [33m4[39m,
2026-10-04T03:06:41.6752977Z   kind: [1mnull[22m,
2026-10-04T03:06:41.6753680Z   result_count: [33m3[39m,
2026-10-04T03:06:41.6754402Z   took_ms: [33m1[39m
2026-10-04T03:06:41.6754998Z }
2026-10-04T03:06:41.6756323Z [32m[Nest] 3724  - [39m10/04/2026, 3:06:41 AM [32m    LOG[39m [38;5;3m[CommunitySearchService] [39mObject(7) {
2026-10-04T03:06:41.6757545Z   event: [32m'community_search_query'[39m,
2026-10-04T03:06:41.6758565Z   workspace_id: [32m'11111111-1111-4111-8111-111111111111'[39m,
2026-10-04T03:06:41.6759644Z   user_id: [32m'33333333-3333-4333-8333-333333333333'[39m,
2026-10-04T03:06:41.6760503Z   term_length: [33m4[39m,
2026-10-04T03:06:41.6761649Z   kind: [1mnull[22m,
2026-10-04T03:06:41.6762369Z   result_count: [33m2[39m,
2026-10-04T03:06:41.6763113Z   took_ms: [33m0[39m
2026-10-04T03:06:41.6763712Z }
2026-10-04T03:06:41.6765126Z [32m[Nest] 3724  - [39m10/04/2026, 3:06:41 AM [32m    LOG[39m [38;5;3m[CommunitySearchService] [39mObject(7) {
2026-10-04T03:06:41.6766401Z   event: [32m'community_search_query'[39m,
2026-10-04T03:06:41.6767456Z   workspace_id: [32m'11111111-1111-4111-8111-111111111111'[39m,
2026-10-04T03:06:41.6768559Z   user_id: [32m'44444444-4444-4444-8444-444444444444'[39m,
2026-10-04T03:06:41.6769445Z   term_length: [33m4[39m,
2026-10-04T03:06:41.6770160Z   kind: [1mnull[22m,
2026-10-04T03:06:41.6771126Z   result_count: [33m2[39m,
2026-10-04T03:06:41.6771915Z   took_ms: [33m0[39m
2026-10-04T03:06:41.6772524Z }
2026-10-04T03:06:41.6773844Z [32m[Nest] 3724  - [39m10/04/2026, 3:06:41 AM [32m    LOG[39m [38;5;3m[CommunitySearchService] [39mObject(7) {
2026-10-04T03:06:41.6775158Z   event: [32m'community_search_query'[39m,
2026-10-04T03:06:41.6776256Z   workspace_id: [32m'11111111-1111-4111-8111-111111111111'[39m,
2026-10-04T03:06:41.6777338Z   user_id: [32m'44444444-4444-4444-8444-444444444444'[39m,
2026-10-04T03:06:41.6778216Z   term_length: [33m4[39m,
2026-10-04T03:06:41.6778943Z   kind: [1mnull[22m,
2026-10-04T03:06:41.6779657Z   result_count: [33m3[39m,
2026-10-04T03:06:41.6780364Z   took_ms: [33m0[39m
2026-10-04T03:06:41.6781202Z }
2026-10-04T03:06:43.6563717Z PASS test/payment-ops.controller.spec.ts
2026-10-04T03:06:44.1578680Z [33m[Nest] 3724  - [39m10/04/2026, 3:06:44 AM [33m   WARN[39m [38;5;3m[CoachAIBudgetService] [39mObject(8) {
2026-10-04T03:06:44.1579975Z   event: [32m'COACH_AI_BUDGET_RACE_OVERSHOOT'[39m,
2026-10-04T03:06:44.1580680Z   coachId: [32m'coach-r'[39m,
2026-10-04T03:06:44.1581524Z   capability: [32m'client_chat'[39m,
2026-10-04T03:06:44.1582078Z   contextId: [1mnull[22m,
2026-10-04T03:06:44.1582606Z   actualCostCents: [33m50[39m,
2026-10-04T03:06:44.1583150Z   ceilingCents: [33m4000[39m,
2026-10-04T03:06:44.1583688Z   actualUsedCents: [33m3800[39m,
2026-10-04T03:06:44.1584313Z   periodEnd: [32m'2026-11-01T00:00:00.000Z'[39m
2026-10-04T03:06:44.1584803Z }
2026-10-04T03:06:44.1586149Z [33m[Nest] 3724  - [39m10/04/2026, 3:06:44 AM [33m   WARN[39m [38;5;3m[CoachAIBudgetService] [39m[33mbudget race overshoot — charge could not be absorbed[39m
2026-10-04T03:06:44.1587179Z [33m[Nest] 3724  - [39m10/04/2026, 3:06:44 AM [33m   WARN[39m [38;5;3m[CoachAIBudgetService] [39mObject(8) {
2026-10-04T03:06:44.1588002Z   event: [32m'COACH_AI_BUDGET_RACE_OVERSHOOT'[39m,
2026-10-04T03:06:44.1588380Z   coachId: [32m'coach-r'[39m,
2026-10-04T03:06:44.1588708Z   capability: [32m'client_chat'[39m,
2026-10-04T03:06:44.1589025Z   contextId: [1mnull[22m,
2026-10-04T03:06:44.1589326Z   actualCostCents: [33m50[39m,
2026-10-04T03:06:44.1589635Z   ceilingCents: [33m4000[39m,
2026-10-04T03:06:44.1589951Z   actualUsedCents: [33m3800[39m,
2026-10-04T03:06:44.1590306Z   periodEnd: [32m'2026-11-01T00:00:00.000Z'[39m
2026-10-04T03:06:44.1590595Z }
2026-10-04T03:06:44.1592023Z [33m[Nest] 3724  - [39m10/04/2026, 3:06:44 AM [33m   WARN[39m [38;5;3m[CoachAIBudgetService] [39m[33mbudget race overshoot — charge could not be absorbed[39m
2026-10-04T03:06:44.1593703Z [33m[Nest] 3724  - [39m10/04/2026, 3:06:44 AM [33m   WARN[39m [38;5;3m[CoachAIBudgetService] [39mObject(8) {
2026-10-04T03:06:44.1594696Z   event: [32m'COACH_AI_BUDGET_RACE_OVERSHOOT'[39m,
2026-10-04T03:06:44.1595378Z   coachId: [32m'coach-r'[39m,
2026-10-04T03:06:44.1595987Z   capability: [32m'client_chat'[39m,
2026-10-04T03:06:44.1596536Z   contextId: [1mnull[22m,
2026-10-04T03:06:44.1597079Z   actualCostCents: [33m50[39m,
2026-10-04T03:06:44.1597583Z   ceilingCents: [33m4000[39m,
2026-10-04T03:06:44.1598143Z   actualUsedCents: [33m3800[39m,
2026-10-04T03:06:44.1598778Z   periodEnd: [32m'2026-11-01T00:00:00.000Z'[39m
2026-10-04T03:06:44.1599283Z }
2026-10-04T03:06:44.1600667Z [33m[Nest] 3724  - [39m10/04/2026, 3:06:44 AM [33m   WARN[39m [38;5;3m[CoachAIBudgetService] [39m[33mbudget race overshoot — charge could not be absorbed[39m
2026-10-04T03:06:44.1602873Z [33m[Nest] 3724  - [39m10/04/2026, 3:06:44 AM [33m   WARN[39m [38;5;3m[CoachAIBudgetService] [39mObject(8) {
2026-10-04T03:06:44.1603944Z   event: [32m'COACH_AI_BUDGET_RACE_OVERSHOOT'[39m,
2026-10-04T03:06:44.1604607Z   coachId: [32m'coach-r'[39m,
2026-10-04T03:06:44.1605212Z   capability: [32m'client_chat'[39m,
2026-10-04T03:06:44.1605774Z   contextId: [1mnull[22m,
2026-10-04T03:06:44.1606340Z   actualCostCents: [33m50[39m,
2026-10-04T03:06:44.1606906Z   ceilingCents: [33m4000[39m,
2026-10-04T03:06:44.1607443Z   actualUsedCents: [33m3800[39m,
2026-10-04T03:06:44.1608060Z   periodEnd: [32m'2026-11-01T00:00:00.000Z'[39m
2026-10-04T03:06:44.1608513Z }
2026-10-04T03:06:44.1609844Z [33m[Nest] 3724  - [39m10/04/2026, 3:06:44 AM [33m   WARN[39m [38;5;3m[CoachAIBudgetService] [39m[33mbudget race overshoot — charge could not be absorbed[39m
2026-10-04T03:06:44.1611983Z [33m[Nest] 3724  - [39m10/04/2026, 3:06:44 AM [33m   WARN[39m [38;5;3m[CoachAIBudgetService] [39mObject(8) {
2026-10-04T03:06:44.1613041Z   event: [32m'COACH_AI_BUDGET_RACE_OVERSHOOT'[39m,
2026-10-04T03:06:44.1613716Z   coachId: [32m'coach-r'[39m,
2026-10-04T03:06:44.1614384Z   capability: [32m'client_chat'[39m,
2026-10-04T03:06:44.1614946Z   contextId: [1mnull[22m,
2026-10-04T03:06:44.1615510Z   actualCostCents: [33m50[39m,
2026-10-04T03:06:44.1616081Z   ceilingCents: [33m4000[39m,
2026-10-04T03:06:44.1616959Z   actualUsedCents: [33m3800[39m,
2026-10-04T03:06:44.1617723Z   periodEnd: [32m'2026-11-01T00:00:00.000Z'[39m
2026-10-04T03:06:44.1618260Z }
2026-10-04T03:06:44.1619872Z [33m[Nest] 3724  - [39m10/04/2026, 3:06:44 AM [33m   WARN[39m [38;5;3m[CoachAIBudgetService] [39m[33mbudget race overshoot — charge could not be absorbed[39m
2026-10-04T03:06:44.1622216Z [33m[Nest] 3724  - [39m10/04/2026, 3:06:44 AM [33m   WARN[39m [38;5;3m[CoachAIBudgetService] [39mObject(8) {
2026-10-04T03:06:44.1623374Z   event: [32m'COACH_AI_BUDGET_RACE_OVERSHOOT'[39m,
2026-10-04T03:06:44.1624495Z   coachId: [32m'coach-r'[39m,
2026-10-04T03:06:44.1625130Z   capability: [32m'client_chat'[39m,
2026-10-04T03:06:44.1625844Z   contextId: [1mnull[22m,
2026-10-04T03:06:44.1626426Z   actualCostCents: [33m50[39m,
2026-10-04T03:06:44.1627140Z   ceilingCents: [33m4000[39m,
2026-10-04T03:06:44.1628084Z   actualUsedCents: [33m3800[39m,
2026-10-04T03:06:44.1628795Z   periodEnd: [32m'2026-11-01T00:00:00.000Z'[39m
2026-10-04T03:06:44.1629334Z }
2026-10-04T03:06:44.1631246Z [33m[Nest] 3724  - [39m10/04/2026, 3:06:44 AM [33m   WARN[39m [38;5;3m[CoachAIBudgetService] [39m[33mbudget race overshoot — charge could not be absorbed[39m
2026-10-04T03:06:44.6621928Z PASS test/ci/fly-env-sync-behavior.spec.ts (38.592 s)
2026-10-04T03:06:45.7260129Z PASS test/payouts-v2.spec.ts
2026-10-04T03:06:46.2003042Z [31m[Nest] 3724  - [39m10/04/2026, 3:06:46 AM [31m  ERROR[39m [38;5;3m[CoachAIBudgetScheduler] [39mObject(3) {
2026-10-04T03:06:46.2021874Z   event: [32m'COACH_AI_BUDGET_ROLLOVER_ERROR'[39m,
2026-10-04T03:06:46.2065535Z   err: [32m'db boom'[39m,
2026-10-04T03:06:46.2066108Z   duration_ms: [33m0[39m
2026-10-04T03:06:46.2091331Z }
2026-10-04T03:06:46.2151785Z rollover cron failed — will retry on next tick
2026-10-04T03:06:46.2181570Z PASS test/ai-credits-stream1.spec.ts
2026-10-04T03:06:46.2930357Z [32m[Nest] 3724  - [39m10/04/2026, 3:06:46 AM [32m    LOG[39m [38;5;3m[CoachAIBudgetScheduler] [39mObject(3) {
2026-10-04T03:06:46.2942398Z   event: [32m'COACH_AI_BUDGET_ROLLOVER_TICK'[39m,
2026-10-04T03:06:46.2947270Z   rolled: [33m2[39m,
2026-10-04T03:06:46.2948001Z   duration_ms: [33m0[39m
2026-10-04T03:06:46.2948763Z }
2026-10-04T03:06:46.2950646Z [32m[Nest] 3724  - [39m10/04/2026, 3:06:46 AM [32m    LOG[39m [38;5;3m[CoachAIBudgetScheduler] [39m[32mrollover tick — rolled=2 duration_ms=0[39m
2026-10-04T03:06:46.5245544Z PASS test/package-push.service.spec.ts
2026-10-04T03:06:46.6766433Z PASS src/community/challenges/__tests__/pagination.repository.spec.ts
2026-10-04T03:06:47.1479918Z PASS test/dunning.service.spec.ts
2026-10-04T03:06:47.1508572Z [32m[Nest] 3724  - [39m10/04/2026, 3:06:47 AM [32m    LOG[39m [38;5;3m[DunningService] [39m[32m{"event":"dunning.attempt_scheduled","purchase_id":"p1","dunning_state_id":"d-1","step_index":0,"scheduled_for":"2026-10-04T03:06:47.049Z","kind":"soft"}[39m
2026-10-04T03:06:47.1516863Z [32m[Nest] 3724  - [39m10/04/2026, 3:06:47 AM [32m    LOG[39m [38;5;3m[DunningService] [39m[32m{"event":"dunning.attempt_scheduled","purchase_id":"p1","dunning_state_id":"d-1","step_index":1,"scheduled_for":"2026-10-07T03:06:47.049Z","kind":"urgent"}[39m
2026-10-04T03:06:47.1521460Z [32m[Nest] 3724  - [39m10/04/2026, 3:06:47 AM [32m    LOG[39m [38;5;3m[DunningService] [39m[32m{"event":"dunning.attempt_scheduled","purchase_id":"p1","dunning_state_id":"d-1","step_index":2,"scheduled_for":"2026-10-11T03:06:47.049Z","kind":"final"}[39m
2026-10-04T03:06:47.1525668Z [32m[Nest] 3724  - [39m10/04/2026, 3:06:47 AM [32m    LOG[39m [38;5;3m[DunningService] [39m[32m{"event":"dunning.attempt_scheduled","purchase_id":"p1","dunning_state_id":"d-1","step_index":3,"scheduled_for":"2026-10-18T03:06:47.049Z","kind":"cancelled"}[39m
2026-10-04T03:06:47.1529735Z [32m[Nest] 3724  - [39m10/04/2026, 3:06:47 AM [32m    LOG[39m [38;5;3m[DunningService] [39m[32m{"event":"dunning.opened","purchase_id":"p1","dunning_state_id":"d-1","invoice_id":"inv_1","amount_cents":9900,"attempt_number":1}[39m
2026-10-04T03:06:47.1534044Z [32m[Nest] 3724  - [39m10/04/2026, 3:06:47 AM [32m    LOG[39m [38;5;3m[DunningService] [39m[32m{"event":"dunning.attempt_scheduled","purchase_id":"p1","dunning_state_id":"d-1","step_index":0,"scheduled_for":"2026-10-04T03:06:47.055Z","kind":"soft"}[39m
2026-10-04T03:06:47.1538006Z [32m[Nest] 3724  - [39m10/04/2026, 3:06:47 AM [32m    LOG[39m [38;5;3m[DunningService] [39m[32m{"event":"dunning.attempt_scheduled","purchase_id":"p1","dunning_state_id":"d-1","step_index":1,"scheduled_for":"2026-10-07T03:06:47.055Z","kind":"urgent"}[39m
2026-10-04T03:06:47.1542057Z [32m[Nest] 3724  - [39m10/04/2026, 3:06:47 AM [32m    LOG[39m [38;5;3m[DunningService] [39m[32m{"event":"dunning.attempt_scheduled","purchase_id":"p1","dunning_state_id":"d-1","step_index":2,"scheduled_for":"2026-10-11T03:06:47.055Z","kind":"final"}[39m
2026-10-04T03:06:47.1546291Z [32m[Nest] 3724  - [39m10/04/2026, 3:06:47 AM [32m    LOG[39m [38;5;3m[DunningService] [39m[32m{"event":"dunning.attempt_scheduled","purchase_id":"p1","dunning_state_id":"d-1","step_index":3,"scheduled_for":"2026-10-18T03:06:47.055Z","kind":"cancelled"}[39m
2026-10-04T03:06:47.1550049Z [32m[Nest] 3724  - [39m10/04/2026, 3:06:47 AM [32m    LOG[39m [38;5;3m[DunningService] [39m[32m{"event":"dunning.opened","purchase_id":"p1","dunning_state_id":"d-1","invoice_id":"inv_1","amount_cents":9900,"attempt_number":1}[39m
2026-10-04T03:06:47.1553868Z [32m[Nest] 3724  - [39m10/04/2026, 3:06:47 AM [32m    LOG[39m [38;5;3m[DunningService] [39m[32m{"event":"dunning.failure_recorded","purchase_id":"p1","dunning_state_id":"d-1","failure_count":3}[39m
2026-10-04T03:06:47.1557501Z [32m[Nest] 3724  - [39m10/04/2026, 3:06:47 AM [32m    LOG[39m [38;5;3m[DunningService] [39m[32m{"event":"dunning.attempt_scheduled","purchase_id":"p1","dunning_state_id":"d-1","step_index":0,"scheduled_for":"2026-10-04T03:06:47.068Z","kind":"soft"}[39m
2026-10-04T03:06:47.1561807Z [32m[Nest] 3724  - [39m10/04/2026, 3:06:47 AM [32m    LOG[39m [38;5;3m[DunningService] [39m[32m{"event":"dunning.attempt_scheduled","purchase_id":"p1","dunning_state_id":"d-1","step_index":1,"scheduled_for":"2026-10-07T03:06:47.068Z","kind":"urgent"}[39m
2026-10-04T03:06:47.1565838Z [32m[Nest] 3724  - [39m10/04/2026, 3:06:47 AM [32m    LOG[39m [38;5;3m[DunningService] [39m[32m{"event":"dunning.attempt_scheduled","purchase_id":"p1","dunning_state_id":"d-1","step_index":2,"scheduled_for":"2026-10-11T03:06:47.068Z","kind":"final"}[39m
2026-10-04T03:06:47.1569869Z [32m[Nest] 3724  - [39m10/04/2026, 3:06:47 AM [32m    LOG[39m [38;5;3m[DunningService] [39m[32m{"event":"dunning.attempt_scheduled","purchase_id":"p1","dunning_state_id":"d-1","step_index":3,"scheduled_for":"2026-10-18T03:06:47.068Z","kind":"cancelled"}[39m
2026-10-04T03:06:47.1574068Z [32m[Nest] 3724  - [39m10/04/2026, 3:06:47 AM [32m    LOG[39m [38;5;3m[DunningService] [39m[32m{"event":"dunning.opened","purchase_id":"p1","dunning_state_id":"d-1","invoice_id":"inv_1","amount_cents":9900,"attempt_number":1}[39m
2026-10-04T03:06:47.1577596Z [32m[Nest] 3724  - [39m10/04/2026, 3:06:47 AM [32m    LOG[39m [38;5;3m[DunningService] [39m[32m{"event":"dunning.recovered","purchase_id":"p1","dunning_state_id":"d-1","step_index_at_recovery":-1}[39m
2026-10-04T03:06:47.1581675Z [32m[Nest] 3724  - [39m10/04/2026, 3:06:47 AM [32m    LOG[39m [38;5;3m[DunningService] [39m[32m{"event":"dunning.attempt_scheduled","purchase_id":"p1","dunning_state_id":"d-1","step_index":0,"scheduled_for":"2026-10-04T03:06:47.069Z","kind":"soft"}[39m
2026-10-04T03:06:47.1585684Z [32m[Nest] 3724  - [39m10/04/2026, 3:06:47 AM [32m    LOG[39m [38;5;3m[DunningService] [39m[32m{"event":"dunning.attempt_scheduled","purchase_id":"p1","dunning_state_id":"d-1","step_index":1,"scheduled_for":"2026-10-07T03:06:47.069Z","kind":"urgent"}[39m
2026-10-04T03:06:47.1589981Z [32m[Nest] 3724  - [39m10/04/2026, 3:06:47 AM [32m    LOG[39m [38;5;3m[DunningService] [39m[32m{"event":"dunning.attempt_scheduled","purchase_id":"p1","dunning_state_id":"d-1","step_index":2,"scheduled_for":"2026-10-11T03:06:47.069Z","kind":"final"}[39m
2026-10-04T03:06:47.1594345Z [32m[Nest] 3724  - [39m10/04/2026, 3:06:47 AM [32m    LOG[39m [38;5;3m[DunningService] [39m[32m{"event":"dunning.attempt_scheduled","purchase_id":"p1","dunning_state_id":"d-1","step_index":3,"scheduled_for":"2026-10-18T03:06:47.069Z","kind":"cancelled"}[39m
2026-10-04T03:06:47.1598157Z [32m[Nest] 3724  - [39m10/04/2026, 3:06:47 AM [32m    LOG[39m [38;5;3m[DunningService] [39m[32m{"event":"dunning.opened","purchase_id":"p1","dunning_state_id":"d-1","invoice_id":"inv_2","amount_cents":9900,"attempt_number":1}[39m
2026-10-04T03:06:47.1602240Z [32m[Nest] 3724  - [39m10/04/2026, 3:06:47 AM [32m    LOG[39m [38;5;3m[DunningService] [39m[32m{"event":"dunning.attempt_scheduled","purchase_id":"p1","dunning_state_id":"d-1","step_index":0,"scheduled_for":"2026-10-04T03:06:47.072Z","kind":"soft"}[39m
2026-10-04T03:06:47.1606615Z [32m[Nest] 3724  - [39m10/04/2026, 3:06:47 AM [32m    LOG[39m [38;5;3m[DunningService] [39m[32m{"event":"dunning.attempt_scheduled","purchase_id":"p1","dunning_state_id":"d-1","step_index":1,"scheduled_for":"2026-10-07T03:06:47.072Z","kind":"urgent"}[39m
2026-10-04T03:06:47.1610731Z [32m[Nest] 3724  - [39m10/04/2026, 3:06:47 AM [32m    LOG[39m [38;5;3m[DunningService] [39m[32m{"event":"dunning.attempt_scheduled","purchase_id":"p1","dunning_state_id":"d-1","step_index":2,"scheduled_for":"2026-10-11T03:06:47.072Z","kind":"final"}[39m
2026-10-04T03:06:47.1614973Z [32m[Nest] 3724  - [39m10/04/2026, 3:06:47 AM [32m    LOG[39m [38;5;3m[DunningService] [39m[32m{"event":"dunning.attempt_scheduled","purchase_id":"p1","dunning_state_id":"d-1","step_index":3,"scheduled_for":"2026-10-18T03:06:47.072Z","kind":"cancelled"}[39m
2026-10-04T03:06:47.1618912Z [32m[Nest] 3724  - [39m10/04/2026, 3:06:47 AM [32m    LOG[39m [38;5;3m[DunningService] [39m[32m{"event":"dunning.opened","purchase_id":"p1","dunning_state_id":"d-1","invoice_id":"inv_1","amount_cents":9900,"attempt_number":4}[39m
2026-10-04T03:06:47.1623061Z [32m[Nest] 3724  - [39m10/04/2026, 3:06:47 AM [32m    LOG[39m [38;5;3m[DunningService] [39m[32m{"event":"dunning.attempt_scheduled","purchase_id":"p1","dunning_state_id":"d-1","step_index":0,"scheduled_for":"2026-10-04T03:06:47.074Z","kind":"soft"}[39m
2026-10-04T03:06:47.1627191Z [32m[Nest] 3724  - [39m10/04/2026, 3:06:47 AM [32m    LOG[39m [38;5;3m[DunningService] [39m[32m{"event":"dunning.attempt_scheduled","purchase_id":"p1","dunning_state_id":"d-1","step_index":1,"scheduled_for":"2026-10-07T03:06:47.074Z","kind":"urgent"}[39m
2026-10-04T03:06:47.1631580Z [32m[Nest] 3724  - [39m10/04/2026, 3:06:47 AM [32m    LOG[39m [38;5;3m[DunningService] [39m[32m{"event":"dunning.attempt_scheduled","purchase_id":"p1","dunning_state_id":"d-1","step_index":2,"scheduled_for":"2026-10-11T03:06:47.074Z","kind":"final"}[39m
2026-10-04T03:06:47.1635625Z [32m[Nest] 3724  - [39m10/04/2026, 3:06:47 AM [32m    LOG[39m [38;5;3m[DunningService] [39m[32m{"event":"dunning.attempt_scheduled","purchase_id":"p1","dunning_state_id":"d-1","step_index":3,"scheduled_for":"2026-10-18T03:06:47.074Z","kind":"cancelled"}[39m
2026-10-04T03:06:47.1639362Z [32m[Nest] 3724  - [39m10/04/2026, 3:06:47 AM [32m    LOG[39m [38;5;3m[DunningService] [39m[32m{"event":"dunning.opened","purchase_id":"p1","dunning_state_id":"d-1","invoice_id":"inv_1","amount_cents":9900,"attempt_number":1}[39m
2026-10-04T03:06:47.1643146Z [32m[Nest] 3724  - [39m10/04/2026, 3:06:47 AM [32m    LOG[39m [38;5;3m[DunningService] [39m[32m{"event":"dunning.attempt_sent","purchase_id":"p1","dunning_state_id":"d-1","attempt_id":"a-2","step_index":0,"kind":"soft","retried":false}[39m
2026-10-04T03:06:47.1664081Z [32m[Nest] 3724  - [39m10/04/2026, 3:06:47 AM [32m    LOG[39m [38;5;3m[DunningService] [39m[32m{"event":"dunning.attempt_sent","purchase_id":"p1","dunning_state_id":"d-1","attempt_id":"a-3","step_index":1,"kind":"urgent","retried":false}[39m
2026-10-04T03:06:47.1683723Z [32m[Nest] 3724  - [39m10/04/2026, 3:06:47 AM [32m    LOG[39m [38;5;3m[DunningService] [39m[32m{"event":"dunning.attempt_sent","purchase_id":"p1","dunning_state_id":"d-1","attempt_id":"a-4","step_index":2,"kind":"final","retried":false}[39m
2026-10-04T03:06:47.1687478Z [32m[Nest] 3724  - [39m10/04/2026, 3:06:47 AM [32m    LOG[39m [38;5;3m[DunningService] [39m[32m{"event":"dunning.attempt_sent","purchase_id":"p1","dunning_state_id":"d-1","attempt_id":"a-5","step_index":3,"kind":"cancelled","retried":false}[39m
2026-10-04T03:06:47.1691490Z [32m[Nest] 3724  - [39m10/04/2026, 3:06:47 AM [32m    LOG[39m [38;5;3m[DunningService] [39m[32m{"event":"dunning.attempt_scheduled","purchase_id":"p1","dunning_state_id":"d-1","step_index":0,"scheduled_for":"2026-10-04T03:06:47.078Z","kind":"soft"}[39m
2026-10-04T03:06:47.1695760Z [32m[Nest] 3724  - [39m10/04/2026, 3:06:47 AM [32m    LOG[39m [38;5;3m[DunningService] [39m[32m{"event":"dunning.attempt_scheduled","purchase_id":"p1","dunning_state_id":"d-1","step_index":1,"scheduled_for":"2026-10-07T03:06:47.078Z","kind":"urgent"}[39m
2026-10-04T03:06:47.1699625Z [32m[Nest] 3724  - [39m10/04/2026, 3:06:47 AM [32m    LOG[39m [38;5;3m[DunningService] [39m[32m{"event":"dunning.attempt_scheduled","purchase_id":"p1","dunning_state_id":"d-1","step_index":2,"scheduled_for":"2026-10-11T03:06:47.078Z","kind":"final"}[39m
2026-10-04T03:06:47.1703806Z [32m[Nest] 3724  - [39m10/04/2026, 3:06:47 AM [32m    LOG[39m [38;5;3m[DunningService] [39m[32m{"event":"dunning.attempt_scheduled","purchase_id":"p1","dunning_state_id":"d-1","step_index":3,"scheduled_for":"2026-10-18T03:06:47.078Z","kind":"cancelled"}[39m
2026-10-04T03:06:47.1707531Z [32m[Nest] 3724  - [39m10/04/2026, 3:06:47 AM [32m    LOG[39m [38;5;3m[DunningService] [39m[32m{"event":"dunning.opened","purchase_id":"p1","dunning_state_id":"d-1","invoice_id":"inv_1","amount_cents":9900,"attempt_number":1}[39m
2026-10-04T03:06:47.1709681Z [32m[Nest] 3724  - [39m10/04/2026, 3:06:47 AM [32m    LOG[39m [38;5;3m[DunningService] [39m[32m{"event":"dunning.attempt_sent","purchase_id":"p1","dunning_state_id":"d-1","attempt_id":"a-2","step_index":0,"kind":"soft","retried":false}[39m
2026-10-04T03:06:47.1712582Z [32m[Nest] 3724  - [39m10/04/2026, 3:06:47 AM [32m    LOG[39m [38;5;3m[DunningService] [39m[32m{"event":"dunning.attempt_scheduled","purchase_id":"p1","dunning_state_id":"d-1","step_index":0,"scheduled_for":"2026-10-04T03:06:47.081Z","kind":"soft"}[39m
2026-10-04T03:06:47.1717175Z [32m[Nest] 3724  - [39m10/04/2026, 3:06:47 AM [32m    LOG[39m [38;5;3m[DunningService] [39m[32m{"event":"dunning.attempt_scheduled","purchase_id":"p1","dunning_state_id":"d-1","step_index":1,"scheduled_for":"2026-10-07T03:06:47.081Z","kind":"urgent"}[39m
2026-10-04T03:06:47.1719278Z [32m[Nest] 3724  - [39m10/04/2026, 3:06:47 AM [32m    LOG[39m [38;5;3m[DunningService] [39m[32m{"event":"dunning.attempt_scheduled","purchase_id":"p1","dunning_state_id":"d-1","step_index":2,"scheduled_for":"2026-10-11T03:06:47.081Z","kind":"final"}[39m
2026-10-04T03:06:47.1722634Z [32m[Nest] 3724  - [39m10/04/2026, 3:06:47 AM [32m    LOG[39m [38;5;3m[DunningService] [39m[32m{"event":"dunning.attempt_scheduled","purchase_id":"p1","dunning_state_id":"d-1","step_index":3,"scheduled_for":"2026-10-18T03:06:47.081Z","kind":"cancelled"}[39m
2026-10-04T03:06:47.1725588Z [32m[Nest] 3724  - [39m10/04/2026, 3:06:47 AM [32m    LOG[39m [38;5;3m[DunningService] [39m[32m{"event":"dunning.opened","purchase_id":"p1","dunning_state_id":"d-1","invoice_id":"inv_1","amount_cents":9900,"attempt_number":1}[39m
2026-10-04T03:06:47.1728524Z [32m[Nest] 3724  - [39m10/04/2026, 3:06:47 AM [32m    LOG[39m [38;5;3m[DunningService] [39m[32m{"event":"dunning.recovered","purchase_id":"p1","dunning_state_id":"d-1","step_index_at_recovery":-1}[39m
2026-10-04T03:06:47.1730710Z [32m[Nest] 3724  - [39m10/04/2026, 3:06:47 AM [32m    LOG[39m [38;5;3m[DunningService] [39m[32m{"event":"dunning.attempt_scheduled","purchase_id":"p1","dunning_state_id":"d-1","step_index":0,"scheduled_for":"2026-10-04T03:06:47.083Z","kind":"soft"}[39m
2026-10-04T03:06:47.1734505Z [32m[Nest] 3724  - [39m10/04/2026, 3:06:47 AM [32m    LOG[39m [38;5;3m[DunningService] [39m[32m{"event":"dunning.attempt_scheduled","purchase_id":"p1","dunning_state_id":"d-1","step_index":1,"scheduled_for":"2026-10-07T03:06:47.083Z","kind":"urgent"}[39m
2026-10-04T03:06:47.1737994Z [32m[Nest] 3724  - [39m10/04/2026, 3:06:47 AM [32m    LOG[39m [38;5;3m[DunningService] [39m[32m{"event":"dunning.attempt_scheduled","purchase_id":"p1","dunning_state_id":"d-1","step_index":2,"scheduled_for":"2026-10-11T03:06:47.083Z","kind":"final"}[39m
2026-10-04T03:06:47.1741869Z [32m[Nest] 3724  - [39m10/04/2026, 3:06:47 AM [32m    LOG[39m [38;5;3m[DunningService] [39m[32m{"event":"dunning.attempt_scheduled","purchase_id":"p1","dunning_state_id":"d-1","step_index":3,"scheduled_for":"2026-10-18T03:06:47.083Z","kind":"cancelled"}[39m
2026-10-04T03:06:47.1745471Z [32m[Nest] 3724  - [39m10/04/2026, 3:06:47 AM [32m    LOG[39m [38;5;3m[DunningService] [39m[32m{"event":"dunning.opened","purchase_id":"p1","dunning_state_id":"d-1","invoice_id":"inv_1","amount_cents":9900,"attempt_number":1}[39m
2026-10-04T03:06:47.1748451Z [32m[Nest] 3724  - [39m10/04/2026, 3:06:47 AM [32m    LOG[39m [38;5;3m[DunningService] [39m[32m{"event":"dunning.recovered","purchase_id":"p1","dunning_state_id":"d-1","step_index_at_recovery":-1}[39m
2026-10-04T03:06:47.1755347Z [32m[Nest] 3724  - [39m10/04/2026, 3:06:47 AM [32m    LOG[39m [38;5;3m[DunningService] [39m[32m{"event":"dunning.attempt_scheduled","purchase_id":"p1","dunning_state_id":"d-1","step_index":0,"scheduled_for":"2026-10-04T03:06:47.086Z","kind":"soft"}[39m
2026-10-04T03:06:47.1759018Z [32m[Nest] 3724  - [39m10/04/2026, 3:06:47 AM [32m    LOG[39m [38;5;3m[DunningService] [39m[32m{"event":"dunning.attempt_scheduled","purchase_id":"p1","dunning_state_id":"d-1","step_index":1,"scheduled_for":"2026-10-07T03:06:47.086Z","kind":"urgent"}[39m
2026-10-04T03:06:47.1762838Z [32m[Nest] 3724  - [39m10/04/2026, 3:06:47 AM [32m    LOG[39m [38;5;3m[DunningService] [39m[32m{"event":"dunning.attempt_scheduled","purchase_id":"p1","dunning_state_id":"d-1","step_index":2,"scheduled_for":"2026-10-11T03:06:47.086Z","kind":"final"}[39m
2026-10-04T03:06:47.1766346Z [32m[Nest] 3724  - [39m10/04/2026, 3:06:47 AM [32m    LOG[39m [38;5;3m[DunningService] [39m[32m{"event":"dunning.attempt_scheduled","purchase_id":"p1","dunning_state_id":"d-1","step_index":3,"scheduled_for":"2026-10-18T03:06:47.086Z","kind":"cancelled"}[39m
2026-10-04T03:06:47.1769643Z [32m[Nest] 3724  - [39m10/04/2026, 3:06:47 AM [32m    LOG[39m [38;5;3m[DunningService] [39m[32m{"event":"dunning.opened","purchase_id":"p1","dunning_state_id":"d-1","invoice_id":"inv_1","amount_cents":9900,"attempt_number":1}[39m
2026-10-04T03:06:47.1772910Z [32m[Nest] 3724  - [39m10/04/2026, 3:06:47 AM [32m    LOG[39m [38;5;3m[DunningService] [39m[32m{"event":"dunning.cancelled","purchase_id":"p1","dunning_state_id":"d-1","reason":"subscription_deleted"}[39m
2026-10-04T03:06:47.1776189Z [32m[Nest] 3724  - [39m10/04/2026, 3:06:47 AM [32m    LOG[39m [38;5;3m[DunningService] [39m[32m{"event":"dunning.attempt_scheduled","purchase_id":"p1","dunning_state_id":"d-1","step_index":0,"scheduled_for":"2026-10-04T03:06:47.088Z","kind":"soft"}[39m
2026-10-04T03:06:47.1779703Z [32m[Nest] 3724  - [39m10/04/2026, 3:06:47 AM [32m    LOG[39m [38;5;3m[DunningService] [39m[32m{"event":"dunning.attempt_scheduled","purchase_id":"p1","dunning_state_id":"d-1","step_index":1,"scheduled_for":"2026-10-07T03:06:47.088Z","kind":"urgent"}[39m
2026-10-04T03:06:47.1783493Z [32m[Nest] 3724  - [39m10/04/2026, 3:06:47 AM [32m    LOG[39m [38;5;3m[DunningService] [39m[32m{"event":"dunning.attempt_scheduled","purchase_id":"p1","dunning_state_id":"d-1","step_index":2,"scheduled_for":"2026-10-11T03:06:47.088Z","kind":"final"}[39m
2026-10-04T03:06:47.1786976Z [32m[Nest] 3724  - [39m10/04/2026, 3:06:47 AM [32m    LOG[39m [38;5;3m[DunningService] [39m[32m{"event":"dunning.attempt_scheduled","purchase_id":"p1","dunning_state_id":"d-1","step_index":3,"scheduled_for":"2026-10-18T03:06:47.088Z","kind":"cancelled"}[39m
2026-10-04T03:06:47.1790387Z [32m[Nest] 3724  - [39m10/04/2026, 3:06:47 AM [32m    LOG[39m [38;5;3m[DunningService] [39m[32m{"event":"dunning.opened","purchase_id":"p1","dunning_state_id":"d-1","invoice_id":"inv_1","amount_cents":9900,"attempt_number":1}[39m
2026-10-04T03:06:47.1793615Z [32m[Nest] 3724  - [39m10/04/2026, 3:06:47 AM [32m    LOG[39m [38;5;3m[DunningService] [39m[32m{"event":"dunning.cancelled","purchase_id":"p1","dunning_state_id":"d-1","reason":"subscription_deleted"}[39m
2026-10-04T03:06:47.1796815Z [32m[Nest] 3724  - [39m10/04/2026, 3:06:47 AM [32m    LOG[39m [38;5;3m[DunningService] [39m[32m{"event":"dunning.attempt_scheduled","purchase_id":"p1","dunning_state_id":"d-1","step_index":0,"scheduled_for":"2026-10-04T03:06:47.091Z","kind":"soft"}[39m
2026-10-04T03:06:47.1800289Z [32m[Nest] 3724  - [39m10/04/2026, 3:06:47 AM [32m    LOG[39m [38;5;3m[DunningService] [39m[32m{"event":"dunning.attempt_scheduled","purchase_id":"p1","dunning_state_id":"d-1","step_index":1,"scheduled_for":"2026-10-07T03:06:47.091Z","kind":"urgent"}[39m
2026-10-04T03:06:47.1803650Z [32m[Nest] 3724  - [39m10/04/2026, 3:06:47 AM [32m    LOG[39m [38;5;3m[DunningService] [39m[32m{"event":"dunning.attempt_scheduled","purchase_id":"p1","dunning_state_id":"d-1","step_index":2,"scheduled_for":"2026-10-11T03:06:47.091Z","kind":"final"}[39m
2026-10-04T03:06:47.1806980Z [32m[Nest] 3724  - [39m10/04/2026, 3:06:47 AM [32m    LOG[39m [38;5;3m[DunningService] [39m[32m{"event":"dunning.attempt_scheduled","purchase_id":"p1","dunning_state_id":"d-1","step_index":3,"scheduled_for":"2026-10-18T03:06:47.091Z","kind":"cancelled"}[39m
2026-10-04T03:06:47.1810240Z [32m[Nest] 3724  - [39m10/04/2026, 3:06:47 AM [32m    LOG[39m [38;5;3m[DunningService] [39m[32m{"event":"dunning.opened","purchase_id":"p1","dunning_state_id":"d-1","invoice_id":"inv_1","amount_cents":9900,"attempt_number":1}[39m
2026-10-04T03:06:47.1813603Z [32m[Nest] 3724  - [39m10/04/2026, 3:06:47 AM [32m    LOG[39m [38;5;3m[DunningService] [39m[32m{"event":"dunning.attempt_sent","purchase_id":"p1","dunning_state_id":"d-1","attempt_id":"a-2","step_index":0,"kind":"soft","retried":false}[39m
2026-10-04T03:06:47.1816252Z [32m[Nest] 3724  - [39m10/04/2026, 3:06:47 AM [32m    LOG[39m [38;5;3m[DunningService] [39m[32m{"event":"dunning.admin_advanced","purchase_id":"p1","attempt_id":"a-2"}[39m
2026-10-04T03:06:47.1819121Z [32m[Nest] 3724  - [39m10/04/2026, 3:06:47 AM [32m    LOG[39m [38;5;3m[DunningService] [39m[32m{"event":"dunning.attempt_sent","purchase_id":"p1","dunning_state_id":"d-1","attempt_id":"a-3","step_index":1,"kind":"urgent","retried":false}[39m
2026-10-04T03:06:47.1821865Z [32m[Nest] 3724  - [39m10/04/2026, 3:06:47 AM [32m    LOG[39m [38;5;3m[DunningService] [39m[32m{"event":"dunning.admin_advanced","purchase_id":"p1","attempt_id":"a-3"}[39m
2026-10-04T03:06:47.1824866Z [32m[Nest] 3724  - [39m10/04/2026, 3:06:47 AM [32m    LOG[39m [38;5;3m[DunningService] [39m[32m{"event":"dunning.attempt_scheduled","purchase_id":"p1","dunning_state_id":"d-1","step_index":0,"scheduled_for":"2026-10-04T03:06:47.095Z","kind":"soft"}[39m
2026-10-04T03:06:47.1828297Z [32m[Nest] 3724  - [39m10/04/2026, 3:06:47 AM [32m    LOG[39m [38;5;3m[DunningService] [39m[32m{"event":"dunning.attempt_scheduled","purchase_id":"p1","dunning_state_id":"d-1","step_index":1,"scheduled_for":"2026-10-07T03:06:47.095Z","kind":"urgent"}[39m
2026-10-04T03:06:47.1832046Z [32m[Nest] 3724  - [39m10/04/2026, 3:06:47 AM [32m    LOG[39m [38;5;3m[DunningService] [39m[32m{"event":"dunning.attempt_scheduled","purchase_id":"p1","dunning_state_id":"d-1","step_index":2,"scheduled_for":"2026-10-11T03:06:47.095Z","kind":"final"}[39m
2026-10-04T03:06:47.1835502Z [32m[Nest] 3724  - [39m10/04/2026, 3:06:47 AM [32m    LOG[39m [38;5;3m[DunningService] [39m[32m{"event":"dunning.attempt_scheduled","purchase_id":"p1","dunning_state_id":"d-1","step_index":3,"scheduled_for":"2026-10-18T03:06:47.095Z","kind":"cancelled"}[39m
2026-10-04T03:06:47.1838697Z [32m[Nest] 3724  - [39m10/04/2026, 3:06:47 AM [32m    LOG[39m [38;5;3m[DunningService] [39m[32m{"event":"dunning.opened","purchase_id":"p1","dunning_state_id":"d-1","invoice_id":"inv_1","amount_cents":9900,"attempt_number":1}[39m
2026-10-04T03:06:47.1841465Z [32m[Nest] 3724  - [39m10/04/2026, 3:06:47 AM [32m    LOG[39m [38;5;3m[DunningService] [39m[32m{"event":"dunning.admin_reset","purchase_id":"p1","dunning_state_id":"d-1"}[39m
2026-10-04T03:06:47.1844459Z [32m[Nest] 3724  - [39m10/04/2026, 3:06:47 AM [32m    LOG[39m [38;5;3m[DunningService] [39m[32m{"event":"dunning.attempt_scheduled","purchase_id":"p1","dunning_state_id":"d-1","step_index":0,"scheduled_for":"2026-10-04T03:06:47.097Z","kind":"soft"}[39m
2026-10-04T03:06:47.1848020Z [32m[Nest] 3724  - [39m10/04/2026, 3:06:47 AM [32m    LOG[39m [38;5;3m[DunningService] [39m[32m{"event":"dunning.attempt_scheduled","purchase_id":"p1","dunning_state_id":"d-1","step_index":1,"scheduled_for":"2026-10-07T03:06:47.097Z","kind":"urgent"}[39m
2026-10-04T03:06:47.1851563Z [32m[Nest] 3724  - [39m10/04/2026, 3:06:47 AM [32m    LOG[39m [38;5;3m[DunningService] [39m[32m{"event":"dunning.attempt_scheduled","purchase_id":"p1","dunning_state_id":"d-1","step_index":2,"scheduled_for":"2026-10-11T03:06:47.097Z","kind":"final"}[39m
2026-10-04T03:06:47.1854970Z [32m[Nest] 3724  - [39m10/04/2026, 3:06:47 AM [32m    LOG[39m [38;5;3m[DunningService] [39m[32m{"event":"dunning.attempt_scheduled","purchase_id":"p1","dunning_state_id":"d-1","step_index":3,"scheduled_for":"2026-10-18T03:06:47.097Z","kind":"cancelled"}[39m
2026-10-04T03:06:47.1858167Z [32m[Nest] 3724  - [39m10/04/2026, 3:06:47 AM [32m    LOG[39m [38;5;3m[DunningService] [39m[32m{"event":"dunning.opened","purchase_id":"p1","dunning_state_id":"d-1","invoice_id":"inv_1","amount_cents":9900,"attempt_number":1}[39m
2026-10-04T03:06:47.1861095Z [32m[Nest] 3724  - [39m10/04/2026, 3:06:47 AM [32m    LOG[39m [38;5;3m[DunningService] [39m[32m{"event":"dunning.cancelled","purchase_id":"p1","dunning_state_id":"d-1","reason":"admin_cancel"}[39m
2026-10-04T03:06:47.1864339Z [32m[Nest] 3724  - [39m10/04/2026, 3:06:47 AM [32m    LOG[39m [38;5;3m[DunningService] [39m[32m{"event":"dunning.attempt_scheduled","purchase_id":"p1","dunning_state_id":"d-1","step_index":0,"scheduled_for":"2026-10-04T03:06:47.100Z","kind":"soft"}[39m
2026-10-04T03:06:47.1867715Z [32m[Nest] 3724  - [39m10/04/2026, 3:06:47 AM [32m    LOG[39m [38;5;3m[DunningService] [39m[32m{"event":"dunning.attempt_scheduled","purchase_id":"p1","dunning_state_id":"d-1","step_index":1,"scheduled_for":"2026-10-07T03:06:47.100Z","kind":"urgent"}[39m
2026-10-04T03:06:47.1921528Z [32m[Nest] 3724  - [39m10/04/2026, 3:06:47 AM [32m    LOG[39m [38;5;3m[DunningService] [39m[32m{"event":"dunning.attempt_scheduled","purchase_id":"p1","dunning_state_id":"d-1","step_index":2,"scheduled_for":"2026-10-11T03:06:47.100Z","kind":"final"}[39m
2026-10-04T03:06:47.1924918Z [32m[Nest] 3724  - [39m10/04/2026, 3:06:47 AM [32m    LOG[39m [38;5;3m[DunningService] [39m[32m{"event":"dunning.attempt_scheduled","purchase_id":"p1","dunning_state_id":"d-1","step_index":3,"scheduled_for":"2026-10-18T03:06:47.100Z","kind":"cancelled"}[39m
2026-10-04T03:06:47.1926839Z [32m[Nest] 3724  - [39m10/04/2026, 3:06:47 AM [32m    LOG[39m [38;5;3m[DunningService] [39m[32m{"event":"dunning.opened","purchase_id":"p1","dunning_state_id":"d-1","invoice_id":"inv_1","amount_cents":9900,"attempt_number":1}[39m
2026-10-04T03:06:47.1928832Z [32m[Nest] 3724  - [39m10/04/2026, 3:06:47 AM [32m    LOG[39m [38;5;3m[DunningService] [39m[32m{"event":"dunning.attempt_sent","purchase_id":"p1","dunning_state_id":"d-1","attempt_id":"a-2","step_index":0,"kind":"soft","retried":false}[39m
2026-10-04T03:06:47.1930672Z [32m[Nest] 3724  - [39m10/04/2026, 3:06:47 AM [32m    LOG[39m [38;5;3m[DunningService] [39m[32m{"event":"dunning.attempt_sent","purchase_id":"p1","dunning_state_id":"d-1","attempt_id":"a-8","step_index":-1,"kind":"soft","retried":false}[39m
2026-10-04T03:06:47.1933516Z [32m[Nest] 3724  - [39m10/04/2026, 3:06:47 AM [32m    LOG[39m [38;5;3m[DunningService] [39m[32m{"event":"dunning.admin_triggered","purchase_id":"p1","step_index":0,"kind":"soft"}[39m
2026-10-04T03:06:47.1936203Z [32m[Nest] 3724  - [39m10/04/2026, 3:06:47 AM [32m    LOG[39m [38;5;3m[DunningService] [39m[32m{"event":"dunning.attempt_scheduled","purchase_id":"p1","dunning_state_id":"d-1","step_index":0,"scheduled_for":"2026-10-04T03:06:47.103Z","kind":"soft"}[39m
2026-10-04T03:06:47.1939351Z [32m[Nest] 3724  - [39m10/04/2026, 3:06:47 AM [32m    LOG[39m [38;5;3m[DunningService] [39m[32m{"event":"dunning.attempt_scheduled","purchase_id":"p1","dunning_state_id":"d-1","step_index":1,"scheduled_for":"2026-10-07T03:06:47.103Z","kind":"urgent"}[39m
2026-10-04T03:06:47.1943014Z [32m[Nest] 3724  - [39m10/04/2026, 3:06:47 AM [32m    LOG[39m [38;5;3m[DunningService] [39m[32m{"event":"dunning.attempt_scheduled","purchase_id":"p1","dunning_state_id":"d-1","step_index":2,"scheduled_for":"2026-10-11T03:06:47.103Z","kind":"final"}[39m
2026-10-04T03:06:47.1946496Z [32m[Nest] 3724  - [39m10/04/2026, 3:06:47 AM [32m    LOG[39m [38;5;3m[DunningService] [39m[32m{"event":"dunning.attempt_scheduled","purchase_id":"p1","dunning_state_id":"d-1","step_index":3,"scheduled_for":"2026-10-18T03:06:47.103Z","kind":"cancelled"}[39m
2026-10-04T03:06:47.1949689Z [32m[Nest] 3724  - [39m10/04/2026, 3:06:47 AM [32m    LOG[39m [38;5;3m[DunningService] [39m[32m{"event":"dunning.opened","purchase_id":"p1","dunning_state_id":"d-1","invoice_id":"inv_1","amount_cents":9900,"attempt_number":1}[39m
2026-10-04T03:06:47.1953256Z [32m[Nest] 3724  - [39m10/04/2026, 3:06:47 AM [32m    LOG[39m [38;5;3m[DunningService] [39m[32m{"event":"dunning.attempt_sent","purchase_id":"p1","dunning_state_id":"d-1","attempt_id":"a-2","step_index":0,"kind":"soft","retried":false}[39m
2026-10-04T03:06:47.1956283Z [32m[Nest] 3724  - [39m10/04/2026, 3:06:47 AM [32m    LOG[39m [38;5;3m[DunningService] [39m[32m{"event":"dunning.cancelled","purchase_id":"p1","dunning_state_id":"d-1","reason":"grace_expired","stripe_canceled":true}[39m
2026-10-04T03:06:47.1959301Z [32m[Nest] 3724  - [39m10/04/2026, 3:06:47 AM [32m    LOG[39m [38;5;3m[DunningService] [39m[32m{"event":"dunning.attempt_scheduled","purchase_id":"p1","dunning_state_id":"d-1","step_index":0,"scheduled_for":"2026-10-04T03:06:47.106Z","kind":"soft"}[39m
2026-10-04T03:06:47.1962785Z [32m[Nest] 3724  - [39m10/04/2026, 3:06:47 AM [32m    LOG[39m [38;5;3m[DunningService] [39m[32m{"event":"dunning.attempt_scheduled","purchase_id":"p1","dunning_state_id":"d-1","step_index":1,"scheduled_for":"2026-10-07T03:06:47.106Z","kind":"urgent"}[39m
2026-10-04T03:06:47.1966187Z [32m[Nest] 3724  - [39m10/04/2026, 3:06:47 AM [32m    LOG[39m [38;5;3m[DunningService] [39m[32m{"event":"dunning.attempt_scheduled","purchase_id":"p1","dunning_state_id":"d-1","step_index":2,"scheduled_for":"2026-10-11T03:06:47.106Z","kind":"final"}[39m
2026-10-04T03:06:47.1969723Z [32m[Nest] 3724  - [39m10/04/2026, 3:06:47 AM [32m    LOG[39m [38;5;3m[DunningService] [39m[32m{"event":"dunning.attempt_scheduled","purchase_id":"p1","dunning_state_id":"d-1","step_index":3,"scheduled_for":"2026-10-18T03:06:47.106Z","kind":"cancelled"}[39m
2026-10-04T03:06:47.1973212Z [32m[Nest] 3724  - [39m10/04/2026, 3:06:47 AM [32m    LOG[39m [38;5;3m[DunningService] [39m[32m{"event":"dunning.opened","purchase_id":"p1","dunning_state_id":"d-1","invoice_id":"inv_1","amount_cents":9900,"attempt_number":1}[39m
2026-10-04T03:06:47.1976530Z [32m[Nest] 3724  - [39m10/04/2026, 3:06:47 AM [32m    LOG[39m [38;5;3m[DunningService] [39m[32m{"event":"dunning.attempt_sent","purchase_id":"p1","dunning_state_id":"d-1","attempt_id":"a-2","step_index":0,"kind":"soft","retried":false}[39m
2026-10-04T03:06:47.1980024Z [32m[Nest] 3724  - [39m10/04/2026, 3:06:47 AM [32m    LOG[39m [38;5;3m[DunningService] [39m[32m{"event":"dunning.attempt_scheduled","purchase_id":"p1","dunning_state_id":"d-1","step_index":0,"scheduled_for":"2026-10-04T03:06:47.109Z","kind":"soft"}[39m
2026-10-04T03:06:47.1986677Z [32m[Nest] 3724  - [39m10/04/2026, 3:06:47 AM [32m    LOG[39m [38;5;3m[DunningService] [39m[32m{"event":"dunning.attempt_scheduled","purchase_id":"p1","dunning_state_id":"d-1","step_index":1,"scheduled_for":"2026-10-07T03:06:47.109Z","kind":"urgent"}[39m
2026-10-04T03:06:47.1990502Z [32m[Nest] 3724  - [39m10/04/2026, 3:06:47 AM [32m    LOG[39m [38;5;3m[DunningService] [39m[32m{"event":"dunning.attempt_scheduled","purchase_id":"p1","dunning_state_id":"d-1","step_index":2,"scheduled_for":"2026-10-11T03:06:47.109Z","kind":"final"}[39m
2026-10-04T03:06:47.1994613Z [32m[Nest] 3724  - [39m10/04/2026, 3:06:47 AM [32m    LOG[39m [38;5;3m[DunningService] [39m[32m{"event":"dunning.attempt_scheduled","purchase_id":"p1","dunning_state_id":"d-1","step_index":3,"scheduled_for":"2026-10-18T03:06:47.109Z","kind":"cancelled"}[39m
2026-10-04T03:06:47.1997890Z [32m[Nest] 3724  - [39m10/04/2026, 3:06:47 AM [32m    LOG[39m [38;5;3m[DunningService] [39m[32m{"event":"dunning.opened","purchase_id":"p1","dunning_state_id":"d-1","invoice_id":"inv_1","amount_cents":9900,"attempt_number":1}[39m
2026-10-04T03:06:47.2000025Z [32m[Nest] 3724  - [39m10/04/2026, 3:06:47 AM [32m    LOG[39m [38;5;3m[DunningService] [39m[32m{"event":"dunning.attempt_scheduled","purchase_id":"p1","dunning_state_id":"d-1","step_index":0,"scheduled_for":"2026-10-04T03:06:47.123Z","kind":"soft"}[39m
2026-10-04T03:06:47.2002317Z [32m[Nest] 3724  - [39m10/04/2026, 3:06:47 AM [32m    LOG[39m [38;5;3m[DunningService] [39m[32m{"event":"dunning.attempt_scheduled","purchase_id":"p1","dunning_state_id":"d-1","step_index":1,"scheduled_for":"2026-10-07T03:06:47.123Z","kind":"urgent"}[39m
2026-10-04T03:06:47.2004271Z [32m[Nest] 3724  - [39m10/04/2026, 3:06:47 AM [32m    LOG[39m [38;5;3m[DunningService] [39m[32m{"event":"dunning.attempt_scheduled","purchase_id":"p1","dunning_state_id":"d-1","step_index":2,"scheduled_for":"2026-10-11T03:06:47.123Z","kind":"final"}[39m
2026-10-04T03:06:47.2006230Z [32m[Nest] 3724  - [39m10/04/2026, 3:06:47 AM [32m    LOG[39m [38;5;3m[DunningService] [39m[32m{"event":"dunning.attempt_scheduled","purchase_id":"p1","dunning_state_id":"d-1","step_index":3,"scheduled_for":"2026-10-18T03:06:47.123Z","kind":"cancelled"}[39m
2026-10-04T03:06:47.2008080Z [32m[Nest] 3724  - [39m10/04/2026, 3:06:47 AM [32m    LOG[39m [38;5;3m[DunningService] [39m[32m{"event":"dunning.opened","purchase_id":"p1","dunning_state_id":"d-1","invoice_id":"inv_1","amount_cents":9900,"attempt_number":1}[39m
2026-10-04T03:06:47.2009715Z [32m[Nest] 3724  - [39m10/04/2026, 3:06:47 AM [32m    LOG[39m [38;5;3m[DunningService] [39m[32m{"event":"dunning.recovered","purchase_id":"p1","dunning_state_id":"d-1","step_index_at_recovery":-1}[39m
2026-10-04T03:06:47.2022873Z [32m[Nest] 3724  - [39m10/04/2026, 3:06:47 AM [32m    LOG[39m [38;5;3m[DunningService] [39m[32m{"event":"dunning.attempt_sent","purchase_id":"p1","dunning_state_id":"d-1","attempt_id":"a-2","step_index":0,"kind":"soft","retried":false}[39m
2026-10-04T03:06:47.2026460Z [32m[Nest] 3724  - [39m10/04/2026, 3:06:47 AM [32m    LOG[39m [38;5;3m[DunningService] [39m[32m{"event":"dunning.attempt_scheduled","purchase_id":"p1","dunning_state_id":"d-1","step_index":0,"scheduled_for":"2026-10-04T03:06:47.126Z","kind":"soft"}[39m
2026-10-04T03:06:47.2030317Z [32m[Nest] 3724  - [39m10/04/2026, 3:06:47 AM [32m    LOG[39m [38;5;3m[DunningService] [39m[32m{"event":"dunning.attempt_scheduled","purchase_id":"p1","dunning_state_id":"d-1","step_index":1,"scheduled_for":"2026-10-07T03:06:47.126Z","kind":"urgent"}[39m
2026-10-04T03:06:47.2034180Z [32m[Nest] 3724  - [39m10/04/2026, 3:06:47 AM [32m    LOG[39m [38;5;3m[DunningService] [39m[32m{"event":"dunning.attempt_scheduled","purchase_id":"p1","dunning_state_id":"d-1","step_index":2,"scheduled_for":"2026-10-11T03:06:47.126Z","kind":"final"}[39m
2026-10-04T03:06:47.2037718Z [32m[Nest] 3724  - [39m10/04/2026, 3:06:47 AM [32m    LOG[39m [38;5;3m[DunningService] [39m[32m{"event":"dunning.attempt_scheduled","purchase_id":"p1","dunning_state_id":"d-1","step_index":3,"scheduled_for":"2026-10-18T03:06:47.126Z","kind":"cancelled"}[39m
2026-10-04T03:06:47.2041328Z [32m[Nest] 3724  - [39m10/04/2026, 3:06:47 AM [32m    LOG[39m [38;5;3m[DunningService] [39m[32m{"event":"dunning.opened","purchase_id":"p1","dunning_state_id":"d-1","invoice_id":"inv_1","amount_cents":9900,"attempt_number":1}[39m
2026-10-04T03:06:47.2044494Z [32m[Nest] 3724  - [39m10/04/2026, 3:06:47 AM [32m    LOG[39m [38;5;3m[DunningService] [39m[32m{"event":"dunning.recovered","purchase_id":"p1","dunning_state_id":"d-1","step_index_at_recovery":-1}[39m
2026-10-04T03:06:47.2047584Z [32m[Nest] 3724  - [39m10/04/2026, 3:06:47 AM [32m    LOG[39m [38;5;3m[DunningService] [39m[32m{"event":"dunning.attempt_raced","purchase_id":"p1","dunning_state_id":"d-1","attempt_id":"a-2","step_index":0,"from_status":"pending"}[39m
2026-10-04T03:06:47.2051305Z [32m[Nest] 3724  - [39m10/04/2026, 3:06:47 AM [32m    LOG[39m [38;5;3m[DunningService] [39m[32m{"event":"dunning.attempt_scheduled","purchase_id":"p1","dunning_state_id":"d-1","step_index":0,"scheduled_for":"2026-10-04T03:06:47.128Z","kind":"soft"}[39m
2026-10-04T03:06:47.2054893Z [32m[Nest] 3724  - [39m10/04/2026, 3:06:47 AM [32m    LOG[39m [38;5;3m[DunningService] [39m[32m{"event":"dunning.attempt_scheduled","purchase_id":"p1","dunning_state_id":"d-1","step_index":1,"scheduled_for":"2026-10-07T03:06:47.128Z","kind":"urgent"}[39m
2026-10-04T03:06:47.2058451Z [32m[Nest] 3724  - [39m10/04/2026, 3:06:47 AM [32m    LOG[39m [38;5;3m[DunningService] [39m[32m{"event":"dunning.attempt_scheduled","purchase_id":"p1","dunning_state_id":"d-1","step_index":2,"scheduled_for":"2026-10-11T03:06:47.128Z","kind":"final"}[39m
2026-10-04T03:06:47.2062257Z [32m[Nest] 3724  - [39m10/04/2026, 3:06:47 AM [32m    LOG[39m [38;5;3m[DunningService] [39m[32m{"event":"dunning.attempt_scheduled","purchase_id":"p1","dunning_state_id":"d-1","step_index":3,"scheduled_for":"2026-10-18T03:06:47.128Z","kind":"cancelled"}[39m
2026-10-04T03:06:47.2065618Z [32m[Nest] 3724  - [39m10/04/2026, 3:06:47 AM [32m    LOG[39m [38;5;3m[DunningService] [39m[32m{"event":"dunning.opened","purchase_id":"p1","dunning_state_id":"d-1","invoice_id":"inv_1","amount_cents":9900,"attempt_number":1}[39m
2026-10-04T03:06:47.2068844Z [32m[Nest] 3724  - [39m10/04/2026, 3:06:47 AM [32m    LOG[39m [38;5;3m[DunningService] [39m[32m{"event":"dunning.attempt_sent","purchase_id":"p1","dunning_state_id":"d-1","attempt_id":"a-2","step_index":0,"kind":"soft","retried":false}[39m
2026-10-04T03:06:47.2072526Z [32m[Nest] 3724  - [39m10/04/2026, 3:06:47 AM [32m    LOG[39m [38;5;3m[DunningService] [39m[32m{"event":"dunning.attempt_sent","purchase_id":"p1","dunning_state_id":"d-1","attempt_id":"a-3","step_index":1,"kind":"urgent","retried":false}[39m
2026-10-04T03:06:47.2075939Z [32m[Nest] 3724  - [39m10/04/2026, 3:06:47 AM [32m    LOG[39m [38;5;3m[DunningService] [39m[32m{"event":"dunning.attempt_sent","purchase_id":"p1","dunning_state_id":"d-1","attempt_id":"a-4","step_index":2,"kind":"final","retried":false}[39m
2026-10-04T03:06:47.2082022Z [32m[Nest] 3724  - [39m10/04/2026, 3:06:47 AM [32m    LOG[39m [38;5;3m[DunningService] [39m[32m{"event":"dunning.attempt_skipped","purchase_id":"p1","attempt_id":"a-5","step_index":3,"reason":"subscription_no_longer_pending_cancel"}[39m
2026-10-04T03:06:47.2085806Z [32m[Nest] 3724  - [39m10/04/2026, 3:06:47 AM [32m    LOG[39m [38;5;3m[DunningService] [39m[32m{"event":"dunning.attempt_scheduled","purchase_id":"p1","dunning_state_id":"d-1","step_index":0,"scheduled_for":"2026-10-04T03:06:47.133Z","kind":"soft"}[39m
2026-10-04T03:06:47.2088703Z [32m[Nest] 3724  - [39m10/04/2026, 3:06:47 AM [32m    LOG[39m [38;5;3m[DunningService] [39m[32m{"event":"dunning.attempt_scheduled","purchase_id":"p1","dunning_state_id":"d-1","step_index":1,"scheduled_for":"2026-10-07T03:06:47.133Z","kind":"urgent"}[39m
2026-10-04T03:06:47.2091528Z [32m[Nest] 3724  - [39m10/04/2026, 3:06:47 AM [32m    LOG[39m [38;5;3m[DunningService] [39m[32m{"event":"dunning.attempt_scheduled","purchase_id":"p1","dunning_state_id":"d-1","step_index":2,"scheduled_for":"2026-10-11T03:06:47.133Z","kind":"final"}[39m
2026-10-04T03:06:47.2095338Z [32m[Nest] 3724  - [39m10/04/2026, 3:06:47 AM [32m    LOG[39m [38;5;3m[DunningService] [39m[32m{"event":"dunning.attempt_scheduled","purchase_id":"p1","dunning_state_id":"d-1","step_index":3,"scheduled_for":"2026-10-18T03:06:47.133Z","kind":"cancelled"}[39m
2026-10-04T03:06:47.2098933Z [32m[Nest] 3724  - [39m10/04/2026, 3:06:47 AM [32m    LOG[39m [38;5;3m[DunningService] [39m[32m{"event":"dunning.opened","purchase_id":"p1","dunning_state_id":"d-1","invoice_id":"inv_1","amount_cents":9900,"attempt_number":1}[39m
2026-10-04T03:06:47.2102543Z [32m[Nest] 3724  - [39m10/04/2026, 3:06:47 AM [32m    LOG[39m [38;5;3m[DunningService] [39m[32m{"event":"dunning.attempt_sent","purchase_id":"p1","dunning_state_id":"d-1","attempt_id":"a-2","step_index":0,"kind":"soft","retried":false}[39m
2026-10-04T03:06:47.2105904Z [32m[Nest] 3724  - [39m10/04/2026, 3:06:47 AM [32m    LOG[39m [38;5;3m[DunningService] [39m[32m{"event":"dunning.attempt_sent","purchase_id":"p1","dunning_state_id":"d-1","attempt_id":"a-3","step_index":1,"kind":"urgent","retried":false}[39m
2026-10-04T03:06:47.2109218Z [32m[Nest] 3724  - [39m10/04/2026, 3:06:47 AM [32m    LOG[39m [38;5;3m[DunningService] [39m[32m{"event":"dunning.attempt_sent","purchase_id":"p1","dunning_state_id":"d-1","attempt_id":"a-4","step_index":2,"kind":"final","retried":false}[39m
2026-10-04T03:06:47.2112841Z [32m[Nest] 3724  - [39m10/04/2026, 3:06:47 AM [32m    LOG[39m [38;5;3m[DunningService] [39m[32m{"event":"dunning.attempt_sent","purchase_id":"p1","dunning_state_id":"d-1","attempt_id":"a-5","step_index":3,"kind":"cancelled","retried":false}[39m
2026-10-04T03:06:47.2116251Z [32m[Nest] 3724  - [39m10/04/2026, 3:06:47 AM [32m    LOG[39m [38;5;3m[DunningService] [39m[32m{"event":"dunning.attempt_scheduled","purchase_id":"p1","dunning_state_id":"d-1","step_index":0,"scheduled_for":"2026-10-04T03:06:47.136Z","kind":"soft"}[39m
2026-10-04T03:06:47.2119825Z [32m[Nest] 3724  - [39m10/04/2026, 3:06:47 AM [32m    LOG[39m [38;5;3m[DunningService] [39m[32m{"event":"dunning.attempt_scheduled","purchase_id":"p1","dunning_state_id":"d-1","step_index":1,"scheduled_for":"2026-10-07T03:06:47.136Z","kind":"urgent"}[39m
2026-10-04T03:06:47.2123706Z [32m[Nest] 3724  - [39m10/04/2026, 3:06:47 AM [32m    LOG[39m [38;5;3m[DunningService] [39m[32m{"event":"dunning.attempt_scheduled","purchase_id":"p1","dunning_state_id":"d-1","step_index":2,"scheduled_for":"2026-10-11T03:06:47.136Z","kind":"final"}[39m
2026-10-04T03:06:47.2131749Z [32m[Nest] 3724  - [39m10/04/2026, 3:06:47 AM [32m    LOG[39m [38;5;3m[DunningService] [39m[32m{"event":"dunning.attempt_scheduled","purchase_id":"p1","dunning_state_id":"d-1","step_index":3,"scheduled_for":"2026-10-18T03:06:47.136Z","kind":"cancelled"}[39m
2026-10-04T03:06:47.2135183Z [32m[Nest] 3724  - [39m10/04/2026, 3:06:47 AM [32m    LOG[39m [38;5;3m[DunningService] [39m[32m{"event":"dunning.opened","purchase_id":"p1","dunning_state_id":"d-1","invoice_id":"inv_1","amount_cents":9900,"attempt_number":1}[39m
2026-10-04T03:06:47.2138712Z [32m[Nest] 3724  - [39m10/04/2026, 3:06:47 AM [32m    LOG[39m [38;5;3m[DunningService] [39m[32m{"event":"dunning.attempt_sent","purchase_id":"p1","dunning_state_id":"d-1","attempt_id":"a-2","step_index":0,"kind":"soft","retried":false}[39m
2026-10-04T03:06:47.2141797Z [32m[Nest] 3724  - [39m10/04/2026, 3:06:47 AM [32m    LOG[39m [38;5;3m[DunningService] [39m[32m{"event":"dunning.admin_reset","purchase_id":"p1","dunning_state_id":"d-1"}[39m
2026-10-04T03:06:47.2144991Z [32m[Nest] 3724  - [39m10/04/2026, 3:06:47 AM [32m    LOG[39m [38;5;3m[DunningService] [39m[32m{"event":"dunning.attempt_scheduled","purchase_id":"p1","dunning_state_id":"d-1","step_index":0,"scheduled_for":"2026-10-04T03:06:47.137Z","kind":"soft"}[39m
2026-10-04T03:06:47.2148609Z [32m[Nest] 3724  - [39m10/04/2026, 3:06:47 AM [32m    LOG[39m [38;5;3m[DunningService] [39m[32m{"event":"dunning.attempt_scheduled","purchase_id":"p1","dunning_state_id":"d-1","step_index":1,"scheduled_for":"2026-10-07T03:06:47.137Z","kind":"urgent"}[39m
2026-10-04T03:06:47.2152703Z [32m[Nest] 3724  - [39m10/04/2026, 3:06:47 AM [32m    LOG[39m [38;5;3m[DunningService] [39m[32m{"event":"dunning.attempt_scheduled","purchase_id":"p1","dunning_state_id":"d-1","step_index":2,"scheduled_for":"2026-10-11T03:06:47.137Z","kind":"final"}[39m
2026-10-04T03:06:47.2156560Z [32m[Nest] 3724  - [39m10/04/2026, 3:06:47 AM [32m    LOG[39m [38;5;3m[DunningService] [39m[32m{"event":"dunning.attempt_scheduled","purchase_id":"p1","dunning_state_id":"d-1","step_index":3,"scheduled_for":"2026-10-18T03:06:47.137Z","kind":"cancelled"}[39m
2026-10-04T03:06:47.2159941Z [32m[Nest] 3724  - [39m10/04/2026, 3:06:47 AM [32m    LOG[39m [38;5;3m[DunningService] [39m[32m{"event":"dunning.opened","purchase_id":"p1","dunning_state_id":"d-1","invoice_id":"inv_2","amount_cents":9900,"attempt_number":1}[39m
2026-10-04T03:06:47.2163616Z [32m[Nest] 3724  - [39m10/04/2026, 3:06:47 AM [32m    LOG[39m [38;5;3m[DunningService] [39m[32m{"event":"dunning.attempt_scheduled","purchase_id":"p1","dunning_state_id":"d-1","step_index":0,"scheduled_for":"2026-10-04T03:06:47.138Z","kind":"soft"}[39m
2026-10-04T03:06:47.2165614Z [32m[Nest] 3724  - [39m10/04/2026, 3:06:47 AM [32m    LOG[39m [38;5;3m[DunningService] [39m[32m{"event":"dunning.attempt_scheduled","purchase_id":"p1","dunning_state_id":"d-1","step_index":1,"scheduled_for":"2026-10-07T03:06:47.138Z","kind":"urgent"}[39m
2026-10-04T03:06:47.2167555Z [32m[Nest] 3724  - [39m10/04/2026, 3:06:47 AM [32m    LOG[39m [38;5;3m[DunningService] [39m[32m{"event":"dunning.attempt_scheduled","purchase_id":"p1","dunning_state_id":"d-1","step_index":2,"scheduled_for":"2026-10-11T03:06:47.138Z","kind":"final"}[39m
2026-10-04T03:06:47.2169519Z [32m[Nest] 3724  - [39m10/04/2026, 3:06:47 AM [32m    LOG[39m [38;5;3m[DunningService] [39m[32m{"event":"dunning.attempt_scheduled","purchase_id":"p1","dunning_state_id":"d-1","step_index":3,"scheduled_for":"2026-10-18T03:06:47.138Z","kind":"cancelled"}[39m
2026-10-04T03:06:47.2171598Z [32m[Nest] 3724  - [39m10/04/2026, 3:06:47 AM [32m    LOG[39m [38;5;3m[DunningService] [39m[32m{"event":"dunning.opened","purchase_id":"p1","dunning_state_id":"d-1","invoice_id":"inv_1","amount_cents":9900,"attempt_number":1}[39m
2026-10-04T03:06:47.2173314Z [33m[Nest] 3724  - [39m10/04/2026, 3:06:47 AM [33m   WARN[39m [38;5;3m[DunningService] [39m[33mdunning.attempt_failed attempt=a-2 step=0 retry=1/3 next_at=2026-10-04T04:06:47.139Z: SES temporarily unavailable[39m
2026-10-04T03:06:47.2175048Z [32m[Nest] 3724  - [39m10/04/2026, 3:06:47 AM [32m    LOG[39m [38;5;3m[DunningService] [39m[32m{"event":"dunning.attempt_sent","purchase_id":"p1","dunning_state_id":"d-1","attempt_id":"a-2","step_index":0,"kind":"soft","retried":true}[39m
2026-10-04T03:06:47.2176910Z [32m[Nest] 3724  - [39m10/04/2026, 3:06:47 AM [32m    LOG[39m [38;5;3m[DunningService] [39m[32m{"event":"dunning.attempt_scheduled","purchase_id":"p1","dunning_state_id":"d-1","step_index":0,"scheduled_for":"2026-10-04T03:06:47.141Z","kind":"soft"}[39m
2026-10-04T03:06:47.2178983Z [32m[Nest] 3724  - [39m10/04/2026, 3:06:47 AM [32m    LOG[39m [38;5;3m[DunningService] [39m[32m{"event":"dunning.attempt_scheduled","purchase_id":"p1","dunning_state_id":"d-1","step_index":1,"scheduled_for":"2026-10-07T03:06:47.141Z","kind":"urgent"}[39m
2026-10-04T03:06:47.2184064Z [32m[Nest] 3724  - [39m10/04/2026, 3:06:47 AM [32m    LOG[39m [38;5;3m[DunningService] [39m[32m{"event":"dunning.attempt_scheduled","purchase_id":"p1","dunning_state_id":"d-1","step_index":2,"scheduled_for":"2026-10-11T03:06:47.141Z","kind":"final"}[39m
2026-10-04T03:06:47.2187725Z [32m[Nest] 3724  - [39m10/04/2026, 3:06:47 AM [32m    LOG[39m [38;5;3m[DunningService] [39m[32m{"event":"dunning.attempt_scheduled","purchase_id":"p1","dunning_state_id":"d-1","step_index":3,"scheduled_for":"2026-10-18T03:06:47.141Z","kind":"cancelled"}[39m
2026-10-04T03:06:47.2191317Z [32m[Nest] 3724  - [39m10/04/2026, 3:06:47 AM [32m    LOG[39m [38;5;3m[DunningService] [39m[32m{"event":"dunning.opened","purchase_id":"p1","dunning_state_id":"d-1","invoice_id":"inv_1","amount_cents":9900,"attempt_number":1}[39m
2026-10-04T03:06:47.2193377Z [33m[Nest] 3724  - [39m10/04/2026, 3:06:47 AM [33m   WARN[39m [38;5;3m[DunningService] [39m[33mdunning.attempt_failed attempt=a-2 step=0 retry=1/3 next_at=2026-10-04T04:06:47.141Z: SES gone for good[39m
2026-10-04T03:06:47.2194951Z [33m[Nest] 3724  - [39m10/04/2026, 3:06:47 AM [33m   WARN[39m [38;5;3m[DunningService] [39m[33mdunning.attempt_failed attempt=a-2 step=0 retry=2/3 next_at=2027-10-04T07:06:47.141Z: SES gone for good[39m
2026-10-04T03:06:47.2196589Z [33m[Nest] 3724  - [39m10/04/2026, 3:06:47 AM [33m   WARN[39m [38;5;3m[DunningService] [39m[33mdunning.attempt_failed attempt=a-2 step=0 retry=3/3 next_at=2028-10-03T19:06:47.141Z: SES gone for good[39m
2026-10-04T03:06:47.2198082Z [33m[Nest] 3724  - [39m10/04/2026, 3:06:47 AM [33m   WARN[39m [38;5;3m[DunningService] [39m[33mdunning.attempt_failed_permanent attempt=a-2 step=0 retries=4: SES gone for good[39m
2026-10-04T03:06:47.9857930Z PASS test/messages-safety.service.spec.ts
2026-10-04T03:06:48.4603370Z PASS test/env-validation.spec.ts
2026-10-04T03:06:48.7932348Z PASS test/ci/delivery-artifact.spec.ts
2026-10-04T03:06:49.0813066Z PASS test/ai.service.spec.ts
2026-10-04T03:06:49.0963190Z [33m[Nest] 3724  - [39m10/04/2026, 3:06:48 AM [33m   WARN[39m [38;5;3m[AiService] [39m[33mAnthropic chat fallback failed; using deterministic: upstream 500[39m
2026-10-04T03:06:49.0992663Z [32m[Nest] 3724  - [39m10/04/2026, 3:06:48 AM [32m    LOG[39m [38;5;3m[AIGuardrailsService] [39m[32mguardrails applied: calorie-floor[39m
2026-10-04T03:06:49.1022795Z [32m[Nest] 3724  - [39m10/04/2026, 3:06:48 AM [32m    LOG[39m [38;5;3m[AIGuardrailsService] [39m[32mguardrails applied: calorie-floor,macro-correction[39m
2026-10-04T03:06:49.1042546Z [32m[Nest] 3724  - [39m10/04/2026, 3:06:48 AM [32m    LOG[39m [38;5;3m[AIGuardrailsService] [39m[32mguardrails applied: refer-to-coach[39m
2026-10-04T03:06:49.1045204Z [33m[Nest] 3724  - [39m10/04/2026, 3:06:49 AM [33m   WARN[39m [38;5;3m[AiService] [39m[33mAnthropic chat fallback failed; using deterministic: upstream 500[39m
2026-10-04T03:06:49.1047809Z [33m[Nest] 3724  - [39m10/04/2026, 3:06:49 AM [33m   WARN[39m [38;5;3m[AiService] [39m[33mAnthropic chat fallback failed; using deterministic: upstream 500[39m
2026-10-04T03:06:49.1050135Z [32m[Nest] 3724  - [39m10/04/2026, 3:06:49 AM [32m    LOG[39m [38;5;3m[AIGuardrailsService] [39m[32mguardrails applied: calorie-floor[39m
2026-10-04T03:06:49.1052814Z [33m[Nest] 3724  - [39m10/04/2026, 3:06:49 AM [33m   WARN[39m [38;5;3m[AiService] [39m[33mAnthropic chat fallback failed; using deterministic: upstream 500[39m
2026-10-04T03:06:49.1055118Z [32m[Nest] 3724  - [39m10/04/2026, 3:06:49 AM [32m    LOG[39m [38;5;3m[AIGuardrailsService] [39m[32mguardrails applied: calorie-floor[39m
2026-10-04T03:06:49.1057497Z [33m[Nest] 3724  - [39m10/04/2026, 3:06:49 AM [33m   WARN[39m [38;5;3m[AiService] [39m[33mAnthropic chat fallback failed; using deterministic: upstream 500[39m
2026-10-04T03:06:49.1060148Z [32m[Nest] 3724  - [39m10/04/2026, 3:06:49 AM [32m    LOG[39m [38;5;3m[AIGuardrailsService] [39m[32mguardrails applied: calorie-floor[39m
2026-10-04T03:06:49.1062880Z [33m[Nest] 3724  - [39m10/04/2026, 3:06:49 AM [33m   WARN[39m [38;5;3m[AiService] [39m[33mAnthropic chat fallback failed; using deterministic: upstream 500[39m
2026-10-04T03:06:49.1065229Z [32m[Nest] 3724  - [39m10/04/2026, 3:06:49 AM [32m    LOG[39m [38;5;3m[AIGuardrailsService] [39m[32mguardrails applied: calorie-floor[39m
2026-10-04T03:06:49.1102686Z [33m[Nest] 3724  - [39m10/04/2026, 3:06:49 AM [33m   WARN[39m [38;5;3m[AiService] [39m[33mAnthropic chat fallback failed; using deterministic: upstream 500[39m
2026-10-04T03:06:49.1122622Z [32m[Nest] 3724  - [39m10/04/2026, 3:06:49 AM [32m    LOG[39m [38;5;3m[AIGuardrailsService] [39m[32mguardrails applied: calorie-floor[39m
2026-10-04T03:06:49.1125260Z [32m[Nest] 3724  - [39m10/04/2026, 3:06:49 AM [32m    LOG[39m [38;5;3m[AiEgressService] [39m[32mai_egress.refused surface=ai.client_chat reason=no_live_grant clients=1 missing=1[39m
2026-10-04T03:06:49.1142592Z [32m[Nest] 3724  - [39m10/04/2026, 3:06:49 AM [32m    LOG[39m [38;5;3m[AiEgressService] [39m[32mai_egress.refused surface=ai.client_chat reason=no_live_grant clients=1 missing=1[39m
2026-10-04T03:06:49.1145246Z [33m[Nest] 3724  - [39m10/04/2026, 3:06:49 AM [33m   WARN[39m [38;5;3m[AiEgressService] [39m[33mai_egress.consent_read_failed (treated as no grant)[39m
2026-10-04T03:06:49.1147856Z [32m[Nest] 3724  - [39m10/04/2026, 3:06:49 AM [32m    LOG[39m [38;5;3m[AiEgressService] [39m[32mai_egress.refused surface=ai.client_chat reason=no_live_grant clients=1 missing=1[39m
2026-10-04T03:06:49.1149755Z [32m[Nest] 3724  - [39m10/04/2026, 3:06:49 AM [32m    LOG[39m [38;5;3m[AIGuardrailsService] [39m[32mguardrails applied: calorie-floor[39m
2026-10-04T03:06:49.5734684Z [31m[Nest] 3724  - [39m10/04/2026, 3:06:49 AM [31m  ERROR[39m [38;5;3m[CheckoutRecoveryService] [39m[31mrecovery single-use guard: Redis SET NX failed, denying (reason=fail-closed-store-unreachable): ECONNREFUSED 127.0.0.1:6379[39m
2026-10-04T03:06:49.5745333Z [31m[Nest] 3724  - [39m10/04/2026, 3:06:49 AM [31m  ERROR[39m [38;5;3m[CheckoutRecoveryService] [39m[31mrecovery single-use guard: Redis SET NX failed, denying (reason=fail-closed-store-unreachable): ECONNREFUSED 127.0.0.1:6379[39m
2026-10-04T03:06:49.6073899Z [31m[Nest] 3724  - [39m10/04/2026, 3:06:49 AM [31m  ERROR[39m [38;5;3m[CheckoutRecoveryService] [39m[31mrecovery single-use guard: Redis SET NX failed, denying (reason=fail-closed-store-unreachable): ECONNREFUSED[39m
2026-10-04T03:06:49.6117260Z [31m[Nest] 3724  - [39m10/04/2026, 3:06:49 AM [31m  ERROR[39m [38;5;3m[CheckoutRecoveryService] [39m[31mrecovery single-use guard: Redis SET NX failed, denying (reason=fail-closed-store-unreachable): boom[39m
2026-10-04T03:06:49.6133828Z [31m[Nest] 3724  - [39m10/04/2026, 3:06:49 AM [31m  ERROR[39m [38;5;3m[CheckoutRecoveryService] [39m[31mCheckoutRecoveryService: REDIS_URL is required in production — refusing to boot. The in-memory single-use guard is single-process and unsafe across the Fly cluster.[39m
2026-10-04T03:06:49.6645570Z [33m[Nest] 3724  - [39m10/04/2026, 3:06:49 AM [33m   WARN[39m [38;5;3m[CheckoutRecoveryService] [39m[33mrecovery single-use guard: replay attempt rejected (reason=jti-already-consumed-memory)[39m
2026-10-04T03:06:49.6649010Z [33m[Nest] 3724  - [39m10/04/2026, 3:06:49 AM [33m   WARN[39m [38;5;3m[CheckoutRecoveryService] [39m[33mrecovery single-use guard: replay attempt rejected (reason=jti-already-consumed-memory)[39m
2026-10-04T03:06:49.6652649Z [33m[Nest] 3724  - [39m10/04/2026, 3:06:49 AM [33m   WARN[39m [38;5;3m[CheckoutRecoveryService] [39m[33mrecovery single-use guard: replay attempt rejected (reason=jti-already-consumed-memory)[39m
2026-10-04T03:06:49.6656491Z [33m[Nest] 3724  - [39m10/04/2026, 3:06:49 AM [33m   WARN[39m [38;5;3m[CheckoutRecoveryService] [39m[33mrecovery single-use guard: replay attempt rejected (reason=jti-already-consumed-memory)[39m
2026-10-04T03:06:49.6659866Z [33m[Nest] 3724  - [39m10/04/2026, 3:06:49 AM [33m   WARN[39m [38;5;3m[CheckoutRecoveryService] [39m[33mrecovery single-use guard: replay attempt rejected (reason=jti-already-consumed)[39m
2026-10-04T03:06:49.6663364Z [33m[Nest] 3724  - [39m10/04/2026, 3:06:49 AM [33m   WARN[39m [38;5;3m[CheckoutRecoveryService] [39m[33mrecovery single-use guard: replay attempt rejected (reason=jti-already-consumed)[39m
2026-10-04T03:06:49.6666674Z [33m[Nest] 3724  - [39m10/04/2026, 3:06:49 AM [33m   WARN[39m [38;5;3m[CheckoutRecoveryService] [39m[33mrecovery single-use guard: replay attempt rejected (reason=jti-already-consumed-memory)[39m
2026-10-04T03:06:49.6670054Z [33m[Nest] 3724  - [39m10/04/2026, 3:06:49 AM [33m   WARN[39m [38;5;3m[CheckoutRecoveryService] [39m[33mrecovery single-use guard: replay attempt rejected (reason=jti-already-consumed-memory)[39m
2026-10-04T03:06:49.6673911Z [33m[Nest] 3724  - [39m10/04/2026, 3:06:49 AM [33m   WARN[39m [38;5;3m[CheckoutRecoveryService] [39m[33mrecovery single-use guard: replay attempt rejected (reason=jti-already-consumed)[39m
2026-10-04T03:06:49.6677206Z [33m[Nest] 3724  - [39m10/04/2026, 3:06:49 AM [33m   WARN[39m [38;5;3m[CheckoutRecoveryService] [39m[33mrecovery single-use guard: replay attempt rejected (reason=jti-already-consumed-memory)[39m
2026-10-04T03:06:49.6680483Z [33m[Nest] 3724  - [39m10/04/2026, 3:06:49 AM [33m   WARN[39m [38;5;3m[CheckoutRecoveryService] [39m[33mrecovery single-use guard: replay attempt rejected (reason=jti-already-consumed)[39m
2026-10-04T03:06:49.6684057Z [33m[Nest] 3724  - [39m10/04/2026, 3:06:49 AM [33m   WARN[39m [38;5;3m[CheckoutRecoveryService] [39m[33mrecovery single-use guard: replay attempt rejected (reason=jti-already-consumed-memory)[39m
2026-10-04T03:06:49.8544160Z [31m[Nest] 3724  - [39m10/04/2026, 3:06:49 AM [31m  ERROR[39m [38;5;3m[CheckoutRecoveryService] [39m[31mCheckoutRecoveryService: Redis connect failed in production — refusing to boot: ECONNREFUSED 10.0.0.1:6379[39m
2026-10-04T03:06:49.8613980Z [31m[Nest] 3724  - [39m10/04/2026, 3:06:49 AM [31m  ERROR[39m [38;5;3m[CheckoutRecoveryService] [39m[31mCheckoutRecoveryService: REDIS_URL is required in <unset> — refusing to boot. The in-memory single-use guard is single-process and unsafe across the Fly cluster.[39m
2026-10-04T03:06:49.9562528Z [32m[Nest] 3724  - [39m10/04/2026, 3:06:49 AM [32m    LOG[39m [38;5;3m[CheckoutRecoveryService] [39m[32mCheckoutRecoveryService: REDIS_URL unset — using in-memory single-use guard (single-process, dev/test only)[39m
2026-10-04T03:06:49.9592990Z [32m[Nest] 3724  - [39m10/04/2026, 3:06:49 AM [32m    LOG[39m [38;5;3m[CheckoutRecoveryService] [39m[32mCheckoutRecoveryService: REDIS_URL unset — using in-memory single-use guard (single-process, dev/test only)[39m
2026-10-04T03:06:50.0621392Z [31m[Nest] 3724  - [39m10/04/2026, 3:06:50 AM [31m  ERROR[39m [38;5;3m[CheckoutRecoveryService] [39m[31mCheckoutRecoveryService: Redis connect failed in production — refusing to boot: ECONNREFUSED unset-env[39m
2026-10-04T03:06:50.0637133Z [31m[Nest] 3724  - [39m10/04/2026, 3:06:50 AM [31m  ERROR[39m [38;5;3m[CheckoutRecoveryService] [39m[31mCheckoutRecoveryService: REDIS_URL is required in staging — refusing to boot. The in-memory single-use guard is single-process and unsafe across the Fly cluster.[39m
2026-10-04T03:06:50.2594038Z [31m[Nest] 3724  - [39m10/04/2026, 3:06:50 AM [31m  ERROR[39m [38;5;3m[CheckoutRecoveryService] [39m[31mCheckoutRecoveryService: Redis connect failed in production — refusing to boot: ECONNREFUSED staging[39m
2026-10-04T03:06:50.4212381Z PASS test/ci/fly-env-manifest.spec.ts
2026-10-04T03:06:50.4836799Z [31m[Nest] 3724  - [39m10/04/2026, 3:06:50 AM [31m  ERROR[39m [38;5;3m[CheckoutRecoveryService] [39m[31mCheckoutRecoveryService: REDIS_URL is required in production — refusing to boot. The in-memory single-use guard is single-process and unsafe across the Fly cluster.[39m
2026-10-04T03:06:50.4923206Z [31m[Nest] 3724  - [39m10/04/2026, 3:06:50 AM [31m  ERROR[39m [38;5;3m[CheckoutRecoveryService] [39m[31mCheckoutRecoveryService: REDIS_URL is required in production — refusing to boot. The in-memory single-use guard is single-process and unsafe across the Fly cluster.[39m
2026-10-04T03:06:50.4927695Z [31m[Nest] 3724  - [39m10/04/2026, 3:06:50 AM [31m  ERROR[39m [38;5;3m[CheckoutRecoveryService] [39m[31mCheckoutRecoveryService: REDIS_URL is required in staging — refusing to boot. The in-memory single-use guard is single-process and unsafe across the Fly cluster.[39m
2026-10-04T03:06:50.4931943Z [31m[Nest] 3724  - [39m10/04/2026, 3:06:50 AM [31m  ERROR[39m [38;5;3m[CheckoutRecoveryService] [39m[31mCheckoutRecoveryService: REDIS_URL is required in <unset> — refusing to boot. The in-memory single-use guard is single-process and unsafe across the Fly cluster.[39m
2026-10-04T03:06:50.5522351Z PASS test/checkout-recovery.service.spec.ts
2026-10-04T03:06:50.5824234Z [33m[Nest] 3724  - [39m10/04/2026, 3:06:50 AM [33m   WARN[39m [38;5;3m[CheckoutRecoveryService] [39m[33mCheckoutRecoveryService: Redis unavailable in development, falling back to in-memory (dev/test only): ECONNREFUSED 127.0.0.1:6379[39m
2026-10-04T03:06:50.5843493Z [32m[Nest] 3724  - [39m10/04/2026, 3:06:50 AM [32m    LOG[39m [38;5;3m[CheckoutRecoveryService] [39m[32mCheckoutRecoveryService: REDIS_URL unset — using in-memory single-use guard (single-process, dev/test only)[39m
2026-10-04T03:06:50.5902894Z [32m[Nest] 3724  - [39m10/04/2026, 3:06:50 AM [32m    LOG[39m [38;5;3m[CheckoutRecoveryService] [39m[32mCheckoutRecoveryService: Redis client quit() OK[39m
2026-10-04T03:06:50.5939910Z [33m[Nest] 3724  - [39m10/04/2026, 3:06:50 AM [33m   WARN[39m [38;5;3m[CheckoutRecoveryService] [39m[33mCheckoutRecoveryService: Redis quit() failed or timed out, forcing disconnect: broker hung[39m
2026-10-04T03:06:50.5973152Z [33m[Nest] 3724  - [39m10/04/2026, 3:06:52 AM [33m   WARN[39m [38;5;3m[CheckoutRecoveryService] [39m[33mCheckoutRecoveryService: Redis quit() failed or timed out, forcing disconnect: quit-timeout[39m
2026-10-04T03:06:51.3384248Z PASS test/checkout-webhook-handler.spec.ts
2026-10-04T03:06:51.3813687Z [31m[Nest] 3730  - [39m10/04/2026, 3:06:51 AM [31m  ERROR[39m [38;5;3m[CoachWelcomeService] [39m[31mcoach-welcome job=id_337 failed permanently (Error)[39m
2026-10-04T03:06:51.3919456Z [31m[Nest] 3730  - [39m10/04/2026, 3:06:51 AM [31m  ERROR[39m [38;5;3m[CoachWelcomeService] [39m[31mcoach-welcome job=id_357 failed permanently (Error)[39m
2026-10-04T03:06:51.4087469Z [33m[Nest] 3724  - [39m10/04/2026, 3:06:51 AM [33m   WARN[39m [38;5;3m[CheckoutWebhookHandlerService] [39m[33minvoice.paid resync skipped for sub=sub_inv_skip: outer tx held without a prefetched subscription (no Stripe HTTP in tx)[39m
2026-10-04T03:06:51.4124319Z [32m[Nest] 3730  - [39m10/04/2026, 3:06:51 AM [32m    LOG[39m [38;5;3m[CoachWelcomeService] [39m[32mcoach-welcome erasure sweep removed 1 row(s)[39m
2026-10-04T03:06:51.4137895Z [33m[Nest] 3730  - [39m10/04/2026, 3:06:51 AM [33m   WARN[39m [38;5;3m[CoachWelcomeService] [39m[33mcoach-welcome erasure sweep failed (Error); retrying next tick[39m
2026-10-04T03:06:51.4166393Z [32m[Nest] 3730  - [39m10/04/2026, 3:06:51 AM [32m    LOG[39m [38;5;3m[CoachWelcomeService] [39m[32mcoach-welcome job=id_268 cancelled reason=client_deleted[39m
2026-10-04T03:06:51.4194221Z [32m[Nest] 3730  - [39m10/04/2026, 3:06:51 AM [32m    LOG[39m [38;5;3m[CoachWelcomeService] [39m[32mcoach-welcome job=id_273 cancelled reason=client_deleted[39m
2026-10-04T03:06:51.4213535Z [32m[Nest] 3730  - [39m10/04/2026, 3:06:51 AM [32m    LOG[39m [38;5;3m[CoachWelcomeService] [39m[32mcoach-welcome job=id_278 cancelled reason=client_deleted[39m
2026-10-04T03:06:51.4245082Z [32m[Nest] 3730  - [39m10/04/2026, 3:06:51 AM [32m    LOG[39m [38;5;3m[CoachWelcomeService] [39m[32mcoach-welcome job=id_283 cancelled reason=detached[39m
2026-10-04T03:06:51.4276146Z [32m[Nest] 3730  - [39m10/04/2026, 3:06:51 AM [32m    LOG[39m [38;5;3m[CoachWelcomeService] [39m[32mcoach-welcome job=id_288 cancelled reason=detached[39m
2026-10-04T03:06:51.4296883Z [32m[Nest] 3730  - [39m10/04/2026, 3:06:51 AM [32m    LOG[39m [38;5;3m[CoachWelcomeService] [39m[32mcoach-welcome job=id_293 cancelled reason=blocked[39m
2026-10-04T03:06:51.4332899Z [32m[Nest] 3730  - [39m10/04/2026, 3:06:51 AM [32m    LOG[39m [38;5;3m[CoachWelcomeService] [39m[32mcoach-welcome job=id_298 cancelled reason=blocked[39m
2026-10-04T03:06:51.4342940Z [32m[Nest] 3730  - [39m10/04/2026, 3:06:51 AM [32m    LOG[39m [38;5;3m[CoachWelcomeService] [39m[32mcoach-welcome job=id_303 cancelled reason=coach_disabled[39m
2026-10-04T03:06:51.4372815Z [32m[Nest] 3730  - [39m10/04/2026, 3:06:51 AM [32m    LOG[39m [38;5;3m[CoachWelcomeService] [39m[32mcoach-welcome job=id_308 cancelled reason=expired[39m
2026-10-04T03:06:51.4402790Z [33m[Nest] 3730  - [39m10/04/2026, 3:06:51 AM [33m   WARN[39m [38;5;3m[CoachWelcomeService] [39m[33mcoach-welcome job=id_313 attempt 1 failed (Error); retrying[39m
2026-10-04T03:06:51.4407885Z [33m[Nest] 3730  - [39m10/04/2026, 3:06:51 AM [33m   WARN[39m [38;5;3m[CoachWelcomeService] [39m[33mcoach-welcome job=id_319 attempt 1 failed (Error); retrying[39m
2026-10-04T03:06:51.4410658Z [33m[Nest] 3730  - [39m10/04/2026, 3:06:51 AM [33m   WARN[39m [38;5;3m[CoachWelcomeService] [39m[33mcoach-welcome job=id_337 attempt 1 failed (Error); retrying[39m
2026-10-04T03:06:51.4413725Z [33m[Nest] 3730  - [39m10/04/2026, 3:06:51 AM [33m   WARN[39m [38;5;3m[CoachWelcomeService] [39m[33mcoach-welcome job=id_337 attempt 2 failed (Error); retrying[39m
2026-10-04T03:06:51.4416407Z [33m[Nest] 3730  - [39m10/04/2026, 3:06:51 AM [33m   WARN[39m [38;5;3m[CoachWelcomeService] [39m[33mcoach-welcome job=id_337 attempt 3 failed (Error); retrying[39m
2026-10-04T03:06:51.4418972Z [33m[Nest] 3730  - [39m10/04/2026, 3:06:51 AM [33m   WARN[39m [38;5;3m[CoachWelcomeService] [39m[33mcoach-welcome job=id_337 attempt 4 failed (Error); retrying[39m
2026-10-04T03:06:51.4421661Z [32m[Nest] 3730  - [39m10/04/2026, 3:06:51 AM [32m    LOG[39m [38;5;3m[CoachWelcomeService] [39m[32mcoach-welcome job=id_352 cancelled reason=blocked[39m
2026-10-04T03:06:51.4423020Z PASS test/engagement/coach-welcome.service.spec.ts
2026-10-04T03:06:51.4425204Z [33m[Nest] 3730  - [39m10/04/2026, 3:06:51 AM [33m   WARN[39m [38;5;3m[CoachWelcomeService] [39m[33mcoach-welcome job=id_357 attempt 1 failed (Error); retrying[39m
2026-10-04T03:06:51.4427896Z [33m[Nest] 3730  - [39m10/04/2026, 3:06:51 AM [33m   WARN[39m [38;5;3m[CoachWelcomeService] [39m[33mcoach-welcome job=id_357 attempt 2 failed (Error); retrying[39m
2026-10-04T03:06:51.4430623Z [33m[Nest] 3730  - [39m10/04/2026, 3:06:51 AM [33m   WARN[39m [38;5;3m[CoachWelcomeService] [39m[33mcoach-welcome job=id_357 attempt 3 failed (Error); retrying[39m
2026-10-04T03:06:51.4433601Z [33m[Nest] 3730  - [39m10/04/2026, 3:06:51 AM [33m   WARN[39m [38;5;3m[CoachWelcomeService] [39m[33mcoach-welcome job=id_357 attempt 4 failed (Error); retrying[39m
2026-10-04T03:06:51.4436248Z [32m[Nest] 3730  - [39m10/04/2026, 3:06:51 AM [32m    LOG[39m [38;5;3m[CoachWelcomeService] [39m[32mcoach-welcome erasure sweep removed 1 row(s)[39m
2026-10-04T03:06:51.4438720Z [32m[Nest] 3730  - [39m10/04/2026, 3:06:51 AM [32m    LOG[39m [38;5;3m[CoachWelcomeService] [39m[32mcoach-welcome erasure sweep removed 1 row(s)[39m
2026-10-04T03:06:51.4441538Z [33m[Nest] 3730  - [39m10/04/2026, 3:06:51 AM [33m   WARN[39m [38;5;3m[CoachWelcomeService] [39m[33mcoach-welcome erasure sweep failed (Error); retrying next tick[39m
2026-10-04T03:06:51.4444239Z [33m[Nest] 3730  - [39m10/04/2026, 3:06:51 AM [33m   WARN[39m [38;5;3m[CoachWelcomeService] [39m[33mcoach-welcome erasure sweep failed (Error); retrying next tick[39m
2026-10-04T03:06:51.4447302Z [33m[Nest] 3730  - [39m10/04/2026, 3:06:51 AM [33m   WARN[39m [38;5;3m[CoachWelcomeService] [39m[33mcoach-welcome erasure sweep failed (Error); retrying next tick[39m
2026-10-04T03:06:51.5141130Z [32m[Nest] 3730  - [39m10/04/2026, 3:06:51 AM [32m    LOG[39m [38;5;3m[CoachWelcomeService] [39m[32mcoach-welcome job=id_395 cancelled reason=coach_disabled[39m
2026-10-04T03:06:51.5153792Z [33m[Nest] 3730  - [39m10/04/2026, 3:06:51 AM [33m   WARN[39m [38;5;3m[CoachWelcomeService] [39m[33mcoach-welcome job=id_395 lease reclaimed by another worker; stopping[39m
2026-10-04T03:06:51.5156544Z [32m[Nest] 3730  - [39m10/04/2026, 3:06:51 AM [32m    LOG[39m [38;5;3m[CoachWelcomeService] [39m[32mcoach-welcome job=id_400 cancelled reason=coach_disabled[39m
2026-10-04T03:06:51.5159300Z [33m[Nest] 3730  - [39m10/04/2026, 3:06:51 AM [33m   WARN[39m [38;5;3m[CoachWelcomeService] [39m[33mcoach-welcome job=id_400 lease reclaimed by another worker; stopping[39m
2026-10-04T03:06:51.5162613Z [33m[Nest] 3730  - [39m10/04/2026, 3:06:51 AM [33m   WARN[39m [38;5;3m[CoachWelcomeService] [39m[33mcoach-welcome job=id_405 lease reclaimed by another worker; stopping[39m
2026-10-04T03:06:51.5165371Z [33m[Nest] 3730  - [39m10/04/2026, 3:06:51 AM [33m   WARN[39m [38;5;3m[CoachWelcomeService] [39m[33mcoach-welcome job=id_411 lease reclaimed by another worker; stopping[39m
2026-10-04T03:06:51.5168134Z [33m[Nest] 3730  - [39m10/04/2026, 3:06:51 AM [33m   WARN[39m [38;5;3m[CoachWelcomeService] [39m[33mcoach-welcome job=id_417 lease reclaimed by another worker; stopping[39m
2026-10-04T03:06:51.5170793Z [33m[Nest] 3730  - [39m10/04/2026, 3:06:51 AM [33m   WARN[39m [38;5;3m[CoachWelcomeService] [39m[33mcoach-welcome job=id_429 attempt 1 failed (Error); retrying[39m
2026-10-04T03:06:51.5173732Z [33m[Nest] 3730  - [39m10/04/2026, 3:06:51 AM [33m   WARN[39m [38;5;3m[CoachWelcomeService] [39m[33mcoach-welcome job=id_429 attempt 2 failed (Error); retrying[39m
2026-10-04T03:06:51.9414060Z [31m[Nest] 3724  - [39m10/04/2026, 3:06:51 AM [31m  ERROR[39m [38;5;3m[AuthService] [39m[31mGOOGLE_CLIENT_ID(S) not configured — recent-auth google branch unavailable[39m
2026-10-04T03:06:52.0393800Z [33m[Nest] 3724  - [39m10/04/2026, 3:06:51 AM [33m   WARN[39m [38;5;3m[AuthService] [39m[33mrecent-auth google token verify failed for user=u-1: signature verification failed[39m
2026-10-04T03:06:52.0398051Z [33m[Nest] 3724  - [39m10/04/2026, 3:06:51 AM [33m   WARN[39m [38;5;3m[AuthService] [39m[33mrecent-auth google token verify failed for user=u-1: unexpected "iss" claim value (expected accounts.google.com)[39m
2026-10-04T03:06:52.5044514Z [33m[Nest] 3730  - [39m10/04/2026, 3:06:52 AM [33m   WARN[39m [38;5;3m[InviteCodesService] [39m[33mattach refused: user=coach-x role=coach tried to redeem a client invite code (not a student)[39m
2026-10-04T03:06:52.5073781Z [33m[Nest] 3730  - [39m10/04/2026, 3:06:52 AM [33m   WARN[39m [38;5;3m[InviteCodesService] [39m[33mattach refused: user=sub-x role=sub_coach tried to redeem a client invite code (not a student)[39m
2026-10-04T03:06:52.5103583Z [33m[Nest] 3730  - [39m10/04/2026, 3:06:52 AM [33m   WARN[39m [38;5;3m[InviteCodesService] [39m[33mattach refused: user=coach-a role=coach tried to redeem a client invite code (not a student)[39m
2026-10-04T03:06:52.5143106Z [95m[Nest] 3730  - [39m10/04/2026, 3:06:52 AM [95m  DEBUG[39m [38;5;3m[InviteCodesService] [39m[95mattach race resolved as no-op: user=stu-1 coach=coach-a[39m
2026-10-04T03:06:52.5173336Z [95m[Nest] 3730  - [39m10/04/2026, 3:06:52 AM [95m  DEBUG[39m [38;5;3m[InviteCodesService] [39m[95mattach no-op: user=stu-1 already attached to coach=coach-a[39m
2026-10-04T03:06:52.5235294Z [33m[Nest] 3730  - [39m10/04/2026, 3:06:52 AM [33m   WARN[39m [38;5;3m[InviteCodesService] [39m[33mattach refused: user=stu-1 already attached to a different coach (re-parent is not a side effect of code entry)[39m
2026-10-04T03:06:52.5263305Z [33m[Nest] 3730  - [39m10/04/2026, 3:06:52 AM [33m   WARN[39m [38;5;3m[InviteCodesService] [39m[33mattach refused: user=own-1 role=owner tried to redeem a client invite code (not a student)[39m
2026-10-04T03:06:52.5307041Z [33m[Nest] 3730  - [39m10/04/2026, 3:06:52 AM [33m   WARN[39m [38;5;3m[AuthService] [39m[33msignupWithCode invite_code attach failed for user=u-1 code=coach_not_accepting_clients: Coach is not currently accepting clients[39m
2026-10-04T03:06:52.5353559Z [33m[Nest] 3730  - [39m10/04/2026, 3:06:52 AM [33m   WARN[39m [38;5;3m[AuthService] [39m[33mgoogleAuth invite_code attach failed for user=u-1 code=already_attached_to_different_coach: You are already attached to a different coach[39m
2026-10-04T03:06:52.5376767Z [33m[Nest] 3730  - [39m10/04/2026, 3:06:52 AM [33m   WARN[39m [38;5;3m[AuthService] [39m[33mappleAuth invite_code attach failed for user=u-1 code=already_attached_to_different_coach: You are already attached to a different coach[39m
2026-10-04T03:06:52.5978356Z PASS test/invite-attach-reliability.spec.ts
2026-10-04T03:06:52.5991143Z (node:3730) [JEST-01] DeprecationWarning: 'now' property was accessed on [Function] after it was soft deleted
2026-10-04T03:06:52.6003373Z   Jest deletes objects that were set on the global scope between test files to reduce memory leaks.
2026-10-04T03:06:52.6008191Z   Currently it only "soft" deletes them and emits this warning if those objects were accessed after their deletion.
2026-10-04T03:06:52.6010056Z   In future versions of Jest, this behavior will change to "on", which will likely fail tests.
2026-10-04T03:06:52.6011866Z   You can change the behavior in your test configuration now to reduce memory usage.
2026-10-04T03:06:52.6013123Z (Use `node --trace-deprecation ...` to show where the warning was created)
2026-10-04T03:06:53.4184060Z [31m[Nest] 3730  - [39m10/04/2026, 3:06:53 AM [31m  ERROR[39m [38;5;3m[AiApprovalService] [39m[31mMaterialisation failed for draft d-coach-3 (capability=draft.coach_message): downstream messaging failure[39m
2026-10-04T03:06:53.5050020Z [31m[Nest] 3730  - [39m10/04/2026, 3:06:53 AM [31m  ERROR[39m [38;5;3m[AiApprovalService] [39m[31mMaterialisation failed for draft 11111111-1111-1111-1111-000000000001 (capability=draft.coach_message): expo push provider 503[39m
2026-10-04T03:06:53.5083116Z [31m[Nest] 3730  - [39m10/04/2026, 3:06:53 AM [31m  ERROR[39m [38;5;3m[AiApprovalService] [39m[31mMaterialisation failed for draft 11111111-1111-1111-1111-000000000001 (capability=draft.coach_message): expo push provider 503[39m
2026-10-04T03:06:53.5142935Z [95m[Nest] 3730  - [39m10/04/2026, 3:06:53 AM [95m  DEBUG[39m [38;5;3m[AiApprovalService] [39m[95mNo materialiser registered for capability=draft.workout_program; proceeding with status flip only.[39m
2026-10-04T03:06:53.5812125Z PASS test/ai-approval-materialiser-integration.spec.ts
2026-10-04T03:06:53.6233872Z [33m[Nest] 3730  - [39m10/04/2026, 3:06:53 AM [33m   WARN[39m [38;5;3m[CoachMessageMaterializer] [39m[33mCoachMessageMaterializer: race-loser poll budget exhausted for draft 11111111-1111-1111-1111-000000000002; surfacing racing state.[39m
2026-10-04T03:06:55.0413453Z PASS test/community/safety/community-ugc-round2.spec.ts
2026-10-04T03:06:55.1264284Z [33m[Nest] 3730  - [39m10/04/2026, 3:06:55 AM [33m   WARN[39m [38;5;3m[CommunityVoiceService] [39m[33mvoice note 67bdf06d-1412-490c-bfe7-fa55268704ce: recording removal not yet verified; erasure recorded and retried by VoiceErasureService[39m
2026-10-04T03:06:55.1268606Z [32m[Nest] 3730  - [39m10/04/2026, 3:06:55 AM [32m    LOG[39m [38;5;3m[VoiceErasureService] [39m[32mvoice erasure retry: completed=1 pending=0[39m
2026-10-04T03:06:55.1293753Z [33m[Nest] 3730  - [39m10/04/2026, 3:06:55 AM [33m   WARN[39m [38;5;3m[CommunityModerationService] [39m[33mvoice erasure 6692125e-63e1-4a64-8c92-3853973949ac (object) not yet verified after 1 attempt(s): storage_remove_failed; retry scheduled[39m
2026-10-04T03:06:55.1324006Z [33m[Nest] 3730  - [39m10/04/2026, 3:06:55 AM [33m   WARN[39m [38;5;3m[CommunityModerationService] [39m[33mmoderation b4c3dfd6-d221-4cdc-bae1-0b96a4e4c35c: voice recording removal not yet verified; erasure recorded and retried[39m
2026-10-04T03:06:55.1352862Z [32m[Nest] 3730  - [39m10/04/2026, 3:06:55 AM [32m    LOG[39m [38;5;3m[VoiceErasureService] [39m[32mvoice erasure retry: completed=1 pending=0[39m
2026-10-04T03:06:55.1379248Z [33m[Nest] 3730  - [39m10/04/2026, 3:06:55 AM [33m   WARN[39m [38;5;3m[CommunityVoiceService] [39m[33mvoice note 1f779e2d-eddc-49c9-a2c7-74a7f0746507: recording removal not yet verified; erasure recorded and retried by VoiceErasureService[39m
2026-10-04T03:06:55.1407920Z [33m[Nest] 3730  - [39m10/04/2026, 3:06:55 AM [33m   WARN[39m [38;5;3m[CommunityVoiceService] [39m[33mvoice note 1582ca0c-f6a2-41f6-ac07-9c11747eca48: recording removal not yet verified; erasure recorded and retried by VoiceErasureService[39m
2026-10-04T03:06:55.1452943Z [32m[Nest] 3730  - [39m10/04/2026, 3:06:55 AM [32m    LOG[39m [38;5;3m[VoiceErasureService] [39m[32mvoice erasure retry: completed=1 pending=0[39m
2026-10-04T03:06:55.9413518Z PASS test/account-deletion/lifecycle-races.spec.ts
2026-10-04T03:06:56.0995398Z [31m[Nest] 3724  - [39m10/04/2026, 3:06:56 AM [31m  ERROR[39m [38;5;3m[AuthService] [39m[31mRECENT_AUTH_SECRET is not configured or shorter than 32 characters — recent-auth token issue blocked[39m
2026-10-04T03:06:56.1142333Z PASS test/auth-recent-auth-token.spec.ts
2026-10-04T03:06:56.1963559Z [33m[Nest] 3724  - [39m10/04/2026, 3:07:07 AM [33m   WARN[39m [38;5;3m[AuthService] [39m[33mrecent-auth supabase timeout: AUTH_TIMEOUT:signInWithPassword[39m
2026-10-04T03:06:56.1992826Z [33m[Nest] 3724  - [39m10/04/2026, 3:07:07 AM [33m   WARN[39m [38;5;3m[AuthService] [39m[33mrecent-auth supabase timeout: AUTH_TIMEOUT:signInWithIdToken[39m
2026-10-04T03:06:56.9352117Z PASS test/coach-media.service.spec.ts
2026-10-04T03:06:56.9884332Z [33m[Nest] 3724  - [39m10/04/2026, 3:06:56 AM [33m   WARN[39m [38;5;3m[CoachMediaService] [39m[33mTenant mismatch on buyer signed-URL: grant grant-1 purchase.coach=coach-2 asset.coach=coach-1[39m
2026-10-04T03:06:58.2514137Z [31m[Nest] 3724  - [39m10/04/2026, 3:06:58 AM [31m  ERROR[39m [38;5;3m[ProgramLibraryService] [39m[31mbulkAssign: master=master-1 client=c1 reference=a96d2a73-16b5-49dc-ad9b-e9cfb797415a failed: db down[39m
2026-10-04T03:06:58.2946599Z PASS test/mwb-program-library.service.spec.ts
2026-10-04T03:06:59.3669692Z PASS test/community/ai-triage/ai-triage.service.spec.ts
2026-10-04T03:06:59.3680622Z [95m[Nest] 3724  - [39m10/04/2026, 3:06:59 AM [95m  DEBUG[39m [38;5;3m[AiTriageService] [39m[95mtriage generated coach=c0000000-0000-4000-8000-000000000001 items=2 model=test-model prompt=community-inbox-triage-v1[39m
2026-10-04T03:06:59.3685666Z [95m[Nest] 3724  - [39m10/04/2026, 3:06:59 AM [95m  DEBUG[39m [38;5;3m[AiTriageService] [39m[95mtriage generated coach=c0000000-0000-4000-8000-000000000001 items=1 model=test-model prompt=community-inbox-triage-v1[39m
2026-10-04T03:06:59.3688761Z [95m[Nest] 3724  - [39m10/04/2026, 3:06:59 AM [95m  DEBUG[39m [38;5;3m[AiTriageService] [39m[95mtriage generated coach=c0000000-0000-4000-8000-000000000001 items=1 model=test-model prompt=community-inbox-triage-v1[39m
2026-10-04T03:06:59.3691478Z [33m[Nest] 3724  - [39m10/04/2026, 3:06:59 AM [33m   WARN[39m [38;5;3m[AiTriageService] [39m[33mtriage LLM failed/timed out coach=c0000000-0000-4000-8000-000000000001: provider down[39m
2026-10-04T03:06:59.3693916Z [95m[Nest] 3724  - [39m10/04/2026, 3:06:59 AM [95m  DEBUG[39m [38;5;3m[AiTriageService] [39m[95mtriage generated coach=c0000000-0000-4000-8000-000000000001 items=0 model=test-model prompt=community-inbox-triage-v1[39m
2026-10-04T03:06:59.3696360Z [33m[Nest] 3724  - [39m10/04/2026, 3:06:59 AM [33m   WARN[39m [38;5;3m[AiTriageService] [39m[33mtriage output invalid after repair coach=c0000000-0000-4000-8000-000000000001 — triage unavailable[39m
2026-10-04T03:06:59.3698895Z [33m[Nest] 3724  - [39m10/04/2026, 3:06:59 AM [33m   WARN[39m [38;5;3m[AiTriageService] [39m[33mtriage repair failed coach=c0000000-0000-4000-8000-000000000001: timeout[39m
2026-10-04T03:06:59.3702730Z [33m[Nest] 3724  - [39m10/04/2026, 3:06:59 AM [33m   WARN[39m [38;5;3m[AiTriageService] [39m[33mtriage LLM failed/timed out coach=c0000000-0000-4000-8000-000000000001: AI help is turned off for this request because of a problem on our side. Your account and privacy settings are fine. Contact support at Bradleyapple1031@gmail.com and include the reference shown with this message so we can fix it.[39m
2026-10-04T03:06:59.3706110Z [95m[Nest] 3724  - [39m10/04/2026, 3:06:59 AM [95m  DEBUG[39m [38;5;3m[AiTriageService] [39m[95mtriage generated coach=c0000000-0000-4000-8000-000000000001 items=1 model=test-model prompt=community-inbox-triage-v1[39m
2026-10-04T03:06:59.3708282Z [95m[Nest] 3724  - [39m10/04/2026, 3:06:59 AM [95m  DEBUG[39m [38;5;3m[AiTriageService] [39m[95mtriage cache HIT coach=c0000000-0000-4000-8000-000000000001[39m
2026-10-04T03:06:59.3710815Z [95m[Nest] 3724  - [39m10/04/2026, 3:06:59 AM [95m  DEBUG[39m [38;5;3m[AiTriageService] [39m[95mtriage generated coach=c0000000-0000-4000-8000-000000000001 items=1 model=test-model prompt=community-inbox-triage-v1[39m
2026-10-04T03:06:59.3713594Z [95m[Nest] 3724  - [39m10/04/2026, 3:06:59 AM [95m  DEBUG[39m [38;5;3m[AiTriageService] [39m[95mtriage generated coach=c0000000-0000-4000-8000-000000000001 items=1 model=test-model prompt=community-inbox-triage-v1[39m
2026-10-04T03:06:59.3716143Z [95m[Nest] 3724  - [39m10/04/2026, 3:06:59 AM [95m  DEBUG[39m [38;5;3m[AiTriageService] [39m[95mtriage generated coach=c0000000-0000-4000-8000-000000000001 items=1 model=test-model prompt=community-inbox-triage-v1[39m
2026-10-04T03:06:59.3718682Z [33m[Nest] 3724  - [39m10/04/2026, 3:06:59 AM [33m   WARN[39m [38;5;3m[AiTriageService] [39m[33mtriage output invalid after repair coach=c0000000-0000-4000-8000-000000000001 — triage unavailable[39m
2026-10-04T03:06:59.3721186Z [33m[Nest] 3724  - [39m10/04/2026, 3:06:59 AM [33m   WARN[39m [38;5;3m[AiTriageService] [39m[33mtriage output invalid after repair coach=c0000000-0000-4000-8000-000000000001 — triage unavailable[39m
2026-10-04T03:06:59.3740611Z [95m[Nest] 3724  - [39m10/04/2026, 3:06:59 AM [95m  DEBUG[39m [38;5;3m[AiTriageService] [39m[95mtriage generated coach=c0000000-0000-4000-8000-000000000001 items=2 model=test-model prompt=community-inbox-triage-v1[39m
2026-10-04T03:06:59.3744940Z [95m[Nest] 3724  - [39m10/04/2026, 3:06:59 AM [95m  DEBUG[39m [38;5;3m[AiTriageService] [39m[95mtriage generated coach=c0000000-0000-4000-8000-000000000001 items=2 model=test-model prompt=community-inbox-triage-v1[39m
2026-10-04T03:06:59.3748313Z [95m[Nest] 3724  - [39m10/04/2026, 3:06:59 AM [95m  DEBUG[39m [38;5;3m[AiTriageService] [39m[95mtriage generated coach=c0000000-0000-4000-8000-000000000001 items=1 model=test-model prompt=community-inbox-triage-v1[39m
2026-10-04T03:06:59.3752102Z [95m[Nest] 3724  - [39m10/04/2026, 3:06:59 AM [95m  DEBUG[39m [38;5;3m[AiTriageService] [39m[95mtriage generated coach=c0000000-0000-4000-8000-000000000001 items=2 model=test-model prompt=community-inbox-triage-v1[39m
2026-10-04T03:06:59.3755546Z [95m[Nest] 3724  - [39m10/04/2026, 3:06:59 AM [95m  DEBUG[39m [38;5;3m[AiTriageService] [39m[95mtriage generated coach=c0000000-0000-4000-8000-000000000001 items=1 model=test-model prompt=community-inbox-triage-v1[39m
2026-10-04T03:06:59.3758805Z [32m[Nest] 3724  - [39m10/04/2026, 3:06:59 AM [32m    LOG[39m [38;5;3m[AiTriageService] [39m[32mtriage consent changed before send coach=c0000000-0000-4000-8000-000000000001; re-filtering once[39m
2026-10-04T03:06:59.3762348Z [95m[Nest] 3724  - [39m10/04/2026, 3:06:59 AM [95m  DEBUG[39m [38;5;3m[AiTriageService] [39m[95mtriage generated coach=c0000000-0000-4000-8000-000000000001 items=1 model=test-model prompt=community-inbox-triage-v1[39m
2026-10-04T03:06:59.3767092Z [32m[Nest] 3724  - [39m10/04/2026, 3:06:59 AM [32m    LOG[39m [38;5;3m[AiTriageService] [39m[32mtriage consent changed before send coach=c0000000-0000-4000-8000-000000000001; re-filtering once[39m
2026-10-04T03:06:59.3771109Z [33m[Nest] 3724  - [39m10/04/2026, 3:06:59 AM [33m   WARN[39m [38;5;3m[AiTriageService] [39m[33mtriage LLM failed/timed out coach=c0000000-0000-4000-8000-000000000001: This client hasn't allowed AI help yet. They can turn it on in their app under Settings > Privacy.[39m
2026-10-04T03:06:59.3774293Z [33m[Nest] 3724  - [39m10/04/2026, 3:06:59 AM [33m   WARN[39m [38;5;3m[AiEgressService] [39m[33mai_egress.consent_read_failed (treated as no grant)[39m
2026-10-04T03:06:59.9622485Z PASS test/common/pilot-coach-allowlist.bootstrap.spec.ts
2026-10-04T03:07:00.2782245Z PASS test/e2e-saas-smoke.spec.ts
2026-10-04T03:07:00.3363795Z [33m[Nest] 3724  - [39m10/04/2026, 3:07:00 AM [33m   WARN[39m [38;5;3m[InviteCodesService] [39m[33mattach refused: user=owner-1 role=owner tried to redeem a client invite code (not a student)[39m
2026-10-04T03:07:00.3367048Z [33m[Nest] 3724  - [39m10/04/2026, 3:07:00 AM [33m   WARN[39m [38;5;3m[ClientAIContextService] [39m[33mbuildFresh called for unknown userId=ghost[39m
2026-10-04T03:07:00.3423338Z [33m[Nest] 3724  - [39m10/04/2026, 3:07:00 AM [33m   WARN[39m [38;5;3m[SubscriptionGuard] [39m[33m[enforce] coach=c state=past_due reason=past_due_grace_expired route=unknown unknown[39m
2026-10-04T03:07:00.3425926Z [33m[Nest] 3724  - [39m10/04/2026, 3:07:00 AM [33m   WARN[39m [38;5;3m[SubscriptionGuard] [39m[33m[enforce] coach=c state=free reason=tier_too_low route=unknown unknown[39m
2026-10-04T03:07:00.8066873Z PASS test/landing-pages.service.spec.ts
2026-10-04T03:07:01.0262488Z PASS test/churn-intervention.service.spec.ts
2026-10-04T03:07:01.0554392Z [33m[Nest] 3724  - [39m10/04/2026, 3:07:00 AM [33m   WARN[39m [38;5;3m[ChurnInterventionService] [39m[33mChurn draft generation failed coach=c1 client=u1: Internal Anthropic-specific error mentioning ANTHROPIC_API_KEY[39m
2026-10-04T03:07:01.0583310Z [32m[Nest] 3724  - [39m10/04/2026, 3:07:00 AM [32m    LOG[39m [38;5;3m[AiEgressService] [39m[32mai_egress.refused surface=coach.churn_draft reason=no_live_grant clients=1 missing=1[39m
2026-10-04T03:07:01.0586202Z [32m[Nest] 3724  - [39m10/04/2026, 3:07:00 AM [32m    LOG[39m [38;5;3m[AiEgressService] [39m[32mai_egress.refused surface=coach.churn_draft reason=no_live_grant clients=1 missing=1[39m
2026-10-04T03:07:01.0589029Z [33m[Nest] 3724  - [39m10/04/2026, 3:07:00 AM [33m   WARN[39m [38;5;3m[ChurnInterventionService] [39m[33mChurn draft generation failed coach=c1 client=u1: ai_egress_refused[39m
2026-10-04T03:07:01.0612668Z [33m[Nest] 3724  - [39m10/04/2026, 3:07:00 AM [33m   WARN[39m [38;5;3m[AiEgressService] [39m[33mai_egress.consent_read_failed (treated as no grant)[39m
2026-10-04T03:07:01.0642882Z [32m[Nest] 3724  - [39m10/04/2026, 3:07:00 AM [32m    LOG[39m [38;5;3m[AiEgressService] [39m[32mai_egress.refused surface=coach.churn_draft reason=no_live_grant clients=1 missing=1[39m
2026-10-04T03:07:01.6417276Z [32m[Nest] 3724  - [39m10/04/2026, 3:07:01 AM [32m    LOG[39m [38;5;3m[CoachAIBudgetService] [39mObject(6) {
2026-10-04T03:07:01.6423508Z   event: [32m'COACH_AI_FREE_GRANT'[39m,
2026-10-04T03:07:01.6452558Z   coachId: [32m'coach-1'[39m,
2026-10-04T03:07:01.6471704Z   displayedCents: [33m5000[39m,
2026-10-04T03:07:01.6487768Z   actorOwnerId: [32m'owner-9'[39m,
2026-10-04T03:07:01.6521748Z   reason: [32m'goodwill'[39m,
2026-10-04T03:07:01.6541922Z   purchaseId: [32m'p_1'[39m
2026-10-04T03:07:01.6542582Z }
2026-10-04T03:07:01.6544125Z [32m[Nest] 3724  - [39m10/04/2026, 3:07:01 AM [32m    LOG[39m [38;5;3m[CoachAIBudgetService] [39m[32mfree credit grant[39m
2026-10-04T03:07:01.7237684Z PASS test/ai-credits-round1-fixes.spec.ts
2026-10-04T03:07:01.7496271Z [33m[Nest] 3724  - [39m10/04/2026, 3:07:01 AM [33m   WARN[39m [38;5;3m[CoachAiCreditPackService] [39mObject(5) {
2026-10-04T03:07:01.7499345Z   event: [32m'COACH_AI_PACK_AMOUNT_TOTAL_DIVERGENCE'[39m,
2026-10-04T03:07:01.7500400Z   stripeEventId: [32m'evt_tax_1'[39m,
2026-10-04T03:07:01.7501661Z   stripeSessionId: [32m'cs_tax'[39m,
2026-10-04T03:07:01.7502635Z   ccppPaidCents: [33m2500[39m,
2026-10-04T03:07:01.7503484Z   stripeAmountTotal: [33m2706[39m
2026-10-04T03:07:01.7504163Z }
2026-10-04T03:07:01.7506390Z [33m[Nest] 3724  - [39m10/04/2026, 3:07:01 AM [33m   WARN[39m [38;5;3m[CoachAiCreditPackService] [39m[33mStripe amount_total differs from pre-recorded paid_cents; crediting face-value tier amount[39m
2026-10-04T03:07:01.7508718Z [33m[Nest] 3724  - [39m10/04/2026, 3:07:01 AM [33m   WARN[39m [38;5;3m[CoachAiCreditPackService] [39mObject(3) {
2026-10-04T03:07:01.7510216Z   event: [32m'COACH_AI_PACK_WEBHOOK_NO_PENDING_ROW'[39m,
2026-10-04T03:07:01.7511930Z   stripeEventId: [32m'evt_stray'[39m,
2026-10-04T03:07:01.7512839Z   stripeSessionId: [32m'cs_stray'[39m
2026-10-04T03:07:01.7513551Z }
2026-10-04T03:07:01.7515469Z [33m[Nest] 3724  - [39m10/04/2026, 3:07:01 AM [33m   WARN[39m [38;5;3m[CoachAiCreditPackService] [39m[33mpack webhook arrived without matching pending purchase row[39m
2026-10-04T03:07:01.7517716Z [33m[Nest] 3724  - [39m10/04/2026, 3:07:01 AM [33m   WARN[39m [38;5;3m[CoachAIBudgetService] [39mObject(8) {
2026-10-04T03:07:01.7519202Z   event: [32m'COACH_AI_BUDGET_RACE_OVERSHOOT'[39m,
2026-10-04T03:07:01.7520086Z   coachId: [32m'coach-rolled'[39m,
2026-10-04T03:07:01.7521096Z   capability: [32m'client_chat'[39m,
2026-10-04T03:07:01.7521957Z   contextId: [1mnull[22m,
2026-10-04T03:07:01.7522822Z   actualCostCents: [33m10[39m,
2026-10-04T03:07:01.7523732Z   ceilingCents: [33m4000[39m,
2026-10-04T03:07:01.7524549Z   actualUsedCents: [33m0[39m,
2026-10-04T03:07:01.7525529Z   periodEnd: [32m'2026-10-04T03:06:01.666Z'[39m
2026-10-04T03:07:01.7526288Z }
2026-10-04T03:07:01.7528129Z [33m[Nest] 3724  - [39m10/04/2026, 3:07:01 AM [33m   WARN[39m [38;5;3m[CoachAIBudgetService] [39m[33mbudget race overshoot — charge could not be absorbed[39m
2026-10-04T03:07:01.7530306Z [32m[Nest] 3724  - [39m10/04/2026, 3:07:01 AM [32m    LOG[39m [38;5;3m[CoachAIBudgetService] [39mObject(4) {
2026-10-04T03:07:01.7531938Z   event: [32m'SUB_COACH_HEAD_REATTRIBUTED'[39m,
2026-10-04T03:07:01.7532954Z   subCoachId: [32m'sub-1'[39m,
2026-10-04T03:07:01.7533895Z   oldHeadCoachId: [32m'head-A'[39m,
2026-10-04T03:07:01.7534821Z   newHeadCoachId: [32m'head-B'[39m
2026-10-04T03:07:01.7535582Z }
2026-10-04T03:07:01.7537306Z [32m[Nest] 3724  - [39m10/04/2026, 3:07:01 AM [32m    LOG[39m [38;5;3m[CoachAIBudgetService] [39m[32msub-coach head-coach attribution changed[39m
2026-10-04T03:07:01.7856774Z PASS test/scout/reconciliation/facts.service.coverage.spec.ts
2026-10-04T03:07:02.6037819Z PASS test/ai-execution-stream2.spec.ts
2026-10-04T03:07:02.6172797Z [33m[Nest] 3724  - [39m10/04/2026, 3:07:02 AM [33m   WARN[39m [38;5;3m[AssignWorkoutMaterializer] [39mObject(5) {
2026-10-04T03:07:02.6173942Z   event: [32m'AI_MATERIALISER_ROLE_REJECTED'[39m,
2026-10-04T03:07:02.6174760Z   capability: [32m'draft.assign_workout'[39m,
2026-10-04T03:07:02.6175599Z   draftId: [32m'55555555-5555-5555-5555-555555555555'[39m,
2026-10-04T03:07:02.6176512Z   requesterId: [32m'11111111-1111-1111-1111-111111111111'[39m,
2026-10-04T03:07:02.6177259Z   requesterRole: [32m'client'[39m
2026-10-04T03:07:02.6177726Z }
2026-10-04T03:07:02.6179514Z [33m[Nest] 3724  - [39m10/04/2026, 3:07:02 AM [33m   WARN[39m [38;5;3m[AssignWorkoutMaterializer] [39m[33mmaterialiser refused: draft requester is not coach/owner at approval time[39m
2026-10-04T03:07:02.6182606Z [33m[Nest] 3724  - [39m10/04/2026, 3:07:02 AM [33m   WARN[39m [38;5;3m[AssignWorkoutMaterializer] [39m[33mAssignWorkoutMaterializer: payload validation failed for draft 55555555-5555-5555-5555-555555555555: [
2026-10-04T03:07:02.6184028Z   {
2026-10-04T03:07:02.6184375Z     "origin": "string",
2026-10-04T03:07:02.6185212Z     "code": "invalid_format",
2026-10-04T03:07:02.6185709Z     "format": "guid",
2026-10-04T03:07:02.6186492Z     "pattern": "/^([0-9a-fA-F]{8}-[0-9a-fA-F]{4}-[0-9a-fA-F]{4}-[0-9a-fA-F]{4}-[0-9a-fA-F]{12})$/",
2026-10-04T03:07:02.6187267Z     "path": [
2026-10-04T03:07:02.6187656Z       "workoutPlanId"
2026-10-04T03:07:02.6188041Z     ],
2026-10-04T03:07:02.6188495Z     "message": "workoutPlanId must be a UUID"
2026-10-04T03:07:02.6189011Z   }
2026-10-04T03:07:02.6189423Z ][39m
2026-10-04T03:07:02.6190505Z [33m[Nest] 3724  - [39m10/04/2026, 3:07:02 AM [33m   WARN[39m [38;5;3m[AssignMealPlanMaterializer] [39mObject(5) {
2026-10-04T03:07:02.6191972Z   event: [32m'AI_MATERIALISER_ROLE_REJECTED'[39m,
2026-10-04T03:07:02.6192810Z   capability: [32m'draft.assign_meal_plan'[39m,
2026-10-04T03:07:02.6193694Z   draftId: [32m'55555555-5555-5555-5555-555555555555'[39m,
2026-10-04T03:07:02.6194995Z   requesterId: [32m'11111111-1111-1111-1111-111111111111'[39m,
2026-10-04T03:07:02.6195770Z   requesterRole: [32m'client'[39m
2026-10-04T03:07:02.6196199Z }
2026-10-04T03:07:02.6198072Z [33m[Nest] 3724  - [39m10/04/2026, 3:07:02 AM [33m   WARN[39m [38;5;3m[AssignMealPlanMaterializer] [39m[33mmaterialiser refused: draft requester is not coach/owner at approval time[39m
2026-10-04T03:07:02.6200307Z [33m[Nest] 3724  - [39m10/04/2026, 3:07:02 AM [33m   WARN[39m [38;5;3m[SendNotificationMaterializer] [39mObject(5) {
2026-10-04T03:07:02.6201777Z   event: [32m'AI_MATERIALISER_ROLE_REJECTED'[39m,
2026-10-04T03:07:02.6202599Z   capability: [32m'draft.send_notification'[39m,
2026-10-04T03:07:02.6203389Z   draftId: [32m'55555555-5555-5555-5555-555555555555'[39m,
2026-10-04T03:07:02.6204300Z   requesterId: [32m'11111111-1111-1111-1111-111111111111'[39m,
2026-10-04T03:07:02.6205111Z   requesterRole: [32m'client'[39m
2026-10-04T03:07:02.6205569Z }
2026-10-04T03:07:02.6207478Z [33m[Nest] 3724  - [39m10/04/2026, 3:07:02 AM [33m   WARN[39m [38;5;3m[SendNotificationMaterializer] [39m[33mmaterialiser refused: draft requester is not coach/owner at approval time[39m
2026-10-04T03:07:02.6209642Z [33m[Nest] 3724  - [39m10/04/2026, 3:07:02 AM [33m   WARN[39m [38;5;3m[AiGatewayService] [39mObject(6) {
2026-10-04T03:07:02.6210734Z   event: [32m'AI_GATEWAY_DRAFT_ROLE_REJECTED'[39m,
2026-10-04T03:07:02.6211806Z   capability: [32m'draft.coach_message'[39m,
2026-10-04T03:07:02.6212476Z   requesterId: [32m'u-1'[39m,
2026-10-04T03:07:02.6213071Z   requesterRole: [32m'client'[39m,
2026-10-04T03:07:02.6213682Z   subjectUserId: [1mnull[22m,
2026-10-04T03:07:02.6214189Z   ip: [1mnull[22m
2026-10-04T03:07:02.6214488Z }
2026-10-04T03:07:02.6216082Z [33m[Nest] 3724  - [39m10/04/2026, 3:07:02 AM [33m   WARN[39m [38;5;3m[AiGatewayService] [39m[33mdraft capability draft.coach_message refused for role=client[39m
2026-10-04T03:07:02.6218058Z [33m[Nest] 3724  - [39m10/04/2026, 3:07:02 AM [33m   WARN[39m [38;5;3m[AiGatewayService] [39mObject(6) {
2026-10-04T03:07:02.6219242Z   event: [32m'AI_GATEWAY_DRAFT_ROLE_REJECTED'[39m,
2026-10-04T03:07:02.6220015Z   capability: [32m'draft.assign_workout'[39m,
2026-10-04T03:07:02.6220720Z   requesterId: [32m'u-1'[39m,
2026-10-04T03:07:02.6221642Z   requesterRole: [32m'client'[39m,
2026-10-04T03:07:02.6222251Z   subjectUserId: [1mnull[22m,
2026-10-04T03:07:02.6222768Z   ip: [1mnull[22m
2026-10-04T03:07:02.6223140Z }
2026-10-04T03:07:02.6224674Z [33m[Nest] 3724  - [39m10/04/2026, 3:07:02 AM [33m   WARN[39m [38;5;3m[AiGatewayService] [39m[33mdraft capability draft.assign_workout refused for role=client[39m
2026-10-04T03:07:02.6226614Z [33m[Nest] 3724  - [39m10/04/2026, 3:07:02 AM [33m   WARN[39m [38;5;3m[AiGatewayService] [39mObject(6) {
2026-10-04T03:07:02.6227676Z   event: [32m'AI_GATEWAY_DRAFT_ROLE_REJECTED'[39m,
2026-10-04T03:07:02.6228463Z   capability: [32m'draft.assign_meal_plan'[39m,
2026-10-04T03:07:02.6229073Z   requesterId: [32m'u-1'[39m,
2026-10-04T03:07:02.6230017Z   requesterRole: [32m'client'[39m,
2026-10-04T03:07:02.6230706Z   subjectUserId: [1mnull[22m,
2026-10-04T03:07:02.6231508Z   ip: [1mnull[22m
2026-10-04T03:07:02.6231886Z }
2026-10-04T03:07:02.6233542Z [33m[Nest] 3724  - [39m10/04/2026, 3:07:02 AM [33m   WARN[39m [38;5;3m[AiGatewayService] [39m[33mdraft capability draft.assign_meal_plan refused for role=client[39m
2026-10-04T03:07:02.6235455Z [33m[Nest] 3724  - [39m10/04/2026, 3:07:02 AM [33m   WARN[39m [38;5;3m[AiGatewayService] [39mObject(6) {
2026-10-04T03:07:02.6236507Z   event: [32m'AI_GATEWAY_DRAFT_ROLE_REJECTED'[39m,
2026-10-04T03:07:02.6237294Z   capability: [32m'draft.send_notification'[39m,
2026-10-04T03:07:02.6237975Z   requesterId: [32m'u-1'[39m,
2026-10-04T03:07:02.6238569Z   requesterRole: [32m'client'[39m,
2026-10-04T03:07:02.6239161Z   subjectUserId: [1mnull[22m,
2026-10-04T03:07:02.6239656Z   ip: [1mnull[22m
2026-10-04T03:07:02.6240304Z }
2026-10-04T03:07:02.6242207Z [33m[Nest] 3724  - [39m10/04/2026, 3:07:02 AM [33m   WARN[39m [38;5;3m[AiGatewayService] [39m[33mdraft capability draft.send_notification refused for role=client[39m
2026-10-04T03:07:02.6244013Z [33m[Nest] 3724  - [39m10/04/2026, 3:07:02 AM [33m   WARN[39m [38;5;3m[AiGatewayService] [39mObject(6) {
2026-10-04T03:07:02.6244928Z   event: [32m'AI_GATEWAY_DRAFT_ROLE_REJECTED'[39m,
2026-10-04T03:07:02.6245725Z   capability: [32m'draft.create_workout_plan'[39m,
2026-10-04T03:07:02.6246423Z   requesterId: [32m'u-1'[39m,
2026-10-04T03:07:02.6247061Z   requesterRole: [32m'client'[39m,
2026-10-04T03:07:02.6247705Z   subjectUserId: [1mnull[22m,
2026-10-04T03:07:02.6248267Z   ip: [1mnull[22m
2026-10-04T03:07:02.6248665Z }
2026-10-04T03:07:02.6250284Z [33m[Nest] 3724  - [39m10/04/2026, 3:07:02 AM [33m   WARN[39m [38;5;3m[AiGatewayService] [39m[33mdraft capability draft.create_workout_plan refused for role=client[39m
2026-10-04T03:07:02.6282796Z [33m[Nest] 3724  - [39m10/04/2026, 3:07:02 AM [33m   WARN[39m [38;5;3m[AiGatewayService] [39mObject(6) {
2026-10-04T03:07:02.6283898Z   event: [32m'AI_GATEWAY_DRAFT_ROLE_REJECTED'[39m,
2026-10-04T03:07:02.6284756Z   capability: [32m'draft.edit_workout_plan'[39m,
2026-10-04T03:07:02.6285492Z   requesterId: [32m'u-1'[39m,
2026-10-04T03:07:02.6286153Z   requesterRole: [32m'client'[39m,
2026-10-04T03:07:02.6286776Z   subjectUserId: [1mnull[22m,
2026-10-04T03:07:02.6287285Z   ip: [1mnull[22m
2026-10-04T03:07:02.6287654Z }
2026-10-04T03:07:02.6289262Z [33m[Nest] 3724  - [39m10/04/2026, 3:07:02 AM [33m   WARN[39m [38;5;3m[AiGatewayService] [39m[33mdraft capability draft.edit_workout_plan refused for role=client[39m
2026-10-04T03:07:02.6291518Z [33m[Nest] 3724  - [39m10/04/2026, 3:07:02 AM [33m   WARN[39m [38;5;3m[AiGatewayService] [39mObject(6) {
2026-10-04T03:07:02.6292680Z   event: [32m'AI_GATEWAY_DRAFT_ROLE_REJECTED'[39m,
2026-10-04T03:07:02.6293480Z   capability: [32m'draft.assign_workout'[39m,
2026-10-04T03:07:02.6294220Z   requesterId: [32m'u-1'[39m,
2026-10-04T03:07:02.6294979Z   requesterRole: [32m'student'[39m,
2026-10-04T03:07:02.6295666Z   subjectUserId: [1mnull[22m,
2026-10-04T03:07:02.6296192Z   ip: [1mnull[22m
2026-10-04T03:07:02.6296564Z }
2026-10-04T03:07:02.6298212Z [33m[Nest] 3724  - [39m10/04/2026, 3:07:02 AM [33m   WARN[39m [38;5;3m[AiGatewayService] [39m[33mdraft capability draft.assign_workout refused for role=student[39m
2026-10-04T03:07:02.6300141Z [33m[Nest] 3724  - [39m10/04/2026, 3:07:02 AM [33m   WARN[39m [38;5;3m[AiGatewayService] [39mObject(6) {
2026-10-04T03:07:02.6301462Z   event: [32m'AI_GATEWAY_DRAFT_ROLE_REJECTED'[39m,
2026-10-04T03:07:02.6302121Z   capability: [32m'draft.assign_workout'[39m,
2026-10-04T03:07:02.6302782Z   requesterId: [32m'u-1'[39m,
2026-10-04T03:07:02.6303385Z   requesterRole: [32m'staff'[39m,
2026-10-04T03:07:02.6304007Z   subjectUserId: [1mnull[22m,
2026-10-04T03:07:02.6304541Z   ip: [1mnull[22m
2026-10-04T03:07:02.6304910Z }
2026-10-04T03:07:02.6306894Z [33m[Nest] 3724  - [39m10/04/2026, 3:07:02 AM [33m   WARN[39m [38;5;3m[AiGatewayService] [39m[33mdraft capability draft.assign_workout refused for role=staff[39m
2026-10-04T03:07:02.6308826Z [33m[Nest] 3724  - [39m10/04/2026, 3:07:02 AM [33m   WARN[39m [38;5;3m[AiGatewayService] [39mObject(6) {
2026-10-04T03:07:02.6309876Z   event: [32m'AI_GATEWAY_DRAFT_ROLE_REJECTED'[39m,
2026-10-04T03:07:02.6310649Z   capability: [32m'draft.assign_workout'[39m,
2026-10-04T03:07:02.6322054Z   requesterId: [32m'u-1'[39m,
2026-10-04T03:07:02.6322694Z   requesterRole: [32m'guest'[39m,
2026-10-04T03:07:02.6323317Z   subjectUserId: [1mnull[22m,
2026-10-04T03:07:02.6323847Z   ip: [1mnull[22m
2026-10-04T03:07:02.6324214Z }
2026-10-04T03:07:02.6325841Z [33m[Nest] 3724  - [39m10/04/2026, 3:07:02 AM [33m   WARN[39m [38;5;3m[AiGatewayService] [39m[33mdraft capability draft.assign_workout refused for role=guest[39m
2026-10-04T03:07:02.6327779Z [33m[Nest] 3724  - [39m10/04/2026, 3:07:02 AM [33m   WARN[39m [38;5;3m[AiGatewayService] [39mObject(6) {
2026-10-04T03:07:02.6329075Z   event: [32m'AI_GATEWAY_DRAFT_ROLE_REJECTED'[39m,
2026-10-04T03:07:02.6329867Z   capability: [32m'draft.assign_workout'[39m,
2026-10-04T03:07:02.6330603Z   requesterId: [32m'u-1'[39m,
2026-10-04T03:07:02.6382036Z   requesterRole: [32m'anonymous'[39m,
2026-10-04T03:07:02.6382770Z   subjectUserId: [1mnull[22m,
2026-10-04T03:07:02.6383307Z   ip: [1mnull[22m
2026-10-04T03:07:02.6383701Z }
2026-10-04T03:07:02.6385411Z [33m[Nest] 3724  - [39m10/04/2026, 3:07:02 AM [33m   WARN[39m [38;5;3m[AiGatewayService] [39m[33mdraft capability draft.assign_workout refused for role=anonymous[39m
2026-10-04T03:07:02.8002318Z PASS test/scout/induction/verify.spec.ts
2026-10-04T03:07:03.8958132Z PASS test/community/challenges/community-challenges.service.spec.ts
2026-10-04T03:07:04.4348868Z PASS test/recipes-tenant-visibility.spec.ts
2026-10-04T03:07:05.1055706Z PASS test/mwb-5-create-workout-plan.materialiser.spec.ts
2026-10-04T03:07:05.1162871Z [33m[Nest] 3730  - [39m10/04/2026, 3:07:05 AM [33m   WARN[39m [38;5;3m[CreateWorkoutPlanMaterializer] [39mObject(5) {
2026-10-04T03:07:05.1193444Z   event: [32m'AI_LIVE_CREATE_SCOPE_REJECTED'[39m,
2026-10-04T03:07:05.1211916Z   capability: [32m'draft.create_workout_plan'[39m,
2026-10-04T03:07:05.1227389Z   draftId: [32m'draft-create-1'[39m,
2026-10-04T03:07:05.1228408Z   requesterId: [32m'00000000-0000-0000-0000-0000000000c1'[39m,
2026-10-04T03:07:05.1229544Z   targetClientId: [32m'00000000-0000-0000-0000-0000000000a1'[39m
2026-10-04T03:07:05.1230389Z }
2026-10-04T03:07:05.1232502Z [33m[Nest] 3730  - [39m10/04/2026, 3:07:05 AM [33m   WARN[39m [38;5;3m[CreateWorkoutPlanMaterializer] [39m[33mcreate_workout_plan refused: requester lacks canAccessClient[39m
2026-10-04T03:07:05.1235533Z [33m[Nest] 3730  - [39m10/04/2026, 3:07:05 AM [33m   WARN[39m [38;5;3m[CreateWorkoutPlanMaterializer] [39m[33mCreateWorkoutPlanMaterializer: payload validation failed for draft draft-create-1: [
2026-10-04T03:07:05.1237172Z   {
2026-10-04T03:07:05.1237764Z     "expected": "string",
2026-10-04T03:07:05.1238414Z     "code": "invalid_type",
2026-10-04T03:07:05.1239026Z     "path": [
2026-10-04T03:07:05.1239572Z       "target_client_id"
2026-10-04T03:07:05.1240148Z     ],
2026-10-04T03:07:05.1240783Z     "message": "target_client_id must be a UUID"
2026-10-04T03:07:05.1241751Z   }
2026-10-04T03:07:05.1242357Z ][39m
2026-10-04T03:07:05.8932910Z [32m[Nest] 3730  - [39m10/04/2026, 3:07:05 AM [32m    LOG[39m [38;5;3m[WearableSamplesService] [39mObject(9) {
2026-10-04T03:07:05.8941947Z   event: [32m'wearable_samples_query'[39m,
2026-10-04T03:07:05.8993695Z   user_id: [32m'11111111-1111-1111-1111-111111111111'[39m,
2026-10-04T03:07:05.9011940Z   bucket: [32m'HEALTH_FITNESS'[39m,
2026-10-04T03:07:05.9041748Z   metric: [32m'STEPS'[39m,
2026-10-04T03:07:05.9050430Z   window_days: [33m7[39m,
2026-10-04T03:07:05.9051710Z   granularity: [32m'raw'[39m,
2026-10-04T03:07:05.9052628Z   preferred_only: [33mtrue[39m,
2026-10-04T03:07:05.9053946Z   sample_count: [33m2[39m,
2026-10-04T03:07:05.9054821Z   duration_ms: [33m2[39m
2026-10-04T03:07:05.9055505Z }
2026-10-04T03:07:05.9056928Z [32m[Nest] 3730  - [39m10/04/2026, 3:07:05 AM [32m    LOG[39m [38;5;3m[WearableSamplesService] [39mObject(9) {
2026-10-04T03:07:05.9058369Z   event: [32m'wearable_samples_query'[39m,
2026-10-04T03:07:05.9094527Z [31m[Nest] 3730  - [39m10/04/2026, 3:07:05 AM [31m  ERROR[39m [38;5;3m[WearableSamplesService] [39mObject(2) {
2026-10-04T03:07:05.9095688Z   user_id: [32m'11111111-1111-1111-1111-111111111111'[39m,
2026-10-04T03:07:05.9098079Z   event: [32m'wearable_metric_def_map_drift'[39m,
2026-10-04T03:07:05.9098960Z   mismatches: [
2026-10-04T03:07:05.9100148Z     [32m'bucket: RESTING_HEART_RATE_BPM seeded HEALTH_FITNESS but map has SLEEP_RECOVERY'[39m
2026-10-04T03:07:05.9101446Z   ]
2026-10-04T03:07:05.9101975Z }
2026-10-04T03:07:05.9103435Z [31m[Nest] 3730  - [39m10/04/2026, 3:07:05 AM [31m  ERROR[39m [38;5;3m[WearableSamplesService] [39mObject(2) {
2026-10-04T03:07:05.9106498Z   event: [32m'wearable_metric_def_bootstrap_failed'[39m,
2026-10-04T03:07:05.9108531Z   reason: [32m'WearableMetricDef map drift detected (seed is source of truth): bucket: RESTING_HEART_RATE_BPM seeded HEALTH_FITNESS but map has SLEEP_RECOVERY'[39m
2026-10-04T03:07:05.9110083Z }
2026-10-04T03:07:05.9111751Z   bucket: [32m'HEALTH_FITNESS'[39m,
2026-10-04T03:07:05.9163366Z   metric: [32m'STEPS'[39m,
2026-10-04T03:07:05.9194771Z [31m[Nest] 3730  - [39m10/04/2026, 3:07:05 AM [31m  ERROR[39m [38;5;3m[WearableSamplesService] [39mObject(1) {
2026-10-04T03:07:05.9195755Z   window_days: [33m7[39m,
2026-10-04T03:07:05.9221760Z   granularity: [32m'raw'[39m,
2026-10-04T03:07:05.9223427Z   event: [32m'wearable_metric_def_bootstrap_empty'[39m
2026-10-04T03:07:05.9241488Z }
2026-10-04T03:07:05.9242046Z   preferred_only: [33mtrue[39m,
2026-10-04T03:07:05.9251555Z [31m[Nest] 3730  - [39m10/04/2026, 3:07:05 AM [31m  ERROR[39m [38;5;3m[WearableSamplesService] [39mObject(2) {
2026-10-04T03:07:05.9252518Z   sample_count: [33m0[39m,
2026-10-04T03:07:05.9306956Z   event: [32m'wearable_metric_def_bootstrap_failed'[39m,
2026-10-04T03:07:05.9307629Z   duration_ms: [33m0[39m
2026-10-04T03:07:05.9312214Z   reason: [32m'WearableMetricDef seed missing'[39m
2026-10-04T03:07:05.9312807Z }
2026-10-04T03:07:05.9322359Z }
2026-10-04T03:07:05.9323553Z [32m[Nest] 3730  - [39m10/04/2026, 3:07:05 AM [32m    LOG[39m [38;5;3m[WearableSamplesService] [39mObject(9) {
2026-10-04T03:07:05.9325141Z [31m[Nest] 3730  - [39m10/04/2026, 3:07:05 AM [31m  ERROR[39m [38;5;3m[WearableSamplesService] [39mObject(2) {
2026-10-04T03:07:05.9326266Z   event: [32m'wearable_metric_def_bootstrap_failed'[39m,
2026-10-04T03:07:05.9327056Z   reason: [32m'Unique constraint failed'[39m
2026-10-04T03:07:05.9327553Z }
2026-10-04T03:07:05.9328610Z [31m[Nest] 3730  - [39m10/04/2026, 3:07:05 AM [31m  ERROR[39m [38;5;3m[WearableSamplesService] [39mObject(2) {
2026-10-04T03:07:05.9329694Z   event: [32m'wearable_metric_def_map_drift'[39m,
2026-10-04T03:07:05.9330231Z   mismatches: [
2026-10-04T03:07:05.9331438Z     [32m'bucket: RESTING_HEART_RATE_BPM seeded HEALTH_FITNESS but map has SLEEP_RECOVERY'[39m
2026-10-04T03:07:05.9332211Z   ]
2026-10-04T03:07:05.9332515Z }
2026-10-04T03:07:05.9333613Z [31m[Nest] 3730  - [39m10/04/2026, 3:07:05 AM [31m  ERROR[39m [38;5;3m[WearableSamplesService] [39mObject(2) {
2026-10-04T03:07:05.9334697Z   event: [32m'wearable_metric_def_bootstrap_failed'[39m,
2026-10-04T03:07:05.9336324Z   reason: [32m'WearableMetricDef map drift detected (seed is source of truth): bucket: RESTING_HEART_RATE_BPM seeded HEALTH_FITNESS but map has SLEEP_RECOVERY'[39m
2026-10-04T03:07:05.9337430Z }
2026-10-04T03:07:05.9337965Z PASS test/wearables/wearable-samples.service.spec.ts
2026-10-04T03:07:05.9338746Z   event: [32m'wearable_samples_query'[39m,
2026-10-04T03:07:05.9339537Z   user_id: [32m'11111111-1111-1111-1111-111111111111'[39m,
2026-10-04T03:07:05.9340613Z   bucket: [32m'HEALTH_FITNESS'[39m,
2026-10-04T03:07:05.9341462Z   metric: [32m'STEPS'[39m,
2026-10-04T03:07:05.9341979Z   window_days: [33m7[39m,
2026-10-04T03:07:05.9342526Z   granularity: [32m'raw'[39m,
2026-10-04T03:07:05.9343082Z   preferred_only: [33mtrue[39m,
2026-10-04T03:07:05.9343620Z   sample_count: [33m0[39m,
2026-10-04T03:07:05.9344105Z   duration_ms: [33m1[39m
2026-10-04T03:07:05.9344486Z }
2026-10-04T03:07:05.9345553Z [32m[Nest] 3730  - [39m10/04/2026, 3:07:05 AM [32m    LOG[39m [38;5;3m[WearableSamplesService] [39mObject(9) {
2026-10-04T03:07:05.9346586Z   event: [32m'wearable_samples_query'[39m,
2026-10-04T03:07:05.9347350Z   user_id: [32m'11111111-1111-1111-1111-111111111111'[39m,
2026-10-04T03:07:05.9348085Z   bucket: [32m'HEALTH_FITNESS'[39m,
2026-10-04T03:07:05.9348626Z   metric: [32m'STEPS'[39m,
2026-10-04T03:07:05.9349117Z   window_days: [33m7[39m,
2026-10-04T03:07:05.9349894Z   granularity: [32m'raw'[39m,
2026-10-04T03:07:05.9350440Z   preferred_only: [33mtrue[39m,
2026-10-04T03:07:05.9351246Z   sample_count: [33m0[39m,
2026-10-04T03:07:05.9351772Z   duration_ms: [33m1[39m
2026-10-04T03:07:05.9352151Z }
2026-10-04T03:07:05.9353233Z [32m[Nest] 3730  - [39m10/04/2026, 3:07:05 AM [32m    LOG[39m [38;5;3m[WearableSamplesService] [39mObject(9) {
2026-10-04T03:07:05.9354216Z   event: [32m'wearable_samples_query'[39m,
2026-10-04T03:07:05.9354952Z   user_id: [32m'11111111-1111-1111-1111-111111111111'[39m,
2026-10-04T03:07:05.9355631Z   bucket: [32m'HEALTH_FITNESS'[39m,
2026-10-04T03:07:05.9356156Z   metric: [32m'STEPS'[39m,
2026-10-04T03:07:05.9356649Z   window_days: [33m7[39m,
2026-10-04T03:07:05.9357173Z   granularity: [32m'raw'[39m,
2026-10-04T03:07:05.9357730Z   preferred_only: [33mtrue[39m,
2026-10-04T03:07:05.9358246Z   sample_count: [33m0[39m,
2026-10-04T03:07:05.9358734Z   duration_ms: [33m1[39m
2026-10-04T03:07:05.9359130Z }
2026-10-04T03:07:05.9360210Z [32m[Nest] 3730  - [39m10/04/2026, 3:07:05 AM [32m    LOG[39m [38;5;3m[WearableSamplesService] [39mObject(9) {
2026-10-04T03:07:05.9361496Z   event: [32m'wearable_samples_query'[39m,
2026-10-04T03:07:05.9362279Z   user_id: [32m'11111111-1111-1111-1111-111111111111'[39m,
2026-10-04T03:07:05.9362962Z   bucket: [32m'HEALTH_FITNESS'[39m,
2026-10-04T03:07:05.9363504Z   metric: [32m'STEPS'[39m,
2026-10-04T03:07:05.9363993Z   window_days: [33m7[39m,
2026-10-04T03:07:05.9364514Z   granularity: [32m'raw'[39m,
2026-10-04T03:07:05.9365077Z   preferred_only: [33mtrue[39m,
2026-10-04T03:07:05.9365603Z   sample_count: [33m1[39m,
2026-10-04T03:07:05.9366087Z   duration_ms: [33m0[39m
2026-10-04T03:07:05.9366478Z }
2026-10-04T03:07:05.9367538Z [32m[Nest] 3730  - [39m10/04/2026, 3:07:05 AM [32m    LOG[39m [38;5;3m[WearableSamplesService] [39mObject(9) {
2026-10-04T03:07:05.9368528Z   event: [32m'wearable_samples_query'[39m,
2026-10-04T03:07:05.9369281Z   user_id: [32m'11111111-1111-1111-1111-111111111111'[39m,
2026-10-04T03:07:05.9369993Z   bucket: [32m'HEALTH_FITNESS'[39m,
2026-10-04T03:07:05.9370532Z   metric: [32m'STEPS'[39m,
2026-10-04T03:07:05.9371290Z   window_days: [33m7[39m,
2026-10-04T03:07:05.9371821Z   granularity: [32m'raw'[39m,
2026-10-04T03:07:05.9372389Z   preferred_only: [33mfalse[39m,
2026-10-04T03:07:05.9372919Z   sample_count: [33m2[39m,
2026-10-04T03:07:05.9373412Z   duration_ms: [33m4[39m
2026-10-04T03:07:05.9373807Z }
2026-10-04T03:07:05.9374875Z [32m[Nest] 3730  - [39m10/04/2026, 3:07:05 AM [32m    LOG[39m [38;5;3m[WearableSamplesService] [39mObject(9) {
2026-10-04T03:07:05.9375860Z   event: [32m'wearable_samples_query'[39m,
2026-10-04T03:07:05.9376567Z   user_id: [32m'11111111-1111-1111-1111-111111111111'[39m,
2026-10-04T03:07:05.9377247Z   bucket: [32m'HEALTH_FITNESS'[39m,
2026-10-04T03:07:05.9377784Z   metric: [32m'STEPS'[39m,
2026-10-04T03:07:05.9378288Z   window_days: [33m7[39m,
2026-10-04T03:07:05.9378816Z   granularity: [32m'day'[39m,
2026-10-04T03:07:05.9379394Z   preferred_only: [33mfalse[39m,
2026-10-04T03:07:05.9380158Z   sample_count: [33m2[39m,
2026-10-04T03:07:05.9380671Z   duration_ms: [33m1[39m
2026-10-04T03:07:05.9381333Z }
2026-10-04T03:07:05.9382420Z [32m[Nest] 3730  - [39m10/04/2026, 3:07:05 AM [32m    LOG[39m [38;5;3m[WearableSamplesService] [39mObject(9) {
2026-10-04T03:07:05.9383420Z   event: [32m'wearable_samples_query'[39m,
2026-10-04T03:07:05.9384152Z   user_id: [32m'11111111-1111-1111-1111-111111111111'[39m,
2026-10-04T03:07:05.9384838Z   bucket: [32m'HEALTH_FITNESS'[39m,
2026-10-04T03:07:05.9385378Z   metric: [32m'STEPS'[39m,
2026-10-04T03:07:05.9385851Z   window_days: [33m7[39m,
2026-10-04T03:07:05.9386369Z   granularity: [32m'day'[39m,
2026-10-04T03:07:05.9410345Z   preferred_only: [33mtrue[39m,
2026-10-04T03:07:05.9411337Z   sample_count: [33m2[39m,
2026-10-04T03:07:05.9411888Z   duration_ms: [33m2[39m
2026-10-04T03:07:05.9412287Z }
2026-10-04T03:07:05.9413755Z [32m[Nest] 3730  - [39m10/04/2026, 3:07:05 AM [32m    LOG[39m [38;5;3m[WearableSamplesService] [39mObject(9) {
2026-10-04T03:07:05.9414753Z   event: [32m'wearable_samples_query'[39m,
2026-10-04T03:07:05.9415522Z   user_id: [32m'22222222-2222-2222-2222-222222222222'[39m,
2026-10-04T03:07:05.9416208Z   bucket: [32m'HEALTH_FITNESS'[39m,
2026-10-04T03:07:05.9416749Z   metric: [32m'STEPS'[39m,
2026-10-04T03:07:05.9417247Z   window_days: [33m7[39m,
2026-10-04T03:07:05.9417778Z   granularity: [32m'raw'[39m,
2026-10-04T03:07:05.9418333Z   preferred_only: [33mtrue[39m,
2026-10-04T03:07:05.9418871Z   sample_count: [33m0[39m,
2026-10-04T03:07:05.9419358Z   duration_ms: [33m0[39m
2026-10-04T03:07:05.9419749Z }
2026-10-04T03:07:05.9420823Z [32m[Nest] 3730  - [39m10/04/2026, 3:07:05 AM [32m    LOG[39m [38;5;3m[WearableSamplesService] [39mObject(9) {
2026-10-04T03:07:05.9422069Z   event: [32m'wearable_samples_query'[39m,
2026-10-04T03:07:05.9422802Z   user_id: [32m'11111111-1111-1111-1111-111111111111'[39m,
2026-10-04T03:07:05.9423483Z   bucket: [32m'HEALTH_FITNESS'[39m,
2026-10-04T03:07:05.9424028Z   metric: [32m'STEPS'[39m,
2026-10-04T03:07:05.9424509Z   window_days: [33m7[39m,
2026-10-04T03:07:05.9425019Z   granularity: [32m'raw'[39m,
2026-10-04T03:07:05.9425564Z   preferred_only: [33mtrue[39m,
2026-10-04T03:07:05.9426075Z   sample_count: [33m1[39m,
2026-10-04T03:07:05.9426544Z   duration_ms: [33m0[39m
2026-10-04T03:07:05.9426926Z }
2026-10-04T03:07:05.9427935Z [32m[Nest] 3730  - [39m10/04/2026, 3:07:05 AM [32m    LOG[39m [38;5;3m[WearableSamplesService] [39mObject(9) {
2026-10-04T03:07:05.9428878Z   event: [32m'wearable_samples_query'[39m,
2026-10-04T03:07:05.9429611Z   user_id: [32m'11111111-1111-1111-1111-111111111111'[39m,
2026-10-04T03:07:05.9430259Z   bucket: [32m'HEALTH_FITNESS'[39m,
2026-10-04T03:07:05.9430765Z   metric: [32m'STEPS'[39m,
2026-10-04T03:07:05.9431637Z   window_days: [33m7[39m,
2026-10-04T03:07:05.9432137Z   granularity: [32m'day'[39m,
2026-10-04T03:07:05.9432669Z   preferred_only: [33mtrue[39m,
2026-10-04T03:07:05.9433180Z   sample_count: [33m1[39m,
2026-10-04T03:07:05.9433672Z   duration_ms: [33m1[39m
2026-10-04T03:07:05.9434056Z }
2026-10-04T03:07:05.9435116Z [32m[Nest] 3730  - [39m10/04/2026, 3:07:05 AM [32m    LOG[39m [38;5;3m[WearableSamplesService] [39mObject(9) {
2026-10-04T03:07:05.9436112Z   event: [32m'wearable_samples_query'[39m,
2026-10-04T03:07:05.9436861Z   user_id: [32m'11111111-1111-1111-1111-111111111111'[39m,
2026-10-04T03:07:05.9437538Z   bucket: [32m'HEALTH_FITNESS'[39m,
2026-10-04T03:07:05.9438147Z   metric: [32m'TRAINING_LOAD'[39m,
2026-10-04T03:07:05.9438671Z   window_days: [33m7[39m,
2026-10-04T03:07:05.9439197Z   granularity: [32m'day'[39m,
2026-10-04T03:07:05.9439748Z   preferred_only: [33mtrue[39m,
2026-10-04T03:07:05.9440266Z   sample_count: [33m1[39m,
2026-10-04T03:07:05.9440742Z   duration_ms: [33m1[39m
2026-10-04T03:07:05.9441360Z }
2026-10-04T03:07:05.9442423Z [32m[Nest] 3730  - [39m10/04/2026, 3:07:05 AM [32m    LOG[39m [38;5;3m[WearableSamplesService] [39mObject(9) {
2026-10-04T03:07:05.9443673Z   event: [32m'wearable_samples_query'[39m,
2026-10-04T03:07:05.9444460Z   user_id: [32m'11111111-1111-1111-1111-111111111111'[39m,
2026-10-04T03:07:05.9445146Z   bucket: [32m'HEALTH_FITNESS'[39m,
2026-10-04T03:07:05.9445744Z   metric: [32m'BODY_WEIGHT_KG'[39m,
2026-10-04T03:07:05.9446275Z   window_days: [33m7[39m,
2026-10-04T03:07:05.9446810Z   granularity: [32m'day'[39m,
2026-10-04T03:07:05.9447370Z   preferred_only: [33mtrue[39m,
2026-10-04T03:07:05.9447886Z   sample_count: [33m1[39m,
2026-10-04T03:07:05.9448391Z   duration_ms: [33m1[39m
2026-10-04T03:07:05.9448771Z }
2026-10-04T03:07:05.9449837Z [32m[Nest] 3730  - [39m10/04/2026, 3:07:05 AM [32m    LOG[39m [38;5;3m[WearableSamplesService] [39mObject(9) {
2026-10-04T03:07:05.9450819Z   event: [32m'wearable_samples_query'[39m,
2026-10-04T03:07:05.9451835Z   user_id: [32m'11111111-1111-1111-1111-111111111111'[39m,
2026-10-04T03:07:05.9452827Z   bucket: [32m'HEALTH_FITNESS'[39m,
2026-10-04T03:07:05.9453449Z   metric: [32m'HEART_RATE_BPM'[39m,
2026-10-04T03:07:05.9453992Z   window_days: [33m7[39m,
2026-10-04T03:07:05.9454521Z   granularity: [32m'day'[39m,
2026-10-04T03:07:05.9455087Z   preferred_only: [33mtrue[39m,
2026-10-04T03:07:05.9455611Z   sample_count: [33m1[39m,
2026-10-04T03:07:05.9456106Z   duration_ms: [33m1[39m
2026-10-04T03:07:05.9456494Z }
2026-10-04T03:07:05.9963368Z [32m[Nest] 3730  - [39m10/04/2026, 3:07:05 AM [32m    LOG[39m [38;5;3m[WearableSamplesService] [39mObject(9) {
2026-10-04T03:07:05.9982506Z   event: [32m'wearable_samples_query'[39m,
2026-10-04T03:07:05.9987721Z   user_id: [32m'11111111-1111-1111-1111-111111111111'[39m,
2026-10-04T03:07:05.9988666Z   bucket: [32m'SLEEP_RECOVERY'[39m,
2026-10-04T03:07:05.9989443Z   metric: [32m'HRV_MS'[39m,
2026-10-04T03:07:05.9990102Z   window_days: [33m7[39m,
2026-10-04T03:07:05.9990825Z   granularity: [32m'raw'[39m,
2026-10-04T03:07:05.9991930Z   preferred_only: [33mtrue[39m,
2026-10-04T03:07:05.9992710Z   sample_count: [33m1[39m,
2026-10-04T03:07:05.9993428Z   duration_ms: [33m1[39m
2026-10-04T03:07:05.9994025Z }
2026-10-04T03:07:05.9995344Z [32m[Nest] 3730  - [39m10/04/2026, 3:07:05 AM [32m    LOG[39m [38;5;3m[WearableSamplesService] [39mObject(9) {
2026-10-04T03:07:05.9996599Z   event: [32m'wearable_samples_query'[39m,
2026-10-04T03:07:05.9997600Z   user_id: [32m'11111111-1111-1111-1111-111111111111'[39m,
2026-10-04T03:07:05.9998540Z   bucket: [32m'SLEEP_RECOVERY'[39m,
2026-10-04T03:07:05.9999299Z   metric: [32m'HRV_MS'[39m,
2026-10-04T03:07:06.0000008Z   window_days: [33m7[39m,
2026-10-04T03:07:06.0000728Z   granularity: [32m'raw'[39m,
2026-10-04T03:07:06.0001858Z   preferred_only: [33mtrue[39m,
2026-10-04T03:07:06.0002597Z   sample_count: [33m1[39m,
2026-10-04T03:07:06.0003280Z   duration_ms: [33m1[39m
2026-10-04T03:07:06.0003839Z }
2026-10-04T03:07:06.0005049Z [32m[Nest] 3730  - [39m10/04/2026, 3:07:05 AM [32m    LOG[39m [38;5;3m[WearableSamplesService] [39mObject(2) {
2026-10-04T03:07:06.0006366Z   event: [32m'wearable_metric_def_bootstrap_ok'[39m,
2026-10-04T03:07:06.0007180Z   metric_count: [33m2[39m
2026-10-04T03:07:06.0007764Z }
2026-10-04T03:07:06.0009025Z [33m[Nest] 3730  - [39m10/04/2026, 3:07:05 AM [33m   WARN[39m [38;5;3m[WearableSamplesService] [39mObject(2) {
2026-10-04T03:07:06.0010348Z   event: [32m'wearable_metric_def_bootstrap_skipped'[39m,
2026-10-04T03:07:06.0011713Z   reason: [32m"Can't reach database server"[39m
2026-10-04T03:07:06.0012431Z }
2026-10-04T03:07:06.0013683Z [33m[Nest] 3730  - [39m10/04/2026, 3:07:05 AM [33m   WARN[39m [38;5;3m[WearableSamplesService] [39mObject(2) {
2026-10-04T03:07:06.0014999Z   event: [32m'wearable_metric_def_bootstrap_skipped'[39m,
2026-10-04T03:07:06.0015997Z   reason: [32m'Server has closed the connection'[39m
2026-10-04T03:07:06.0016760Z }
2026-10-04T03:07:06.8437323Z PASS test/community/events/community-events.service.spec.ts
2026-10-04T03:07:08.0915914Z PASS test/ai-consent/ai-consent.service.spec.ts
2026-10-04T03:07:08.5502778Z PASS test/nudge-v1-detectors.spec.ts
2026-10-04T03:07:09.4586265Z [31m[Nest] 3730  - [39m10/04/2026, 3:07:09 AM [31m  ERROR[39m [38;5;3m[GuestCheckoutService] [39m[31mmintRecurringForGuest: subscription sub_broken returned without expanded payment_intent — refusing to surface broken client_secret[39m
2026-10-04T03:07:09.5542575Z PASS test/pr14-guest-recurring-lp-attribution.spec.ts
2026-10-04T03:07:10.1892305Z PASS test/prod-readiness/redactor.spec.ts
2026-10-04T03:07:11.3288955Z [33m[Nest] 3730  - [39m10/04/2026, 3:07:11 AM [33m   WARN[39m [38;5;3m[CommunityModerationService] [39m[33mvoice erasure c3fa7281-77ab-4e67-ae69-eaaf5a48ea23 (object) not yet verified after 1 attempt(s): storage_error: storage.objectGone is not a function; retry scheduled[39m
2026-10-04T03:07:11.3324144Z [33m[Nest] 3730  - [39m10/04/2026, 3:07:11 AM [33m   WARN[39m [38;5;3m[CommunityModerationService] [39m[33mmoderation b452126b-2468-44f9-9939-3a260dad5663: voice recording removal not yet verified; erasure recorded and retried[39m
2026-10-04T03:07:11.3354163Z [33m[Nest] 3730  - [39m10/04/2026, 3:07:11 AM [33m   WARN[39m [38;5;3m[CommunityModerationService] [39m[33mvoice erasure 40b356bd-54c3-4fa8-9ce3-1b388ec501e4 (object) not yet verified after 1 attempt(s): storage_error: storage.objectGone is not a function; retry scheduled[39m
2026-10-04T03:07:11.3383492Z [33m[Nest] 3730  - [39m10/04/2026, 3:07:11 AM [33m   WARN[39m [38;5;3m[CommunityModerationService] [39m[33mmoderation 05d65ef8-7b6c-4f66-9908-a2212251f4ce: voice recording removal not yet verified; erasure recorded and retried[39m
2026-10-04T03:07:11.3387118Z [33m[Nest] 3730  - [39m10/04/2026, 3:07:11 AM [33m   WARN[39m [38;5;3m[CommunityVoiceService] [39m[33mvoice note 1af3f86f-4887-413c-a13a-689e1fff8d10: recording removal not yet verified; erasure recorded and retried by VoiceErasureService[39m
2026-10-04T03:07:11.6152464Z PASS test/community/safety/community-voice-wins-safety.spec.ts
2026-10-04T03:07:12.6872361Z PASS test/sub-coach-invite-accept.spec.ts
2026-10-04T03:07:13.0772333Z PASS test/landing-pages.renderer-v2.spec.ts
2026-10-04T03:07:13.7777807Z PASS test/scout/reconstruct/conformance-alpha.e2e.spec.ts
2026-10-04T03:07:13.8023080Z [32m[Nest] 3730  - [39m10/04/2026, 3:07:13 AM [32m    LOG[39m [38;5;3m[ScoutReconstructService] [39m[32mscout.reconstruct completed {"intent_id":"intent-conformance-1","coach_id":"coach-conformance","staged":6,"reconstructed":6,"skipped":0,"failed":0}[39m
2026-10-04T03:07:13.8027845Z [32m[Nest] 3730  - [39m10/04/2026, 3:07:13 AM [32m    LOG[39m [38;5;3m[ScoutReconstructService] [39m[32mscout.reconstruct completed {"intent_id":"intent-conformance-1","coach_id":"coach-conformance","staged":6,"reconstructed":6,"skipped":0,"failed":0}[39m
2026-10-04T03:07:13.8032334Z [32m[Nest] 3730  - [39m10/04/2026, 3:07:13 AM [32m    LOG[39m [38;5;3m[ScoutReconstructService] [39m[32mscout.reconstruct completed {"intent_id":"intent-conformance-1","coach_id":"coach-conformance","staged":6,"reconstructed":6,"skipped":0,"failed":0}[39m
2026-10-04T03:07:13.8036500Z [32m[Nest] 3730  - [39m10/04/2026, 3:07:13 AM [32m    LOG[39m [38;5;3m[ScoutReconstructService] [39m[32mscout.reconstruct completed {"intent_id":"intent-conformance-1","coach_id":"coach-conformance","staged":6,"reconstructed":6,"skipped":0,"failed":0}[39m
2026-10-04T03:07:13.8040535Z [32m[Nest] 3730  - [39m10/04/2026, 3:07:13 AM [32m    LOG[39m [38;5;3m[ScoutReconstructService] [39m[32mscout.reconstruct completed {"intent_id":"intent-conformance-1","coach_id":"coach-conformance","staged":6,"reconstructed":6,"skipped":0,"failed":0}[39m
2026-10-04T03:07:13.8044836Z [32m[Nest] 3730  - [39m10/04/2026, 3:07:13 AM [32m    LOG[39m [38;5;3m[ScoutReconstructService] [39m[32mscout.reconstruct completed {"intent_id":"intent-conformance-1","coach_id":"coach-conformance","staged":3,"reconstructed":3,"skipped":0,"failed":0}[39m
2026-10-04T03:07:13.8049349Z [32m[Nest] 3730  - [39m10/04/2026, 3:07:13 AM [32m    LOG[39m [38;5;3m[ScoutReconstructService] [39m[32mscout.reconstruct completed {"intent_id":"intent-conformance-1","coach_id":"coach-conformance","staged":3,"reconstructed":3,"skipped":0,"failed":0}[39m
2026-10-04T03:07:13.8053573Z [32m[Nest] 3730  - [39m10/04/2026, 3:07:13 AM [32m    LOG[39m [38;5;3m[ScoutReconstructService] [39m[32mscout.reconstruct completed {"intent_id":"intent-conformance-1","coach_id":"coach-a","staged":6,"reconstructed":6,"skipped":0,"failed":0}[39m
2026-10-04T03:07:13.8057398Z [32m[Nest] 3730  - [39m10/04/2026, 3:07:13 AM [32m    LOG[39m [38;5;3m[ScoutReconstructService] [39m[32mscout.reconstruct completed {"intent_id":"intent-conformance-1","coach_id":"coach-b","staged":6,"reconstructed":6,"skipped":0,"failed":0}[39m
2026-10-04T03:07:13.8083854Z [33m[Nest] 3730  - [39m10/04/2026, 3:07:13 AM [33m   WARN[39m [38;5;3m[ScoutReconstructService] [39m[33mscout.reconstruct completed with failures {"intent_id":"intent-adversarial","coach_id":"coach-conformance","staged":2,"reconstructed":0,"skipped":1,"failed":1}[39m
2026-10-04T03:07:15.0237771Z [33m[Nest] 3730  - [39m10/04/2026, 3:07:14 AM [33m   WARN[39m [38;5;3m[LoginThrottleResetService] [39m[33mlogin throttle lock check unavailable (fail closed): throttler storage backend does not support isBlocked[39m
2026-10-04T03:07:15.0250207Z [33m[Nest] 3730  - [39m10/04/2026, 3:07:14 AM [33m   WARN[39m [38;5;3m[LoginThrottleResetService] [39m[33mlogin throttle lock check unavailable (fail closed): throttler storage backend does not support isBlocked[39m
2026-10-04T03:07:15.0256252Z [33m[Nest] 3730  - [39m10/04/2026, 3:07:14 AM [33m   WARN[39m [38;5;3m[LoginThrottleResetService] [39m[33mlogin throttle lock check unavailable (fail closed): throttler storage backend does not support isBlocked[39m
2026-10-04T03:07:15.0259749Z [33m[Nest] 3730  - [39m10/04/2026, 3:07:14 AM [33m   WARN[39m [38;5;3m[LoginThrottleResetService] [39m[33mlogin throttle lock check unavailable (fail closed): throttler storage backend does not support isBlocked[39m
2026-10-04T03:07:15.3397740Z PASS test/login-account-lock.spec.ts
2026-10-04T03:07:15.7489300Z PASS test/prod-readiness/reporter.spec.ts
2026-10-04T03:07:16.2261524Z PASS test/prod-readiness/operator-keys-generator.spec.ts
2026-10-04T03:07:17.0552310Z PASS test/mwb-3-lock-token.spec.ts (14.431 s)
2026-10-04T03:07:17.0787928Z   ● Console
2026-10-04T03:07:17.0789598Z [33m[Nest] 3724  - [39m10/04/2026, 3:07:16 AM [33m   WARN[39m [38;5;3m[AnalyticsService] [39m[33mPOSTHOG_KEY not set — analytics are disabled (no-op mode).[39m
2026-10-04T03:07:17.0832949Z [33m[Nest] 3724  - [39m10/04/2026, 3:07:16 AM [33m   WARN[39m [38;5;3m[AnalyticsService] [39m[33mPOSTHOG_KEY not set — analytics are disabled (no-op mode).[39m
2026-10-04T03:07:17.0835429Z [33m[Nest] 3724  - [39m10/04/2026, 3:07:16 AM [33m   WARN[39m [38;5;3m[AnalyticsService] [39m[33mPOSTHOG_KEY not set — analytics are disabled (no-op mode).[39m
2026-10-04T03:07:17.0861254Z 
2026-10-04T03:07:17.0889325Z     console.warn
2026-10-04T03:07:17.0912370Z       [mwb3-lock-token] MWB3_TEST_DATABASE_URL not set — sub-coach authorization + lock-enforcement live suite skipped.
2026-10-04T03:07:17.0941313Z 
2026-10-04T03:07:17.0972071Z     [0m [90m 338 |[39m [36mif[39m ([33m![39m[33mTEST_DB_URL[39m) {
2026-10-04T03:07:17.1001889Z      [90m 339 |[39m   [90m// eslint-disable-next-line no-console[39m
2026-10-04T03:07:17.1031965Z     [31m[1m>[22m[39m[90m 340 |[39m   console[33m.[39mwarn(
2026-10-04T03:07:17.1062000Z      [90m     |[39m           [31m[1m^[22m[39m
2026-10-04T03:07:17.1092326Z      [90m 341 |[39m     [32m'[mwb3-lock-token] MWB3_TEST_DATABASE_URL not set — sub-coach '[39m [33m+[39m
2026-10-04T03:07:17.1122184Z      [90m 342 |[39m       [32m'authorization + lock-enforcement live suite skipped.'[39m[33m,[39m
2026-10-04T03:07:17.1151653Z      [90m 343 |[39m   )[33m;[39m[0m
2026-10-04T03:07:17.1206809Z 
2026-10-04T03:07:17.1281875Z       at Object.<anonymous> (test/mwb-3-lock-token.spec.ts:340:11)
2026-10-04T03:07:17.1336001Z 
2026-10-04T03:07:17.6618770Z PASS test/prod-readiness/registry-loader.spec.ts
2026-10-04T03:07:18.7861162Z PASS test/cancel-pending-on-refund.spec.ts
2026-10-04T03:07:18.8155334Z [32m[Nest] 3730  - [39m10/04/2026, 3:07:18 AM [32m    LOG[39m [38;5;3m[PurchaseFanoutService] [39m[32mcancelPendingForPurchase: canceled 2 drop(s) for purchase=pur-1 reason=refund[39m
2026-10-04T03:07:18.8158752Z [32m[Nest] 3730  - [39m10/04/2026, 3:07:18 AM [32m    LOG[39m [38;5;3m[PurchaseFanoutService] [39m[32mcancelPendingForPurchase: canceled 2 drop(s) for purchase=pur-1 reason=dispute[39m
2026-10-04T03:07:18.8162896Z [95m[Nest] 3730  - [39m10/04/2026, 3:07:18 AM [95m  DEBUG[39m [38;5;3m[PurchaseFanoutService] [39m[95mcancelPendingForPurchase: no pending/due drops for purchase=pur-1 (replay or never-entitled) reason=dispute[39m
2026-10-04T03:07:18.8166910Z [32m[Nest] 3730  - [39m10/04/2026, 3:07:18 AM [32m    LOG[39m [38;5;3m[PurchaseFanoutService] [39m[32mcancelPendingForPurchase: canceled 1 drop(s) for purchase=pur-1 reason=refund[39m
2026-10-04T03:07:18.8170455Z [33m[Nest] 3730  - [39m10/04/2026, 3:07:18 AM [33m   WARN[39m [38;5;3m[PurchaseFanoutService] [39m[33mcancelPendingForPurchase: no scheduledDrop client available (purchase=pur-1, reason=refund) — skipping[39m
2026-10-04T03:07:18.8174570Z [32m[Nest] 3730  - [39m10/04/2026, 3:07:18 AM [32m    LOG[39m [38;5;3m[PurchaseFanoutService] [39m[32mcancelPendingForPurchase: canceled 2 drop(s) for purchase=pur-1 reason=refund[39m
2026-10-04T03:07:18.8178041Z [32m[Nest] 3730  - [39m10/04/2026, 3:07:18 AM [32m    LOG[39m [38;5;3m[PurchaseFanoutService] [39m[32mcancelPendingForPurchase: canceled 2 drop(s) for purchase=pur-target reason=subscription_canceled[39m
2026-10-04T03:07:18.8181772Z [32m[Nest] 3730  - [39m10/04/2026, 3:07:18 AM [32m    LOG[39m [38;5;3m[PurchaseFanoutService] [39m[32mcancelPendingForPurchase: canceled 1 drop(s) for purchase=pur-1 reason=subscription_canceled[39m
2026-10-04T03:07:18.8185114Z [32m[Nest] 3730  - [39m10/04/2026, 3:07:18 AM [32m    LOG[39m [38;5;3m[PurchaseFanoutService] [39m[32mcancelPendingForPurchase: canceled 1 drop(s) for purchase=pur-1 reason=payment_failed[39m
2026-10-04T03:07:18.8188433Z [32m[Nest] 3730  - [39m10/04/2026, 3:07:18 AM [32m    LOG[39m [38;5;3m[PurchaseFanoutService] [39m[32mcancelPendingForPurchase: canceled 2 drop(s) for purchase=pur-target reason=dispute[39m
2026-10-04T03:07:18.8191897Z [32m[Nest] 3730  - [39m10/04/2026, 3:07:18 AM [32m    LOG[39m [38;5;3m[PurchaseFanoutService] [39m[32mcancelPendingForPurchase: canceled 1 drop(s) for purchase=pur-1 reason=refund[39m
2026-10-04T03:07:18.8195080Z [32m[Nest] 3730  - [39m10/04/2026, 3:07:18 AM [32m    LOG[39m [38;5;3m[PurchaseFanoutService] [39m[32mcancelPendingForPurchase: canceled 1 drop(s) for purchase=pur-1 reason=refund[39m
2026-10-04T03:07:18.8296489Z PASS test/prod-readiness/provider-wiring-stripe-mux-sendgrid.spec.ts
2026-10-04T03:07:19.3162422Z PASS test/bloodwork.service.spec.ts
2026-10-04T03:07:19.3697404Z [33m[Nest] 3724  - [39m10/04/2026, 3:07:19 AM [33m   WARN[39m [38;5;3m[KmsService] [39m[33mKMS not configured — secrets will be persisted with a PLAINTEXT: prefix. Set KMS_MASTER_KEY before production.[39m
2026-10-04T03:07:20.4529889Z PASS test/wearables/samples-ingest.spec.ts
2026-10-04T03:07:21.4762351Z PASS test/roman/roman-streaming.spec.ts
2026-10-04T03:07:21.5208222Z [32m[Nest] 3724  - [39m10/04/2026, 3:07:21 AM [32m    LOG[39m [38;5;3m[AiEgressService] [39m[32mai_egress.refused surface=roman.chat reason=no_live_grant clients=1 missing=1[39m
2026-10-04T03:07:21.5233101Z [32m[Nest] 3724  - [39m10/04/2026, 3:07:21 AM [32m    LOG[39m [38;5;3m[AiEgressService] [39m[32mai_egress.refused surface=roman.chat reason=no_live_grant clients=1 missing=1[39m
2026-10-04T03:07:21.5263554Z [32m[Nest] 3724  - [39m10/04/2026, 3:07:21 AM [32m    LOG[39m [38;5;3m[AiEgressService] [39m[32mai_egress.refused surface=roman.chat reason=no_live_grant clients=1 missing=1[39m
2026-10-04T03:07:21.5275990Z [33m[Nest] 3724  - [39m10/04/2026, 3:07:21 AM [33m   WARN[39m [38;5;3m[AiEgressService] [39m[33mai_egress.consent_read_failed (treated as no grant)[39m
2026-10-04T03:07:21.5303462Z [32m[Nest] 3724  - [39m10/04/2026, 3:07:21 AM [32m    LOG[39m [38;5;3m[AiEgressService] [39m[32mai_egress.refused surface=roman.chat reason=no_live_grant clients=1 missing=1[39m
2026-10-04T03:07:22.0317461Z PASS test/purchase-fanout-rollback-retry.spec.ts
2026-10-04T03:07:22.6465456Z [31m[Nest] 3724  - [39m10/04/2026, 3:07:22 AM [31m  ERROR[39m [38;5;3m[ExtensionPairService] [39m[31mpair init: exhausted code-mint attempts[39m
2026-10-04T03:07:22.7465042Z [31m[Nest] 3724  - [39m10/04/2026, 3:07:22 AM [31m  ERROR[39m [38;5;3m[ExtensionPairService] [39m[31mpair init: exhausted code-mint attempts[39m
2026-10-04T03:07:22.7689859Z PASS src/extension-pair/__tests__/extension-pair.service.spec.ts
2026-10-04T03:07:23.3247706Z PASS test/utils/g2-s11-db-guard.spec.ts
2026-10-04T03:07:31.0696038Z PASS test/prod-readiness/env-registration.spec.ts (12.276 s)
2026-10-04T03:07:31.4059389Z PASS test/drip-trigger.service.spec.ts
2026-10-04T03:07:31.4484023Z [32m[Nest] 3730  - [39m10/04/2026, 3:07:31 AM [32m    LOG[39m [38;5;3m[DripTriggerService] [39m[32mDripTrigger on_completion: buyer=buyer-A asset=workout_plan/plan-A flipped=1 drops=d-next[39m
2026-10-04T03:07:31.4487760Z [32m[Nest] 3730  - [39m10/04/2026, 3:07:31 AM [32m    LOG[39m [38;5;3m[DripTriggerService] [39m[32mDripTrigger on_completion: buyer=buyer-A asset=workout_plan/plan-A flipped=1 drops=d-target[39m
2026-10-04T03:07:31.4491599Z [32m[Nest] 3730  - [39m10/04/2026, 3:07:31 AM [32m    LOG[39m [38;5;3m[DripTriggerService] [39m[32mDripTrigger on_completion: buyer=buyer-A asset=workout_plan/plan-A flipped=1 drops=d-target[39m
2026-10-04T03:07:31.4494937Z [32m[Nest] 3730  - [39m10/04/2026, 3:07:31 AM [32m    LOG[39m [38;5;3m[DripTriggerService] [39m[32mDripTrigger on_completion: buyer=buyer-A asset=workout_plan/plan-A flipped=1 drops=d-A-next[39m
2026-10-04T03:07:31.4498241Z [32m[Nest] 3730  - [39m10/04/2026, 3:07:31 AM [32m    LOG[39m [38;5;3m[DripTriggerService] [39m[32mDripTrigger on_milestone: buyer=buyer-A key=build_week_complete flipped=1 drops=d-1[39m
2026-10-04T03:07:31.4501903Z [32m[Nest] 3730  - [39m10/04/2026, 3:07:31 AM [32m    LOG[39m [38;5;3m[DripTriggerService] [39m[32mDripTrigger on_milestone: buyer=buyer-A key=k1 flipped=1 drops=d-1[39m
2026-10-04T03:07:31.4507036Z [32m[Nest] 3730  - [39m10/04/2026, 3:07:31 AM [32m    LOG[39m [38;5;3m[DripTriggerService] [39m[32mDripTrigger on_milestone: buyer=buyer-A key=k1 flipped=1 drops=d-A[39m
2026-10-04T03:07:31.4510118Z [33m[Nest] 3730  - [39m10/04/2026, 3:07:31 AM [33m   WARN[39m [38;5;3m[MilestoneService] [39m[33mMilestoneService.emit threw despite trigger guard for buyer=buyer-A key=k1: boom[39m
2026-10-04T03:07:31.4513817Z [33m[Nest] 3730  - [39m10/04/2026, 3:07:31 AM [33m   WARN[39m [38;5;3m[MilestoneService] [39m[33mMilestoneService.emit ignored: buyerUserId= milestoneKey=k1[39m
2026-10-04T03:07:31.4516569Z [33m[Nest] 3730  - [39m10/04/2026, 3:07:31 AM [33m   WARN[39m [38;5;3m[MilestoneService] [39m[33mMilestoneService.emit ignored: buyerUserId=buyer-A milestoneKey=[39m
2026-10-04T03:07:31.4519737Z [33m[Nest] 3730  - [39m10/04/2026, 3:07:31 AM [33m   WARN[39m [38;5;3m[DripTriggerService] [39m[33mDripTrigger on_completion failed for buyer=buyer-A asset=workout_plan/plan-A: db down[39m
2026-10-04T03:07:31.4525364Z [33m[Nest] 3730  - [39m10/04/2026, 3:07:31 AM [33m   WARN[39m [38;5;3m[DripTriggerService] [39m[33mDripTrigger on_milestone failed for buyer=buyer-A key=k1: db down[39m
2026-10-04T03:07:32.0887402Z PASS test/engagement/workout-reminder.service.spec.ts
2026-10-04T03:07:32.1387009Z [32m[Nest] 3730  - [39m10/04/2026, 3:07:32 AM [32m    LOG[39m [38;5;3m[WorkoutReminderService] [39m[32mworkout-reminders erasure sweep removed 1 row(s)[39m
2026-10-04T03:07:32.1390594Z [32m[Nest] 3730  - [39m10/04/2026, 3:07:32 AM [32m    LOG[39m [38;5;3m[WorkoutReminderService] [39m[32mworkout-reminders erasure sweep removed 1 row(s)[39m
2026-10-04T03:07:32.1394882Z [33m[Nest] 3730  - [39m10/04/2026, 3:07:32 AM [33m   WARN[39m [38;5;3m[WorkoutReminderService] [39m[33mworkout-reminders erasure sweep failed (Error); retrying next tick[39m
2026-10-04T03:07:32.1397934Z [33m[Nest] 3730  - [39m10/04/2026, 3:07:32 AM [33m   WARN[39m [38;5;3m[WorkoutReminderService] [39m[33mworkout-reminders erasure sweep failed (Error); retrying next tick[39m
2026-10-04T03:07:32.1400785Z [32m[Nest] 3730  - [39m10/04/2026, 3:07:32 AM [32m    LOG[39m [38;5;3m[WorkoutReminderService] [39m[32mworkout-reminders erasure sweep removed 1 row(s)[39m
2026-10-04T03:07:32.5145290Z PASS test/purchase-fanout-real-body.spec.ts
2026-10-04T03:07:32.6006615Z [33m[Nest] 3730  - [39m10/04/2026, 3:07:32 AM [33m   WARN[39m [38;5;3m[PurchaseFanoutService] [39m[33mdrip alert dispatch failed drop=drop-1: push_provider_blew_up[39m
2026-10-04T03:07:32.6009454Z [95m[Nest] 3730  - [39m10/04/2026, 3:07:32 AM [95m  DEBUG[39m [38;5;3m[PurchaseFanoutService] [39m[95mfanout: package=pkg-1 has no contents — purchase=pur-1[39m
2026-10-04T03:07:32.9790619Z PASS test/contracts/importer-contract.spec.ts (78.955 s)
2026-10-04T03:07:33.0192829Z PASS test/nudge-v1-engine.spec.ts
2026-10-04T03:07:33.0529448Z [32m[Nest] 3730  - [39m10/04/2026, 3:07:32 AM [32m    LOG[39m [38;5;3m[NudgeEngineService] [39m[32mnudge.decision user=user-1 trigger=missed_checkin status=sent channels=inapp,push[39m
2026-10-04T03:07:33.0533722Z [32m[Nest] 3730  - [39m10/04/2026, 3:07:32 AM [32m    LOG[39m [38;5;3m[NudgeEngineService] [39m[32mnudge.decision user=user-1 trigger=missed_checkin status=suppressed_muted channels=none[39m
2026-10-04T03:07:33.0537205Z [32m[Nest] 3730  - [39m10/04/2026, 3:07:32 AM [32m    LOG[39m [38;5;3m[NudgeEngineService] [39m[32mnudge.decision user=user-1 trigger=missed_checkin status=suppressed_opt_out channels=none[39m
2026-10-04T03:07:33.0540428Z [32m[Nest] 3730  - [39m10/04/2026, 3:07:32 AM [32m    LOG[39m [38;5;3m[NudgeEngineService] [39m[32mnudge.decision user=user-1 trigger=missed_checkin status=sent channels=inapp,push[39m
2026-10-04T03:07:33.0544353Z [32m[Nest] 3730  - [39m10/04/2026, 3:07:32 AM [32m    LOG[39m [38;5;3m[NudgeEngineService] [39m[32mnudge.decision user=user-2 trigger=streak_broken status=suppressed_opt_out channels=none[39m
2026-10-04T03:07:33.0547836Z [32m[Nest] 3730  - [39m10/04/2026, 3:07:32 AM [32m    LOG[39m [38;5;3m[NudgeEngineService] [39m[32mnudge.decision user=user-1 trigger=missed_checkin status=sent channels=inapp,push[39m
2026-10-04T03:07:33.0551209Z [32m[Nest] 3730  - [39m10/04/2026, 3:07:32 AM [32m    LOG[39m [38;5;3m[NudgeEngineService] [39m[32mnudge.decision user=user-1 trigger=streak_broken status=suppressed_cap channels=none[39m
2026-10-04T03:07:33.0554398Z [32m[Nest] 3730  - [39m10/04/2026, 3:07:32 AM [32m    LOG[39m [38;5;3m[NudgeEngineService] [39m[32mnudge.decision user=user-1 trigger=inactive status=sent channels=inapp,push[39m
2026-10-04T03:07:33.0557794Z [95m[Nest] 3730  - [39m10/04/2026, 3:07:32 AM [95m  DEBUG[39m [38;5;3m[NudgeEngineService] [39m[95mnudge.decision user=user-1 trigger=missed_checkin status=deferred until=2026-05-08T15:00:00.000Z[39m
2026-10-04T03:07:33.0562202Z [95m[Nest] 3730  - [39m10/04/2026, 3:07:32 AM [95m  DEBUG[39m [38;5;3m[NudgeEngineService] [39m[95mnudge.decision user=user-1 trigger=missed_checkin status=deferred until=2026-05-08T15:00:00.000Z[39m
2026-10-04T03:07:33.0565935Z [32m[Nest] 3730  - [39m10/04/2026, 3:07:32 AM [32m    LOG[39m [38;5;3m[NudgeEngineService] [39m[32mnudge.decision user=user-1 trigger=missed_checkin status=sent channels=inapp,push[39m
2026-10-04T03:07:33.0569310Z [95m[Nest] 3730  - [39m10/04/2026, 3:07:32 AM [95m  DEBUG[39m [38;5;3m[NudgeEngineService] [39m[95mnudge.decision user=user-1 trigger=missed_checkin status=suppressed_dedupe[39m
2026-10-04T03:07:33.0572843Z [32m[Nest] 3730  - [39m10/04/2026, 3:07:32 AM [32m    LOG[39m [38;5;3m[NudgeEngineService] [39m[32mnudge.decision user=user-1 trigger=missed_checkin status=suppressed_muted channels=none[39m
2026-10-04T03:07:33.0593204Z [32m[Nest] 3730  - [39m10/04/2026, 3:07:32 AM [32m    LOG[39m [38;5;3m[NudgeEngineService] [39m[32mnudge.decision user=user-1 trigger=missed_checkin status=suppressed_muted channels=none[39m
2026-10-04T03:07:33.0603963Z [32m[Nest] 3730  - [39m10/04/2026, 3:07:32 AM [32m    LOG[39m [38;5;3m[NudgeEngineService] [39m[32mnudge.decision user=user-1 trigger=missed_checkin status=suppressed_muted channels=none[39m
2026-10-04T03:07:33.0606459Z [32m[Nest] 3730  - [39m10/04/2026, 3:07:32 AM [32m    LOG[39m [38;5;3m[NudgeEngineService] [39m[32mnudge.decision user=u trigger=onboarding_abandoned status=sent channels=inapp,push[39m
2026-10-04T03:07:33.0609776Z [95m[Nest] 3730  - [39m10/04/2026, 3:07:32 AM [95m  DEBUG[39m [38;5;3m[NudgeEngineService] [39m[95mnudge.cap_bucket conflict user=user-1 bucket=2026-05-07T00:00:00.000Z — sibling tick already holds slot[39m
2026-10-04T03:07:33.0612886Z [32m[Nest] 3730  - [39m10/04/2026, 3:07:32 AM [32m    LOG[39m [38;5;3m[NudgeEngineService] [39m[32mnudge.decision user=user-1 trigger=streak_broken status=suppressed_cap channels=none[39m
2026-10-04T03:07:33.0615748Z [32m[Nest] 3730  - [39m10/04/2026, 3:07:32 AM [32m    LOG[39m [38;5;3m[NudgeEngineService] [39m[32mnudge.decision user=user-1 trigger=missed_checkin status=sent channels=inapp,push[39m
2026-10-04T03:07:33.0618334Z [32m[Nest] 3730  - [39m10/04/2026, 3:07:32 AM [32m    LOG[39m [38;5;3m[NudgeEngineService] [39m[32mnudge.decision user=user-1 trigger=missed_checkin status=suppressed_muted channels=none[39m
2026-10-04T03:07:33.0621610Z [95m[Nest] 3730  - [39m10/04/2026, 3:07:32 AM [95m  DEBUG[39m [38;5;3m[NudgeEngineService] [39m[95mnudge.decision user=user-1 trigger=missed_checkin status=deferred until=2026-05-08T15:00:00.000Z[39m
2026-10-04T03:07:33.0624527Z [32m[Nest] 3730  - [39m10/04/2026, 3:07:33 AM [32m    LOG[39m [38;5;3m[NudgeEngineService] [39m[32mnudge.decision user=user-1 trigger=missed_checkin status=sent channels=inapp,push[39m
2026-10-04T03:07:33.0627533Z [95m[Nest] 3730  - [39m10/04/2026, 3:07:33 AM [95m  DEBUG[39m [38;5;3m[NudgeEngineService] [39m[95mnudge.decision user=user-1 trigger=missed_checkin status=deferred until=2026-05-08T15:00:00.000Z[39m
2026-10-04T03:07:33.0630488Z [32m[Nest] 3730  - [39m10/04/2026, 3:07:33 AM [32m    LOG[39m [38;5;3m[NudgeEngineService] [39m[32mnudge.decision user=user-1 trigger=missed_checkin status=suppressed_opt_out channels=none[39m
2026-10-04T03:07:33.0653860Z [95m[Nest] 3730  - [39m10/04/2026, 3:07:33 AM [95m  DEBUG[39m [38;5;3m[NudgeEngineService] [39m[95mnudge.decision user=user-1 trigger=missed_checkin status=deferred until=2026-05-08T15:00:00.000Z[39m
2026-10-04T03:07:33.0656658Z [32m[Nest] 3730  - [39m10/04/2026, 3:07:33 AM [32m    LOG[39m [38;5;3m[NudgeEngineService] [39m[32mnudge.decision user=user-1 trigger=missed_checkin status=sent channels=inapp,push[39m
2026-10-04T03:07:33.5463935Z PASS test/landing-pages.lead-sync.spec.ts
2026-10-04T03:07:33.5898771Z [33m[Nest] 3723  - [39m10/04/2026, 3:07:33 AM [33m   WARN[39m [38;5;3m[LeadSyncProcessor] [39m[33mcoach c1 hit per-coach rate limit; deferring lead lead-x[39m
2026-10-04T03:07:33.5923473Z [33m[Nest] 3723  - [39m10/04/2026, 3:07:33 AM [33m   WARN[39m [38;5;3m[KmsService] [39m[33mKMS not configured — secrets will be persisted with a PLAINTEXT: prefix. Set KMS_MASTER_KEY before production.[39m
2026-10-04T03:07:33.5953250Z [33m[Nest] 3723  - [39m10/04/2026, 3:07:33 AM [33m   WARN[39m [38;5;3m[KmsService] [39m[33mKMS not configured — secrets will be persisted with a PLAINTEXT: prefix. Set KMS_MASTER_KEY before production.[39m
2026-10-04T03:07:34.3917265Z [31m[Nest] 3723  - [39m10/04/2026, 3:07:34 AM [31m  ERROR[39m [38;5;3m[CoachMediaMuxWebhookController] [39m[31mMux webhook received without rawBody. Verify rawBody:true is wired in main.ts.[39m
2026-10-04T03:07:34.4342084Z PASS test/coach-media-mux-webhook.spec.ts
2026-10-04T03:07:34.5173728Z [33m[Nest] 3723  - [39m10/04/2026, 3:07:34 AM [33m   WARN[39m [38;5;3m[CoachMediaMuxWebhookController] [39m[33mMux errored event for asset mux-asset-99 arrived after terminal state ready; preserving playback id[39m
2026-10-04T03:07:35.5776601Z PASS test/scout/orchestration/reconstruct-run.spec.ts
2026-10-04T03:07:35.6083834Z [33m[Nest] 3730  - [39m10/04/2026, 3:07:35 AM [33m   WARN[39m [38;5;3m[ScoutReconstructService] [39m[33mscout.reconstruct run pass stopped or degraded {"intent_id":"3f2b9c1e-4d5a-4b6c-8d7e-9f0a1b2c3d4e","coach_id":"coach-A","epoch":1,"stopped":null,"families":[{"token":"people","family":"clients","staged":3,"reconstructed":1,"skipped":1,"failed":1,"stopped":null},{"token":"notes","family":null,"staged":1,"reconstructed":0,"skipped":1,"failed":0,"stopped":null}],"unmapped_families":["notes"]}[39m
2026-10-04T03:07:35.6090298Z [33m[Nest] 3730  - [39m10/04/2026, 3:07:35 AM [33m   WARN[39m [38;5;3m[ScoutReconstructService] [39m[33mscout.reconstruct run pass stopped or degraded {"intent_id":"3f2b9c1e-4d5a-4b6c-8d7e-9f0a1b2c3d4e","coach_id":"coach-A","epoch":1,"stopped":"gate_closed","families":[],"unmapped_families":[]}[39m
2026-10-04T03:07:35.6097909Z [32m[Nest] 3730  - [39m10/04/2026, 3:07:35 AM [32m    LOG[39m [38;5;3m[ScoutReconstructService] [39m[32mscout.reconstruct run pass completed {"intent_id":"3f2b9c1e-4d5a-4b6c-8d7e-9f0a1b2c3d4e","coach_id":"coach-A","epoch":1,"stopped":null,"families":[{"token":"people","family":"clients","staged":1,"reconstructed":1,"skipped":0,"failed":0,"stopped":null},{"token":"blocks","family":"programs","staged":1,"reconstructed":0,"skipped":1,"failed":0,"stopped":null},{"token":"notes","family":null,"staged":1,"reconstructed":0,"skipped":1,"failed":0,"stopped":null}],"unmapped_families":["notes"]}[39m
2026-10-04T03:07:35.6104420Z [33m[Nest] 3730  - [39m10/04/2026, 3:07:35 AM [33m   WARN[39m [38;5;3m[ScoutReconstructService] [39m[33mscout.reconstruct completed with failures {"intent_id":"3f2b9c1e-4d5a-4b6c-8d7e-9f0a1b2c3d4e","coach_id":"coach-A","staged":3,"reconstructed":1,"skipped":1,"failed":1}[39m
2026-10-04T03:07:35.6109148Z [33m[Nest] 3730  - [39m10/04/2026, 3:07:35 AM [33m   WARN[39m [38;5;3m[ScoutReconstructService] [39m[33mscout.reconstruct run pass stopped or degraded {"intent_id":"3f2b9c1e-4d5a-4b6c-8d7e-9f0a1b2c3d4e","coach_id":"coach-A","epoch":1,"stopped":"gate_closed","families":[],"unmapped_families":["notes"]}[39m
2026-10-04T03:07:35.6115147Z [33m[Nest] 3730  - [39m10/04/2026, 3:07:35 AM [33m   WARN[39m [38;5;3m[ScoutReconstructService] [39m[33mscout.reconstruct run pass stopped or degraded {"intent_id":"3f2b9c1e-4d5a-4b6c-8d7e-9f0a1b2c3d4e","coach_id":"coach-A","epoch":1,"stopped":"gate_closed","families":[],"unmapped_families":[]}[39m
2026-10-04T03:07:35.6124708Z [32m[Nest] 3730  - [39m10/04/2026, 3:07:35 AM [32m    LOG[39m [38;5;3m[ScoutReconstructService] [39m[32mscout.reconstruct run pass completed {"intent_id":"3f2b9c1e-4d5a-4b6c-8d7e-9f0a1b2c3d4e","coach_id":"coach-A","epoch":1,"stopped":null,"families":[{"token":"people","family":"clients","staged":1,"reconstructed":1,"skipped":0,"failed":0,"stopped":null},{"token":"blocks","family":"programs","staged":1,"reconstructed":1,"skipped":0,"failed":0,"stopped":null},{"token":"routines","family":"workouts","staged":1,"reconstructed":1,"skipped":0,"failed":0,"stopped":null},{"token":"log","family":"client_history","staged":1,"reconstructed":1,"skipped":0,"failed":0,"stopped":null},{"token":"notes","family":null,"staged":1,"reconstructed":0,"skipped":1,"failed":0,"stopped":null}],"unmapped_families":["notes"]}[39m
2026-10-04T03:07:35.6132181Z [33m[Nest] 3730  - [39m10/04/2026, 3:07:35 AM [33m   WARN[39m [38;5;3m[ScoutReconstructService] [39m[33mscout.reconstruct rejected oversized intent {"intent_id":"3f2b9c1e-4d5a-4b6c-8d7e-9f0a1b2c3d4e","coach_id":"coach-A","staged":10001,"max":10000}[39m
2026-10-04T03:07:35.6138661Z [33m[Nest] 3730  - [39m10/04/2026, 3:07:35 AM [33m   WARN[39m [38;5;3m[ScoutReconstructService] [39m[33mscout.reconstruct run pass stopped or degraded {"intent_id":"3f2b9c1e-4d5a-4b6c-8d7e-9f0a1b2c3d4e","coach_id":"coach-A","epoch":1,"stopped":null,"families":[{"token":"blocks","family":"programs","staged":10001,"reconstructed":0,"skipped":0,"failed":0,"stopped":"over_ceiling"},{"token":"routines","family":"workouts","staged":1,"reconstructed":1,"skipped":0,"failed":0,"stopped":null}],"unmapped_families":[]}[39m
2026-10-04T03:07:35.6151328Z [33m[Nest] 3730  - [39m10/04/2026, 3:07:35 AM [33m   WARN[39m [38;5;3m[ScoutReconstructService] [39m[33mscout.reconstruct run pass stopped or degraded {"intent_id":"3f2b9c1e-4d5a-4b6c-8d7e-9f0a1b2c3d4e","coach_id":"coach-A","epoch":1,"stopped":null,"families":[{"token":"routines","family":"workouts","staged":1,"reconstructed":1,"skipped":0,"failed":0,"stopped":null},{"token":"blocks","family":null,"staged":1,"reconstructed":0,"skipped":0,"failed":0,"stopped":"provenance_conflict"}],"unmapped_families":["blocks"]}[39m
2026-10-04T03:07:35.6159585Z [33m[Nest] 3730  - [39m10/04/2026, 3:07:35 AM [33m   WARN[39m [38;5;3m[ScoutReconstructService] [39m[33mscout.reconstruct run pass stopped or degraded {"intent_id":"3f2b9c1e-4d5a-4b6c-8d7e-9f0a1b2c3d4e","coach_id":"coach-A","epoch":1,"stopped":null,"families":[{"token":"blocks","family":"programs","staged":1,"reconstructed":0,"skipped":0,"failed":0,"stopped":"provenance_conflict"},{"token":"routines","family":"workouts","staged":1,"reconstructed":1,"skipped":0,"failed":0,"stopped":null}],"unmapped_families":[]}[39m
2026-10-04T03:07:35.6167536Z [32m[Nest] 3730  - [39m10/04/2026, 3:07:35 AM [32m    LOG[39m [38;5;3m[ScoutReconstructService] [39m[32mscout.reconstruct run pass completed {"intent_id":"3f2b9c1e-4d5a-4b6c-8d7e-9f0a1b2c3d4e","coach_id":"coach-A","epoch":1,"stopped":null,"families":[{"token":"people","family":"clients","staged":1,"reconstructed":1,"skipped":0,"failed":0,"stopped":null},{"token":"notes","family":null,"staged":1,"reconstructed":0,"skipped":1,"failed":0,"stopped":null}],"unmapped_families":["notes"]}[39m
2026-10-04T03:07:35.6173839Z [32m[Nest] 3730  - [39m10/04/2026, 3:07:35 AM [32m    LOG[39m [38;5;3m[ScoutReconstructService] [39m[32mscout.reconstruct run pass completed {"intent_id":"3f2b9c1e-4d5a-4b6c-8d7e-9f0a1b2c3d4e","coach_id":"coach-A","epoch":1,"stopped":null,"families":[{"token":"people","family":"clients","staged":1,"reconstructed":1,"skipped":0,"failed":0,"stopped":null}],"unmapped_families":[]}[39m
2026-10-04T03:07:36.4576503Z PASS test/ci/release-evidence-gate.spec.ts (13.117 s)
2026-10-04T03:07:36.5148556Z PASS test/community/safety/community-safety-flow.spec.ts
2026-10-04T03:07:36.6028063Z PASS test/scout/reconstruct/mapping-spec.equivalence.spec.ts
2026-10-04T03:07:37.0514208Z PASS test/community/classroom/community-classroom.service.spec.ts
2026-10-04T03:07:37.0968243Z [33m[Nest] 3730  - [39m10/04/2026, 3:07:36 AM [33m   WARN[39m [38;5;3m[DataExportService] [39m[33mDATA_EXPORT_TOKEN_SECRET is not set — using the insecure default. Set DATA_EXPORT_TOKEN_SECRET before going to production.[39m
2026-10-04T03:07:37.0984350Z [33m[Nest] 3730  - [39m10/04/2026, 3:07:37 AM [33m   WARN[39m [38;5;3m[DataExportService] [39m[33mDATA_EXPORT_TOKEN_SECRET is not set — using the insecure default. Set DATA_EXPORT_TOKEN_SECRET before going to production.[39m
2026-10-04T03:07:37.0988278Z [33m[Nest] 3730  - [39m10/04/2026, 3:07:37 AM [33m   WARN[39m [38;5;3m[DataExportService] [39m[33mDATA_EXPORT_TOKEN_SECRET is not set — using the insecure default. Set DATA_EXPORT_TOKEN_SECRET before going to production.[39m
2026-10-04T03:07:37.1924053Z PASS test/messaging.service.spec.ts
2026-10-04T03:07:37.1984225Z [33m[Nest] 3730  - [39m10/04/2026, 3:07:37 AM [33m   WARN[39m [38;5;3m[DataExportService] [39m[33mDATA_EXPORT_TOKEN_SECRET is not set — using the insecure default. Set DATA_EXPORT_TOKEN_SECRET before going to production.[39m
2026-10-04T03:07:37.1999054Z [33m[Nest] 3730  - [39m10/04/2026, 3:07:37 AM [33m   WARN[39m [38;5;3m[DataExportService] [39m[33mDATA_EXPORT_TOKEN_SECRET is not set — using the insecure default. Set DATA_EXPORT_TOKEN_SECRET before going to production.[39m
2026-10-04T03:07:37.2013937Z [33m[Nest] 3730  - [39m10/04/2026, 3:07:37 AM [33m   WARN[39m [38;5;3m[DataExportService] [39m[33mDATA_EXPORT_TOKEN_SECRET is not set — using the insecure default. Set DATA_EXPORT_TOKEN_SECRET before going to production.[39m
2026-10-04T03:07:37.2017949Z [33m[Nest] 3730  - [39m10/04/2026, 3:07:37 AM [33m   WARN[39m [38;5;3m[DataExportService] [39m[33mDATA_EXPORT_TOKEN_SECRET is not set — using the insecure default. Set DATA_EXPORT_TOKEN_SECRET before going to production.[39m
2026-10-04T03:07:37.2021974Z [33m[Nest] 3730  - [39m10/04/2026, 3:07:37 AM [33m   WARN[39m [38;5;3m[DataExportService] [39m[33mDATA_EXPORT_TOKEN_SECRET is not set — using the insecure default. Set DATA_EXPORT_TOKEN_SECRET before going to production.[39m
2026-10-04T03:07:37.2025319Z [33m[Nest] 3730  - [39m10/04/2026, 3:07:37 AM [33m   WARN[39m [38;5;3m[DataExportService] [39m[33mDATA_EXPORT_TOKEN_SECRET is not set — using the insecure default. Set DATA_EXPORT_TOKEN_SECRET before going to production.[39m
2026-10-04T03:07:37.2028559Z [33m[Nest] 3730  - [39m10/04/2026, 3:07:37 AM [33m   WARN[39m [38;5;3m[DataExportService] [39m[33mDATA_EXPORT_TOKEN_SECRET is not set — using the insecure default. Set DATA_EXPORT_TOKEN_SECRET before going to production.[39m
2026-10-04T03:07:37.2031964Z [33m[Nest] 3730  - [39m10/04/2026, 3:07:37 AM [33m   WARN[39m [38;5;3m[DataExportService] [39m[33mDATA_EXPORT_TOKEN_SECRET is not set — using the insecure default. Set DATA_EXPORT_TOKEN_SECRET before going to production.[39m
2026-10-04T03:07:37.2035050Z [33m[Nest] 3730  - [39m10/04/2026, 3:07:37 AM [33m   WARN[39m [38;5;3m[DataExportService] [39m[33mDATA_EXPORT_TOKEN_SECRET is not set — using the insecure default. Set DATA_EXPORT_TOKEN_SECRET before going to production.[39m
2026-10-04T03:07:37.2038294Z [33m[Nest] 3730  - [39m10/04/2026, 3:07:37 AM [33m   WARN[39m [38;5;3m[DataExportService] [39m[33mDATA_EXPORT_TOKEN_SECRET is not set — using the insecure default. Set DATA_EXPORT_TOKEN_SECRET before going to production.[39m
2026-10-04T03:07:37.2042378Z [33m[Nest] 3730  - [39m10/04/2026, 3:07:37 AM [33m   WARN[39m [38;5;3m[DataExportService] [39m[33mDATA_EXPORT_TOKEN_SECRET is not set — using the insecure default. Set DATA_EXPORT_TOKEN_SECRET before going to production.[39m
2026-10-04T03:07:37.2045317Z [33m[Nest] 3723  - [39m10/04/2026, 3:07:37 AM [33m   WARN[39m [38;5;3m[MessagingService] [39m[33mED.6 conversation-review stamp failed for coach=coach-A client=client-1: boom[39m
2026-10-04T03:07:37.2048409Z [33m[Nest] 3730  - [39m10/04/2026, 3:07:37 AM [33m   WARN[39m [38;5;3m[DataExportService] [39m[33mDATA_EXPORT_TOKEN_SECRET is not set — using the insecure default. Set DATA_EXPORT_TOKEN_SECRET before going to production.[39m
2026-10-04T03:07:37.2051828Z [33m[Nest] 3730  - [39m10/04/2026, 3:07:37 AM [33m   WARN[39m [38;5;3m[DataExportService] [39m[33mDATA_EXPORT_TOKEN_SECRET is not set — using the insecure default. Set DATA_EXPORT_TOKEN_SECRET before going to production.[39m
2026-10-04T03:07:37.2154912Z PASS test/data-export-archive-cleanup.spec.ts
2026-10-04T03:07:37.3096350Z [33m[Nest] 3730  - [39m10/04/2026, 3:07:37 AM [33m   WARN[39m [38;5;3m[DataExportService] [39m[33mDATA_EXPORT_TOKEN_SECRET is not set — using the insecure default. Set DATA_EXPORT_TOKEN_SECRET before going to production.[39m
2026-10-04T03:07:37.5427544Z PASS test/scout/reconstruct/native/native-writers.spec.ts
2026-10-04T03:07:37.7523529Z PASS test/stripe-webhook.spec.ts
2026-10-04T03:07:37.8175592Z [33m[Nest] 3724  - [39m10/04/2026, 3:07:37 AM [33m   WARN[39m [38;5;3m[BillingService] [39m[33mSubscription sub_x for unknown customer cus_UNKNOWN[39m
2026-10-04T03:07:37.8179091Z [33m[Nest] 3724  - [39m10/04/2026, 3:07:37 AM [33m   WARN[39m [38;5;3m[BillingService] [39m[33mtransfer.failed event=evt_tf_1 transfer=tr_stripe_1 coach=coach-HC amount_cents=5000 reason=account_closed: Destination account is closed[39m
2026-10-04T03:07:37.8183363Z [33m[Nest] 3724  - [39m10/04/2026, 3:07:37 AM [33m   WARN[39m [38;5;3m[BillingService] [39m[33mtransfer.failed event=evt_tf_dup transfer=tr_stripe_1 coach=coach-HC amount_cents=5000 reason=account_closed: Destination account is closed[39m
2026-10-04T03:07:37.8187326Z [33m[Nest] 3724  - [39m10/04/2026, 3:07:37 AM [33m   WARN[39m [38;5;3m[BillingService] [39m[33mtransfer.failed event=evt_tf_replay transfer=tr_stripe_1 coach=coach-HC amount_cents=5000 reason=account_closed: Destination account is closed[39m
2026-10-04T03:07:37.8191048Z [33m[Nest] 3724  - [39m10/04/2026, 3:07:37 AM [33m   WARN[39m [38;5;3m[BillingService] [39m[33mtransfer.failed event=evt_tf_orphan transfer=tr_stripe_1: no matching ConnectTransfer row[39m
2026-10-04T03:07:38.2442411Z PASS test/audit-phase10.spec.ts
2026-10-04T03:07:38.3942791Z PASS test/prod-readiness/learning-ledger.spec.ts
2026-10-04T03:07:38.7342866Z PASS test/wearables/connectors/whoop/whoop.connector.spec.ts
2026-10-04T03:07:38.7615608Z [32m[Nest] 3730  - [39m10/04/2026, 3:07:38 AM [32m    LOG[39m [38;5;3m[ProviderHttpClient] [39m[32m[whoop.exchangeCode] attempt 1/4 succeeded (status=200)[39m
2026-10-04T03:07:38.7633005Z [32m[Nest] 3730  - [39m10/04/2026, 3:07:38 AM [32m    LOG[39m [38;5;3m[ProviderHttpClient] [39m[32m[whoop.refresh] attempt 1/4 succeeded (status=200)[39m
2026-10-04T03:07:38.7653839Z [32m[Nest] 3730  - [39m10/04/2026, 3:07:38 AM [32m    LOG[39m [38;5;3m[ProviderHttpClient] [39m[32m[whoop.refresh] attempt 1/4 succeeded (status=200)[39m
2026-10-04T03:07:38.7683233Z [32m[Nest] 3730  - [39m10/04/2026, 3:07:38 AM [32m    LOG[39m [38;5;3m[ProviderHttpClient] [39m[32m[whoop.refresh] attempt 1/4 succeeded (status=200)[39m
2026-10-04T03:07:38.7693393Z [32m[Nest] 3730  - [39m10/04/2026, 3:07:38 AM [32m    LOG[39m [38;5;3m[ProviderHttpClient] [39m[32m[whoop.backfill.recovery] attempt 1/4 succeeded (status=200)[39m
2026-10-04T03:07:38.7723417Z [32m[Nest] 3730  - [39m10/04/2026, 3:07:38 AM [32m    LOG[39m [38;5;3m[ProviderHttpClient] [39m[32m[whoop.backfill.cycle] attempt 1/4 succeeded (status=200)[39m
2026-10-04T03:07:38.7753442Z [32m[Nest] 3730  - [39m10/04/2026, 3:07:38 AM [32m    LOG[39m [38;5;3m[ProviderHttpClient] [39m[32m[whoop.backfill.sleep] attempt 1/4 succeeded (status=200)[39m
2026-10-04T03:07:38.7763286Z [32m[Nest] 3730  - [39m10/04/2026, 3:07:38 AM [32m    LOG[39m [38;5;3m[ProviderHttpClient] [39m[32m[whoop.backfill.workout] attempt 1/4 succeeded (status=200)[39m
2026-10-04T03:07:38.7766130Z [32m[Nest] 3730  - [39m10/04/2026, 3:07:38 AM [32m    LOG[39m [38;5;3m[ProviderHttpClient] [39m[32m[whoop.backfill.recovery] attempt 1/4 succeeded (status=200)[39m
2026-10-04T03:07:38.7768942Z [32m[Nest] 3730  - [39m10/04/2026, 3:07:38 AM [32m    LOG[39m [38;5;3m[ProviderHttpClient] [39m[32m[whoop.refresh] attempt 1/4 succeeded (status=200)[39m
2026-10-04T03:07:38.7771880Z [32m[Nest] 3730  - [39m10/04/2026, 3:07:38 AM [32m    LOG[39m [38;5;3m[ProviderHttpClient] [39m[32m[whoop.backfill.recovery] attempt 1/4 succeeded (status=200)[39m
2026-10-04T03:07:38.7774731Z [32m[Nest] 3730  - [39m10/04/2026, 3:07:38 AM [32m    LOG[39m [38;5;3m[ProviderHttpClient] [39m[32m[whoop.backfill.cycle] attempt 1/4 succeeded (status=200)[39m
2026-10-04T03:07:38.7777468Z [32m[Nest] 3730  - [39m10/04/2026, 3:07:38 AM [32m    LOG[39m [38;5;3m[ProviderHttpClient] [39m[32m[whoop.backfill.sleep] attempt 1/4 succeeded (status=200)[39m
2026-10-04T03:07:38.7780225Z [32m[Nest] 3730  - [39m10/04/2026, 3:07:38 AM [32m    LOG[39m [38;5;3m[ProviderHttpClient] [39m[32m[whoop.backfill.workout] attempt 1/4 succeeded (status=200)[39m
2026-10-04T03:07:38.7783591Z [32m[Nest] 3730  - [39m10/04/2026, 3:07:38 AM [32m    LOG[39m [38;5;3m[ProviderHttpClient] [39m[32m[whoop.refresh] attempt 1/4 succeeded (status=200)[39m
2026-10-04T03:07:38.7786392Z [32m[Nest] 3730  - [39m10/04/2026, 3:07:38 AM [32m    LOG[39m [38;5;3m[ProviderHttpClient] [39m[32m[whoop.backfill.recovery] attempt 1/4 succeeded (status=200)[39m
2026-10-04T03:07:38.7789201Z [32m[Nest] 3730  - [39m10/04/2026, 3:07:38 AM [32m    LOG[39m [38;5;3m[ProviderHttpClient] [39m[32m[whoop.backfill.cycle] attempt 1/4 succeeded (status=200)[39m
2026-10-04T03:07:38.7792142Z [32m[Nest] 3730  - [39m10/04/2026, 3:07:38 AM [32m    LOG[39m [38;5;3m[ProviderHttpClient] [39m[32m[whoop.backfill.sleep] attempt 1/4 succeeded (status=200)[39m
2026-10-04T03:07:38.7794904Z [32m[Nest] 3730  - [39m10/04/2026, 3:07:38 AM [32m    LOG[39m [38;5;3m[ProviderHttpClient] [39m[32m[whoop.backfill.workout] attempt 1/4 succeeded (status=200)[39m
2026-10-04T03:07:38.9452470Z PASS test/mwb-5-edit-workout-plan.materialiser.spec.ts
2026-10-04T03:07:38.9651285Z [33m[Nest] 3724  - [39m10/04/2026, 3:07:38 AM [33m   WARN[39m [38;5;3m[EditWorkoutPlanMaterializer] [39mObject(5) {
2026-10-04T03:07:38.9652948Z   event: [32m'AI_LIVE_CREATE_SCOPE_REJECTED'[39m,
2026-10-04T03:07:38.9654059Z   capability: [32m'draft.edit_workout_plan'[39m,
2026-10-04T03:07:38.9655198Z   planId: [32m'33333333-3333-3333-3333-333333333333'[39m,
2026-10-04T03:07:38.9656410Z   requesterId: [32m'00000000-0000-0000-0000-0000000000c1'[39m,
2026-10-04T03:07:38.9657534Z   clientId: [32m'00000000-0000-0000-0000-0000000000a1'[39m
2026-10-04T03:07:38.9658345Z }
2026-10-04T03:07:38.9660285Z [33m[Nest] 3724  - [39m10/04/2026, 3:07:38 AM [33m   WARN[39m [38;5;3m[EditWorkoutPlanMaterializer] [39m[33medit_workout_plan refused: requester lacks canAccessClient[39m
2026-10-04T03:07:39.0875720Z [31m[Nest] 3730  - [39m10/04/2026, 3:07:39 AM [31m  ERROR[39m [38;5;3m[GdprScrubService] [39m[31mGDPR scrub failed for user=u-old: simulated tx failure for first candidate[39m
2026-10-04T03:07:39.1035972Z PASS test/gdpr-scrub.service.spec.ts
2026-10-04T03:07:39.1215992Z PASS test/dependency-compatibility.spec.ts
2026-10-04T03:07:39.1622920Z [32m[Nest] 3730  - [39m10/04/2026, 3:07:39 AM [32m    LOG[39m [38;5;3m[GdprScrubService] [39m[32mGDPR scrub dry-run: 2 candidate(s) past cutoff 2026-03-29T12:00:00.000Z[39m
2026-10-04T03:07:39.1626463Z [32m[Nest] 3730  - [39m10/04/2026, 3:07:39 AM [32m    LOG[39m [38;5;3m[GdprScrubService] [39m[32mGDPR scrub: scrubbed 2 of 2 candidate(s); errors=0[39m
2026-10-04T03:07:39.1629126Z [32m[Nest] 3730  - [39m10/04/2026, 3:07:39 AM [32m    LOG[39m [38;5;3m[GdprScrubService] [39m[32mGDPR scrub: scrubbed 2 of 2 candidate(s); errors=0[39m
2026-10-04T03:07:39.1631816Z [32m[Nest] 3730  - [39m10/04/2026, 3:07:39 AM [32m    LOG[39m [38;5;3m[GdprScrubService] [39m[32mGDPR scrub: scrubbed 2 of 2 candidate(s); errors=0[39m
2026-10-04T03:07:39.1634250Z [32m[Nest] 3730  - [39m10/04/2026, 3:07:39 AM [32m    LOG[39m [38;5;3m[GdprScrubService] [39m[32mGDPR scrub: scrubbed 1 of 2 candidate(s); errors=1[39m
2026-10-04T03:07:39.1637001Z [32m[Nest] 3730  - [39m10/04/2026, 3:07:39 AM [32m    LOG[39m [38;5;3m[GdprScrubService] [39m[32mGDPR scrub dry-run: 1 candidate(s) past cutoff 2026-03-29T12:00:00.000Z[39m
2026-10-04T03:07:39.1639867Z [32m[Nest] 3730  - [39m10/04/2026, 3:07:39 AM [32m    LOG[39m [38;5;3m[GdprScrubService] [39m[32mGDPR scrub dry-run: 2 candidate(s) past cutoff 2026-03-29T12:00:00.000Z[39m
2026-10-04T03:07:39.1642786Z [32m[Nest] 3730  - [39m10/04/2026, 3:07:39 AM [32m    LOG[39m [38;5;3m[GdprScrubService] [39m[32mGDPR scrub: scrubbed 2 of 2 candidate(s); errors=0[39m
2026-10-04T03:07:39.1645397Z [32m[Nest] 3730  - [39m10/04/2026, 3:07:39 AM [32m    LOG[39m [38;5;3m[GdprScrubService] [39m[32mGDPR scrub: scrubbed 2 of 2 candidate(s); errors=0[39m
2026-10-04T03:07:40.6192525Z PASS test/wearables/preferences.controller.spec.ts
2026-10-04T03:07:41.2127737Z PASS test/coach-effectiveness.service.spec.ts
2026-10-04T03:07:42.9692219Z PASS test/scout/induction/observation.service.spec.ts
2026-10-04T03:07:43.7943030Z [32m[Nest] 3723  - [39m10/04/2026, 3:07:43 AM [32m    LOG[39m [38;5;3m[AccountDeletionStorageService] [39m[32maccount deletion storage purge: supabase=4 mux=0 local=0[39m
2026-10-04T03:07:43.7946436Z [32m[Nest] 3723  - [39m10/04/2026, 3:07:43 AM [32m    LOG[39m [38;5;3m[AccountDeletionService] [39m[32maccount deletion finalized user=66666666-6666-4666-8666-666666666666 rows=2 objects=4 subscriptions=0[39m
2026-10-04T03:07:43.7949716Z [32m[Nest] 3723  - [39m10/04/2026, 3:07:43 AM [32m    LOG[39m [38;5;3m[AccountDeletionStorageService] [39m[32maccount deletion storage purge: supabase=4 mux=0 local=0[39m
2026-10-04T03:07:43.7953315Z [32m[Nest] 3723  - [39m10/04/2026, 3:07:43 AM [32m    LOG[39m [38;5;3m[AccountDeletionService] [39m[32maccount deletion finalized user=66666666-6666-4666-8666-666666666666 rows=2 objects=4 subscriptions=0[39m
2026-10-04T03:07:43.7958153Z [33m[Nest] 3723  - [39m10/04/2026, 3:07:43 AM [33m   WARN[39m [38;5;3m[AccountDeletionService] [39m[33mvoice erasure erasure-object-66666666-6666-4666-8666-666666666666/1700000000000-0123456789abcdef.m4a (object) not yet verified after 1 attempt(s): object_still_present; retry scheduled[39m
2026-10-04T03:07:43.7963504Z [33m[Nest] 3723  - [39m10/04/2026, 3:07:43 AM [33m   WARN[39m [38;5;3m[AccountDeletionService] [39m[33mvoice erasure erasure-object-66666666-6666-4666-8666-666666666666/1700000000001-0123456789abcdef-0123456789abcdef0123456789abcdef.m4a (object) not yet verified after 1 attempt(s): object_still_present; retry scheduled[39m
2026-10-04T03:07:43.7968283Z [33m[Nest] 3723  - [39m10/04/2026, 3:07:43 AM [33m   WARN[39m [38;5;3m[AccountDeletionService] [39m[33mvoice erasure erasure-owner_folder-66666666-6666-4666-8666-666666666666 (owner_folder) not yet verified after 1 attempt(s): folder_not_empty; retry scheduled[39m
2026-10-04T03:07:43.7972580Z [33m[Nest] 3723  - [39m10/04/2026, 3:07:43 AM [33m   WARN[39m [38;5;3m[AccountDeletionService] [39m[33maccount deletion: 3 voice erasure(s) for user=66666666-6666-4666-8666-666666666666 not yet verified; retried by VoiceErasureService[39m
2026-10-04T03:07:43.9059853Z PASS test/account-deletion.voice-erasure.spec.ts
2026-10-04T03:07:43.9124986Z [32m[Nest] 3723  - [39m10/04/2026, 3:07:43 AM [32m    LOG[39m [38;5;3m[AccountDeletionStorageService] [39m[32maccount deletion storage purge: supabase=4 mux=0 local=0[39m
2026-10-04T03:07:43.9128600Z [32m[Nest] 3723  - [39m10/04/2026, 3:07:43 AM [32m    LOG[39m [38;5;3m[AccountDeletionStorageService] [39m[32maccount deletion storage purge: supabase=4 mux=0 local=0[39m
2026-10-04T03:07:43.9132415Z [32m[Nest] 3723  - [39m10/04/2026, 3:07:43 AM [32m    LOG[39m [38;5;3m[AccountDeletionService] [39m[32maccount deletion finalized user=66666666-6666-4666-8666-666666666666 rows=2 objects=4 subscriptions=0[39m
2026-10-04T03:07:44.4251966Z PASS test/prod-readiness/stub-scanner.spec.ts
2026-10-04T03:07:45.6258370Z PASS test/dunning-v2-lockout-allowlist-route-table.spec.ts
2026-10-04T03:07:46.1018450Z PASS test/roles-enforced.spec.ts (7.151 s)
2026-10-04T03:07:46.5146267Z PASS test/federation.service.spec.ts
2026-10-04T03:07:47.1836181Z [31m[Nest] 3724  - [39m10/04/2026, 3:07:47 AM [31m  ERROR[39m [38;5;3m[CommunityVoiceService] [39m[31mvoice note 44444444-4444-4444-4444-444444444444: erasure attempt failed after commit (erasure table timeout); VoiceErasureService retries it[39m
2026-10-04T03:07:47.2176146Z PASS src/community/voice/__tests__/community-voice.service.spec.ts
2026-10-04T03:07:47.2260519Z [33m[Nest] 3724  - [39m10/04/2026, 3:07:47 AM [33m   WARN[39m [38;5;3m[CommunityVoiceService] [39m[33mvoice publish refused: storage key shape[39m
2026-10-04T03:07:47.2264786Z [33m[Nest] 3724  - [39m10/04/2026, 3:07:47 AM [33m   WARN[39m [38;5;3m[CommunityVoiceService] [39m[33mvoice note 44444444-4444-4444-4444-444444444444: recording removal not yet verified; erasure recorded and retried by VoiceErasureService[39m
2026-10-04T03:07:47.7164836Z PASS test/clone-program.spec.ts
2026-10-04T03:07:48.2115919Z PASS test/landing-pages.crm-adapters.spec.ts
2026-10-04T03:07:48.4961684Z PASS test/account-deletion/erasure-manifest-coverage.spec.ts
2026-10-04T03:07:49.3535051Z PASS test/landing-pages.public.controller.spec.ts
2026-10-04T03:07:49.7992352Z PASS test/booking-reminder.job.spec.ts
2026-10-04T03:07:49.8287290Z [32m[Nest] 3724  - [39m10/04/2026, 3:07:49 AM [32m    LOG[39m [38;5;3m[SessionReminderJob] [39m[32mreminder sweep kind=booking_reminder_1h scanned=1 dispatched=2 skipped=0[39m
2026-10-04T03:07:49.8290544Z [32m[Nest] 3724  - [39m10/04/2026, 3:07:49 AM [32m    LOG[39m [38;5;3m[SessionReminderJob] [39m[32mreminder sweep kind=booking_reminder_1h scanned=1 dispatched=2 skipped=0[39m
2026-10-04T03:07:49.8294037Z [32m[Nest] 3724  - [39m10/04/2026, 3:07:49 AM [32m    LOG[39m [38;5;3m[SessionReminderJob] [39m[32mreminder sweep kind=booking_reminder_1h scanned=1 dispatched=0 skipped=2[39m
2026-10-04T03:07:49.8296890Z [32m[Nest] 3724  - [39m10/04/2026, 3:07:49 AM [32m    LOG[39m [38;5;3m[SessionReminderJob] [39m[32mreminder sweep kind=booking_reminder_1h scanned=1 dispatched=1 skipped=0[39m
2026-10-04T03:07:49.8299679Z [32m[Nest] 3724  - [39m10/04/2026, 3:07:49 AM [32m    LOG[39m [38;5;3m[SessionReminderJob] [39m[32mreminder sweep kind=booking_reminder_24h scanned=1 dispatched=2 skipped=0[39m
2026-10-04T03:07:49.8302686Z [32m[Nest] 3724  - [39m10/04/2026, 3:07:49 AM [32m    LOG[39m [38;5;3m[SessionReminderJob] [39m[32mreminder sweep kind=booking_reminder_24h scanned=1 dispatched=1 skipped=1[39m
2026-10-04T03:07:49.8313577Z [95m[Nest] 3724  - [39m10/04/2026, 3:07:49 AM [95m  DEBUG[39m [38;5;3m[SessionReminderJob] [39m[95m1h reminder cron skipped — set BOOKING_REMINDERS_ENABLED=on to enable[39m
2026-10-04T03:07:49.8318042Z [95m[Nest] 3724  - [39m10/04/2026, 3:07:49 AM [95m  DEBUG[39m [38;5;3m[SessionReminderJob] [39m[95m24h reminder cron skipped — set BOOKING_REMINDERS_ENABLED=on to enable[39m
2026-10-04T03:07:49.8321187Z [95m[Nest] 3724  - [39m10/04/2026, 3:07:49 AM [95m  DEBUG[39m [38;5;3m[SessionReminderJob] [39m[95m1h reminder cron skipped — set BOOKING_REMINDERS_ENABLED=on to enable[39m
2026-10-04T03:07:49.8323806Z [95m[Nest] 3724  - [39m10/04/2026, 3:07:49 AM [95m  DEBUG[39m [38;5;3m[SessionReminderJob] [39m[95m24h reminder cron skipped — set BOOKING_REMINDERS_ENABLED=on to enable[39m
2026-10-04T03:07:49.8326353Z [95m[Nest] 3724  - [39m10/04/2026, 3:07:49 AM [95m  DEBUG[39m [38;5;3m[SessionReminderJob] [39m[95m1h reminder cron skipped — set BOOKING_REMINDERS_ENABLED=on to enable[39m
2026-10-04T03:07:49.8328781Z [95m[Nest] 3724  - [39m10/04/2026, 3:07:49 AM [95m  DEBUG[39m [38;5;3m[SessionReminderJob] [39m[95m24h reminder cron skipped — set BOOKING_REMINDERS_ENABLED=on to enable[39m
2026-10-04T03:07:49.8331486Z [95m[Nest] 3724  - [39m10/04/2026, 3:07:49 AM [95m  DEBUG[39m [38;5;3m[SessionReminderJob] [39m[95m1h reminder cron skipped — set BOOKING_REMINDERS_ENABLED=on to enable[39m
2026-10-04T03:07:49.8333893Z [95m[Nest] 3724  - [39m10/04/2026, 3:07:49 AM [95m  DEBUG[39m [38;5;3m[SessionReminderJob] [39m[95m24h reminder cron skipped — set BOOKING_REMINDERS_ENABLED=on to enable[39m
2026-10-04T03:07:49.8336522Z [95m[Nest] 3724  - [39m10/04/2026, 3:07:49 AM [95m  DEBUG[39m [38;5;3m[SessionReminderJob] [39m[95m1h reminder cron skipped — set BOOKING_REMINDERS_ENABLED=on to enable[39m
2026-10-04T03:07:49.8339120Z [95m[Nest] 3724  - [39m10/04/2026, 3:07:49 AM [95m  DEBUG[39m [38;5;3m[SessionReminderJob] [39m[95m24h reminder cron skipped — set BOOKING_REMINDERS_ENABLED=on to enable[39m
2026-10-04T03:07:49.8341752Z [95m[Nest] 3724  - [39m10/04/2026, 3:07:49 AM [95m  DEBUG[39m [38;5;3m[SessionReminderJob] [39m[95m1h reminder cron skipped — set BOOKING_REMINDERS_ENABLED=on to enable[39m
2026-10-04T03:07:49.8344687Z [95m[Nest] 3724  - [39m10/04/2026, 3:07:49 AM [95m  DEBUG[39m [38;5;3m[SessionReminderJob] [39m[95m24h reminder cron skipped — set BOOKING_REMINDERS_ENABLED=on to enable[39m
2026-10-04T03:07:49.8347299Z [95m[Nest] 3724  - [39m10/04/2026, 3:07:49 AM [95m  DEBUG[39m [38;5;3m[SessionReminderJob] [39m[95m1h reminder cron skipped — set BOOKING_REMINDERS_ENABLED=on to enable[39m
2026-10-04T03:07:49.8349849Z [95m[Nest] 3724  - [39m10/04/2026, 3:07:49 AM [95m  DEBUG[39m [38;5;3m[SessionReminderJob] [39m[95m24h reminder cron skipped — set BOOKING_REMINDERS_ENABLED=on to enable[39m
2026-10-04T03:07:49.8352879Z [32m[Nest] 3724  - [39m10/04/2026, 3:07:49 AM [32m    LOG[39m [38;5;3m[SessionReminderJob] [39m[32mreminder sweep kind=booking_reminder_1h scanned=1 dispatched=2 skipped=0[39m
2026-10-04T03:07:49.8355553Z [32m[Nest] 3724  - [39m10/04/2026, 3:07:49 AM [32m    LOG[39m [38;5;3m[SessionReminderJob] [39m[32mreminder sweep kind=booking_reminder_24h scanned=1 dispatched=2 skipped=0[39m
2026-10-04T03:07:49.8358473Z [32m[Nest] 3724  - [39m10/04/2026, 3:07:49 AM [32m    LOG[39m [38;5;3m[SessionReminderJob] [39m[32mreminder sweep kind=booking_reminder_24h scanned=1 dispatched=0 skipped=2[39m
2026-10-04T03:07:49.8361275Z [32m[Nest] 3724  - [39m10/04/2026, 6:07:49 AM [32m    LOG[39m [38;5;3m[SessionReminderJob] [39m[32mreminder sweep kind=booking_reminder_24h scanned=1 dispatched=2 skipped=0[39m
2026-10-04T03:07:49.8363897Z [32m[Nest] 3724  - [39m10/04/2026, 3:07:49 AM [32m    LOG[39m [38;5;3m[SessionReminderJob] [39m[32mreminder sweep kind=booking_reminder_24h scanned=1 dispatched=2 skipped=0[39m
2026-10-04T03:07:49.8366473Z [32m[Nest] 3724  - [39m10/04/2026, 3:07:49 AM [32m    LOG[39m [38;5;3m[SessionReminderJob] [39m[32mreminder sweep kind=booking_reminder_24h scanned=1 dispatched=2 skipped=0[39m
2026-10-04T03:07:49.8369091Z [32m[Nest] 3724  - [39m10/04/2026, 3:07:49 AM [32m    LOG[39m [38;5;3m[SessionReminderJob] [39m[32mreminder sweep kind=booking_reminder_24h scanned=1 dispatched=0 skipped=2[39m
2026-10-04T03:07:49.8371864Z [32m[Nest] 3724  - [39m10/04/2026, 3:07:49 AM [32m    LOG[39m [38;5;3m[SessionReminderJob] [39m[32mreminder sweep kind=booking_reminder_1h scanned=1 dispatched=0 skipped=2[39m
2026-10-04T03:07:49.8374651Z [33m[Nest] 3724  - [39m10/04/2026, 3:07:49 AM [33m   WARN[39m [38;5;3m[SessionReminderJob] [39m[33mreminder claim failed: session=sess-dberr user=client-1 kind=booking_reminder_1h err=Error[39m
2026-10-04T03:07:49.8377505Z [33m[Nest] 3724  - [39m10/04/2026, 3:07:49 AM [33m   WARN[39m [38;5;3m[SessionReminderJob] [39m[33mreminder claim failed: session=sess-dberr user=coach-1 kind=booking_reminder_1h err=Error[39m
2026-10-04T03:07:49.8380197Z [32m[Nest] 3724  - [39m10/04/2026, 3:07:49 AM [32m    LOG[39m [38;5;3m[SessionReminderJob] [39m[32mreminder sweep kind=booking_reminder_1h scanned=1 dispatched=0 skipped=2[39m
2026-10-04T03:07:50.0982758Z PASS test/scout/reconstruct/native/person-writer.spec.ts
2026-10-04T03:07:50.5310180Z PASS test/v1-coach.service.spec.ts
2026-10-04T03:07:51.2035297Z PASS test/coach-home-daily-rings.controller.spec.ts
2026-10-04T03:07:51.2760788Z [33m[Nest] 3724  - [39m10/04/2026, 3:07:51 AM [33m   WARN[39m [38;5;3m[AnalyticsService] [39m[33mPOSTHOG_KEY not set — analytics are disabled (no-op mode).[39m
2026-10-04T03:07:51.2773162Z [33m[Nest] 3724  - [39m10/04/2026, 3:07:51 AM [33m   WARN[39m [38;5;3m[AnalyticsService] [39m[33mPOSTHOG_KEY not set — analytics are disabled (no-op mode).[39m
2026-10-04T03:07:51.2780252Z [33m[Nest] 3724  - [39m10/04/2026, 3:07:51 AM [33m   WARN[39m [38;5;3m[AnalyticsService] [39m[33mPOSTHOG_KEY not set — analytics are disabled (no-op mode).[39m
2026-10-04T03:07:51.5057049Z PASS test/custom-domain.service.spec.ts
2026-10-04T03:07:51.5828236Z PASS test/mwb-3-autosave.controller.spec.ts (12.471 s)
2026-10-04T03:07:51.5898641Z   ● Console
2026-10-04T03:07:51.5899100Z 
2026-10-04T03:07:51.5899461Z     console.warn
2026-10-04T03:07:51.5901387Z       [mwb3-autosave.controller] MWB3_TEST_DATABASE_URL not set — live authorization + conflict suite skipped.
2026-10-04T03:07:51.5902416Z 
2026-10-04T03:07:51.5903116Z     [0m [90m 217 |[39m [36mif[39m ([33m![39m[33mTEST_DB_URL[39m) {
2026-10-04T03:07:51.5904201Z      [90m 218 |[39m   [90m// eslint-disable-next-line no-console[39m
2026-10-04T03:07:51.5905281Z     [31m[1m>[22m[39m[90m 219 |[39m   console[33m.[39mwarn(
2026-10-04T03:07:51.5906254Z      [90m     |[39m           [31m[1m^[22m[39m
2026-10-04T03:07:51.5907627Z      [90m 220 |[39m     [32m'[mwb3-autosave.controller] MWB3_TEST_DATABASE_URL not set — live '[39m [33m+[39m
2026-10-04T03:07:51.5909118Z      [90m 221 |[39m       [32m'authorization + conflict suite skipped.'[39m[33m,[39m
2026-10-04T03:07:51.5910177Z      [90m 222 |[39m   )[33m;[39m[0m
2026-10-04T03:07:51.5911315Z 
2026-10-04T03:07:51.5911988Z       at Object.<anonymous> (test/mwb-3-autosave.controller.spec.ts:219:11)
2026-10-04T03:07:51.5914565Z [33m[Nest] 3724  - [39m10/04/2026, 3:07:51 AM [33m   WARN[39m [38;5;3m[CustomDomainService] [39m[33mverify(): custom_domain swapped during DNS window for page page-1 (verified=verified.example.com); refusing to stamp verified_at.[39m
2026-10-04T03:07:51.5916342Z 
2026-10-04T03:07:52.2803939Z [31m[Nest] 3724  - [39m10/04/2026, 3:07:52 AM [31m  ERROR[39m [38;5;3m[RomanService] [39m[31mroman.delete_failed session=s_today stage=read: DatabaseRequestError: Database request failed (P2024)[39m
2026-10-04T03:07:52.2871320Z [31m[Nest] 3724  - [39m10/04/2026, 3:07:52 AM [31m  ERROR[39m [38;5;3m[RomanService] [39m[31mroman.delete_failed session=s_today stage=erase: DatabaseRequestError: Database request failed (P2024)[39m
2026-10-04T03:07:52.3119018Z [31m[Nest] 3724  - [39m10/04/2026, 3:07:52 AM [31m  ERROR[39m [38;5;3m[RomanService] [39m[31mroman.delete_all_failed stage=read erased_before=0: DatabaseRequestError: Database request failed (P2024)[39m
2026-10-04T03:07:52.3134265Z [31m[Nest] 3724  - [39m10/04/2026, 3:07:52 AM [31m  ERROR[39m [38;5;3m[RomanService] [39m[31mroman.delete_all_failed stage=read erased_before=1: DatabaseRequestError: Database request failed (P2024)[39m
2026-10-04T03:07:52.3137814Z [31m[Nest] 3724  - [39m10/04/2026, 3:07:52 AM [31m  ERROR[39m [38;5;3m[RomanService] [39m[31mroman.delete_all_failed session=s_today erased_before=0: DatabaseRequestError: Database request failed (P2024)[39m
2026-10-04T03:07:52.3160279Z [31m[Nest] 3724  - [39m10/04/2026, 3:07:52 AM [31m  ERROR[39m [38;5;3m[RomanService] [39m[31mroman.delete_all_failed stage=count erased_before=50: DatabaseRequestError: Database request failed (P2024)[39m
2026-10-04T03:07:52.3376322Z PASS test/roman/roman-chats.controller.spec.ts
2026-10-04T03:07:52.4285477Z PASS test/admin-controller-hygiene.spec.ts
2026-10-04T03:07:53.7268125Z [33m[Nest] 3724  - [39m10/04/2026, 3:07:53 AM [33m   WARN[39m [38;5;3m[SubCoachScopeService] [39m[33msub-coach scope: user=buyer has role=coach and coach_id=seller but no membership relation (TeamSubCoachAssignment / SubCoachAssignment); treating as head coach of own roster, NOT as a sub-coach[39m
2026-10-04T03:07:53.7303891Z [33m[Nest] 3724  - [39m10/04/2026, 3:07:53 AM [33m   WARN[39m [38;5;3m[SubCoachScopeService] [39m[33msub-coach scope: user=tagged has role=coach and coach_id=seller but no membership relation (TeamSubCoachAssignment / SubCoachAssignment); treating as head coach of own roster, NOT as a sub-coach[39m
2026-10-04T03:07:53.7334088Z [33m[Nest] 3724  - [39m10/04/2026, 3:07:53 AM [33m   WARN[39m [38;5;3m[SubCoachScopeService] [39m[33msub-coach scope: user=buyer has role=coach and coach_id=seller but no membership relation (TeamSubCoachAssignment / SubCoachAssignment); treating as head coach of own roster, NOT as a sub-coach[39m
2026-10-04T03:07:53.8295407Z [33m[Nest] 3724  - [39m10/04/2026, 3:07:53 AM [33m   WARN[39m [38;5;3m[SubCoachScopeService] [39m[33msub-coach scope: user=buyer has role=coach and coach_id=seller but no membership relation (TeamSubCoachAssignment / SubCoachAssignment); treating as head coach of own roster, NOT as a sub-coach[39m
2026-10-04T03:07:53.8434517Z [33m[Nest] 3724  - [39m10/04/2026, 3:07:53 AM [33m   WARN[39m [38;5;3m[SubCoachScopeService] [39m[33msub-coach scope: user=tagged has role=coach and coach_id=seller but no membership relation (TeamSubCoachAssignment / SubCoachAssignment); treating as head coach of own roster, NOT as a sub-coach[39m
2026-10-04T03:07:53.8463951Z [33m[Nest] 3724  - [39m10/04/2026, 3:07:53 AM [33m   WARN[39m [38;5;3m[SubCoachScopeService] [39m[33msub-coach scope: user=buyer has role=coach and coach_id=seller but no membership relation (TeamSubCoachAssignment / SubCoachAssignment); treating as head coach of own roster, NOT as a sub-coach[39m
2026-10-04T03:07:53.8493883Z [33m[Nest] 3724  - [39m10/04/2026, 3:07:53 AM [33m   WARN[39m [38;5;3m[SubCoachScopeService] [39m[33msub-coach scope: user=tagged has role=coach and coach_id=seller but no membership relation (TeamSubCoachAssignment / SubCoachAssignment); treating as head coach of own roster, NOT as a sub-coach[39m
2026-10-04T03:07:53.8498680Z [33m[Nest] 3724  - [39m10/04/2026, 3:07:53 AM [33m   WARN[39m [38;5;3m[SubCoachScopeService] [39m[33msub-coach scope: user=team-coach has role=coach and coach_id=head but no membership relation (TeamSubCoachAssignment / SubCoachAssignment); treating as head coach of own roster, NOT as a sub-coach[39m
2026-10-04T03:07:53.8533936Z [33m[Nest] 3724  - [39m10/04/2026, 3:07:53 AM [33m   WARN[39m [38;5;3m[SubCoachScopeService] [39m[33msub-coach scope: user=buyer has role=coach and coach_id=seller but no membership relation (TeamSubCoachAssignment / SubCoachAssignment); treating as head coach of own roster, NOT as a sub-coach[39m
2026-10-04T03:07:53.8573949Z [33m[Nest] 3724  - [39m10/04/2026, 3:07:53 AM [33m   WARN[39m [38;5;3m[SubCoachScopeService] [39m[33msub-coach scope: user=tagged has role=coach and coach_id=seller but no membership relation (TeamSubCoachAssignment / SubCoachAssignment); treating as head coach of own roster, NOT as a sub-coach[39m
2026-10-04T03:07:53.8613823Z [33m[Nest] 3724  - [39m10/04/2026, 3:07:53 AM [33m   WARN[39m [38;5;3m[SubCoachScopeService] [39m[33msub-coach scope: user=buyer has role=coach and coach_id=seller but no membership relation (TeamSubCoachAssignment / SubCoachAssignment); treating as head coach of own roster, NOT as a sub-coach[39m
2026-10-04T03:07:53.8636039Z [33m[Nest] 3724  - [39m10/04/2026, 3:07:53 AM [33m   WARN[39m [38;5;3m[SubCoachScopeService] [39m[33msub-coach scope: user=tagged has role=coach and coach_id=seller but no membership relation (TeamSubCoachAssignment / SubCoachAssignment); treating as head coach of own roster, NOT as a sub-coach[39m
2026-10-04T03:07:53.8654214Z [33m[Nest] 3724  - [39m10/04/2026, 3:07:53 AM [33m   WARN[39m [38;5;3m[SubCoachScopeService] [39m[33msub-coach scope: user=team-coach has role=coach and coach_id=head but no membership relation (TeamSubCoachAssignment / SubCoachAssignment); treating as head coach of own roster, NOT as a sub-coach[39m
2026-10-04T03:07:53.8658462Z [33m[Nest] 3724  - [39m10/04/2026, 3:07:53 AM [33m   WARN[39m [38;5;3m[SubCoachScopeService] [39m[33msub-coach scope: user=tagged has role=coach and coach_id=seller but no membership relation (TeamSubCoachAssignment / SubCoachAssignment); treating as head coach of own roster, NOT as a sub-coach[39m
2026-10-04T03:07:53.8663122Z [33m[Nest] 3724  - [39m10/04/2026, 3:07:53 AM [33m   WARN[39m [38;5;3m[SubCoachScopeService] [39m[33msub-coach scope: user=buyer has role=coach and coach_id=seller but no membership relation (TeamSubCoachAssignment / SubCoachAssignment); treating as head coach of own roster, NOT as a sub-coach[39m
2026-10-04T03:07:53.8667722Z [33m[Nest] 3724  - [39m10/04/2026, 3:07:53 AM [33m   WARN[39m [38;5;3m[SubCoachScopeService] [39m[33msub-coach scope: user=buyer has role=coach and coach_id=seller but no membership relation (TeamSubCoachAssignment / SubCoachAssignment); treating as head coach of own roster, NOT as a sub-coach[39m
2026-10-04T03:07:53.9406499Z [33m[Nest] 3724  - [39m10/04/2026, 3:07:53 AM [33m   WARN[39m [38;5;3m[SubCoachScopeService] [39m[33msub-coach scope: user=tagged has role=coach and coach_id=seller but no membership relation (TeamSubCoachAssignment / SubCoachAssignment); treating as head coach of own roster, NOT as a sub-coach[39m
2026-10-04T03:07:53.9441753Z PASS test/onboarding-audit-regressions.spec.ts
2026-10-04T03:07:53.9444800Z [33m[Nest] 3724  - [39m10/04/2026, 3:07:53 AM [33m   WARN[39m [38;5;3m[SubCoachScopeService] [39m[33msub-coach scope: user=tagged has role=coach and coach_id=seller but no membership relation (TeamSubCoachAssignment / SubCoachAssignment); treating as head coach of own roster, NOT as a sub-coach[39m
2026-10-04T03:07:53.9475469Z [33m[Nest] 3724  - [39m10/04/2026, 3:07:53 AM [33m   WARN[39m [38;5;3m[InviteCodesService] [39m[33mattach refused: user=client already attached to a different coach (re-parent is not a side effect of code entry)[39m
2026-10-04T03:07:53.9478421Z [95m[Nest] 3724  - [39m10/04/2026, 3:07:53 AM [95m  DEBUG[39m [38;5;3m[InviteCodesService] [39m[95mattach no-op: user=client already attached to coach=head-B[39m
2026-10-04T03:07:56.8832480Z PASS test/scout/s10/s10-unseen.e2e.spec.ts
2026-10-04T03:07:57.7084117Z PASS test/roman/roman.controller.spec.ts
2026-10-04T03:07:58.0358087Z PASS src/talent-marketplace/__tests__/apply.service.spec.ts
2026-10-04T03:07:58.5869539Z PASS test/auth-apple.spec.ts
2026-10-04T03:07:58.6446810Z [33m[Nest] 3730  - [39m10/04/2026, 3:07:58 AM [33m   WARN[39m [38;5;3m[AuthService] [39m[33mapple token verify failed: signature mismatch[39m
2026-10-04T03:07:58.6449986Z [33m[Nest] 3730  - [39m10/04/2026, 3:07:58 AM [33m   WARN[39m [38;5;3m[AuthService] [39m[33mappleAuth: no raw_nonce provided — token replay protection not active for this sign-in[39m
2026-10-04T03:07:58.6453103Z [33m[Nest] 3730  - [39m10/04/2026, 3:07:58 AM [33m   WARN[39m [38;5;3m[AuthService] [39m[33mappleAuth: no raw_nonce provided — token replay protection not active for this sign-in[39m
2026-10-04T03:07:58.6455616Z [33m[Nest] 3730  - [39m10/04/2026, 3:07:58 AM [33m   WARN[39m [38;5;3m[AuthService] [39m[33msupabase signInWithIdToken(apple) failed: invalid token[39m
2026-10-04T03:07:58.6458162Z [33m[Nest] 3730  - [39m10/04/2026, 3:07:58 AM [33m   WARN[39m [38;5;3m[AuthService] [39m[33mappleAuth: no raw_nonce provided — token replay protection not active for this sign-in[39m
2026-10-04T03:07:58.6461060Z [33m[Nest] 3730  - [39m10/04/2026, 3:07:58 AM [33m   WARN[39m [38;5;3m[AuthService] [39m[33mappleAuth: no raw_nonce provided — token replay protection not active for this sign-in[39m
2026-10-04T03:07:58.6463805Z [33m[Nest] 3730  - [39m10/04/2026, 3:07:58 AM [33m   WARN[39m [38;5;3m[AuthService] [39m[33mappleAuth: no raw_nonce provided — token replay protection not active for this sign-in[39m
2026-10-04T03:07:58.6466505Z [33m[Nest] 3730  - [39m10/04/2026, 3:07:58 AM [33m   WARN[39m [38;5;3m[AuthService] [39m[33mappleAuth: no raw_nonce provided — token replay protection not active for this sign-in[39m
2026-10-04T03:07:58.6469024Z [33m[Nest] 3730  - [39m10/04/2026, 3:07:58 AM [33m   WARN[39m [38;5;3m[AuthService] [39m[33mappleAuth: no raw_nonce provided — token replay protection not active for this sign-in[39m
2026-10-04T03:07:58.6471725Z [33m[Nest] 3730  - [39m10/04/2026, 3:07:58 AM [33m   WARN[39m [38;5;3m[AuthService] [39m[33mappleAuth invite_code attach failed for user=local-1 code=attach_failed: not found[39m
2026-10-04T03:07:59.4252410Z PASS test/ci/audit-gate.spec.ts (5.451 s)
2026-10-04T03:08:00.9593295Z PASS test/prod-readiness/fly-env-classifier.spec.ts
2026-10-04T03:08:01.3536398Z PASS test/ci/dependency-audit.spec.ts
2026-10-04T03:08:01.4896921Z PASS src/talent-marketplace/__tests__/admin-applications.service.spec.ts
2026-10-04T03:08:02.0979865Z PASS test/scout/reconstruct/mapping-spec.spec.ts
2026-10-04T03:08:03.5241468Z PASS test/wearables/connector-registry.spec.ts
2026-10-04T03:08:03.9702302Z PASS test/meal-plans-dedup.spec.ts
2026-10-04T03:08:04.4956143Z PASS src/talent-marketplace/__tests__/public-listing.service.spec.ts
2026-10-04T03:08:04.6905177Z PASS test/ci/r75-gate.spec.ts (19.059 s)
2026-10-04T03:08:05.1023493Z [31m[Nest] 3723  - [39m10/04/2026, 3:08:05 AM [31m  ERROR[39m [38;5;3m[InviteCodesService] [39m[31mpreviewCode failed (prisma:P2024): connection pool timeout[39m
2026-10-04T03:08:05.1062695Z [31m[Nest] 3723  - [39m10/04/2026, 3:08:05 AM [31m  ERROR[39m [38;5;3m[InviteCodesService] [39m[31mpreviewCode failed (unknown): boom[39m
2026-10-04T03:08:05.1431381Z PASS test/invite-codes.service.spec.ts
2026-10-04T03:08:05.1617287Z [33m[Nest] 3723  - [39m10/04/2026, 3:08:05 AM [33m   WARN[39m [38;5;3m[InviteCodesService] [39m[33minvite code collision on GP-CZATWE, retrying[39m
2026-10-04T03:08:05.1642766Z [33m[Nest] 3723  - [39m10/04/2026, 3:08:05 AM [33m   WARN[39m [38;5;3m[InviteCodesService] [39m[33minvite code collision on GP-CHYQD9, retrying[39m
2026-10-04T03:08:05.1663674Z [33m[Nest] 3723  - [39m10/04/2026, 3:08:05 AM [33m   WARN[39m [38;5;3m[InviteCodesService] [39m[33mattach refused: user=owner-1 role=owner tried to redeem a client invite code (not a student)[39m
2026-10-04T03:08:05.3482454Z PASS test/scout/induction/test-only-exclusion.spec.ts
2026-10-04T03:08:05.5402185Z PASS test/dunning-v2-service.spec.ts
2026-10-04T03:08:05.8745320Z [32m[Nest] 3730  - [39m10/04/2026, 3:08:05 AM [32m    LOG[39m [38;5;3m[TalentConnectWebhookService] [39m[32maccount.updated evt_acct_1 processed acct=acct_123 onboarded=true[39m
2026-10-04T03:08:05.8748653Z [32m[Nest] 3730  - [39m10/04/2026, 3:08:05 AM [32m    LOG[39m [38;5;3m[TalentConnectWebhookService] [39m[32maccount.updated evt_acct_1 processed acct=acct_123 onboarded=false[39m
2026-10-04T03:08:05.8752301Z [32m[Nest] 3730  - [39m10/04/2026, 3:08:05 AM [32m    LOG[39m [38;5;3m[TalentConnectWebhookService] [39m[32maccount.updated evt_acct_1 processed acct=acct_123 onboarded=true[39m
2026-10-04T03:08:05.8755287Z [33m[Nest] 3730  - [39m10/04/2026, 3:08:05 AM [33m   WARN[39m [38;5;3m[TalentConnectWebhookService] [39m[33maccount.updated evt_acct_1 missing account id in payload[39m
2026-10-04T03:08:05.9403878Z [31m[Nest] 3723  - [39m10/04/2026, 3:08:05 AM [31m  ERROR[39m [38;5;3m[TeamModeService] [39m[31mStripe seat removal failed for assignment=asn-1: stripe_unavailable[39m
2026-10-04T03:08:05.9584614Z PASS test/team-mode-service.spec.ts
2026-10-04T03:08:05.9822169Z PASS test/talent-connect-webhook.spec.ts
2026-10-04T03:08:06.0242898Z PASS test/rate-limit.spec.ts
2026-10-04T03:08:06.1073113Z [33m[Nest] 3724  - [39m10/04/2026, 3:08:06 AM [33m   WARN[39m [38;5;3m[ThrottlerExceptionFilter] [39mObject(7) {
2026-10-04T03:08:06.1101881Z   message: [32m'throttler.rejected'[39m,
2026-10-04T03:08:06.1103183Z   userId: [1mnull[22m,
2026-10-04T03:08:06.1103899Z   ip: [32m'203.0.113.1'[39m,
2026-10-04T03:08:06.1104619Z   path: [32m'[unmatched]'[39m,
2026-10-04T03:08:06.1105292Z   method: [32m'POST'[39m,
2026-10-04T03:08:06.1105941Z   limit: [32m'enforced'[39m,
2026-10-04T03:08:06.1106566Z   ttl: [33m3600[39m
2026-10-04T03:08:06.1107092Z }
2026-10-04T03:08:06.1108341Z [33m[Nest] 3724  - [39m10/04/2026, 3:08:06 AM [33m   WARN[39m [38;5;3m[ThrottlerExceptionFilter] [39mObject(7) {
2026-10-04T03:08:06.1109512Z   message: [32m'throttler.rejected'[39m,
2026-10-04T03:08:06.1110221Z   userId: [1mnull[22m,
2026-10-04T03:08:06.1111087Z   ip: [32m'203.0.113.1'[39m,
2026-10-04T03:08:06.1111833Z   path: [32m'[unmatched]'[39m,
2026-10-04T03:08:06.1112500Z   method: [32m'GET'[39m,
2026-10-04T03:08:06.1113166Z   limit: [32m'enforced'[39m,
2026-10-04T03:08:06.1113809Z   ttl: [33m3600[39m
2026-10-04T03:08:06.1114333Z }
2026-10-04T03:08:06.1117033Z [32m[Nest] 3724  - [39m10/04/2026, 3:08:06 AM [32m    LOG[39m [38;5;3m[ThrottlerConfig] [39m[32mREDIS_URL not set -- using in-memory throttler tracker. Limits do NOT cross Fly machines.[39m
2026-10-04T03:08:06.1120009Z [32m[Nest] 3724  - [39m10/04/2026, 3:08:06 AM [32m    LOG[39m [38;5;3m[ThrottlerConfig] [39m[32mREDIS_URL not set -- using in-memory throttler tracker. Limits do NOT cross Fly machines.[39m
2026-10-04T03:08:06.1123215Z [32m[Nest] 3724  - [39m10/04/2026, 3:08:06 AM [32m    LOG[39m [38;5;3m[ThrottlerConfig] [39m[32mREDIS_URL not set -- using in-memory throttler tracker. Limits do NOT cross Fly machines.[39m
2026-10-04T03:08:06.6994873Z PASS src/talent-marketplace/__tests__/admin-moderation.service.spec.ts
2026-10-04T03:08:07.1062263Z PASS test/scheduling.service.spec.ts
2026-10-04T03:08:08.3553607Z [32m[Nest] 3723  - [39m10/04/2026, 3:08:08 AM [32m    LOG[39m [38;5;3m[ScoutReconstructService] [39m[32mscout.reconstruct completed {"intent_id":"intent-1","coach_id":"coach-1","staged":3,"reconstructed":3,"skipped":0,"failed":0}[39m
2026-10-04T03:08:08.3610129Z [32m[Nest] 3723  - [39m10/04/2026, 3:08:08 AM [32m    LOG[39m [38;5;3m[ScoutReconstructService] [39m[32mscout.reconstruct completed {"intent_id":"intent-1","coach_id":"coach-1","staged":2,"reconstructed":2,"skipped":0,"failed":0}[39m
2026-10-04T03:08:08.3653136Z [32m[Nest] 3723  - [39m10/04/2026, 3:08:08 AM [32m    LOG[39m [38;5;3m[ScoutReconstructService] [39m[32mscout.reconstruct completed {"intent_id":"intent-1","coach_id":"coach-1","staged":2,"reconstructed":2,"skipped":0,"failed":0}[39m
2026-10-04T03:08:08.3713555Z [32m[Nest] 3723  - [39m10/04/2026, 3:08:08 AM [32m    LOG[39m [38;5;3m[ScoutReconstructService] [39m[32mscout.reconstruct completed {"intent_id":"intent-1","coach_id":"coach-1","staged":1,"reconstructed":1,"skipped":0,"failed":0}[39m
2026-10-04T03:08:08.3803637Z [32m[Nest] 3723  - [39m10/04/2026, 3:08:08 AM [32m    LOG[39m [38;5;3m[ScoutReconstructService] [39m[32mscout.reconstruct completed {"intent_id":"intent-1","coach_id":"coach-1","staged":2,"reconstructed":1,"skipped":1,"failed":0}[39m
2026-10-04T03:08:08.3863752Z [33m[Nest] 3723  - [39m10/04/2026, 3:08:08 AM [33m   WARN[39m [38;5;3m[ScoutReconstructService] [39m[33mscout.reconstruct completed with failures {"intent_id":"intent-1","coach_id":"coach-1","staged":3,"reconstructed":2,"skipped":0,"failed":1}[39m
2026-10-04T03:08:08.3923538Z [32m[Nest] 3723  - [39m10/04/2026, 3:08:08 AM [32m    LOG[39m [38;5;3m[ScoutReconstructService] [39m[32mscout.reconstruct completed {"intent_id":"intent-1","coach_id":"coach-1","staged":1,"reconstructed":1,"skipped":0,"failed":0}[39m
2026-10-04T03:08:08.3993305Z [32m[Nest] 3723  - [39m10/04/2026, 3:08:08 AM [32m    LOG[39m [38;5;3m[ScoutReconstructService] [39m[32mscout.reconstruct completed {"intent_id":"intent-1","coach_id":"coach-1","staged":1,"reconstructed":1,"skipped":0,"failed":0}[39m
2026-10-04T03:08:08.4633846Z [32m[Nest] 3723  - [39m10/04/2026, 3:08:08 AM [32m    LOG[39m [38;5;3m[ScoutReconstructService] [39m[32mscout.reconstruct completed {"intent_id":"intent-1","coach_id":"coach-7","staged":1,"reconstructed":1,"skipped":0,"failed":0}[39m
2026-10-04T03:08:08.4685209Z [32m[Nest] 3723  - [39m10/04/2026, 3:08:08 AM [32m    LOG[39m [38;5;3m[ScoutReconstructService] [39m[32mscout.reconstruct completed {"intent_id":"intent-1","coach_id":"coach-1","staged":3,"reconstructed":3,"skipped":0,"failed":0}[39m
2026-10-04T03:08:08.4732019Z PASS test/scout/reconstruct/scout-reconstruct.families.spec.ts
2026-10-04T03:08:08.4734511Z [32m[Nest] 3723  - [39m10/04/2026, 3:08:08 AM [32m    LOG[39m [38;5;3m[ScoutReconstructService] [39m[32mscout.reconstruct completed {"intent_id":"intent-1","coach_id":"coach-1","staged":2,"reconstructed":2,"skipped":0,"failed":0}[39m
2026-10-04T03:08:08.4803402Z [32m[Nest] 3723  - [39m10/04/2026, 3:08:08 AM [32m    LOG[39m [38;5;3m[ScoutReconstructService] [39m[32mscout.reconstruct completed {"intent_id":"intent-1","coach_id":"coach-1","staged":2,"reconstructed":2,"skipped":0,"failed":0}[39m
2026-10-04T03:08:08.4863754Z [32m[Nest] 3723  - [39m10/04/2026, 3:08:08 AM [32m    LOG[39m [38;5;3m[ScoutReconstructService] [39m[32mscout.reconstruct completed {"intent_id":"intent-1","coach_id":"coach-1","staged":1,"reconstructed":1,"skipped":0,"failed":0}[39m
2026-10-04T03:08:08.4923317Z [32m[Nest] 3723  - [39m10/04/2026, 3:08:08 AM [32m    LOG[39m [38;5;3m[ScoutReconstructService] [39m[32mscout.reconstruct completed {"intent_id":"intent-1","coach_id":"coach-1","staged":2,"reconstructed":1,"skipped":1,"failed":0}[39m
2026-10-04T03:08:08.4953349Z [33m[Nest] 3723  - [39m10/04/2026, 3:08:08 AM [33m   WARN[39m [38;5;3m[ScoutReconstructService] [39m[33mscout.reconstruct completed with failures {"intent_id":"intent-1","coach_id":"coach-1","staged":3,"reconstructed":2,"skipped":0,"failed":1}[39m
2026-10-04T03:08:08.5043348Z [32m[Nest] 3723  - [39m10/04/2026, 3:08:08 AM [32m    LOG[39m [38;5;3m[ScoutReconstructService] [39m[32mscout.reconstruct completed {"intent_id":"intent-1","coach_id":"coach-1","staged":1,"reconstructed":1,"skipped":0,"failed":0}[39m
2026-10-04T03:08:08.5123150Z [32m[Nest] 3723  - [39m10/04/2026, 3:08:08 AM [32m    LOG[39m [38;5;3m[ScoutReconstructService] [39m[32mscout.reconstruct completed {"intent_id":"intent-1","coach_id":"coach-1","staged":1,"reconstructed":1,"skipped":0,"failed":0}[39m
2026-10-04T03:08:08.5183188Z [32m[Nest] 3723  - [39m10/04/2026, 3:08:08 AM [32m    LOG[39m [38;5;3m[ScoutReconstructService] [39m[32mscout.reconstruct completed {"intent_id":"intent-1","coach_id":"coach-7","staged":1,"reconstructed":1,"skipped":0,"failed":0}[39m
2026-10-04T03:08:08.5253283Z [32m[Nest] 3723  - [39m10/04/2026, 3:08:08 AM [32m    LOG[39m [38;5;3m[ScoutReconstructService] [39m[32mscout.reconstruct completed {"intent_id":"intent-1","coach_id":"coach-1","staged":2,"reconstructed":2,"skipped":0,"failed":0}[39m
2026-10-04T03:08:08.5303240Z [32m[Nest] 3723  - [39m10/04/2026, 3:08:08 AM [32m    LOG[39m [38;5;3m[ScoutReconstructService] [39m[32mscout.reconstruct completed {"intent_id":"intent-1","coach_id":"coach-1","staged":2,"reconstructed":2,"skipped":0,"failed":0}[39m
2026-10-04T03:08:08.5394321Z [32m[Nest] 3723  - [39m10/04/2026, 3:08:08 AM [32m    LOG[39m [38;5;3m[ScoutReconstructService] [39m[32mscout.reconstruct completed {"intent_id":"intent-1","coach_id":"coach-1","staged":1,"reconstructed":1,"skipped":0,"failed":0}[39m
2026-10-04T03:08:09.6745715Z PASS test/packages-pricing-http.spec.ts
2026-10-04T03:08:09.8602724Z PASS test/invite-grant-authorization.spec.ts
2026-10-04T03:08:09.9191447Z PASS test/auth/extension-auth.spec.ts
2026-10-04T03:08:09.9663284Z [33m[Nest] 3730  - [39m10/04/2026, 3:08:09 AM [33m   WARN[39m [38;5;3m[AuthService] [39m[33mextension refresh rejected: token expired[39m
2026-10-04T03:08:09.9692877Z [33m[Nest] 3730  - [39m10/04/2026, 3:08:09 AM [33m   WARN[39m [38;5;3m[AuthService] [39m[33mextension refresh rejected: no session returned[39m
2026-10-04T03:08:10.3058935Z PASS test/scout/scout-diagnostics-boundary.spec.ts
2026-10-04T03:08:10.3753280Z PASS src/talent-marketplace/__tests__/specialty-alerts.spec.ts
2026-10-04T03:08:10.8789049Z PASS test/community/ack/community-v2-2-ack.e2e.spec.ts
2026-10-04T03:08:10.9172329Z PASS test/check-ins.service.spec.ts
2026-10-04T03:08:11.1116012Z PASS test/scout/scout-cursor.spec.ts
2026-10-04T03:08:11.4403896Z PASS test/common/pilot-coach-allowlist.spec.ts
2026-10-04T03:08:11.4869367Z [33m[Nest] 3724  - [39m10/04/2026, 3:08:11 AM [33m   WARN[39m [38;5;3m[PilotCoachAllowlistGuard] [39m[33mFEATURE_SCOUT_PILOT_COACH_IDS ignored: entry position(s) 1 are not UUIDs. The pilot allowlist is treated as EMPTY (no coach is admitted).[39m
2026-10-04T03:08:11.4894290Z [33m[Nest] 3724  - [39m10/04/2026, 3:08:11 AM [33m   WARN[39m [38;5;3m[PilotCoachAllowlistGuard] [39m[33mFEATURE_SCOUT_PILOT_COACH_IDS ignored: entry position(s) 2 are not UUIDs. The pilot allowlist is treated as EMPTY (no coach is admitted).[39m
2026-10-04T03:08:11.7119075Z PASS test/community/safety/community-ugc-round6.spec.ts
2026-10-04T03:08:11.7282552Z [31m[Nest] 3723  - [39m10/04/2026, 3:08:11 AM [31m  ERROR[39m [38;5;3m[AiGatewayService] [39m[31mAI audit write failed for capability=chat.client_self: audit table down[39m
2026-10-04T03:08:11.8004106Z PASS test/ai-gateway.service.spec.ts
2026-10-04T03:08:11.8043408Z [33m[Nest] 3730  - [39m10/04/2026, 3:08:11 AM [33m   WARN[39m [38;5;3m[VoiceUploadProvider] [39m[33mvoice erasure check inconclusive: status=none code=400 message=Bad request[39m
2026-10-04T03:08:11.8072983Z [33m[Nest] 3730  - [39m10/04/2026, 3:08:11 AM [33m   WARN[39m [38;5;3m[VoiceUploadProvider] [39m[33mvoice erasure check inconclusive: status=none code=400 message=Bad request[39m
2026-10-04T03:08:11.8103751Z [33m[Nest] 3730  - [39m10/04/2026, 3:08:11 AM [33m   WARN[39m [38;5;3m[VoiceErasureService] [39m[33mvoice erasure 66214f06-70ae-4318-bbe6-e5495070abdc (object) not yet verified after 2 attempt(s): storage_remove_failed; retry scheduled[39m
2026-10-04T03:08:11.8162852Z [32m[Nest] 3730  - [39m10/04/2026, 3:08:11 AM [32m    LOG[39m [38;5;3m[VoiceErasureService] [39m[32mvoice erasure retry: completed=0 pending=1[39m
2026-10-04T03:08:11.8165419Z [32m[Nest] 3723  - [39m10/04/2026, 3:08:11 AM [32m    LOG[39m [38;5;3m[AiEgressService] [39m[32mai_egress.refused surface=gateway reason=no_live_grant clients=1 missing=1[39m
2026-10-04T03:08:11.8167865Z [32m[Nest] 3723  - [39m10/04/2026, 3:08:11 AM [32m    LOG[39m [38;5;3m[AiEgressService] [39m[32mai_egress.refused surface=gateway reason=no_live_grant clients=1 missing=1[39m
2026-10-04T03:08:11.8170392Z [33m[Nest] 3723  - [39m10/04/2026, 3:08:11 AM [33m   WARN[39m [38;5;3m[AiEgressService] [39m[33mai_egress.consent_read_failed (treated as no grant)[39m
2026-10-04T03:08:11.8173084Z [32m[Nest] 3723  - [39m10/04/2026, 3:08:11 AM [32m    LOG[39m [38;5;3m[AiEgressService] [39m[32mai_egress.refused surface=gateway reason=no_live_grant clients=1 missing=1[39m
2026-10-04T03:08:11.8175708Z [32m[Nest] 3723  - [39m10/04/2026, 3:08:11 AM [32m    LOG[39m [38;5;3m[AiEgressService] [39m[32mai_egress.refused surface=gateway reason=no_live_grant clients=1 missing=1[39m
2026-10-04T03:08:11.8178354Z [32m[Nest] 3723  - [39m10/04/2026, 3:08:11 AM [32m    LOG[39m [38;5;3m[AiEgressService] [39m[32mai_egress.refused surface=gateway reason=no_live_grant clients=1 missing=1[39m
2026-10-04T03:08:12.2191380Z [33m[Nest] 3730  - [39m10/04/2026, 3:08:12 AM [33m   WARN[39m [38;5;3m[ApplicantTrackingService] [39m[33mStage idempotency replay response was malformed[39m
2026-10-04T03:08:12.2492290Z PASS src/talent-marketplace/__tests__/applicant-tracking.service.spec.ts
2026-10-04T03:08:12.3882365Z PASS test/scout/scout-ingest.service.spec.ts
2026-10-04T03:08:12.8412389Z PASS test/scout/lifecycle/s11b-settle-redrive.spec.ts
2026-10-04T03:08:14.4621857Z PASS test/ci/schema-parity-gate.spec.ts
2026-10-04T03:08:15.0306332Z PASS test/checkout-webhook-fee-split.spec.ts
2026-10-04T03:08:15.0361614Z PASS test/scout/orchestration/settle-hook.spec.ts
2026-10-04T03:08:15.1246211Z [32m[Nest] 3723  - [39m10/04/2026, 3:08:15 AM [32m    LOG[39m [38;5;3m[DunningService] [39m[32m{"event":"dunning.attempt_scheduled","purchase_id":"p1","dunning_state_id":"d-1","step_index":0,"scheduled_for":"2026-10-04T03:08:15.020Z","kind":"soft"}[39m
2026-10-04T03:08:15.1273612Z [32m[Nest] 3723  - [39m10/04/2026, 3:08:15 AM [32m    LOG[39m [38;5;3m[DunningService] [39m[32m{"event":"dunning.attempt_scheduled","purchase_id":"p1","dunning_state_id":"d-1","step_index":1,"scheduled_for":"2026-10-07T03:08:15.020Z","kind":"urgent"}[39m
2026-10-04T03:08:15.1296394Z [32m[Nest] 3723  - [39m10/04/2026, 3:08:15 AM [32m    LOG[39m [38;5;3m[DunningService] [39m[32m{"event":"dunning.attempt_scheduled","purchase_id":"p1","dunning_state_id":"d-1","step_index":2,"scheduled_for":"2026-10-11T03:08:15.020Z","kind":"final"}[39m
2026-10-04T03:08:15.1301209Z [32m[Nest] 3723  - [39m10/04/2026, 3:08:15 AM [32m    LOG[39m [38;5;3m[DunningService] [39m[32m{"event":"dunning.attempt_scheduled","purchase_id":"p1","dunning_state_id":"d-1","step_index":3,"scheduled_for":"2026-10-18T03:08:15.020Z","kind":"cancelled"}[39m
2026-10-04T03:08:15.1304838Z [32m[Nest] 3723  - [39m10/04/2026, 3:08:15 AM [32m    LOG[39m [38;5;3m[DunningService] [39m[32m{"event":"dunning.opened","purchase_id":"p1","dunning_state_id":"d-1","invoice_id":"in_1","amount_cents":9900,"attempt_number":1}[39m
2026-10-04T03:08:15.1307774Z [32m[Nest] 3723  - [39m10/04/2026, 3:08:15 AM [32m    LOG[39m [38;5;3m[DunningService] [39m[32m{"event":"dunning.recovered","purchase_id":"p1","dunning_state_id":"d1"}[39m
2026-10-04T03:08:15.2775809Z PASS test/restore-schema-declared-objects-migration.spec.ts
2026-10-04T03:08:15.5452835Z PASS test/landing-pages.public.service.spec.ts
2026-10-04T03:08:15.6223341Z [33m[Nest] 3723  - [39m10/04/2026, 3:08:15 AM [33m   WARN[39m [38;5;3m[LandingPagePublicService] [39m[33mlead-sync enqueue failed for lead-1: Error: redis down[39m
2026-10-04T03:08:16.1646814Z PASS test/scout/reconstruct/mapping-spec.third-source.spec.ts
2026-10-04T03:08:16.2624155Z [32m[Nest] 3723  - [39m10/04/2026, 3:08:16 AM [32m    LOG[39m [38;5;3m[ScoutReconstructService] [39m[32mscout.reconstruct completed {"intent_id":"intent-1","coach_id":"coach-1","staged":3,"reconstructed":2,"skipped":1,"failed":0}[39m
2026-10-04T03:08:16.2653667Z [32m[Nest] 3723  - [39m10/04/2026, 3:08:16 AM [32m    LOG[39m [38;5;3m[ScoutReconstructService] [39m[32mscout.reconstruct completed {"intent_id":"intent-1","coach_id":"coach-1","staged":1,"reconstructed":1,"skipped":0,"failed":0}[39m
2026-10-04T03:08:16.2693547Z [32m[Nest] 3723  - [39m10/04/2026, 3:08:16 AM [32m    LOG[39m [38;5;3m[ScoutReconstructService] [39m[32mscout.reconstruct completed {"intent_id":"intent-1","coach_id":"coach-1","staged":3,"reconstructed":2,"skipped":1,"failed":0}[39m
2026-10-04T03:08:16.4243030Z PASS test/account-deletion/manifest-fk-order.spec.ts
2026-10-04T03:08:16.7019786Z [33m[Nest] 3724  - [39m10/04/2026, 3:08:16 AM [33m   WARN[39m [38;5;3m[VoiceUploadProvider] [39m[33mvoice erasure check inconclusive: status=400 code=400 message=Bad request[39m
2026-10-04T03:08:16.7057809Z [33m[Nest] 3724  - [39m10/04/2026, 3:08:16 AM [33m   WARN[39m [38;5;3m[VoiceUploadProvider] [39m[33mvoice erasure check inconclusive: status=400 code=404 message=Bucket not found[39m
2026-10-04T03:08:16.7062905Z [33m[Nest] 3724  - [39m10/04/2026, 3:08:16 AM [33m   WARN[39m [38;5;3m[VoiceUploadProvider] [39m[33mvoice erasure check inconclusive: status=400 code=403 message=invalid signature[39m
2026-10-04T03:08:16.7077184Z [33m[Nest] 3724  - [39m10/04/2026, 3:08:16 AM [33m   WARN[39m [38;5;3m[VoiceUploadProvider] [39m[33mvoice erasure check inconclusive: status=401 code=401 message=Invalid Compact JWS[39m
2026-10-04T03:08:16.7102976Z [33m[Nest] 3724  - [39m10/04/2026, 3:08:16 AM [33m   WARN[39m [38;5;3m[VoiceUploadProvider] [39m[33mvoice erasure check inconclusive: status=403 code=403 message=new row violates row-level security policy[39m
2026-10-04T03:08:16.7119448Z [33m[Nest] 3724  - [39m10/04/2026, 3:08:16 AM [33m   WARN[39m [38;5;3m[VoiceUploadProvider] [39m[33mvoice erasure check inconclusive: status=500 code=500 message=Internal Server Error[39m
2026-10-04T03:08:16.7153041Z [33m[Nest] 3724  - [39m10/04/2026, 3:08:16 AM [33m   WARN[39m [38;5;3m[VoiceUploadProvider] [39m[33mvoice erasure check inconclusive: status=503 code=503 message=HTTP 503 error[39m
2026-10-04T03:08:16.7173009Z [33m[Nest] 3724  - [39m10/04/2026, 3:08:16 AM [33m   WARN[39m [38;5;3m[VoiceUploadProvider] [39m[33mvoice erasure check inconclusive: status=404 code=404 message=HTTP 404 error[39m
2026-10-04T03:08:16.7175672Z [33m[Nest] 3724  - [39m10/04/2026, 3:08:16 AM [33m   WARN[39m [38;5;3m[VoiceUploadProvider] [39m[33mvoice erasure check inconclusive: status=404 code=404 message=Not found[39m
2026-10-04T03:08:16.7179026Z [33m[Nest] 3724  - [39m10/04/2026, 3:08:16 AM [33m   WARN[39m [38;5;3m[VoiceUploadProvider] [39m[33mvoice erasure check inconclusive: status=none code=none message=fetch failed[39m
2026-10-04T03:08:16.7181905Z [33m[Nest] 3724  - [39m10/04/2026, 3:08:16 AM [33m   WARN[39m [38;5;3m[VoiceUploadProvider] [39m[33mvoice erasure check inconclusive: status=400 code=400 message=Bad request[39m
2026-10-04T03:08:16.7184609Z [33m[Nest] 3724  - [39m10/04/2026, 3:08:16 AM [33m   WARN[39m [38;5;3m[VoiceUploadProvider] [39m[33mvoice erasure check inconclusive: status=400 code=404 message=Bucket not found[39m
2026-10-04T03:08:16.7187262Z [33m[Nest] 3724  - [39m10/04/2026, 3:08:16 AM [33m   WARN[39m [38;5;3m[VoiceUploadProvider] [39m[33mvoice erasure check inconclusive: status=400 code=403 message=invalid signature[39m
2026-10-04T03:08:16.8063564Z [33m[Nest] 3724  - [39m10/04/2026, 3:08:16 AM [33m   WARN[39m [38;5;3m[VoiceUploadProvider] [39m[33mvoice erasure check inconclusive: status=401 code=401 message=Invalid Compact JWS[39m
2026-10-04T03:08:16.8067134Z [33m[Nest] 3724  - [39m10/04/2026, 3:08:16 AM [33m   WARN[39m [38;5;3m[VoiceUploadProvider] [39m[33mvoice erasure check inconclusive: status=403 code=403 message=new row violates row-level security policy[39m
2026-10-04T03:08:16.8070416Z [33m[Nest] 3724  - [39m10/04/2026, 3:08:16 AM [33m   WARN[39m [38;5;3m[VoiceUploadProvider] [39m[33mvoice erasure check inconclusive: status=500 code=500 message=Internal Server Error[39m
2026-10-04T03:08:16.8073903Z [33m[Nest] 3724  - [39m10/04/2026, 3:08:16 AM [33m   WARN[39m [38;5;3m[VoiceUploadProvider] [39m[33mvoice erasure check inconclusive: status=503 code=503 message=HTTP 503 error[39m
2026-10-04T03:08:16.8076952Z [33m[Nest] 3724  - [39m10/04/2026, 3:08:16 AM [33m   WARN[39m [38;5;3m[VoiceUploadProvider] [39m[33mvoice erasure check inconclusive: status=404 code=404 message=HTTP 404 error[39m
2026-10-04T03:08:16.8079858Z [33m[Nest] 3724  - [39m10/04/2026, 3:08:16 AM [33m   WARN[39m [38;5;3m[VoiceUploadProvider] [39m[33mvoice erasure check inconclusive: status=404 code=404 message=Not found[39m
2026-10-04T03:08:16.8082970Z [33m[Nest] 3724  - [39m10/04/2026, 3:08:16 AM [33m   WARN[39m [38;5;3m[VoiceUploadProvider] [39m[33mvoice erasure check inconclusive: status=none code=none message=fetch failed[39m
2026-10-04T03:08:16.8085669Z [33m[Nest] 3724  - [39m10/04/2026, 3:08:16 AM [33m   WARN[39m [38;5;3m[VoiceUploadProvider] [39m[33mvoice erasure bucket check failed: Bucket not found[39m
2026-10-04T03:08:16.8088196Z [33m[Nest] 3724  - [39m10/04/2026, 3:08:16 AM [33m   WARN[39m [38;5;3m[VoiceUploadProvider] [39m[33mvoice erasure bucket check failed: Internal Server Error[39m
2026-10-04T03:08:16.8090744Z [33m[Nest] 3724  - [39m10/04/2026, 3:08:16 AM [33m   WARN[39m [38;5;3m[VoiceUploadProvider] [39m[33mvoice erasure bucket check failed: fetch failed[39m
2026-10-04T03:08:16.8093449Z [33m[Nest] 3724  - [39m10/04/2026, 3:08:16 AM [33m   WARN[39m [38;5;3m[VoiceUploadProvider] [39m[33mvoice erasure bucket check failed: Bucket not found[39m
2026-10-04T03:08:16.8525423Z PASS src/community/voice/__tests__/voice-erasure-verification.spec.ts
2026-10-04T03:08:16.9126004Z [33m[Nest] 3724  - [39m10/04/2026, 3:08:16 AM [33m   WARN[39m [38;5;3m[VoiceUploadProvider] [39m[33mvoice erasure check inconclusive: status=none code=none message=fetch failed[39m
2026-10-04T03:08:16.9153421Z [33m[Nest] 3724  - [39m10/04/2026, 3:08:16 AM [33m   WARN[39m [38;5;3m[VoiceUploadProvider] [39m[33mvoice erasure check inconclusive: status=400 code=400 message=Bad request[39m
2026-10-04T03:08:16.9183847Z [33m[Nest] 3724  - [39m10/04/2026, 3:08:16 AM [33m   WARN[39m [38;5;3m[VoiceErasureService] [39m[33mvoice erasure e5d0e34c-3711-4368-a80c-25b3206f03cd (object) not yet verified after 2 attempt(s): storage_check_unavailable; retry scheduled[39m
2026-10-04T03:08:16.9193134Z [32m[Nest] 3724  - [39m10/04/2026, 3:08:16 AM [32m    LOG[39m [38;5;3m[VoiceErasureService] [39m[32mvoice erasure retry: completed=0 pending=1[39m
2026-10-04T03:08:16.9199853Z PASS test/throttler-isolation.spec.ts
2026-10-04T03:08:16.9201798Z [33m[Nest] 3724  - [39m10/04/2026, 3:08:16 AM [33m   WARN[39m [38;5;3m[VoiceUploadProvider] [39m[33mvoice erasure bucket check failed: Bucket not found[39m
2026-10-04T03:08:16.9204847Z [33m[Nest] 3724  - [39m10/04/2026, 3:08:16 AM [33m   WARN[39m [38;5;3m[VoiceErasureService] [39m[33mvoice erasure e5d0e34c-3711-4368-a80c-25b3206f03cd (object) not yet verified after 3 attempt(s): storage_check_unavailable; retry scheduled[39m
2026-10-04T03:08:16.9207509Z [32m[Nest] 3724  - [39m10/04/2026, 3:08:16 AM [32m    LOG[39m [38;5;3m[VoiceErasureService] [39m[32mvoice erasure retry: completed=0 pending=1[39m
2026-10-04T03:08:16.9209612Z [32m[Nest] 3724  - [39m10/04/2026, 3:08:16 AM [32m    LOG[39m [38;5;3m[VoiceErasureService] [39m[32mvoice erasure retry: completed=1 pending=0[39m
2026-10-04T03:08:16.9212017Z [33m[Nest] 3724  - [39m10/04/2026, 3:08:16 AM [33m   WARN[39m [38;5;3m[VoiceUploadProvider] [39m[33mvoice erasure bucket check failed: Bucket not found[39m
2026-10-04T03:08:16.9214140Z [32m[Nest] 3724  - [39m10/04/2026, 3:08:16 AM [32m    LOG[39m [38;5;3m[VoiceErasureService] [39m[32mvoice erasure retry: completed=1 pending=0[39m
2026-10-04T03:08:17.2982223Z PASS test/leaderboard.service.spec.ts
2026-10-04T03:08:17.5989833Z PASS test/coach-brief.controller.spec.ts
2026-10-04T03:08:17.9012175Z PASS test/auth-become-coach.spec.ts
2026-10-04T03:08:18.1230666Z PASS test/landing-pages.e2e.spec.ts
2026-10-04T03:08:18.2886089Z PASS src/notifications/__tests__/coach-first-payment.service.spec.ts
2026-10-04T03:08:18.5742584Z [31m[Nest] 3724  - [39m10/04/2026, 3:08:18 AM [31m  ERROR[39m [38;5;3m[ProviderHttpClient] [39m[31m[garmin.refresh] attempt 1/4 permanent failure (status=401)[39m
2026-10-04T03:08:18.6187979Z [31m[Nest] 3724  - [39m10/04/2026, 3:08:18 AM [31m  ERROR[39m [38;5;3m[ProviderHttpClient] [39m[31m[garmin.backfill.dailies] exhausted 4 attempts (lastStatus=503)[39m
2026-10-04T03:08:18.6192826Z [31m[Nest] 3724  - [39m10/04/2026, 3:08:18 AM [31m  ERROR[39m [38;5;3m[ProviderHttpClient] [39m[31m[garmin.backfill.sleeps] exhausted 4 attempts (lastStatus=503)[39m
2026-10-04T03:08:18.6195594Z [31m[Nest] 3724  - [39m10/04/2026, 3:08:18 AM [31m  ERROR[39m [38;5;3m[ProviderHttpClient] [39m[31m[garmin.backfill.hrv] exhausted 4 attempts (lastStatus=503)[39m
2026-10-04T03:08:18.6198357Z [31m[Nest] 3724  - [39m10/04/2026, 3:08:18 AM [31m  ERROR[39m [38;5;3m[ProviderHttpClient] [39m[31m[garmin.backfill.activities] exhausted 4 attempts (lastStatus=503)[39m
2026-10-04T03:08:18.6202420Z [31m[Nest] 3724  - [39m10/04/2026, 3:08:18 AM [31m  ERROR[39m [38;5;3m[ProviderHttpClient] [39m[31m[garmin.backfill.bodyComps] exhausted 4 attempts (lastStatus=503)[39m
2026-10-04T03:08:18.6292679Z [31m[Nest] 3724  - [39m10/04/2026, 3:08:18 AM [31m  ERROR[39m [38;5;3m[GarminConnector] [39m[31mgarmin.verifyWebhook: no GARMIN_PUSH_TOKEN configured — failing closed[39m
2026-10-04T03:08:18.6545408Z [32m[Nest] 3724  - [39m10/04/2026, 3:08:18 AM [32m    LOG[39m [38;5;3m[ProviderHttpClient] [39m[32m[garmin.exchangeCode] attempt 1/4 succeeded (status=200)[39m
2026-10-04T03:08:18.6573669Z [32m[Nest] 3724  - [39m10/04/2026, 3:08:18 AM [32m    LOG[39m [38;5;3m[ProviderHttpClient] [39m[32m[garmin.exchangeCode] attempt 1/4 succeeded (status=200)[39m
2026-10-04T03:08:18.6603462Z [32m[Nest] 3724  - [39m10/04/2026, 3:08:18 AM [32m    LOG[39m [38;5;3m[ProviderHttpClient] [39m[32m[garmin.refresh] attempt 1/4 succeeded (status=200)[39m
2026-10-04T03:08:18.6633545Z [32m[Nest] 3724  - [39m10/04/2026, 3:08:18 AM [32m    LOG[39m [38;5;3m[ProviderHttpClient] [39m[32m[garmin.backfill.dailies] attempt 1/4 succeeded (status=200)[39m
2026-10-04T03:08:18.6649590Z PASS test/wearables/connectors/garmin/garmin.connector.spec.ts
2026-10-04T03:08:18.6663454Z [32m[Nest] 3724  - [39m10/04/2026, 3:08:18 AM [32m    LOG[39m [38;5;3m[ProviderHttpClient] [39m[32m[garmin.backfill.sleeps] attempt 1/4 succeeded (status=200)[39m
2026-10-04T03:08:18.6669700Z [32m[Nest] 3724  - [39m10/04/2026, 3:08:18 AM [32m    LOG[39m [38;5;3m[ProviderHttpClient] [39m[32m[garmin.backfill.hrv] attempt 1/4 succeeded (status=200)[39m
2026-10-04T03:08:18.6712933Z [32m[Nest] 3724  - [39m10/04/2026, 3:08:18 AM [32m    LOG[39m [38;5;3m[ProviderHttpClient] [39m[32m[garmin.backfill.activities] attempt 1/4 succeeded (status=200)[39m
2026-10-04T03:08:18.6715400Z [32m[Nest] 3724  - [39m10/04/2026, 3:08:18 AM [32m    LOG[39m [38;5;3m[ProviderHttpClient] [39m[32m[garmin.backfill.bodyComps] attempt 1/4 succeeded (status=200)[39m
2026-10-04T03:08:18.6717756Z [32m[Nest] 3724  - [39m10/04/2026, 3:08:18 AM [32m    LOG[39m [38;5;3m[ProviderHttpClient] [39m[32m[garmin.backfill.dailies] attempt 1/4 succeeded (status=200)[39m
2026-10-04T03:08:18.6720153Z [32m[Nest] 3724  - [39m10/04/2026, 3:08:18 AM [32m    LOG[39m [38;5;3m[ProviderHttpClient] [39m[32m[garmin.backfill.sleeps] attempt 1/4 succeeded (status=200)[39m
2026-10-04T03:08:18.6722689Z [32m[Nest] 3724  - [39m10/04/2026, 3:08:18 AM [32m    LOG[39m [38;5;3m[ProviderHttpClient] [39m[32m[garmin.backfill.hrv] attempt 1/4 succeeded (status=200)[39m
2026-10-04T03:08:18.6725001Z [32m[Nest] 3724  - [39m10/04/2026, 3:08:18 AM [32m    LOG[39m [38;5;3m[ProviderHttpClient] [39m[32m[garmin.backfill.activities] attempt 1/4 succeeded (status=200)[39m
2026-10-04T03:08:18.6727389Z [32m[Nest] 3724  - [39m10/04/2026, 3:08:18 AM [32m    LOG[39m [38;5;3m[ProviderHttpClient] [39m[32m[garmin.backfill.bodyComps] attempt 1/4 succeeded (status=200)[39m
2026-10-04T03:08:18.6729763Z [32m[Nest] 3724  - [39m10/04/2026, 3:08:18 AM [32m    LOG[39m [38;5;3m[ProviderHttpClient] [39m[32m[garmin.backfill.dailies] attempt 1/4 succeeded (status=200)[39m
2026-10-04T03:08:18.6732420Z [32m[Nest] 3724  - [39m10/04/2026, 3:08:18 AM [32m    LOG[39m [38;5;3m[ProviderHttpClient] [39m[32m[garmin.backfill.sleeps] attempt 1/4 succeeded (status=200)[39m
2026-10-04T03:08:18.6734629Z [32m[Nest] 3724  - [39m10/04/2026, 3:08:18 AM [32m    LOG[39m [38;5;3m[ProviderHttpClient] [39m[32m[garmin.backfill.hrv] attempt 1/4 succeeded (status=200)[39m
2026-10-04T03:08:18.6737045Z [32m[Nest] 3724  - [39m10/04/2026, 3:08:18 AM [32m    LOG[39m [38;5;3m[ProviderHttpClient] [39m[32m[garmin.backfill.activities] attempt 1/4 succeeded (status=200)[39m
2026-10-04T03:08:18.6739448Z [32m[Nest] 3724  - [39m10/04/2026, 3:08:18 AM [32m    LOG[39m [38;5;3m[ProviderHttpClient] [39m[32m[garmin.backfill.bodyComps] attempt 1/4 succeeded (status=200)[39m
2026-10-04T03:08:18.6764559Z [33m[Nest] 3724  - [39m10/04/2026, 3:08:18 AM [33m   WARN[39m [38;5;3m[ProviderHttpClient] [39m[33m[garmin.backfill.dailies] attempt 1/4 transient failure (status=503)[39m
2026-10-04T03:08:18.6767019Z [95m[Nest] 3724  - [39m10/04/2026, 3:08:18 AM [95m  DEBUG[39m [38;5;3m[ProviderHttpClient] [39m[95m[garmin.backfill.dailies] backing off 250ms before retry[39m
2026-10-04T03:08:18.6769502Z [33m[Nest] 3724  - [39m10/04/2026, 3:08:18 AM [33m   WARN[39m [38;5;3m[ProviderHttpClient] [39m[33m[garmin.backfill.sleeps] attempt 1/4 transient failure (status=503)[39m
2026-10-04T03:08:18.6772102Z [95m[Nest] 3724  - [39m10/04/2026, 3:08:18 AM [95m  DEBUG[39m [38;5;3m[ProviderHttpClient] [39m[95m[garmin.backfill.sleeps] backing off 250ms before retry[39m
2026-10-04T03:08:18.6774454Z [33m[Nest] 3724  - [39m10/04/2026, 3:08:18 AM [33m   WARN[39m [38;5;3m[ProviderHttpClient] [39m[33m[garmin.backfill.hrv] attempt 1/4 transient failure (status=503)[39m
2026-10-04T03:08:18.6776741Z [95m[Nest] 3724  - [39m10/04/2026, 3:08:18 AM [95m  DEBUG[39m [38;5;3m[ProviderHttpClient] [39m[95m[garmin.backfill.hrv] backing off 250ms before retry[39m
2026-10-04T03:08:18.6779569Z [33m[Nest] 3724  - [39m10/04/2026, 3:08:18 AM [33m   WARN[39m [38;5;3m[ProviderHttpClient] [39m[33m[garmin.backfill.activities] attempt 1/4 transient failure (status=503)[39m
2026-10-04T03:08:18.6782463Z [95m[Nest] 3724  - [39m10/04/2026, 3:08:18 AM [95m  DEBUG[39m [38;5;3m[ProviderHttpClient] [39m[95m[garmin.backfill.activities] backing off 250ms before retry[39m
2026-10-04T03:08:18.6784941Z [33m[Nest] 3724  - [39m10/04/2026, 3:08:18 AM [33m   WARN[39m [38;5;3m[ProviderHttpClient] [39m[33m[garmin.backfill.bodyComps] attempt 1/4 transient failure (status=503)[39m
2026-10-04T03:08:18.6787421Z [95m[Nest] 3724  - [39m10/04/2026, 3:08:18 AM [95m  DEBUG[39m [38;5;3m[ProviderHttpClient] [39m[95m[garmin.backfill.bodyComps] backing off 250ms before retry[39m
2026-10-04T03:08:18.6789888Z [33m[Nest] 3724  - [39m10/04/2026, 3:08:18 AM [33m   WARN[39m [38;5;3m[ProviderHttpClient] [39m[33m[garmin.backfill.dailies] attempt 2/4 transient failure (status=503)[39m
2026-10-04T03:08:18.6813105Z [95m[Nest] 3724  - [39m10/04/2026, 3:08:18 AM [95m  DEBUG[39m [38;5;3m[ProviderHttpClient] [39m[95m[garmin.backfill.dailies] backing off 500ms before retry[39m
2026-10-04T03:08:18.6815728Z [33m[Nest] 3724  - [39m10/04/2026, 3:08:18 AM [33m   WARN[39m [38;5;3m[ProviderHttpClient] [39m[33m[garmin.backfill.sleeps] attempt 2/4 transient failure (status=503)[39m
2026-10-04T03:08:18.6818311Z [95m[Nest] 3724  - [39m10/04/2026, 3:08:18 AM [95m  DEBUG[39m [38;5;3m[ProviderHttpClient] [39m[95m[garmin.backfill.sleeps] backing off 500ms before retry[39m
2026-10-04T03:08:18.6821167Z [33m[Nest] 3724  - [39m10/04/2026, 3:08:18 AM [33m   WARN[39m [38;5;3m[ProviderHttpClient] [39m[33m[garmin.backfill.hrv] attempt 2/4 transient failure (status=503)[39m
2026-10-04T03:08:18.6823661Z [95m[Nest] 3724  - [39m10/04/2026, 3:08:18 AM [95m  DEBUG[39m [38;5;3m[ProviderHttpClient] [39m[95m[garmin.backfill.hrv] backing off 500ms before retry[39m
2026-10-04T03:08:18.6826231Z [33m[Nest] 3724  - [39m10/04/2026, 3:08:18 AM [33m   WARN[39m [38;5;3m[ProviderHttpClient] [39m[33m[garmin.backfill.activities] attempt 2/4 transient failure (status=503)[39m
2026-10-04T03:08:18.6828957Z [95m[Nest] 3724  - [39m10/04/2026, 3:08:18 AM [95m  DEBUG[39m [38;5;3m[ProviderHttpClient] [39m[95m[garmin.backfill.activities] backing off 500ms before retry[39m
2026-10-04T03:08:18.6831811Z [33m[Nest] 3724  - [39m10/04/2026, 3:08:18 AM [33m   WARN[39m [38;5;3m[ProviderHttpClient] [39m[33m[garmin.backfill.bodyComps] attempt 2/4 transient failure (status=503)[39m
2026-10-04T03:08:18.6834329Z [95m[Nest] 3724  - [39m10/04/2026, 3:08:18 AM [95m  DEBUG[39m [38;5;3m[ProviderHttpClient] [39m[95m[garmin.backfill.bodyComps] backing off 500ms before retry[39m
2026-10-04T03:08:18.6836901Z [33m[Nest] 3724  - [39m10/04/2026, 3:08:18 AM [33m   WARN[39m [38;5;3m[ProviderHttpClient] [39m[33m[garmin.backfill.dailies] attempt 3/4 transient failure (status=503)[39m
2026-10-04T03:08:18.6839403Z [95m[Nest] 3724  - [39m10/04/2026, 3:08:18 AM [95m  DEBUG[39m [38;5;3m[ProviderHttpClient] [39m[95m[garmin.backfill.dailies] backing off 1000ms before retry[39m
2026-10-04T03:08:18.6842254Z [33m[Nest] 3724  - [39m10/04/2026, 3:08:18 AM [33m   WARN[39m [38;5;3m[ProviderHttpClient] [39m[33m[garmin.backfill.sleeps] attempt 3/4 transient failure (status=503)[39m
2026-10-04T03:08:18.6844763Z [95m[Nest] 3724  - [39m10/04/2026, 3:08:18 AM [95m  DEBUG[39m [38;5;3m[ProviderHttpClient] [39m[95m[garmin.backfill.sleeps] backing off 1000ms before retry[39m
2026-10-04T03:08:18.6847236Z [33m[Nest] 3724  - [39m10/04/2026, 3:08:18 AM [33m   WARN[39m [38;5;3m[ProviderHttpClient] [39m[33m[garmin.backfill.hrv] attempt 3/4 transient failure (status=503)[39m
2026-10-04T03:08:18.6849687Z [95m[Nest] 3724  - [39m10/04/2026, 3:08:18 AM [95m  DEBUG[39m [38;5;3m[ProviderHttpClient] [39m[95m[garmin.backfill.hrv] backing off 1000ms before retry[39m
2026-10-04T03:08:18.6852447Z [33m[Nest] 3724  - [39m10/04/2026, 3:08:18 AM [33m   WARN[39m [38;5;3m[ProviderHttpClient] [39m[33m[garmin.backfill.activities] attempt 3/4 transient failure (status=503)[39m
2026-10-04T03:08:18.6855760Z [95m[Nest] 3724  - [39m10/04/2026, 3:08:18 AM [95m  DEBUG[39m [38;5;3m[ProviderHttpClient] [39m[95m[garmin.backfill.activities] backing off 1000ms before retry[39m
2026-10-04T03:08:18.6858423Z [33m[Nest] 3724  - [39m10/04/2026, 3:08:18 AM [33m   WARN[39m [38;5;3m[ProviderHttpClient] [39m[33m[garmin.backfill.bodyComps] attempt 3/4 transient failure (status=503)[39m
2026-10-04T03:08:18.6861313Z [95m[Nest] 3724  - [39m10/04/2026, 3:08:18 AM [95m  DEBUG[39m [38;5;3m[ProviderHttpClient] [39m[95m[garmin.backfill.bodyComps] backing off 1000ms before retry[39m
2026-10-04T03:08:18.6863910Z [33m[Nest] 3724  - [39m10/04/2026, 3:08:18 AM [33m   WARN[39m [38;5;3m[ProviderHttpClient] [39m[33m[garmin.backfill.dailies] attempt 4/4 transient failure (status=503)[39m
2026-10-04T03:08:18.6866518Z [33m[Nest] 3724  - [39m10/04/2026, 3:08:18 AM [33m   WARN[39m [38;5;3m[ProviderHttpClient] [39m[33m[garmin.backfill.sleeps] attempt 4/4 transient failure (status=503)[39m
2026-10-04T03:08:18.6869096Z [33m[Nest] 3724  - [39m10/04/2026, 3:08:18 AM [33m   WARN[39m [38;5;3m[ProviderHttpClient] [39m[33m[garmin.backfill.hrv] attempt 4/4 transient failure (status=503)[39m
2026-10-04T03:08:18.6872009Z [33m[Nest] 3724  - [39m10/04/2026, 3:08:18 AM [33m   WARN[39m [38;5;3m[ProviderHttpClient] [39m[33m[garmin.backfill.activities] attempt 4/4 transient failure (status=503)[39m
2026-10-04T03:08:18.6874601Z [33m[Nest] 3724  - [39m10/04/2026, 3:08:18 AM [33m   WARN[39m [38;5;3m[ProviderHttpClient] [39m[33m[garmin.backfill.bodyComps] attempt 4/4 transient failure (status=503)[39m
2026-10-04T03:08:18.9358787Z [31m[Nest] 3730  - [39m10/04/2026, 3:08:18 AM [31m  ERROR[39m [38;5;3m[BillingService] [39m[31mStripe event handler failed event=evt_boom type=customer.subscription.updated: checkout boom[39m
2026-10-04T03:08:18.9675598Z PASS test/billing-checkout-routing.spec.ts
2026-10-04T03:08:19.0180582Z [33m[Nest] 3730  - [39m10/04/2026, 3:08:18 AM [33m   WARN[39m [38;5;3m[BillingService] [39m[33mpayment_intent.succeeded GuestCheckout fallback lookup failed for pi_saas: Cannot read properties of undefined (reading 'findUnique')[39m
2026-10-04T03:08:19.0184913Z [33m[Nest] 3730  - [39m10/04/2026, 3:08:18 AM [33m   WARN[39m [38;5;3m[BillingService] [39m[33mpreResolveReceiptUrl: lookup failed for pi=pi_guest: stripe down[39m
2026-10-04T03:08:19.0187936Z [33m[Nest] 3730  - [39m10/04/2026, 3:08:18 AM [33m   WARN[39m [38;5;3m[BillingService] [39m[33mpreResolveReceiptUrl: lookup failed for pi=pi_guest: stripe down[39m
2026-10-04T03:08:19.3524173Z [31m[Nest] 3724  - [39m10/04/2026, 3:08:19 AM [31m  ERROR[39m [38;5;3m[CommunityVoiceService] [39m[31mvoice note 0c3a03b8-d9fe-41e6-bde9-ffbd12716651: erasure attempt failed after commit (erasure table timeout); VoiceErasureService retries it[39m
2026-10-04T03:08:19.3942080Z PASS test/community/safety/community-ugc-b5.spec.ts
2026-10-04T03:08:19.4854285Z [33m[Nest] 3724  - [39m10/04/2026, 3:08:19 AM [33m   WARN[39m [38;5;3m[CommunityVoiceService] [39m[33mvoice note e1f24ecf-d807-4fdd-be0b-42cbb579adfe: recording removal not yet verified; erasure recorded and retried by VoiceErasureService[39m
2026-10-04T03:08:19.6447100Z PASS test/client-ai-context.service.spec.ts
2026-10-04T03:08:19.7302964Z [33m[Nest] 3730  - [39m10/04/2026, 3:08:19 AM [33m   WARN[39m [38;5;3m[ClientAIContextService] [39m[33mbuildFresh called for unknown userId=ghost[39m
2026-10-04T03:08:20.4593077Z [95m[Nest] 3724  - [39m10/04/2026, 3:08:20 AM [95m  DEBUG[39m [38;5;3m[PurchaseFanoutService] [39m[95mfanout: package=undefined has no contents — purchase=cp-3[39m
2026-10-04T03:08:20.5374754Z PASS test/purchase-fanout-tx-plumbing.spec.ts
2026-10-04T03:08:21.3235473Z [32m[Nest] 3730  - [39m10/04/2026, 3:08:21 AM [32m    LOG[39m [38;5;3m[RegimesService] [39m[32mpromoteFromProgram: program=prog-1 promoted to regime by coach=coach-1[39m
2026-10-04T03:08:21.3293337Z [32m[Nest] 3730  - [39m10/04/2026, 3:08:21 AM [32m    LOG[39m [38;5;3m[RegimesService] [39m[32marchiveRegime: regime=reg-1 archived by coach=coach-1[39m
2026-10-04T03:08:21.3628318Z PASS src/regimes/__tests__/regimes.service.spec.ts
2026-10-04T03:08:22.5123964Z [33m[Nest] 3724  - [39m10/04/2026, 3:08:22 AM [33m   WARN[39m [38;5;3m[CommunityVoiceService] [39m[33mvoice publish refused: storage key shape[39m
2026-10-04T03:08:22.5126322Z [33m[Nest] 3724  - [39m10/04/2026, 3:08:22 AM [33m   WARN[39m [38;5;3m[CommunityVoiceService] [39m[33mvoice publish refused: storage key shape[39m
2026-10-04T03:08:22.5128095Z [33m[Nest] 3724  - [39m10/04/2026, 3:08:22 AM [33m   WARN[39m [38;5;3m[CommunityVoiceService] [39m[33mvoice publish refused: storage key shape[39m
2026-10-04T03:08:22.5129969Z [33m[Nest] 3724  - [39m10/04/2026, 3:08:22 AM [33m   WARN[39m [38;5;3m[CommunityVoiceService] [39m[33mvoice publish refused: storage key shape[39m
2026-10-04T03:08:22.5132020Z [33m[Nest] 3724  - [39m10/04/2026, 3:08:22 AM [33m   WARN[39m [38;5;3m[CommunityVoiceService] [39m[33mvoice publish refused: storage key shape[39m
2026-10-04T03:08:22.6263473Z [33m[Nest] 3724  - [39m10/04/2026, 3:08:22 AM [33m   WARN[39m [38;5;3m[CommunityVoiceService] [39m[33mvoice publish refused: storage key shape[39m
2026-10-04T03:08:22.6323214Z [33m[Nest] 3724  - [39m10/04/2026, 3:08:22 AM [33m   WARN[39m [38;5;3m[CommunityVoiceService] [39m[33mvoice publish refused: storage key shape[39m
2026-10-04T03:08:22.6352716Z [33m[Nest] 3724  - [39m10/04/2026, 3:08:22 AM [33m   WARN[39m [38;5;3m[CommunityVoiceService] [39m[33mvoice publish refused: storage key shape[39m
2026-10-04T03:08:22.6382692Z [33m[Nest] 3724  - [39m10/04/2026, 3:08:22 AM [33m   WARN[39m [38;5;3m[CommunityVoiceService] [39m[33mvoice publish refused: storage key shape[39m
2026-10-04T03:08:22.6442990Z [33m[Nest] 3724  - [39m10/04/2026, 3:08:22 AM [33m   WARN[39m [38;5;3m[CommunityVoiceService] [39m[33mvoice publish refused: storage key shape[39m
2026-10-04T03:08:22.6502783Z [33m[Nest] 3724  - [39m10/04/2026, 3:08:22 AM [33m   WARN[39m [38;5;3m[CommunityVoiceService] [39m[33mvoice publish refused: storage key shape[39m
2026-10-04T03:08:22.6525375Z [33m[Nest] 3724  - [39m10/04/2026, 3:08:22 AM [33m   WARN[39m [38;5;3m[VoiceUploadProvider] [39m[33mvoice signed-download refused: key failed the canonical check[39m
2026-10-04T03:08:22.7303323Z [33m[Nest] 3724  - [39m10/04/2026, 3:08:22 AM [33m   WARN[39m [38;5;3m[VoiceUploadProvider] [39m[33mvoice signed-download refused: key failed the canonical check[39m
2026-10-04T03:08:22.7373140Z [33m[Nest] 3724  - [39m10/04/2026, 3:08:22 AM [33m   WARN[39m [38;5;3m[VoiceUploadProvider] [39m[33mvoice signed-download refused: key failed the canonical check[39m
2026-10-04T03:08:22.7396211Z [33m[Nest] 3724  - [39m10/04/2026, 3:08:22 AM [33m   WARN[39m [38;5;3m[VoiceUploadProvider] [39m[33mvoice signed-download refused: key failed the canonical check[39m
2026-10-04T03:08:22.7423442Z [33m[Nest] 3724  - [39m10/04/2026, 3:08:22 AM [33m   WARN[39m [38;5;3m[VoiceUploadProvider] [39m[33mvoice signed-download refused: key failed the canonical check[39m
2026-10-04T03:08:22.7426311Z [33m[Nest] 3724  - [39m10/04/2026, 3:08:22 AM [33m   WARN[39m [38;5;3m[VoiceUploadProvider] [39m[33mvoice signed-download refused: key failed the canonical check[39m
2026-10-04T03:08:22.7436399Z [33m[Nest] 3724  - [39m10/04/2026, 3:08:22 AM [33m   WARN[39m [38;5;3m[VoiceUploadProvider] [39m[33mvoice signed-download refused: key failed the canonical check[39m
2026-10-04T03:08:22.7438526Z [33m[Nest] 3724  - [39m10/04/2026, 3:08:22 AM [33m   WARN[39m [38;5;3m[VoiceUploadProvider] [39m[33mvoice signed-download refused: key failed the canonical check[39m
2026-10-04T03:08:22.7440533Z [33m[Nest] 3724  - [39m10/04/2026, 3:08:22 AM [33m   WARN[39m [38;5;3m[VoiceUploadProvider] [39m[33mvoice signed-download refused: key failed the canonical check[39m
2026-10-04T03:08:22.7443568Z [33m[Nest] 3724  - [39m10/04/2026, 3:08:22 AM [33m   WARN[39m [38;5;3m[VoiceUploadProvider] [39m[33mvoice signed-download refused: key failed the canonical check[39m
2026-10-04T03:08:22.7445580Z [33m[Nest] 3724  - [39m10/04/2026, 3:08:22 AM [33m   WARN[39m [38;5;3m[VoiceUploadProvider] [39m[33mvoice signed-download refused: key failed the canonical check[39m
2026-10-04T03:08:22.8302282Z PASS src/community/voice/__tests__/voice-storage-key.spec.ts
2026-10-04T03:08:22.9039848Z [33m[Nest] 3724  - [39m10/04/2026, 3:08:22 AM [33m   WARN[39m [38;5;3m[VoiceUploadProvider] [39m[33mvoice signed-download refused: key failed the canonical check[39m
2026-10-04T03:08:23.9249618Z PASS src/community/ack/ack.service.spec.ts
2026-10-04T03:08:24.8163244Z PASS test/community/schema/community-schema.spec.ts
2026-10-04T03:08:24.9634932Z PASS test/auth-apple-mobile-contract.spec.ts
2026-10-04T03:08:25.4924056Z PASS test/coach-ptm-risk-board.spec.ts
2026-10-04T03:08:25.8105889Z PASS test/profile-put-concurrency.spec.ts
2026-10-04T03:08:26.0080161Z PASS test/common/feature-flag-not-found.bootstrap.spec.ts
2026-10-04T03:08:26.4089728Z PASS test/notification-emitters.spec.ts
2026-10-04T03:08:26.4192803Z [33m[Nest] 3730  - [39m10/04/2026, 3:08:26 AM [33m   WARN[39m [38;5;3m[MilestoneReachedEmitter] [39m[33mMilestoneReachedEmitter failed for user=user-1: DB down[39m
2026-10-04T03:08:26.5748382Z PASS src/community/wearable-prompts/__tests__/wearable-prompts.service.spec.ts
2026-10-04T03:08:26.6122711Z [32m[Nest] 3724  - [39m10/04/2026, 3:08:26 AM [32m    LOG[39m [38;5;3m[WearablePromptsService] [39mObject(5) {
2026-10-04T03:08:26.6124097Z   event: [32m'community_wearable_prompts_generated'[39m,
2026-10-04T03:08:26.6132231Z   workspace_id: [32m'11111111-1111-1111-1111-111111111111'[39m,
2026-10-04T03:08:26.6133452Z   coach_id: [32m'22222222-2222-2222-2222-222222222222'[39m,
2026-10-04T03:08:26.6134461Z   generated_count: [33m0[39m,
2026-10-04T03:08:26.6135349Z   skipped_count: [33m1[39m
2026-10-04T03:08:26.6135989Z }
2026-10-04T03:08:26.6137345Z [32m[Nest] 3724  - [39m10/04/2026, 3:08:26 AM [32m    LOG[39m [38;5;3m[WearablePromptsService] [39mObject(5) {
2026-10-04T03:08:26.6138696Z   event: [32m'community_wearable_prompts_generated'[39m,
2026-10-04T03:08:26.6139819Z   workspace_id: [32m'11111111-1111-1111-1111-111111111111'[39m,
2026-10-04T03:08:26.6141138Z   coach_id: [32m'22222222-2222-2222-2222-222222222222'[39m,
2026-10-04T03:08:26.6142070Z   generated_count: [33m0[39m,
2026-10-04T03:08:26.6142782Z   skipped_count: [33m1[39m
2026-10-04T03:08:26.6143379Z }
2026-10-04T03:08:26.6144486Z [32m[Nest] 3724  - [39m10/04/2026, 3:08:26 AM [32m    LOG[39m [38;5;3m[WearablePromptsService] [39mObject(5) {
2026-10-04T03:08:26.6145861Z   event: [32m'community_wearable_prompts_generated'[39m,
2026-10-04T03:08:26.6147025Z   workspace_id: [32m'11111111-1111-1111-1111-111111111111'[39m,
2026-10-04T03:08:26.6148291Z   coach_id: [32m'22222222-2222-2222-2222-222222222222'[39m,
2026-10-04T03:08:26.6149316Z   generated_count: [33m0[39m,
2026-10-04T03:08:26.6150051Z   skipped_count: [33m1[39m
2026-10-04T03:08:26.6150643Z }
2026-10-04T03:08:26.6152217Z [32m[Nest] 3724  - [39m10/04/2026, 3:08:26 AM [32m    LOG[39m [38;5;3m[WearablePromptsService] [39mObject(5) {
2026-10-04T03:08:26.6153315Z   event: [32m'community_wearable_prompts_generated'[39m,
2026-10-04T03:08:26.6154157Z   workspace_id: [32m'11111111-1111-1111-1111-111111111111'[39m,
2026-10-04T03:08:26.6154959Z   coach_id: [32m'22222222-2222-2222-2222-222222222222'[39m,
2026-10-04T03:08:26.6155610Z   generated_count: [33m0[39m,
2026-10-04T03:08:26.6156095Z   skipped_count: [33m1[39m
2026-10-04T03:08:26.6156485Z }
2026-10-04T03:08:26.6157562Z [32m[Nest] 3724  - [39m10/04/2026, 3:08:26 AM [32m    LOG[39m [38;5;3m[WearablePromptsService] [39mObject(5) {
2026-10-04T03:08:26.6158767Z   event: [32m'community_wearable_prompts_generated'[39m,
2026-10-04T03:08:26.6160207Z   workspace_id: [32m'11111111-1111-1111-1111-111111111111'[39m,
2026-10-04T03:08:26.6161592Z   coach_id: [32m'22222222-2222-2222-2222-222222222222'[39m,
2026-10-04T03:08:26.6162392Z   generated_count: [33m1[39m,
2026-10-04T03:08:26.6162950Z   skipped_count: [33m0[39m
2026-10-04T03:08:26.6163402Z }
2026-10-04T03:08:26.6164550Z [32m[Nest] 3724  - [39m10/04/2026, 3:08:26 AM [32m    LOG[39m [38;5;3m[WearablePromptsService] [39mObject(5) {
2026-10-04T03:08:26.6165693Z   event: [32m'community_wearable_prompts_generated'[39m,
2026-10-04T03:08:26.6166613Z   workspace_id: [32m'11111111-1111-1111-1111-111111111111'[39m,
2026-10-04T03:08:26.6167554Z   coach_id: [32m'22222222-2222-2222-2222-222222222222'[39m,
2026-10-04T03:08:26.6168199Z   generated_count: [33m1[39m,
2026-10-04T03:08:26.6168718Z   skipped_count: [33m0[39m
2026-10-04T03:08:26.6169165Z }
2026-10-04T03:08:26.6170324Z [32m[Nest] 3724  - [39m10/04/2026, 3:08:26 AM [32m    LOG[39m [38;5;3m[WearablePromptsService] [39mObject(5) {
2026-10-04T03:08:26.6171687Z   event: [32m'community_wearable_prompts_generated'[39m,
2026-10-04T03:08:26.6172559Z   workspace_id: [32m'11111111-1111-1111-1111-111111111111'[39m,
2026-10-04T03:08:26.6173408Z   coach_id: [32m'22222222-2222-2222-2222-222222222222'[39m,
2026-10-04T03:08:26.6174112Z   generated_count: [33m0[39m,
2026-10-04T03:08:26.6174660Z   skipped_count: [33m1[39m
2026-10-04T03:08:26.6175081Z }
2026-10-04T03:08:26.6176199Z [32m[Nest] 3724  - [39m10/04/2026, 3:08:26 AM [32m    LOG[39m [38;5;3m[WearablePromptsService] [39mObject(5) {
2026-10-04T03:08:26.6178053Z   event: [32m'community_wearable_prompts_generated'[39m,
2026-10-04T03:08:26.6179227Z   workspace_id: [32m'11111111-1111-1111-1111-111111111111'[39m,
2026-10-04T03:08:26.6180374Z   coach_id: [32m'22222222-2222-2222-2222-222222222222'[39m,
2026-10-04T03:08:26.6181394Z   generated_count: [33m1[39m,
2026-10-04T03:08:26.6181969Z   skipped_count: [33m0[39m
2026-10-04T03:08:26.6182800Z }
2026-10-04T03:08:26.8546608Z PASS test/wearables/samples-integration.spec.ts
2026-10-04T03:08:26.9203848Z [32m[Nest] 3724  - [39m10/04/2026, 3:08:26 AM [32m    LOG[39m [38;5;3m[WearableSamplesService] [39mObject(9) {
2026-10-04T03:08:26.9206045Z   event: [32m'wearable_samples_query'[39m,
2026-10-04T03:08:26.9207196Z   user_id: [32m'44444444-4444-4444-4444-444444444444'[39m,
2026-10-04T03:08:26.9208194Z   bucket: [32m'SLEEP_RECOVERY'[39m,
2026-10-04T03:08:26.9209072Z   metric: [32m'HRV_MS'[39m,
2026-10-04T03:08:26.9209909Z   window_days: [33m4[39m,
2026-10-04T03:08:26.9210742Z   granularity: [32m'day'[39m,
2026-10-04T03:08:26.9211851Z   preferred_only: [33mtrue[39m,
2026-10-04T03:08:26.9212642Z   sample_count: [33m2[39m,
2026-10-04T03:08:26.9213380Z   duration_ms: [33m2[39m
2026-10-04T03:08:26.9213933Z }
2026-10-04T03:08:26.9215239Z [32m[Nest] 3724  - [39m10/04/2026, 3:08:26 AM [32m    LOG[39m [38;5;3m[WearableSamplesService] [39mObject(9) {
2026-10-04T03:08:26.9217568Z   event: [32m'wearable_samples_query'[39m,
2026-10-04T03:08:26.9218743Z   user_id: [32m'44444444-4444-4444-4444-444444444444'[39m,
2026-10-04T03:08:26.9219771Z   bucket: [32m'SLEEP_RECOVERY'[39m,
2026-10-04T03:08:26.9220612Z   metric: [32m'HRV_MS'[39m,
2026-10-04T03:08:26.9222672Z   window_days: [33m4[39m,
2026-10-04T03:08:26.9223509Z   granularity: [32m'day'[39m,
2026-10-04T03:08:26.9224413Z   preferred_only: [33mtrue[39m,
2026-10-04T03:08:26.9225299Z   sample_count: [33m2[39m,
2026-10-04T03:08:26.9226116Z   duration_ms: [33m1[39m
2026-10-04T03:08:26.9226751Z }
2026-10-04T03:08:26.9228212Z [32m[Nest] 3724  - [39m10/04/2026, 3:08:26 AM [32m    LOG[39m [38;5;3m[WearableSamplesService] [39mObject(9) {
2026-10-04T03:08:26.9229538Z   event: [32m'wearable_samples_query'[39m,
2026-10-04T03:08:26.9230648Z   user_id: [32m'44444444-4444-4444-4444-444444444444'[39m,
2026-10-04T03:08:26.9231982Z   bucket: [32m'SLEEP_RECOVERY'[39m,
2026-10-04T03:08:26.9232894Z   metric: [32m'HRV_MS'[39m,
2026-10-04T03:08:26.9234261Z   window_days: [33m4[39m,
2026-10-04T03:08:26.9235125Z   granularity: [32m'day'[39m,
2026-10-04T03:08:26.9236324Z   preferred_only: [33mtrue[39m,
2026-10-04T03:08:26.9237267Z   sample_count: [33m2[39m,
2026-10-04T03:08:26.9238070Z   duration_ms: [33m1[39m
2026-10-04T03:08:26.9238702Z }
2026-10-04T03:08:26.9239987Z [32m[Nest] 3724  - [39m10/04/2026, 3:08:26 AM [32m    LOG[39m [38;5;3m[WearableSamplesService] [39mObject(9) {
2026-10-04T03:08:26.9241606Z   event: [32m'wearable_samples_query'[39m,
2026-10-04T03:08:26.9242723Z   user_id: [32m'44444444-4444-4444-4444-444444444444'[39m,
2026-10-04T03:08:26.9243792Z   bucket: [32m'SLEEP_RECOVERY'[39m,
2026-10-04T03:08:26.9244671Z   metric: [32m'HRV_MS'[39m,
2026-10-04T03:08:26.9245444Z   window_days: [33m4[39m,
2026-10-04T03:08:26.9246299Z   granularity: [32m'day'[39m,
2026-10-04T03:08:26.9247215Z   preferred_only: [33mfalse[39m,
2026-10-04T03:08:26.9248055Z   sample_count: [33m4[39m,
2026-10-04T03:08:26.9249819Z   duration_ms: [33m1[39m
2026-10-04T03:08:26.9250483Z }
2026-10-04T03:08:26.9252137Z [32m[Nest] 3724  - [39m10/04/2026, 3:08:26 AM [32m    LOG[39m [38;5;3m[WearableSamplesService] [39mObject(9) {
2026-10-04T03:08:26.9253557Z   event: [32m'wearable_samples_query'[39m,
2026-10-04T03:08:26.9255493Z   user_id: [32m'44444444-4444-4444-4444-444444444444'[39m,
2026-10-04T03:08:26.9256498Z   bucket: [32m'SLEEP_RECOVERY'[39m,
2026-10-04T03:08:26.9257360Z   metric: [32m'HRV_MS'[39m,
2026-10-04T03:08:26.9258174Z   window_days: [33m4[39m,
2026-10-04T03:08:26.9258985Z   granularity: [32m'raw'[39m,
2026-10-04T03:08:26.9259887Z   preferred_only: [33mtrue[39m,
2026-10-04T03:08:26.9260759Z   sample_count: [33m2[39m,
2026-10-04T03:08:26.9261832Z   duration_ms: [33m1[39m
2026-10-04T03:08:26.9262504Z }
2026-10-04T03:08:26.9504135Z PASS test/secrets/secrets-dual-key.spec.ts
2026-10-04T03:08:27.4235491Z PASS test/federation-inbound.spec.ts
2026-10-04T03:08:27.4333144Z [33m[Nest] 3730  - [39m10/04/2026, 3:08:27 AM [33m   WARN[39m [38;5;3m[FederationInboundService] [39m[33mFederation inbound: FINANCE_SERVICE_TOKEN (and _NEXT) are unset — rejecting with 503[39m
2026-10-04T03:08:27.4362568Z [32m[Nest] 3730  - [39m10/04/2026, 3:08:27 AM [32m    LOG[39m [38;5;3m[FederationInboundService] [39mObject(1) {
2026-10-04T03:08:27.4412279Z   event: [32m'federation.auth.next-secret-used'[39m
2026-10-04T03:08:27.4459544Z }
2026-10-04T03:08:27.4487534Z [33m[Nest] 3730  - [39m10/04/2026, 3:08:27 AM [33m   WARN[39m [38;5;3m[FederationInboundService] [39m[33mFederation inbound: FINANCE_SERVICE_TOKEN (and _NEXT) are unset — rejecting with 503[39m
2026-10-04T03:08:27.4672356Z PASS test/scout/reconstruct/native/native-families.spec.ts
2026-10-04T03:08:28.0220494Z PASS test/observability.spec.ts
2026-10-04T03:08:28.3453095Z PASS test/transformation-scorecard.spec.ts
2026-10-04T03:08:28.7050241Z PASS test/connect.service.spec.ts
2026-10-04T03:08:28.7717508Z [33m[Nest] 3724  - [39m10/04/2026, 3:08:28 AM [33m   WARN[39m [38;5;3m[ConnectService] [39m[33msyncFromStripe: no ConnectAccount mirror for acct_missing — ignoring webhook[39m
2026-10-04T03:08:29.0287575Z PASS src/scout/scout-ledger-backfill.spec.ts
2026-10-04T03:08:29.3125892Z PASS test/ai-consent/ai-consent.controller.spec.ts
2026-10-04T03:08:31.9167077Z PASS test/ci/fly-env-workflows.spec.ts
2026-10-04T03:08:32.4642107Z PASS test/google-calendar.service.spec.ts
2026-10-04T03:08:32.5130154Z [33m[Nest] 3723  - [39m10/04/2026, 3:08:32 AM [33m   WARN[39m [38;5;3m[GoogleCalendarService] [39m[33mGoogle refresh failed for connection=conn-1: invalid_grant[39m
2026-10-04T03:08:32.8321106Z [31m[Nest] 3730  - [39m10/04/2026, 3:08:32 AM [31m  ERROR[39m [38;5;3m[AiEgressService] [39m[31mai_egress.blocked surface=coach_ai.health_probe reason=unbound_handle[39m
2026-10-04T03:08:32.8526213Z PASS test/ai-egress/ai-egress-guard.spec.ts
2026-10-04T03:08:33.7472751Z PASS test/ci/branch-protection-checks.spec.ts
2026-10-04T03:08:34.2758470Z [33m[Nest] 3730  - [39m10/04/2026, 3:08:34 AM [33m   WARN[39m [38;5;3m[AiEgressService] [39m[33mai_egress.retry surface=roman.chat processor=anthropic status=500 next_attempt=2[39m
2026-10-04T03:08:34.2793018Z [32m[Nest] 3730  - [39m10/04/2026, 3:08:34 AM [32m    LOG[39m [38;5;3m[AiEgressService] [39m[32mai_egress.refused surface=roman.chat reason=no_live_grant clients=1 missing=1[39m
2026-10-04T03:08:34.2795441Z [33m[Nest] 3730  - [39m10/04/2026, 3:08:34 AM [33m   WARN[39m [38;5;3m[AiEgressService] [39m[33mai_egress.retry surface=roman.chat processor=anthropic status=500 next_attempt=2[39m
2026-10-04T03:08:34.2853209Z [32m[Nest] 3730  - [39m10/04/2026, 3:08:34 AM [32m    LOG[39m [38;5;3m[AiEgressService] [39m[32mai_egress.refused surface=roman.chat reason=no_live_grant clients=1 missing=1[39m
2026-10-04T03:08:34.2855606Z [33m[Nest] 3730  - [39m10/04/2026, 3:08:34 AM [33m   WARN[39m [38;5;3m[AiEgressService] [39m[33mai_egress.retry surface=roman.chat processor=anthropic status=429 next_attempt=2[39m
2026-10-04T03:08:34.2857984Z [32m[Nest] 3730  - [39m10/04/2026, 3:08:34 AM [32m    LOG[39m [38;5;3m[AiEgressService] [39m[32mai_egress.refused surface=roman.chat reason=no_live_grant clients=1 missing=1[39m
2026-10-04T03:08:34.2860265Z [33m[Nest] 3730  - [39m10/04/2026, 3:08:34 AM [33m   WARN[39m [38;5;3m[AiEgressService] [39m[33mai_egress.retry surface=roman.chat processor=anthropic status=429 next_attempt=2[39m
2026-10-04T03:08:34.2862740Z [32m[Nest] 3730  - [39m10/04/2026, 3:08:34 AM [32m    LOG[39m [38;5;3m[AiEgressService] [39m[32mai_egress.refused surface=roman.chat reason=no_live_grant clients=1 missing=1[39m
2026-10-04T03:08:34.2864925Z [33m[Nest] 3730  - [39m10/04/2026, 3:08:34 AM [33m   WARN[39m [38;5;3m[AiEgressService] [39m[33mai_egress.retry surface=roman.chat processor=anthropic status=none next_attempt=2[39m
2026-10-04T03:08:34.2867109Z [32m[Nest] 3730  - [39m10/04/2026, 3:08:34 AM [32m    LOG[39m [38;5;3m[AiEgressService] [39m[32mai_egress.refused surface=roman.chat reason=no_live_grant clients=1 missing=1[39m
2026-10-04T03:08:34.2874419Z [33m[Nest] 3730  - [39m10/04/2026, 3:08:34 AM [33m   WARN[39m [38;5;3m[AiEgressService] [39m[33mai_egress.retry surface=roman.chat processor=anthropic status=none next_attempt=2[39m
2026-10-04T03:08:34.2876709Z [32m[Nest] 3730  - [39m10/04/2026, 3:08:34 AM [32m    LOG[39m [38;5;3m[AiEgressService] [39m[32mai_egress.refused surface=roman.chat reason=no_live_grant clients=1 missing=1[39m
2026-10-04T03:08:34.2878956Z [33m[Nest] 3730  - [39m10/04/2026, 3:08:34 AM [33m   WARN[39m [38;5;3m[AiEgressService] [39m[33mai_egress.retry surface=roman.chat processor=anthropic status=500 next_attempt=2[39m
2026-10-04T03:08:34.2911586Z [32m[Nest] 3730  - [39m10/04/2026, 3:08:34 AM [32m    LOG[39m [38;5;3m[AiEgressService] [39m[32mai_egress.refused surface=roman.chat reason=no_live_grant clients=1 missing=1[39m
2026-10-04T03:08:34.2913982Z [33m[Nest] 3730  - [39m10/04/2026, 3:08:34 AM [33m   WARN[39m [38;5;3m[AiEgressService] [39m[33mai_egress.retry surface=roman.chat processor=anthropic status=500 next_attempt=2[39m
2026-10-04T03:08:34.4015274Z [33m[Nest] 3730  - [39m10/04/2026, 3:08:34 AM [33m   WARN[39m [38;5;3m[AiEgressService] [39m[33mai_egress.retry surface=roman.chat processor=anthropic status=429 next_attempt=2[39m
2026-10-04T03:08:34.4043112Z [33m[Nest] 3730  - [39m10/04/2026, 3:08:34 AM [33m   WARN[39m [38;5;3m[AiEgressService] [39m[33mai_egress.retry surface=roman.chat processor=anthropic status=500 next_attempt=2[39m
2026-10-04T03:08:34.4099644Z [33m[Nest] 3730  - [39m10/04/2026, 3:08:34 AM [33m   WARN[39m [38;5;3m[AiEgressService] [39m[33mai_egress.retry surface=roman.chat processor=anthropic status=500 next_attempt=3[39m
2026-10-04T03:08:34.4132580Z [33m[Nest] 3730  - [39m10/04/2026, 3:08:34 AM [33m   WARN[39m [38;5;3m[AiEgressService] [39m[33mai_egress.retry surface=first_win processor=perplexity status=500 next_attempt=2[39m
2026-10-04T03:08:34.4652199Z PASS test/ai-egress/ai-egress-retry.spec.ts
2026-10-04T03:08:34.5107812Z [33m[Nest] 3730  - [39m10/04/2026, 3:08:34 AM [33m   WARN[39m [38;5;3m[AiEgressService] [39m[33mai_egress.retry surface=first_win processor=perplexity status=500 next_attempt=2[39m
2026-10-04T03:08:34.5143485Z [33m[Nest] 3730  - [39m10/04/2026, 3:08:34 AM [33m   WARN[39m [38;5;3m[AiEgressService] [39m[33mai_egress.retry surface=first_win processor=perplexity status=500 next_attempt=3[39m
2026-10-04T03:08:35.1232301Z PASS test/mwb-5-workout-diff.applier.spec.ts
2026-10-04T03:08:35.9002119Z PASS test/scout/induction/manifest-registry.spec.ts
2026-10-04T03:08:36.0027772Z PASS test/roman/roman-erasure.sweep.spec.ts
2026-10-04T03:08:36.4002304Z PASS test/coach-connect.service.spec.ts
2026-10-04T03:08:37.8032315Z PASS test/ai/ai-gateway-hardening.spec.ts
2026-10-04T03:08:38.3739748Z PASS test/sub-coaches.service.spec.ts
2026-10-04T03:08:38.4402072Z PASS test/sub-coach-reassign.service.spec.ts
2026-10-04T03:08:38.7282815Z PASS test/module-graph.spec.ts (9.693 s)
2026-10-04T03:08:39.4813430Z PASS test/mwb-program-dispatcher-e2e.spec.ts
2026-10-04T03:08:39.6043629Z [31m[Nest] 3723  - [39m10/04/2026, 3:08:39 AM [31m  ERROR[39m [38;5;3m[WorkoutBuilderRevisionPruneCron] [39m[31mRevision prune failed for plan B: boom[39m
2026-10-04T03:08:39.6059024Z Error: boom
2026-10-04T03:08:39.6076454Z     at Object.<anonymous> (/home/runner/work/growth-project-backend/growth-project-backend/test/mwb-3-revision-prune.cron.spec.ts:81:30)
2026-10-04T03:08:39.6078220Z     at Promise.finally.completed (/home/runner/work/growth-project-backend/growth-project-backend/node_modules/jest-circus/build/jestAdapterInit.js:1561:28)
2026-10-04T03:08:39.6079472Z     at new Promise (<anonymous>)
2026-10-04T03:08:39.6080710Z     at callAsyncCircusFn (/home/runner/work/growth-project-backend/growth-project-backend/node_modules/jest-circus/build/jestAdapterInit.js:1501:10)
2026-10-04T03:08:39.6082680Z     at _callCircusTest (/home/runner/work/growth-project-backend/growth-project-backend/node_modules/jest-circus/build/jestAdapterInit.js:1011:40)
2026-10-04T03:08:39.6084077Z     at processTicksAndRejections (node:internal/process/task_queues:95:5)
2026-10-04T03:08:39.6085381Z     at _runTest (/home/runner/work/growth-project-backend/growth-project-backend/node_modules/jest-circus/build/jestAdapterInit.js:951:3)
2026-10-04T03:08:39.6086895Z     at /home/runner/work/growth-project-backend/growth-project-backend/node_modules/jest-circus/build/jestAdapterInit.js:853:7
2026-10-04T03:08:39.6088535Z     at _runTestsForDescribeBlock (/home/runner/work/growth-project-backend/growth-project-backend/node_modules/jest-circus/build/jestAdapterInit.js:866:11)
2026-10-04T03:08:39.6090513Z     at _runTestsForDescribeBlock (/home/runner/work/growth-project-backend/growth-project-backend/node_modules/jest-circus/build/jestAdapterInit.js:861:11)
2026-10-04T03:08:39.6092495Z     at run (/home/runner/work/growth-project-backend/growth-project-backend/node_modules/jest-circus/build/jestAdapterInit.js:765:3)
2026-10-04T03:08:39.6093857Z     at runAndTransformResultsToJestFormat (/home/runner/work/growth-project-backend/growth-project-backend/node_modules/jest-circus/build/jestAdapterInit.js:1993:21)
2026-10-04T03:08:39.6095039Z     at jestAdapter (/home/runner/work/growth-project-backend/growth-project-backend/node_modules/jest-circus/build/runner.js:111:19)
2026-10-04T03:08:39.6096075Z     at runTestInternal (/home/runner/work/growth-project-backend/growth-project-backend/node_modules/jest-runner/build/testWorker.js:276:16)
2026-10-04T03:08:39.6097095Z     at runTest (/home/runner/work/growth-project-backend/growth-project-backend/node_modules/jest-runner/build/testWorker.js:344:7)
2026-10-04T03:08:39.6098113Z     at Object.worker (/home/runner/work/growth-project-backend/growth-project-backend/node_modules/jest-runner/build/testWorker.js:498:12)
2026-10-04T03:08:39.6099587Z [31m[Nest] 3723  - [39m10/04/2026, 3:08:39 AM [31m  ERROR[39m [38;5;3m[WorkoutBuilderRevisionPruneCron] [39m[31mRevision prune sweep failed to enumerate plans: db down[39m
2026-10-04T03:08:39.6100574Z Error: db down
2026-10-04T03:08:39.6101541Z     at Object.<anonymous> (/home/runner/work/growth-project-backend/growth-project-backend/test/mwb-3-revision-prune.cron.spec.ts:103:28)
2026-10-04T03:08:39.6102690Z     at Promise.finally.completed (/home/runner/work/growth-project-backend/growth-project-backend/node_modules/jest-circus/build/jestAdapterInit.js:1561:28)
2026-10-04T03:08:39.6103434Z     at new Promise (<anonymous>)
2026-10-04T03:08:39.6104190Z     at callAsyncCircusFn (/home/runner/work/growth-project-backend/growth-project-backend/node_modules/jest-circus/build/jestAdapterInit.js:1501:10)
2026-10-04T03:08:39.6105315Z     at _callCircusTest (/home/runner/work/growth-project-backend/growth-project-backend/node_modules/jest-circus/build/jestAdapterInit.js:1011:40)
2026-10-04T03:08:39.6106117Z     at processTicksAndRejections (node:internal/process/task_queues:95:5)
2026-10-04T03:08:39.6150275Z     at _runTest (/home/runner/work/growth-project-backend/growth-project-backend/node_modules/jest-circus/build/jestAdapterInit.js:951:3)
2026-10-04T03:08:39.6152336Z     at /home/runner/work/growth-project-backend/growth-project-backend/node_modules/jest-circus/build/jestAdapterInit.js:853:7
2026-10-04T03:08:39.6154080Z     at _runTestsForDescribeBlock (/home/runner/work/growth-project-backend/growth-project-backend/node_modules/jest-circus/build/jestAdapterInit.js:866:11)
2026-10-04T03:08:39.6156076Z     at _runTestsForDescribeBlock (/home/runner/work/growth-project-backend/growth-project-backend/node_modules/jest-circus/build/jestAdapterInit.js:861:11)
2026-10-04T03:08:39.6157892Z     at run (/home/runner/work/growth-project-backend/growth-project-backend/node_modules/jest-circus/build/jestAdapterInit.js:765:3)
2026-10-04T03:08:39.6159795Z     at runAndTransformResultsToJestFormat (/home/runner/work/growth-project-backend/growth-project-backend/node_modules/jest-circus/build/jestAdapterInit.js:1993:21)
2026-10-04T03:08:39.6186662Z     at jestAdapter (/home/runner/work/growth-project-backend/growth-project-backend/node_modules/jest-circus/build/runner.js:111:19)
2026-10-04T03:08:39.6187997Z     at runTestInternal (/home/runner/work/growth-project-backend/growth-project-backend/node_modules/jest-runner/build/testWorker.js:276:16)
2026-10-04T03:08:39.6189041Z     at runTest (/home/runner/work/growth-project-backend/growth-project-backend/node_modules/jest-runner/build/testWorker.js:344:7)
2026-10-04T03:08:39.6190048Z     at Object.worker (/home/runner/work/growth-project-backend/growth-project-backend/node_modules/jest-runner/build/testWorker.js:498:12)
2026-10-04T03:08:39.6243453Z PASS test/mwb-3-revision-prune.cron.spec.ts
2026-10-04T03:08:39.6278205Z   ● Console
2026-10-04T03:08:39.6278452Z 
2026-10-04T03:08:39.6278613Z     console.warn
2026-10-04T03:08:39.6279502Z       [mwb3-revision-prune] MWB3_TEST_DATABASE_URL not set — live prune suite skipped.
2026-10-04T03:08:39.6280098Z 
2026-10-04T03:08:39.6280576Z     [0m [90m 39 |[39m [36mif[39m ([33m![39m[33mTEST_DB_URL[39m) {
2026-10-04T03:08:39.6281769Z      [90m 40 |[39m   [90m// eslint-disable-next-line no-console[39m
2026-10-04T03:08:39.6282386Z     [31m[1m>[22m[39m[90m 41 |[39m   console[33m.[39mwarn(
2026-10-04T03:08:39.6282825Z      [90m    |[39m           [31m[1m^[22m[39m
2026-10-04T03:08:39.6283558Z      [90m 42 |[39m     [32m'[mwb3-revision-prune] MWB3_TEST_DATABASE_URL not set — live prune suite '[39m [33m+[39m
2026-10-04T03:08:39.6284194Z      [90m 43 |[39m       [32m'skipped.'[39m[33m,[39m
2026-10-04T03:08:39.6284602Z      [90m 44 |[39m   )[33m;[39m[0m
2026-10-04T03:08:39.6284787Z 
2026-10-04T03:08:39.6285038Z       at Object.<anonymous> (test/mwb-3-revision-prune.cron.spec.ts:41:11)
2026-10-04T03:08:39.6285342Z 
2026-10-04T03:08:39.6748960Z [95m[Nest] 3723  - [39m10/04/2026, 3:08:39 AM [95m  DEBUG[39m [38;5;3m[WorkoutBuilderRevisionPruneCron] [39m[95mFEATURE_MWB_AUTOSAVE_UNDO off — revision prune skipped[39m
2026-10-04T03:08:39.6753164Z [32m[Nest] 3723  - [39m10/04/2026, 3:08:39 AM [32m    LOG[39m [38;5;3m[WorkoutBuilderRevisionPruneCron] [39m[32mStarting MWB-3 revision prune sweep[39m
2026-10-04T03:08:39.6756439Z [32m[Nest] 3723  - [39m10/04/2026, 3:08:39 AM [32m    LOG[39m [38;5;3m[WorkoutBuilderRevisionPruneCron] [39m[32mMWB-3 revision prune sweep complete: 2 plan(s) pruned, 8 revision(s) deleted[39m
2026-10-04T03:08:39.6759428Z [32m[Nest] 3723  - [39m10/04/2026, 3:08:39 AM [32m    LOG[39m [38;5;3m[WorkoutBuilderRevisionPruneCron] [39m[32mStarting MWB-3 revision prune sweep[39m
2026-10-04T03:08:39.7739820Z PASS test/consent.service.spec.ts
2026-10-04T03:08:40.0054615Z PASS test/scout/reconstruct/native/native-rules.spec.ts
2026-10-04T03:08:40.1367217Z [31m[Nest] 3730  - [39m10/04/2026, 3:08:40 AM [31m  ERROR[39m [38;5;3m[AdminPtmService] [39m[31mPTM recompute after outcome label failed (user=student-1): boom[39m
2026-10-04T03:08:40.1726683Z PASS test/admin-ptm.service.spec.ts
2026-10-04T03:08:40.2159063Z PASS test/transformation-scorecard-finance-columns.spec.ts
2026-10-04T03:08:40.5222401Z PASS test/assignable-asset-resolver-meal-plan.spec.ts
2026-10-04T03:08:40.6236445Z PASS test/billing-payout-failed.spec.ts
2026-10-04T03:08:40.6694449Z [33m[Nest] 3724  - [39m10/04/2026, 3:08:40 AM [33m   WARN[39m [38;5;3m[BillingService] [39m[33mpayout.failed event=evt_po_1 payout=po_123 account=acct_abc coach=coach-1 amount_cents=5000 reason=account_closed: The bank account has been closed.[39m
2026-10-04T03:08:40.6703752Z [33m[Nest] 3724  - [39m10/04/2026, 3:08:40 AM [33m   WARN[39m [38;5;3m[BillingService] [39m[33mpayout.canceled event=evt_po_c payout=po_123 account=acct_abc coach=coach-1 amount_cents=5000 reason=account_closed: The bank account has been closed.[39m
2026-10-04T03:08:40.6731813Z [33m[Nest] 3724  - [39m10/04/2026, 3:08:40 AM [33m   WARN[39m [38;5;3m[BillingService] [39m[33mpayout.failed event=evt_po_dup payout=po_123 account=acct_abc coach=coach-1 amount_cents=5000 reason=account_closed: The bank account has been closed.[39m
2026-10-04T03:08:40.6736088Z [33m[Nest] 3724  - [39m10/04/2026, 3:08:40 AM [33m   WARN[39m [38;5;3m[BillingService] [39m[33mpayout.failed event=evt_po_a payout=po_123 account=acct_abc coach=coach-1 amount_cents=5000 reason=account_closed: The bank account has been closed.[39m
2026-10-04T03:08:40.6824197Z [33m[Nest] 3724  - [39m10/04/2026, 3:08:40 AM [33m   WARN[39m [38;5;3m[BillingService] [39m[33mpayout.failed event=evt_po_null payout=po_123 account=acct_abc coach=coach-null amount_cents=5000 reason=account_closed: The bank account has been closed.[39m
2026-10-04T03:08:40.6853323Z [33m[Nest] 3724  - [39m10/04/2026, 3:08:40 AM [33m   WARN[39m [38;5;3m[BillingService] [39m[33mpayout.failed event=evt_po_z payout=po_123 account=acct_abc coach=coach-z amount_cents=5000 reason=account_closed: The bank account has been closed.[39m
2026-10-04T03:08:40.6882398Z [33m[Nest] 3724  - [39m10/04/2026, 3:08:40 AM [33m   WARN[39m [38;5;3m[BillingService] [39m[33mpayout.failed event=evt_po_nosnap payout=po_123 account=acct_abc: no matching PayoutSnapshot row[39m
2026-10-04T03:08:40.7930022Z PASS src/notifications/__tests__/first-payment-webhook.integration.spec.ts
2026-10-04T03:08:41.4296223Z PASS test/scout/entities/scout-entities.contract.spec.ts
2026-10-04T03:08:42.7512066Z PASS test/timeline.service.spec.ts
2026-10-04T03:08:43.1210750Z PASS src/talent-marketplace/__tests__/job-hunter.service.spec.ts
2026-10-04T03:08:43.6560056Z PASS test/marketplace-idempotency.service.spec.ts
2026-10-04T03:08:43.7252544Z PASS test/dunning-v2-lockout-guard.e2e.spec.ts
2026-10-04T03:08:44.0982098Z PASS test/scout/g2-s9c-db-guard.spec.ts
2026-10-04T03:08:44.4937325Z PASS test/billing/subscription-guard.tier.spec.ts
2026-10-04T03:08:44.5053367Z [33m[Nest] 3723  - [39m10/04/2026, 3:08:44 AM [33m   WARN[39m [38;5;3m[SubscriptionGuard] [39m[33m[enforce] coach=c state=none reason=missing_subscription route=unknown unknown[39m
2026-10-04T03:08:44.5143064Z [33m[Nest] 3723  - [39m10/04/2026, 3:08:44 AM [33m   WARN[39m [38;5;3m[SubscriptionGuard] [39m[33m[observe] coach=c state=none reason=missing_subscription route=unknown unknown[39m
2026-10-04T03:08:44.5202720Z [33m[Nest] 3723  - [39m10/04/2026, 3:08:44 AM [33m   WARN[39m [38;5;3m[SubscriptionGuard] [39m[33m[enforce] coach=c state=canceled reason=canceled route=unknown unknown[39m
2026-10-04T03:08:44.5205221Z [33m[Nest] 3723  - [39m10/04/2026, 3:08:44 AM [33m   WARN[39m [38;5;3m[SubscriptionGuard] [39m[33m[enforce] coach=c state=past_due reason=past_due_grace_expired route=unknown unknown[39m
2026-10-04T03:08:44.5262675Z [33m[Nest] 3723  - [39m10/04/2026, 3:08:44 AM [33m   WARN[39m [38;5;3m[SubscriptionGuard] [39m[33m[enforce] coach=c state=none reason=missing_subscription route=unknown unknown[39m
2026-10-04T03:08:44.5316440Z [33m[Nest] 3723  - [39m10/04/2026, 3:08:44 AM [33m   WARN[39m [38;5;3m[SubscriptionGuard] [39m[33m[enforce] coach=c state=pro reason=tier_too_low route=unknown unknown[39m
2026-10-04T03:08:44.9476205Z [32m[Nest] 3724  - [39m10/04/2026, 3:08:44 AM [32m    LOG[39m [38;5;3m[AiEgressService] [39m[32mai_egress.refused surface=coach_ai.workout_program reason=no_live_grant clients=1 missing=1[39m
2026-10-04T03:08:44.9502856Z [32m[Nest] 3724  - [39m10/04/2026, 3:08:44 AM [32m    LOG[39m [38;5;3m[AiEgressService] [39m[32mai_egress.refused surface=coach_ai.workout_program reason=no_live_grant clients=1 missing=1[39m
2026-10-04T03:08:44.9532239Z [33m[Nest] 3724  - [39m10/04/2026, 3:08:44 AM [33m   WARN[39m [38;5;3m[AiEgressService] [39m[33mai_egress.consent_read_failed (treated as no grant)[39m
2026-10-04T03:08:44.9562989Z [32m[Nest] 3724  - [39m10/04/2026, 3:08:44 AM [32m    LOG[39m [38;5;3m[AiEgressService] [39m[32mai_egress.refused surface=coach_ai.workout_program reason=no_live_grant clients=1 missing=1[39m
2026-10-04T03:08:44.9565549Z [32m[Nest] 3724  - [39m10/04/2026, 3:08:44 AM [32m    LOG[39m [38;5;3m[AiEgressService] [39m[32mai_egress.refused surface=coach_ai.meal_plan reason=no_live_grant clients=1 missing=1[39m
2026-10-04T03:08:44.9594949Z [32m[Nest] 3724  - [39m10/04/2026, 3:08:44 AM [32m    LOG[39m [38;5;3m[AiEgressService] [39m[32mai_egress.refused surface=coach_ai.meal_plan reason=no_live_grant clients=1 missing=1[39m
2026-10-04T03:08:44.9622511Z [33m[Nest] 3724  - [39m10/04/2026, 3:08:44 AM [33m   WARN[39m [38;5;3m[AiEgressService] [39m[33mai_egress.consent_read_failed (treated as no grant)[39m
2026-10-04T03:08:44.9624795Z [32m[Nest] 3724  - [39m10/04/2026, 3:08:44 AM [32m    LOG[39m [38;5;3m[AiEgressService] [39m[32mai_egress.refused surface=coach_ai.meal_plan reason=no_live_grant clients=1 missing=1[39m
2026-10-04T03:08:44.9652751Z [32m[Nest] 3724  - [39m10/04/2026, 3:08:44 AM [32m    LOG[39m [38;5;3m[AiEgressService] [39m[32mai_egress.refused surface=coach_ai.insight reason=no_live_grant clients=1 missing=1[39m
2026-10-04T03:08:44.9655244Z [32m[Nest] 3724  - [39m10/04/2026, 3:08:44 AM [32m    LOG[39m [38;5;3m[AiEgressService] [39m[32mai_egress.refused surface=coach_ai.insight reason=no_live_grant clients=1 missing=1[39m
2026-10-04T03:08:44.9657429Z [33m[Nest] 3724  - [39m10/04/2026, 3:08:44 AM [33m   WARN[39m [38;5;3m[AiEgressService] [39m[33mai_egress.consent_read_failed (treated as no grant)[39m
2026-10-04T03:08:44.9659624Z [32m[Nest] 3724  - [39m10/04/2026, 3:08:44 AM [32m    LOG[39m [38;5;3m[AiEgressService] [39m[32mai_egress.refused surface=coach_ai.insight reason=no_live_grant clients=1 missing=1[39m
2026-10-04T03:08:45.0112004Z PASS test/ai-egress/coach-ai-consent.spec.ts
2026-10-04T03:08:45.0625054Z [32m[Nest] 3724  - [39m10/04/2026, 3:08:44 AM [32m    LOG[39m [38;5;3m[coach-ai:weekly-insight] [39m[32mweekly digest starting — coaches=1[39m
2026-10-04T03:08:45.0642615Z [32m[Nest] 3724  - [39m10/04/2026, 3:08:44 AM [32m    LOG[39m [38;5;3m[coach-ai:weekly-insight] [39mObject(3) {
2026-10-04T03:08:45.0671970Z   event: [32m'WEEKLY_INSIGHT_SKIPPED_NO_AI_CONSENT'[39m,
2026-10-04T03:08:45.0681992Z   coachId: [32m'coach1'[39m,
2026-10-04T03:08:45.0712332Z   skipped: [33m1[39m
2026-10-04T03:08:45.0731823Z }
2026-10-04T03:08:45.0762775Z [32m[Nest] 3724  - [39m10/04/2026, 3:08:44 AM [32m    LOG[39m [38;5;3m[coach-ai:weekly-insight] [39m[32mcoach=coach1 skipped 1 client(s) without AI consent[39m
2026-10-04T03:08:45.0772597Z [32m[Nest] 3724  - [39m10/04/2026, 3:08:44 AM [32m    LOG[39m [38;5;3m[coach-ai:weekly-insight] [39mObject(3) {
2026-10-04T03:08:45.0791758Z   event: [32m'WEEKLY_INSIGHT_COMPLETE'[39m,
2026-10-04T03:08:45.0821612Z   total: [33m1[39m,
2026-10-04T03:08:45.0831839Z   skippedDormant: [33m0[39m
2026-10-04T03:08:45.0861563Z }
2026-10-04T03:08:45.0882709Z [32m[Nest] 3724  - [39m10/04/2026, 3:08:44 AM [32m    LOG[39m [38;5;3m[coach-ai:weekly-insight] [39m[32mweekly digest complete — total=1 skippedDormant=0[39m
2026-10-04T03:08:45.0912466Z [32m[Nest] 3724  - [39m10/04/2026, 3:08:44 AM [32m    LOG[39m [38;5;3m[coach-ai:weekly-insight] [39m[32mweekly digest starting — coaches=1[39m
2026-10-04T03:08:45.0922518Z [32m[Nest] 3724  - [39m10/04/2026, 3:08:44 AM [32m    LOG[39m [38;5;3m[coach-ai:weekly-insight] [39mObject(3) {
2026-10-04T03:08:45.0951827Z   event: [32m'WEEKLY_INSIGHT_COMPLETE'[39m,
2026-10-04T03:08:45.0971636Z   total: [33m1[39m,
2026-10-04T03:08:45.0986563Z   skippedDormant: [33m0[39m
2026-10-04T03:08:45.1011541Z }
2026-10-04T03:08:45.1020231Z [32m[Nest] 3724  - [39m10/04/2026, 3:08:44 AM [32m    LOG[39m [38;5;3m[coach-ai:weekly-insight] [39m[32mweekly digest complete — total=1 skippedDormant=0[39m
2026-10-04T03:08:45.1052486Z [32m[Nest] 3724  - [39m10/04/2026, 3:08:44 AM [32m    LOG[39m [38;5;3m[coach-ai:weekly-insight] [39m[32mweekly digest starting — coaches=1[39m
2026-10-04T03:08:45.1072787Z [33m[Nest] 3724  - [39m10/04/2026, 3:08:44 AM [33m   WARN[39m [38;5;3m[AiEgressService] [39m[33mai_egress.consent_read_failed (treated as no grant)[39m
2026-10-04T03:08:45.1102311Z [32m[Nest] 3724  - [39m10/04/2026, 3:08:44 AM [32m    LOG[39m [38;5;3m[coach-ai:weekly-insight] [39mObject(3) {
2026-10-04T03:08:45.1109416Z   event: [32m'WEEKLY_INSIGHT_SKIPPED_NO_AI_CONSENT'[39m,
2026-10-04T03:08:45.1151669Z   coachId: [32m'coach1'[39m,
2026-10-04T03:08:45.1161820Z   skipped: [33m3[39m
2026-10-04T03:08:45.1191580Z }
2026-10-04T03:08:45.1212648Z [32m[Nest] 3724  - [39m10/04/2026, 3:08:44 AM [32m    LOG[39m [38;5;3m[coach-ai:weekly-insight] [39m[32mcoach=coach1 skipped 3 client(s) without AI consent[39m
2026-10-04T03:08:45.1242197Z [32m[Nest] 3724  - [39m10/04/2026, 3:08:44 AM [32m    LOG[39m [38;5;3m[coach-ai:weekly-insight] [39mObject(3) {
2026-10-04T03:08:45.1251857Z   event: [32m'WEEKLY_INSIGHT_COMPLETE'[39m,
2026-10-04T03:08:45.1271578Z   total: [33m1[39m,
2026-10-04T03:08:45.1301516Z   skippedDormant: [33m0[39m
2026-10-04T03:08:45.1311431Z }
2026-10-04T03:08:45.1342410Z [32m[Nest] 3724  - [39m10/04/2026, 3:08:44 AM [32m    LOG[39m [38;5;3m[coach-ai:weekly-insight] [39m[32mweekly digest complete — total=1 skippedDormant=0[39m
2026-10-04T03:08:45.1354302Z [32m[Nest] 3724  - [39m10/04/2026, 3:08:44 AM [32m    LOG[39m [38;5;3m[coach-ai] [39m[32m[coach-ai] ready (model=claude-sonnet-4-6)[39m
2026-10-04T03:08:45.5028906Z PASS src/regimes/__tests__/partial-refund-decision.service.spec.ts
2026-10-04T03:08:45.5334516Z [32m[Nest] 3724  - [39m10/04/2026, 3:08:45 AM [32m    LOG[39m [38;5;3m[PartialRefundDecisionService] [39m[32monPartialRefund: pending decision created for purchase=cp-1 refund=re_123[39m
2026-10-04T03:08:45.5373073Z [32m[Nest] 3724  - [39m10/04/2026, 3:08:45 AM [32m    LOG[39m [38;5;3m[PartialRefundDecisionService] [39m[32monPartialRefund: pending decision created for purchase=cp-1 refund=re_123[39m
2026-10-04T03:08:45.5402673Z [32m[Nest] 3724  - [39m10/04/2026, 3:08:45 AM [32m    LOG[39m [38;5;3m[PartialRefundDecisionService] [39m[32monPartialRefund: pending decision created for purchase=cp-1 refund=re_race[39m
2026-10-04T03:08:45.5463146Z [32m[Nest] 3724  - [39m10/04/2026, 3:08:45 AM [32m    LOG[39m [38;5;3m[PartialRefundDecisionService] [39m[32monPartialRefund: concurrent insert collapsed (P2002) for purchase=cp-1 refund=re_race[39m
2026-10-04T03:08:45.5486926Z [32m[Nest] 3724  - [39m10/04/2026, 3:08:45 AM [32m    LOG[39m [38;5;3m[PartialRefundDecisionService] [39m[32mdecide: refund=re_123 decision=keep_drops drops_canceled=0 by coach=coach-1[39m
2026-10-04T03:08:45.5488580Z [32m[Nest] 3724  - [39m10/04/2026, 3:08:45 AM [32m    LOG[39m [38;5;3m[PartialRefundDecisionService] [39m[32mdecide: refund=re_123 decision=unassign_drops drops_canceled=4 by coach=coach-1[39m
2026-10-04T03:08:45.5490100Z [32m[Nest] 3723  - [39m10/04/2026, 3:08:45 AM [32m    LOG[39m [38;5;3m[AiEgressService] [39m[32mai_egress.refused surface=coach.churn_draft reason=no_live_grant clients=1 missing=1[39m
2026-10-04T03:08:45.5492399Z [32m[Nest] 3723  - [39m10/04/2026, 3:08:45 AM [32m    LOG[39m [38;5;3m[AiEgressService] [39m[32mai_egress.refused surface=roman.chat reason=no_live_grant clients=1 missing=1[39m
2026-10-04T03:08:45.5703483Z [31m[Nest] 3723  - [39m10/04/2026, 3:08:45 AM [31m  ERROR[39m [38;5;3m[AiEgressService] [39m[31mai_egress.blocked surface=gateway reason=client_subject_without_ids[39m
2026-10-04T03:08:45.5773184Z [31m[Nest] 3723  - [39m10/04/2026, 3:08:45 AM [31m  ERROR[39m [38;5;3m[AiEgressService] [39m[31mai_egress.blocked surface=gateway reason=unknown_exemption[39m
2026-10-04T03:08:45.6073459Z [31m[Nest] 3723  - [39m10/04/2026, 3:08:45 AM [31m  ERROR[39m [38;5;3m[AiEgressService] [39m[31mai_egress.blocked surface=first_win processor=perplexity reason=processor_not_consented[39m
2026-10-04T03:08:45.6373109Z [33m[Nest] 3723  - [39m10/04/2026, 3:08:45 AM [33m   WARN[39m [38;5;3m[AiEgressService] [39m[33mai_egress.consent_read_failed (treated as no grant)[39m
2026-10-04T03:08:45.6433111Z [32m[Nest] 3723  - [39m10/04/2026, 3:08:45 AM [32m    LOG[39m [38;5;3m[AiEgressService] [39m[32mai_egress.refused surface=coach.brief reason=no_live_grant clients=1 missing=1[39m
2026-10-04T03:08:45.6493081Z [32m[Nest] 3723  - [39m10/04/2026, 3:08:45 AM [32m    LOG[39m [38;5;3m[AiEgressService] [39m[32mai_egress.refused surface=coach.brief reason=no_live_grant clients=1 missing=1[39m
2026-10-04T03:08:45.6608862Z [32m[Nest] 3723  - [39m10/04/2026, 3:08:45 AM [32m    LOG[39m [38;5;3m[AiEgressService] [39m[32mai_egress.refused surface=gateway reason=no_live_grant clients=3 missing=1[39m
2026-10-04T03:08:45.6693193Z [32m[Nest] 3723  - [39m10/04/2026, 3:08:45 AM [32m    LOG[39m [38;5;3m[AiEgressService] [39m[32mai_egress.refused surface=roman.chat reason=no_live_grant clients=1 missing=1[39m
2026-10-04T03:08:45.6977969Z PASS test/ai-egress/ai-egress.service.spec.ts
2026-10-04T03:08:45.7523344Z [33m[Nest] 3723  - [39m10/04/2026, 3:08:45 AM [33m   WARN[39m [38;5;3m[AiEgressService] [39m[33mai_egress.consent_read_failed (treated as no grant)[39m
2026-10-04T03:08:46.6685725Z PASS test/ptm-heuristic.service.spec.ts
2026-10-04T03:08:46.6862899Z PASS test/scout/induction/parse.spec.ts
2026-10-04T03:08:46.8996201Z PASS test/stripe-api-timeout-r2.spec.ts (6.372 s)
2026-10-04T03:08:47.3098841Z PASS test/scout/induction/observation.controller.spec.ts
2026-10-04T03:08:47.3460076Z PASS test/scout/g2-s8g-db-guard.spec.ts
2026-10-04T03:08:47.4242093Z PASS test/client-purchases-field-select.spec.ts
2026-10-04T03:08:47.7666656Z PASS test/purchase-split-handler.service.spec.ts
2026-10-04T03:08:47.8309977Z PASS test/coach-alerts-emitters.spec.ts
2026-10-04T03:08:47.8482385Z PASS test/booking-reminder-local-time.spec.ts
2026-10-04T03:08:47.8556377Z [32m[Nest] 3724  - [39m06/02/2026, 12:30:00 AM [32m    LOG[39m [38;5;3m[SessionReminderJob] [39m[32mreminder sweep kind=booking_reminder_24h scanned=1 dispatched=2 skipped=0[39m
2026-10-04T03:08:47.8560464Z [33m[Nest] 3723  - [39m10/04/2026, 3:08:47 AM [33m   WARN[39m [38;5;3m[PurchaseSplitHandlerService] [39m[33mCannot transfer head-coach split for purchase=p-sub: head coach head-1 has no ConnectAccount[39m
2026-10-04T03:08:47.8564266Z [33m[Nest] 3723  - [39m10/04/2026, 3:08:47 AM [33m   WARN[39m [38;5;3m[PurchaseSplitHandlerService] [39m[33mCannot post split for purchase=p-solo: seller has no ConnectAccount[39m
2026-10-04T03:08:47.8567262Z [32m[Nest] 3724  - [39m06/02/2026, 11:30:00 PM [32m    LOG[39m [38;5;3m[SessionReminderJob] [39m[32mreminder sweep kind=booking_reminder_1h scanned=1 dispatched=2 skipped=0[39m
2026-10-04T03:08:47.8570279Z [32m[Nest] 3724  - [39m06/02/2026, 12:30:00 AM [32m    LOG[39m [38;5;3m[SessionReminderJob] [39m[32mreminder sweep kind=booking_reminder_24h scanned=1 dispatched=2 skipped=0[39m
2026-10-04T03:08:47.8573594Z [32m[Nest] 3724  - [39m06/02/2026, 12:30:00 AM [32m    LOG[39m [38;5;3m[SessionReminderJob] [39m[32mreminder sweep kind=booking_reminder_24h scanned=1 dispatched=2 skipped=0[39m
2026-10-04T03:08:47.8576606Z [32m[Nest] 3724  - [39m06/02/2026, 12:40:00 AM [32m    LOG[39m [38;5;3m[SessionReminderJob] [39m[32mreminder sweep kind=booking_reminder_24h scanned=1 dispatched=1 skipped=1[39m
2026-10-04T03:08:47.8579592Z [32m[Nest] 3724  - [39m06/02/2026, 12:40:00 AM [32m    LOG[39m [38;5;3m[SessionReminderJob] [39m[32mreminder sweep kind=booking_reminder_24h scanned=1 dispatched=1 skipped=1[39m
2026-10-04T03:08:47.8582856Z [32m[Nest] 3724  - [39m06/02/2026, 12:40:00 AM [32m    LOG[39m [38;5;3m[SessionReminderJob] [39m[32mreminder sweep kind=booking_reminder_24h scanned=1 dispatched=0 skipped=2[39m
2026-10-04T03:08:47.8585840Z [32m[Nest] 3724  - [39m06/02/2026, 12:30:00 AM [32m    LOG[39m [38;5;3m[SessionReminderJob] [39m[32mreminder sweep kind=booking_reminder_24h scanned=1 dispatched=2 skipped=0[39m
2026-10-04T03:08:47.8588789Z [32m[Nest] 3724  - [39m06/02/2026, 12:30:00 AM [32m    LOG[39m [38;5;3m[SessionReminderJob] [39m[32mreminder sweep kind=booking_reminder_24h scanned=1 dispatched=2 skipped=0[39m
2026-10-04T03:08:47.8592047Z [32m[Nest] 3724  - [39m06/02/2026, 12:30:00 AM [32m    LOG[39m [38;5;3m[SessionReminderJob] [39m[32mreminder sweep kind=booking_reminder_24h scanned=1 dispatched=2 skipped=0[39m
2026-10-04T03:08:48.1588946Z PASS test/ptm-weighted.service.spec.ts
2026-10-04T03:08:48.2962941Z PASS test/community/cohorts/community-cohort-members.service.spec.ts
2026-10-04T03:08:48.5762261Z PASS test/pr14-guest-recurring-dispatcher-integration.spec.ts
2026-10-04T03:08:48.5881372Z [33m[Nest] 3724  - [39m10/04/2026, 3:08:48 AM [33m   WARN[39m [38;5;3m[BillingService] [39m[33mSubscription sub_guest_rec for unknown customer cus_g[39m
2026-10-04T03:08:48.5902743Z [33m[Nest] 3724  - [39m10/04/2026, 3:08:48 AM [33m   WARN[39m [38;5;3m[BillingService] [39m[33mSubscription sub_guest_rec for unknown customer cus_g[39m
2026-10-04T03:08:48.5932934Z [33m[Nest] 3724  - [39m10/04/2026, 3:08:48 AM [33m   WARN[39m [38;5;3m[BillingService] [39m[33mSubscription sub_guest_rec for unknown customer cus_g[39m
2026-10-04T03:08:48.7333618Z [31m[Nest] 3730  - [39m10/04/2026, 3:08:48 AM [31m  ERROR[39m [38;5;3m[StorefrontService] [39m[31mSTRIPE_PUBLISHABLE_KEY unset — public storefront cannot confirm payments.[39m
2026-10-04T03:08:48.8092119Z PASS test/coach-alerts.service.spec.ts
2026-10-04T03:08:49.3656659Z PASS test/storefront.service.spec.ts
2026-10-04T03:08:49.6410082Z PASS test/reports.service.spec.ts
2026-10-04T03:08:49.7271985Z PASS test/gcal-b3-channel-tracking.spec.ts
2026-10-04T03:08:50.0722080Z PASS test/scout/scout-ingest.validation.integration.spec.ts
2026-10-04T03:08:50.7081536Z PASS test/contracts/contract-envelope.state-machine.spec.ts
2026-10-04T03:08:50.7912447Z [33m[Nest] 3723  - [39m10/04/2026, 3:08:50 AM [33m   WARN[39m [38;5;3m[ContractEnvelopeService] [39m[33mIgnoring illegal transition DECLINED → SIGNED for envelope env_1[39m
2026-10-04T03:08:51.0748520Z PASS test/scout/reconstruct/conformance-alpha.mapper.spec.ts
2026-10-04T03:08:51.3714419Z [31m[Nest] 3723  - [39m10/04/2026, 3:08:51 AM [31m  ERROR[39m [38;5;3m[EmailService] [39m[31memail send failed template=coach-invites-client to=a@example.com: Resend 422: domain not verified[39m
2026-10-04T03:08:51.3793254Z PASS test/email.service.spec.ts
2026-10-04T03:08:51.4315528Z PASS test/account-deletion/storage-billing.spec.ts
2026-10-04T03:08:51.4360280Z [32m[Nest] 3723  - [39m10/04/2026, 3:08:51 AM [32m    LOG[39m [38;5;3m[EmailService] [39m[32m[email:log] to=a@example.com template=coach-invites-client subject="C invited you to The Growth Project" key=invite:abc[39m
2026-10-04T03:08:51.4363804Z [32m[Nest] 3723  - [39m10/04/2026, 3:08:51 AM [32m    LOG[39m [38;5;3m[EmailService] [39m[32memail send skipped: idempotency hit key=invite:abc[39m
2026-10-04T03:08:51.4366659Z [32m[Nest] 3723  - [39m10/04/2026, 3:08:51 AM [32m    LOG[39m [38;5;3m[EmailService] [39m[32memail sent template=coach-invites-client to=a@example.com provider_id=msg_abc[39m
2026-10-04T03:08:51.9741779Z PASS test/reports.controller.spec.ts
2026-10-04T03:08:52.3122501Z PASS test/transformation-scorecard-pdf.spec.ts
2026-10-04T03:08:52.7540107Z PASS src/extension-pair/__tests__/durable-session.spec.ts
2026-10-04T03:08:52.7626535Z [33m[Nest] 3723  - [39m10/04/2026, 3:08:52 AM [33m   WARN[39m [38;5;3m[ExtensionPairService] [39m[33msetup readiness read failed; readiness omitted (unknown)[39m
2026-10-04T03:08:52.7629440Z [33m[Nest] 3723  - [39m10/04/2026, 3:08:52 AM [33m   WARN[39m [38;5;3m[ExtensionPairService] [39m[33msetup readiness read failed; readiness omitted (unknown)[39m
2026-10-04T03:08:52.7632553Z [33m[Nest] 3723  - [39m10/04/2026, 3:08:52 AM [33m   WARN[39m [38;5;3m[ExtensionPairService] [39m[33msetup readiness read failed; readiness omitted (unknown)[39m
2026-10-04T03:08:52.7635496Z [33m[Nest] 3723  - [39m10/04/2026, 3:08:52 AM [33m   WARN[39m [38;5;3m[ExtensionPairService] [39m[33msetup readiness read failed; readiness omitted (unknown)[39m
2026-10-04T03:08:52.7638192Z [33m[Nest] 3723  - [39m10/04/2026, 3:08:52 AM [33m   WARN[39m [38;5;3m[ExtensionPairService] [39m[33msetup readiness read failed; readiness omitted (unknown)[39m
2026-10-04T03:08:52.7641246Z [33m[Nest] 3723  - [39m10/04/2026, 3:08:52 AM [33m   WARN[39m [38;5;3m[ExtensionPairService] [39m[33msetup readiness read failed; readiness omitted (unknown)[39m
2026-10-04T03:08:52.7644026Z [33m[Nest] 3723  - [39m10/04/2026, 3:08:52 AM [33m   WARN[39m [38;5;3m[ExtensionPairService] [39m[33msetup readiness read failed; readiness omitted (unknown)[39m
2026-10-04T03:08:52.7646805Z [33m[Nest] 3723  - [39m10/04/2026, 3:08:52 AM [33m   WARN[39m [38;5;3m[ExtensionPairService] [39m[33msetup readiness read failed; readiness omitted (unknown)[39m
2026-10-04T03:08:52.7649588Z [33m[Nest] 3723  - [39m10/04/2026, 3:08:52 AM [33m   WARN[39m [38;5;3m[ExtensionPairService] [39m[33msetup readiness read failed; readiness omitted (unknown)[39m
2026-10-04T03:08:52.7652614Z [33m[Nest] 3723  - [39m10/04/2026, 3:08:52 AM [33m   WARN[39m [38;5;3m[ExtensionPairService] [39m[33msetup readiness read failed; readiness omitted (unknown)[39m
2026-10-04T03:08:53.1799509Z PASS test/mwb-autosave-owner-visibility.spec.ts
2026-10-04T03:08:53.2106004Z [33m[Nest] 3723  - [39m10/04/2026, 3:08:53 AM [33m   WARN[39m [38;5;3m[AnalyticsService] [39m[33mPOSTHOG_KEY not set — analytics are disabled (no-op mode).[39m
2026-10-04T03:08:53.2109375Z [33m[Nest] 3723  - [39m10/04/2026, 3:08:53 AM [33m   WARN[39m [38;5;3m[AnalyticsService] [39m[33mPOSTHOG_KEY not set — analytics are disabled (no-op mode).[39m
2026-10-04T03:08:53.2112529Z [33m[Nest] 3723  - [39m10/04/2026, 3:08:53 AM [33m   WARN[39m [38;5;3m[AnalyticsService] [39m[33mPOSTHOG_KEY not set — analytics are disabled (no-op mode).[39m
2026-10-04T03:08:53.2115171Z [33m[Nest] 3723  - [39m10/04/2026, 3:08:53 AM [33m   WARN[39m [38;5;3m[AnalyticsService] [39m[33mPOSTHOG_KEY not set — analytics are disabled (no-op mode).[39m
2026-10-04T03:08:53.2118731Z [33m[Nest] 3723  - [39m10/04/2026, 3:08:53 AM [33m   WARN[39m [38;5;3m[AnalyticsService] [39m[33mPOSTHOG_KEY not set — analytics are disabled (no-op mode).[39m
2026-10-04T03:08:53.2121750Z [33m[Nest] 3723  - [39m10/04/2026, 3:08:53 AM [33m   WARN[39m [38;5;3m[AnalyticsService] [39m[33mPOSTHOG_KEY not set — analytics are disabled (no-op mode).[39m
2026-10-04T03:08:53.2124490Z [33m[Nest] 3723  - [39m10/04/2026, 3:08:53 AM [33m   WARN[39m [38;5;3m[AnalyticsService] [39m[33mPOSTHOG_KEY not set — analytics are disabled (no-op mode).[39m
2026-10-04T03:08:53.2127166Z [33m[Nest] 3723  - [39m10/04/2026, 3:08:53 AM [33m   WARN[39m [38;5;3m[AnalyticsService] [39m[33mPOSTHOG_KEY not set — analytics are disabled (no-op mode).[39m
2026-10-04T03:08:53.2129945Z [33m[Nest] 3723  - [39m10/04/2026, 3:08:53 AM [33m   WARN[39m [38;5;3m[AnalyticsService] [39m[33mPOSTHOG_KEY not set — analytics are disabled (no-op mode).[39m
2026-10-04T03:08:53.2132993Z [33m[Nest] 3723  - [39m10/04/2026, 3:08:53 AM [33m   WARN[39m [38;5;3m[AnalyticsService] [39m[33mPOSTHOG_KEY not set — analytics are disabled (no-op mode).[39m
2026-10-04T03:08:53.2135682Z [33m[Nest] 3723  - [39m10/04/2026, 3:08:53 AM [33m   WARN[39m [38;5;3m[AnalyticsService] [39m[33mPOSTHOG_KEY not set — analytics are disabled (no-op mode).[39m
2026-10-04T03:08:53.2138399Z [33m[Nest] 3723  - [39m10/04/2026, 3:08:53 AM [33m   WARN[39m [38;5;3m[AnalyticsService] [39m[33mPOSTHOG_KEY not set — analytics are disabled (no-op mode).[39m
2026-10-04T03:08:53.2141384Z [33m[Nest] 3723  - [39m10/04/2026, 3:08:53 AM [33m   WARN[39m [38;5;3m[AnalyticsService] [39m[33mPOSTHOG_KEY not set — analytics are disabled (no-op mode).[39m
2026-10-04T03:08:53.2144022Z [33m[Nest] 3723  - [39m10/04/2026, 3:08:53 AM [33m   WARN[39m [38;5;3m[AnalyticsService] [39m[33mPOSTHOG_KEY not set — analytics are disabled (no-op mode).[39m
2026-10-04T03:08:53.2146796Z [33m[Nest] 3723  - [39m10/04/2026, 3:08:53 AM [33m   WARN[39m [38;5;3m[AnalyticsService] [39m[33mPOSTHOG_KEY not set — analytics are disabled (no-op mode).[39m
2026-10-04T03:08:53.2149556Z [33m[Nest] 3723  - [39m10/04/2026, 3:08:53 AM [33m   WARN[39m [38;5;3m[AnalyticsService] [39m[33mPOSTHOG_KEY not set — analytics are disabled (no-op mode).[39m
2026-10-04T03:08:53.2152451Z [33m[Nest] 3723  - [39m10/04/2026, 3:08:53 AM [33m   WARN[39m [38;5;3m[AnalyticsService] [39m[33mPOSTHOG_KEY not set — analytics are disabled (no-op mode).[39m
2026-10-04T03:08:53.2154991Z [33m[Nest] 3723  - [39m10/04/2026, 3:08:53 AM [33m   WARN[39m [38;5;3m[AnalyticsService] [39m[33mPOSTHOG_KEY not set — analytics are disabled (no-op mode).[39m
2026-10-04T03:08:53.2420016Z [31m[Nest] 3724  - [39m10/04/2026, 3:08:53 AM [31m  ERROR[39m [38;5;3m[RecentAuthGuard] [39m[31mRECENT_AUTH_SECRET is not configured or is shorter than 32 characters — sensitive action blocked[39m
2026-10-04T03:08:53.2542555Z PASS test/account-deletion/admin-force-delete-step-up.spec.ts
2026-10-04T03:08:53.8312264Z PASS test/data-export.service.spec.ts
2026-10-04T03:08:53.8575733Z PASS test/roman-coach-reviewed-migration.spec.ts
2026-10-04T03:08:54.1392106Z PASS test/build-week-day1-consultation-copy.spec.ts
2026-10-04T03:08:54.5602083Z PASS test/sub-coach-scope.service.spec.ts
2026-10-04T03:08:55.4783759Z [33m[Nest] 3724  - [39m10/04/2026, 3:08:55 AM [33m   WARN[39m [38;5;3m[FinanceAdminClient] [39m[33mFinance federation degraded path=/api/admin/federation/clients/by-email/a%40b.test reason=http_error[39m
2026-10-04T03:08:55.7722243Z PASS test/finance-admin.client.spec.ts
2026-10-04T03:08:55.8003844Z [33m[Nest] 3724  - [39m10/04/2026, 3:08:55 AM [33m   WARN[39m [38;5;3m[FinanceAdminClient] [39m[33mFinance federation degraded path=/api/admin/federation/clients/by-email/a%40b.test reason=timeout[39m
2026-10-04T03:08:55.8063321Z [33m[Nest] 3724  - [39m10/04/2026, 3:08:55 AM [33m   WARN[39m [38;5;3m[FinanceAdminClient] [39m[33mFinance federation degraded path=/api/admin/federation/users/search?q=q&limit=5 reason=malformed_response[39m
2026-10-04T03:08:55.8123512Z [33m[Nest] 3724  - [39m10/04/2026, 3:08:55 AM [33m   WARN[39m [38;5;3m[FinanceAdminClient] [39m[33mFinance federation degraded path=/api/admin/federation/users/search?q=q&limit=5 reason=malformed_response[39m
2026-10-04T03:08:55.8126847Z [33m[Nest] 3724  - [39m10/04/2026, 3:08:55 AM [33m   WARN[39m [38;5;3m[FinanceAdminClient] [39m[33mFinance federation degraded path=/api/admin/federation/clients/by-email/a%40b.test reason=malformed_response[39m
2026-10-04T03:08:56.1452169Z PASS src/scout/scout.dto.spec.ts
2026-10-04T03:08:56.6076779Z PASS test/analytics-instrumentation.spec.ts
2026-10-04T03:08:57.1675294Z PASS test/ai/coach-ai.controller.spec.ts
2026-10-04T03:08:57.4634950Z PASS test/assignable-asset-resolver-media.spec.ts
2026-10-04T03:08:57.5293447Z [33m[Nest] 3724  - [39m10/04/2026, 3:08:57 AM [33m   WARN[39m [38;5;3m[MediaAssetResolver] [39m[33mMediaAssetResolver: tenant mismatch — asset.coach_id=other-coach acting.tenantCoachId=coach-1[39m
2026-10-04T03:08:57.5297253Z [33m[Nest] 3724  - [39m10/04/2026, 3:08:57 AM [33m   WARN[39m [38;5;3m[MediaAssetResolver] [39m[33mMediaAssetResolver: asset asset-1 not ready (status=uploading); refusing grant[39m
2026-10-04T03:08:57.5300474Z [33m[Nest] 3724  - [39m10/04/2026, 3:08:57 AM [33m   WARN[39m [38;5;3m[MediaAssetResolver] [39m[33mMediaAssetResolver: asset asset-1 not ready (status=processing); refusing grant[39m
2026-10-04T03:08:57.5303883Z [33m[Nest] 3724  - [39m10/04/2026, 3:08:57 AM [33m   WARN[39m [38;5;3m[MediaAssetResolver] [39m[33mMediaAssetResolver: asset asset-1 not ready (status=errored); refusing grant[39m
2026-10-04T03:08:58.3002262Z PASS test/scout/scout-ingest.controller.spec.ts
2026-10-04T03:08:58.4451897Z PASS test/community/rls/community-rls.spec.ts
2026-10-04T03:09:01.8812833Z PASS test/onboarding-program-rules.spec.ts (12.132 s)
2026-10-04T03:09:02.3134891Z [33m[Nest] 3730  - [39m10/04/2026, 3:09:02 AM [33m   WARN[39m [38;5;3m[AnthropicAdapter] [39m[33m[anthropic] retryable error status=429 attempt=1 delay=250ms[39m
2026-10-04T03:09:02.3983051Z PASS test/ci/s10-core-diff-gate-sc2015.spec.ts
2026-10-04T03:09:02.5612230Z [33m[Nest] 3730  - [39m10/04/2026, 3:09:02 AM [33m   WARN[39m [38;5;3m[AnthropicAdapter] [39m[33m[anthropic] retryable error status=503 attempt=1 delay=250ms[39m
2026-10-04T03:09:02.6559294Z PASS test/build-week.service.spec.ts
2026-10-04T03:09:02.8234605Z [33m[Nest] 3730  - [39m10/04/2026, 3:09:02 AM [33m   WARN[39m [38;5;3m[AnthropicAdapter] [39m[33m[anthropic] retryable error status=503 attempt=2 delay=1000ms[39m
2026-10-04T03:09:03.7893699Z [33m[Nest] 3724  - [39m10/04/2026, 3:09:03 AM [33m   WARN[39m [38;5;3m[DbStatsService] [39m[33mpg_stat_statements is not available; returning unavailable. Enable the extension (operator-attach).[39m
2026-10-04T03:09:03.7922930Z [33m[Nest] 3724  - [39m10/04/2026, 3:09:03 AM [33m   WARN[39m [38;5;3m[DbStatsService] [39m[33mpg_stat_statements is not available; returning unavailable. Enable the extension (operator-attach).[39m
2026-10-04T03:09:03.7925394Z [33m[Nest] 3730  - [39m10/04/2026, 3:09:03 AM [33m   WARN[39m [38;5;3m[AnthropicAdapter] [39m[33m[anthropic] retryable error status=503 attempt=3 delay=4000ms[39m
2026-10-04T03:09:03.8552014Z PASS test/observability/db-stats.spec.ts
2026-10-04T03:09:04.8153181Z PASS test/mwb-program-package-delivery.spec.ts
2026-10-04T03:09:05.0568759Z PASS test/common/feature-flag-not-found.spec.ts
2026-10-04T03:09:06.6875959Z PASS test/wearables/wearables-module.integration.spec.ts
2026-10-04T03:09:07.1546788Z PASS test/scout/reconstruct/native/engine-handoff.spec.ts
2026-10-04T03:09:07.2193202Z [32m[Nest] 3724  - [39m10/04/2026, 3:09:07 AM [32m    LOG[39m [38;5;3m[ScoutReconstructService] [39m[32mscout.reconstruct completed {"intent_id":"intent-1","coach_id":"coach-a","staged":1,"reconstructed":1,"skipped":0,"failed":0}[39m
2026-10-04T03:09:07.2196942Z [32m[Nest] 3724  - [39m10/04/2026, 3:09:07 AM [32m    LOG[39m [38;5;3m[ScoutReconstructService] [39m[32mscout.reconstruct completed {"intent_id":"intent-1","coach_id":"coach-a","staged":1,"reconstructed":0,"skipped":1,"failed":0}[39m
2026-10-04T03:09:07.2200379Z [32m[Nest] 3724  - [39m10/04/2026, 3:09:07 AM [32m    LOG[39m [38;5;3m[ScoutReconstructService] [39m[32mscout.reconstruct completed {"intent_id":"intent-1","coach_id":"coach-a","staged":1,"reconstructed":1,"skipped":0,"failed":0}[39m
2026-10-04T03:09:07.2204518Z [32m[Nest] 3724  - [39m10/04/2026, 3:09:07 AM [32m    LOG[39m [38;5;3m[ScoutReconstructService] [39m[32mscout.reconstruct completed {"intent_id":"intent-1","coach_id":"coach-a","staged":1,"reconstructed":1,"skipped":0,"failed":0}[39m
2026-10-04T03:09:07.2207866Z [32m[Nest] 3724  - [39m10/04/2026, 3:09:07 AM [32m    LOG[39m [38;5;3m[ScoutReconstructService] [39m[32mscout.reconstruct completed {"intent_id":"intent-1","coach_id":"coach-a","staged":1,"reconstructed":1,"skipped":0,"failed":0}[39m
2026-10-04T03:09:07.2211548Z [32m[Nest] 3724  - [39m10/04/2026, 3:09:07 AM [32m    LOG[39m [38;5;3m[ScoutReconstructService] [39m[32mscout.reconstruct completed {"intent_id":"intent-1","coach_id":"coach-a","staged":1,"reconstructed":0,"skipped":1,"failed":0}[39m
2026-10-04T03:09:07.2214910Z [32m[Nest] 3724  - [39m10/04/2026, 3:09:07 AM [32m    LOG[39m [38;5;3m[ScoutReconstructService] [39m[32mscout.reconstruct completed {"intent_id":"intent-1","coach_id":"coach-a","staged":1,"reconstructed":1,"skipped":0,"failed":0}[39m
2026-10-04T03:09:07.2218158Z [32m[Nest] 3724  - [39m10/04/2026, 3:09:07 AM [32m    LOG[39m [38;5;3m[ScoutReconstructService] [39m[32mscout.reconstruct completed {"intent_id":"intent-1","coach_id":"coach-a","staged":2,"reconstructed":2,"skipped":0,"failed":0}[39m
2026-10-04T03:09:07.2222039Z [33m[Nest] 3724  - [39m10/04/2026, 3:09:07 AM [33m   WARN[39m [38;5;3m[ScoutReconstructService] [39m[33mscout.reconstruct completed with failures {"intent_id":"intent-1","coach_id":"coach-a","staged":1,"reconstructed":0,"skipped":0,"failed":1}[39m
2026-10-04T03:09:07.6087768Z PASS test/account-deletion/optional-tables-export-fence.spec.ts
2026-10-04T03:09:07.6495921Z [33m[Nest] 3724  - [39m10/04/2026, 3:09:07 AM [33m   WARN[39m [38;5;3m[DataExportService] [39m[33mDATA_EXPORT_TOKEN_SECRET is not set — using the insecure default. Set DATA_EXPORT_TOKEN_SECRET before going to production.[39m
2026-10-04T03:09:07.6499527Z [33m[Nest] 3724  - [39m10/04/2026, 3:09:07 AM [33m   WARN[39m [38;5;3m[DataExportService] [39m[33mDATA_EXPORT_TOKEN_SECRET is not set — using the insecure default. Set DATA_EXPORT_TOKEN_SECRET before going to production.[39m
2026-10-04T03:09:07.6503036Z [33m[Nest] 3724  - [39m10/04/2026, 3:09:07 AM [33m   WARN[39m [38;5;3m[DataExportService] [39m[33mDATA_EXPORT_TOKEN_SECRET is not set — using the insecure default. Set DATA_EXPORT_TOKEN_SECRET before going to production.[39m
2026-10-04T03:09:07.6506306Z [33m[Nest] 3724  - [39m10/04/2026, 3:09:07 AM [33m   WARN[39m [38;5;3m[DataExportService] [39m[33mDATA_EXPORT_TOKEN_SECRET is not set — using the insecure default. Set DATA_EXPORT_TOKEN_SECRET before going to production.[39m
2026-10-04T03:09:07.9479471Z [33m[Nest] 3730  - [39m10/04/2026, 3:09:07 AM [33m   WARN[39m [38;5;3m[AnthropicAdapter] [39m[33m[anthropic] structured parse failed; attempting one repair: Unexpected token 'o', "not json at all" is not valid JSON[39m
2026-10-04T03:09:07.9482867Z [32m[Nest] 3730  - [39m10/04/2026, 3:09:07 AM [32m    LOG[39m [38;5;3m[AiEgressService] [39m[32mai_egress.refused surface=coach_ai.workout_program reason=no_live_grant clients=1 missing=1[39m
2026-10-04T03:09:07.9485556Z [33m[Nest] 3730  - [39m10/04/2026, 3:09:07 AM [33m   WARN[39m [38;5;3m[AnthropicAdapter] [39m[33m[anthropic] retryable error status=529 attempt=1 delay=250ms[39m
2026-10-04T03:09:08.1274487Z PASS test/ai/anthropic-adapter.spec.ts (6.24 s)
2026-10-04T03:09:08.1452435Z PASS test/coach-payments-field-select.spec.ts
2026-10-04T03:09:08.2097508Z [32m[Nest] 3730  - [39m10/04/2026, 3:09:07 AM [32m    LOG[39m [38;5;3m[AiEgressService] [39m[32mai_egress.refused surface=coach_ai.workout_program reason=no_live_grant clients=1 missing=1[39m
2026-10-04T03:09:08.2101398Z [33m[Nest] 3730  - [39m10/04/2026, 3:09:07 AM [33m   WARN[39m [38;5;3m[AnthropicAdapter] [39m[33m[anthropic] structured parse failed; attempting one repair: Unexpected token 'o', "not json" is not valid JSON[39m
2026-10-04T03:09:08.2104541Z [32m[Nest] 3730  - [39m10/04/2026, 3:09:07 AM [32m    LOG[39m [38;5;3m[AiEgressService] [39m[32mai_egress.refused surface=coach_ai.workout_program reason=no_live_grant clients=1 missing=1[39m
2026-10-04T03:09:08.2107231Z [33m[Nest] 3730  - [39m10/04/2026, 3:09:07 AM [33m   WARN[39m [38;5;3m[AiEgressService] [39m[33mai_egress.consent_read_failed (treated as no grant)[39m
2026-10-04T03:09:08.2110025Z [32m[Nest] 3730  - [39m10/04/2026, 3:09:07 AM [32m    LOG[39m [38;5;3m[AiEgressService] [39m[32mai_egress.refused surface=coach_ai.workout_program reason=no_live_grant clients=1 missing=1[39m
2026-10-04T03:09:08.3603829Z [31m[Nest] 3730  - [39m10/04/2026, 3:09:08 AM [31m  ERROR[39m [38;5;3m[GoogleMeetAdapter] [39m[31mGoogleMeetAdapter.createMeeting called but real implementation is not wired up; idempotencyKey=idem-1[39m
2026-10-04T03:09:08.3740582Z [31m[Nest] 3730  - [39m10/04/2026, 3:09:08 AM [31m  ERROR[39m [38;5;3m[ZoomVideoAdapter] [39m[31mZoomVideoAdapter.createMeeting called but real implementation is not wired up; idempotencyKey=idem-2[39m
2026-10-04T03:09:08.3768772Z [31m[Nest] 3730  - [39m10/04/2026, 3:09:08 AM [31m  ERROR[39m [38;5;3m[GoogleCalendarAdapter] [39m[31mGoogleCalendarAdapter.createEvent called but real implementation is not wired up; idempotencyKey=idem-3[39m
2026-10-04T03:09:08.4588701Z PASS test/qa-p0-launch-blockers.spec.ts
2026-10-04T03:09:08.5872803Z PASS test/community/plan-context/plan-context.service.spec.ts
2026-10-04T03:09:08.7952976Z PASS test/purchase-fanout-coach-new-purchase.spec.ts
2026-10-04T03:09:08.8624643Z [95m[Nest] 3730  - [39m10/04/2026, 3:09:08 AM [95m  DEBUG[39m [38;5;3m[PurchaseFanoutService] [39m[95mfanout: package=pkg_1 has no contents — purchase=pur_1[39m
2026-10-04T03:09:08.8628039Z [95m[Nest] 3730  - [39m10/04/2026, 3:09:08 AM [95m  DEBUG[39m [38;5;3m[PurchaseFanoutService] [39m[95mfanout: package=pkg_1 has no contents — purchase=pur_1[39m
2026-10-04T03:09:08.8631388Z [95m[Nest] 3730  - [39m10/04/2026, 3:09:08 AM [95m  DEBUG[39m [38;5;3m[PurchaseFanoutService] [39m[95mfanout: package=pkg_1 has no contents — purchase=pur_1[39m
2026-10-04T03:09:08.8634529Z [95m[Nest] 3730  - [39m10/04/2026, 3:09:08 AM [95m  DEBUG[39m [38;5;3m[PurchaseFanoutService] [39m[95mcoach_new_purchase: marker already claimed for purchase=pur_1 (webhook replay)[39m
2026-10-04T03:09:08.8638478Z [95m[Nest] 3730  - [39m10/04/2026, 3:09:08 AM [95m  DEBUG[39m [38;5;3m[PurchaseFanoutService] [39m[95mfanout: package=pkg_1 has no contents — purchase=pur_1[39m
2026-10-04T03:09:08.8641666Z [95m[Nest] 3730  - [39m10/04/2026, 3:09:08 AM [95m  DEBUG[39m [38;5;3m[PurchaseFanoutService] [39m[95mfanout: package=pkg_1 has no contents — purchase=pur_1[39m
2026-10-04T03:09:08.8644579Z [95m[Nest] 3730  - [39m10/04/2026, 3:09:08 AM [95m  DEBUG[39m [38;5;3m[PurchaseFanoutService] [39m[95mfanout: package=pkg_1 has no contents — purchase=pur_1[39m
2026-10-04T03:09:08.9644680Z PASS test/team-mode-permissions.spec.ts
2026-10-04T03:09:09.3572631Z PASS test/coach-brief-ttl.spec.ts
2026-10-04T03:09:09.4063560Z [32m[Nest] 3730  - [39m10/04/2026, 3:09:09 AM [32m    LOG[39m [38;5;3m[CoachBriefService] [39m[32mCoachBrief TTL prune: deleted 2 rows older than 2026-09-27 (retentionDays=7)[39m
2026-10-04T03:09:09.4066516Z [32m[Nest] 3730  - [39m10/04/2026, 3:09:09 AM [32m    LOG[39m [38;5;3m[CoachBriefService] [39m[32mCoachBrief TTL prune: deleted 0 rows older than 2026-09-27 (retentionDays=7)[39m
2026-10-04T03:09:09.4069818Z [32m[Nest] 3730  - [39m10/04/2026, 3:09:09 AM [32m    LOG[39m [38;5;3m[CoachBriefService] [39m[32mCoachBrief TTL prune: deleted 0 rows older than 2026-09-27 (retentionDays=7)[39m
2026-10-04T03:09:09.4072832Z [32m[Nest] 3730  - [39m10/04/2026, 3:09:09 AM [32m    LOG[39m [38;5;3m[CoachBriefService] [39m[32mCoachBrief TTL prune: deleted 1 rows older than 2026-09-04 (retentionDays=30)[39m
2026-10-04T03:09:09.4075510Z [32m[Nest] 3730  - [39m10/04/2026, 3:09:09 AM [32m    LOG[39m [38;5;3m[CoachBriefService] [39m[32mCoachBrief TTL prune: deleted 3 rows older than 2026-09-20 (retentionDays=14)[39m
2026-10-04T03:09:09.4078149Z [32m[Nest] 3730  - [39m10/04/2026, 3:09:09 AM [32m    LOG[39m [38;5;3m[CoachBriefService] [39m[32mCoachBrief TTL prune: deleted 0 rows older than 2026-09-27 (retentionDays=7)[39m
2026-10-04T03:09:09.4080678Z [95m[Nest] 3730  - [39m10/04/2026, 3:09:09 AM [95m  DEBUG[39m [38;5;3m[CoachBriefScheduler] [39m[95mcoach brief TTL prune skipped — COACH_BRIEF_ENABLED=off[39m
2026-10-04T03:09:09.4083472Z [32m[Nest] 3730  - [39m10/04/2026, 3:09:09 AM [32m    LOG[39m [38;5;3m[CoachBriefService] [39m[32mCoachBrief TTL prune: deleted 0 rows older than 2026-09-27 (retentionDays=7)[39m
2026-10-04T03:09:09.5912178Z PASS test/contracts/importer-contract-extraction.spec.ts
2026-10-04T03:09:09.9663007Z PASS test/nudges.service.spec.ts
2026-10-04T03:09:10.2503037Z PASS test/payout-readiness.service.spec.ts
2026-10-04T03:09:10.3449461Z [33m[Nest] 3730  - [39m10/04/2026, 3:09:10 AM [33m   WARN[39m [38;5;3m[PayoutReadinessService] [39m[33mPayoutReadinessService refresh failed coach=coach-4: stripe down[39m
2026-10-04T03:09:10.6415954Z PASS test/scout/g2-s9-db-guard.spec.ts
2026-10-04T03:09:11.0257050Z PASS test/checkout-buyer-drops.spec.ts
2026-10-04T03:09:11.9882303Z PASS test/meal-plans.service.spec.ts
2026-10-04T03:09:13.2132817Z PASS test/notification-prefs.spec.ts
2026-10-04T03:09:13.4965828Z PASS test/entitlements.service.spec.ts
2026-10-04T03:09:13.8641654Z PASS src/notifications/__tests__/first-payment-throttle-rollback.integration.spec.ts
2026-10-04T03:09:14.4217647Z PASS test/sub-coach-idempotency.service.spec.ts
2026-10-04T03:09:14.7863664Z PASS test/booking-emitter.spec.ts
2026-10-04T03:09:14.8546284Z [33m[Nest] 3730  - [39m10/04/2026, 3:09:14 AM [33m   WARN[39m [38;5;3m[BookingEmitter] [39m[33mBookingEmitter booking_requested failed for user=coach-1: db down[39m
2026-10-04T03:09:15.3996176Z PASS test/stripe-webhook-fixtures.spec.ts
2026-10-04T03:09:15.8846079Z [31m[Nest] 3730  - [39m10/04/2026, 3:09:15 AM [31m  ERROR[39m [38;5;3m[Soc2EvidenceService] [39m[31mFailed to fetch audit log for snapshot: DB connection lost[39m
2026-10-04T03:09:15.8932671Z PASS test/soc2-evidence.spec.ts
2026-10-04T03:09:16.2494495Z PASS test/landing-pages.analytics.spec.ts
2026-10-04T03:09:16.6812457Z PASS test/messaging-voice.spec.ts
2026-10-04T03:09:17.8062724Z PASS test/ai-consent/ai-consent-dunning-lockout.e2e.spec.ts
2026-10-04T03:09:17.8225123Z PASS test/ci/r75-wiring.spec.ts (8.852 s)
2026-10-04T03:09:18.2190406Z PASS src/notifications/__tests__/first-payment-tx-rollback.integration.spec.ts
2026-10-04T03:09:18.2293457Z PASS test/scout/g2-s8c-db-guard.spec.ts
2026-10-04T03:09:18.4113240Z PASS test/slot-computer.spec.ts
2026-10-04T03:09:18.4874800Z PASS test/data-export-archive-inventory.spec.ts
2026-10-04T03:09:18.5413076Z [33m[Nest] 3724  - [39m10/04/2026, 3:09:18 AM [33m   WARN[39m [38;5;3m[DataExportService] [39m[33mDATA_EXPORT_TOKEN_SECRET is not set — using the insecure default. Set DATA_EXPORT_TOKEN_SECRET before going to production.[39m
2026-10-04T03:09:18.5417941Z [33m[Nest] 3724  - [39m10/04/2026, 3:09:18 AM [33m   WARN[39m [38;5;3m[DataExportService] [39m[33mDATA_EXPORT_TOKEN_SECRET is not set — using the insecure default. Set DATA_EXPORT_TOKEN_SECRET before going to production.[39m
2026-10-04T03:09:18.5422052Z [33m[Nest] 3724  - [39m10/04/2026, 3:09:18 AM [33m   WARN[39m [38;5;3m[DataExportService] [39m[33mDATA_EXPORT_TOKEN_SECRET is not set — using the insecure default. Set DATA_EXPORT_TOKEN_SECRET before going to production.[39m
2026-10-04T03:09:18.5426552Z [33m[Nest] 3724  - [39m10/04/2026, 3:09:18 AM [33m   WARN[39m [38;5;3m[DataExportService] [39m[33mDATA_EXPORT_TOKEN_SECRET is not set — using the insecure default. Set DATA_EXPORT_TOKEN_SECRET before going to production.[39m
2026-10-04T03:09:18.8250774Z PASS test/account-deletion/receipt-r2.spec.ts
2026-10-04T03:09:19.1943795Z PASS test/dunning-v2-copy.spec.ts
2026-10-04T03:09:19.4122312Z PASS test/mobile-coach-billing.controller.spec.ts
2026-10-04T03:09:20.3773310Z [33m[Nest] 3730  - [39m10/04/2026, 3:09:20 AM [33m   WARN[39m [38;5;3m[ExtensionPairService] [39m[33msetup readiness read failed; readiness omitted (unknown)[39m
2026-10-04T03:09:20.5832024Z PASS src/extension-pair/__tests__/durable-intent.spec.ts
2026-10-04T03:09:22.2327957Z PASS test/mwb-program-deferred-delivery.spec.ts
2026-10-04T03:09:22.2933614Z [32m[Nest] 3724  - [39m10/04/2026, 3:09:22 AM [32m    LOG[39m [38;5;3m[PurchaseFanoutService] [39m[32mPurchaseFanout: drop=drop-1 type=workout_program left pending for the drip dispatcher (program delivery runs in its own transaction)[39m
2026-10-04T03:09:22.4830507Z PASS src/community/wearable-prompts/__tests__/wearable-prompts.schema.spec.ts
2026-10-04T03:09:22.7220409Z PASS test/coach-onboarding.service.spec.ts
2026-10-04T03:09:23.2492773Z PASS test/wearables/wearable-samples.controller.spec.ts
2026-10-04T03:09:23.4734450Z {"timestamp":"2026-10-04T03:09:23.372Z","level":"log","context":"RoutesResolver","message":"DiagnosticController {/diagnostic-fixture}:"}
2026-10-04T03:09:23.4762461Z {"timestamp":"2026-10-04T03:09:23.377Z","level":"log","context":"RouterExplorer","message":"Mapped {/diagnostic-fixture/:id, GET} route"}
2026-10-04T03:09:23.4764824Z {"timestamp":"2026-10-04T03:09:23.380Z","level":"log","context":"NestApplication","message":"Nest application successfully started"}
2026-10-04T03:09:23.7051360Z PASS test/ptm-signal-hooks.spec.ts
2026-10-04T03:09:23.7082070Z PASS test/observability/orm-composed-http.spec.ts
2026-10-04T03:09:24.1677001Z PASS test/ai/client-ai-context-self-only.spec.ts
2026-10-04T03:09:24.2254557Z PASS test/owner-billing.controller.spec.ts
2026-10-04T03:09:24.3200459Z [33m[Nest] 3730  - [39m10/04/2026, 3:09:24 AM [33m   WARN[39m [38;5;3m[OwnerBillingController] [39m[33mstart-subscription Stripe error coach=coach-1 code=card_declined status=402[39m
2026-10-04T03:09:24.3636753Z PASS test/landing-pages.html.spec.ts
2026-10-04T03:09:24.7633430Z [31m[Nest] 3730  - [39m10/04/2026, 3:09:24 AM [31m  ERROR[39m [38;5;3m[ShareLinkService] [39m[31mFailed to mint unique share_token after 5 attempts for package pkg-1[39m
2026-10-04T03:09:24.8722437Z PASS test/workout-program-controller-entitlement.spec.ts
2026-10-04T03:09:24.8760540Z PASS test/share-link.service.spec.ts
2026-10-04T03:09:24.9078569Z [33m[Nest] 3724  - [39m10/04/2026, 3:09:24 AM [33m   WARN[39m [38;5;3m[SubscriptionGuard] [39m[33m[enforce] coach=coach-1 state=none reason=missing_subscription route=POST /workout-programs/x/fork[39m
2026-10-04T03:09:24.9083009Z [33m[Nest] 3724  - [39m10/04/2026, 3:09:24 AM [33m   WARN[39m [38;5;3m[SubscriptionGuard] [39m[33m[enforce] coach=coach-1 state=none reason=missing_subscription route=POST /workout-programs/x/clone[39m
2026-10-04T03:09:24.9086527Z [33m[Nest] 3724  - [39m10/04/2026, 3:09:24 AM [33m   WARN[39m [38;5;3m[SubscriptionGuard] [39m[33m[enforce] coach=coach-1 state=none reason=missing_subscription route=POST /workout-programs/x/assignProgram[39m
2026-10-04T03:09:24.9089727Z [33m[Nest] 3724  - [39m10/04/2026, 3:09:24 AM [33m   WARN[39m [38;5;3m[SubscriptionGuard] [39m[33m[enforce] coach=coach-1 state=canceled reason=canceled route=POST /workout-programs/x/clone[39m
2026-10-04T03:09:25.2363251Z PASS test/onboarding-clinic-programs.spec.ts
2026-10-04T03:09:25.4285232Z PASS src/talent-marketplace/public-listing.controller.spec.ts
2026-10-04T03:09:25.7044504Z PASS test/account.service.spec.ts
2026-10-04T03:09:25.8072196Z PASS test/mwb-5-feature-flag-gating.spec.ts
2026-10-04T03:09:26.1093747Z PASS test/subscription.guard.spec.ts
2026-10-04T03:09:26.1727791Z [33m[Nest] 3730  - [39m10/04/2026, 3:09:26 AM [33m   WARN[39m [38;5;3m[SubscriptionGuard] [39m[33m[enforce] coach=c state=past_due reason=past_due_grace_expired route=unknown unknown[39m
2026-10-04T03:09:26.1731211Z [33m[Nest] 3730  - [39m10/04/2026, 3:09:26 AM [33m   WARN[39m [38;5;3m[SubscriptionGuard] [39m[33m[enforce] coach=c state=free reason=tier_too_low route=unknown unknown[39m
2026-10-04T03:09:26.1733993Z [33m[Nest] 3730  - [39m10/04/2026, 3:09:26 AM [33m   WARN[39m [38;5;3m[SubscriptionGuard] [39m[33m[observe] coach=c state=free reason=tier_too_low route=unknown unknown[39m
2026-10-04T03:09:26.1736703Z [33m[Nest] 3730  - [39m10/04/2026, 3:09:26 AM [33m   WARN[39m [38;5;3m[SubscriptionGuard] [39m[33m[enforce] coach=c state=paused reason=paused route=unknown unknown[39m
2026-10-04T03:09:26.1739681Z [33m[Nest] 3730  - [39m10/04/2026, 3:09:26 AM [33m   WARN[39m [38;5;3m[SubscriptionGuard] [39m[33m[observe] coach=c state=canceled reason=canceled route=POST /v1/coach/me/clients[39m
2026-10-04T03:09:26.2757168Z PASS test/ai-coach-message-materialiser.spec.ts
2026-10-04T03:09:26.3615719Z [33m[Nest] 3724  - [39m10/04/2026, 3:09:26 AM [33m   WARN[39m [38;5;3m[CoachMessageMaterializer] [39m[33mCoachMessageMaterializer: payload validation failed for draft 11111111-1111-1111-1111-111111111111: [
2026-10-04T03:09:26.3671903Z   {
2026-10-04T03:09:26.3708678Z     "expected": "string",
2026-10-04T03:09:26.3709412Z     "code": "invalid_type",
2026-10-04T03:09:26.3709945Z     "path": [
2026-10-04T03:09:26.3710394Z       "clientId"
2026-10-04T03:09:26.3711040Z     ],
2026-10-04T03:09:26.3711598Z     "message": "clientId must be a UUID"
2026-10-04T03:09:26.3712171Z   },
2026-10-04T03:09:26.3712581Z   {
2026-10-04T03:09:26.3713388Z     "code": "unrecognized_keys",
2026-10-04T03:09:26.3713957Z     "keys": [
2026-10-04T03:09:26.3714724Z       "client"
2026-10-04T03:09:26.3715174Z     ],
2026-10-04T03:09:26.3715886Z     "path": [],
2026-10-04T03:09:26.3716440Z     "message": "Unrecognized key: \"client\""
2026-10-04T03:09:26.3717282Z   }
2026-10-04T03:09:26.3718113Z ][39m
2026-10-04T03:09:26.6824790Z PASS test/s-fee-first-published-backfill.spec.ts
2026-10-04T03:09:26.7872866Z PASS test/coach-billing.controller.spec.ts
2026-10-04T03:09:26.9909885Z PASS test/wearables/preferences.service.spec.ts
2026-10-04T03:09:27.1356647Z [31m[Nest] 3730  - [39m10/04/2026, 3:09:27 AM [31m  ERROR[39m [38;5;3m[TalentConnectAdapter] [39m[31mTalent Connect onboarding-link failed [e7b428ec-b32f-4826-8e03-a3dd0aa3490b] Error: stripe exploded with sk_[REDACTED] in the message[39m
2026-10-04T03:09:27.1754776Z [31m[Nest] 3730  - [39m10/04/2026, 3:09:27 AM [31m  ERROR[39m [38;5;3m[TalentConnectAdapter] [39m[31mTalent Connect onboarding-link unavailable [2ef2589e-a061-4a8f-a2ca-fc54ba0b85e7] ServiceUnavailableException: Stripe Connect is not configured on this environment.[39m
2026-10-04T03:09:27.1822508Z [31m[Nest] 3730  - [39m10/04/2026, 3:09:37 AM [31m  ERROR[39m [38;5;3m[TalentConnectAdapter] [39m[31mTalent Connect onboarding-link timed out after 10000ms[39m
2026-10-04T03:09:27.2347660Z [31m[Nest] 3730  - [39m10/04/2026, 3:09:27 AM [31m  ERROR[39m [38;5;3m[TalentConnectAdapter] [39m[31mTalent Connect status failed [211f75f2-4fce-4a79-8055-bad9f5e0aae8] Error: boom[39m
2026-10-04T03:09:27.2396658Z PASS test/talent-marketplace-connect-adapter.service.spec.ts
2026-10-04T03:09:27.9195561Z PASS test/entitlement-guards-mounted.spec.ts
2026-10-04T03:09:28.0029494Z PASS test/community/classroom/community-classroom.e2e.spec.ts
2026-10-04T03:09:28.5372444Z PASS test/scout/reconstruct/truecoach-entity.mapper.spec.ts
2026-10-04T03:09:28.6182833Z PASS test/c13-email-case-login.spec.ts
2026-10-04T03:09:29.7902175Z PASS test/community/cohorts/community-cohort-write.service.spec.ts
2026-10-04T03:09:30.5962126Z PASS test/auth/become-coach.free-tier.spec.ts
2026-10-04T03:09:31.7475603Z PASS test/scout/reconstruct/scout-reconstruct.migration.spec.ts
2026-10-04T03:09:32.1561124Z PASS test/team.service.spec.ts
2026-10-04T03:09:32.3285518Z PASS test/packages-archive-guard.spec.ts
2026-10-04T03:09:32.7562557Z PASS test/team-revenue-sharing.spec.ts
2026-10-04T03:09:32.8448051Z [33m[Nest] 3730  - [39m10/04/2026, 3:09:32 AM [33m   WARN[39m [38;5;3m[TeamService] [39m[33mSOC2 audit write failed for revenue_sharing_changed: db down[39m
2026-10-04T03:09:33.1902438Z PASS src/extension-pair/__tests__/readiness.spec.ts
2026-10-04T03:09:33.2733644Z [33m[Nest] 3724  - [39m10/04/2026, 3:09:33 AM [33m   WARN[39m [38;5;3m[ExtensionPairService] [39m[33msetup readiness read failed; readiness omitted (unknown)[39m
2026-10-04T03:09:33.2736287Z [33m[Nest] 3724  - [39m10/04/2026, 3:09:33 AM [33m   WARN[39m [38;5;3m[ExtensionPairService] [39m[33msetup readiness read failed; readiness omitted (unknown)[39m
2026-10-04T03:09:33.2738812Z [33m[Nest] 3724  - [39m10/04/2026, 3:09:33 AM [33m   WARN[39m [38;5;3m[ExtensionPairService] [39m[33msetup readiness read failed; readiness omitted (unknown)[39m
2026-10-04T03:09:33.4025665Z PASS src/extension-pair/__tests__/extension-pair-redeem-contract.spec.ts
2026-10-04T03:09:33.6902252Z PASS test/admin-analytics.service.spec.ts
2026-10-04T03:09:34.0155047Z PASS test/supabase-storage-provider.spec.ts
2026-10-04T03:09:34.0652428Z PASS test/roman/roman-sse-error-contract.spec.ts
2026-10-04T03:09:34.1153468Z [33m[Nest] 3730  - [39m10/04/2026, 3:09:34 AM [33m   WARN[39m [38;5;3m[SupabaseStorageProvider] [39m[33mSupabase deleteObject(k) error: 404[39m
2026-10-04T03:09:34.2750171Z PASS test/webview-detect.middleware.spec.ts
2026-10-04T03:09:34.3545089Z [95m[Nest] 3730  - [39m10/04/2026, 3:09:34 AM [95m  DEBUG[39m [38;5;3m[WebviewDetectMiddleware] [39m[95mwebview detected (Instagram) on /v1/packages/public/abc[39m
2026-10-04T03:09:34.3548129Z [95m[Nest] 3730  - [39m10/04/2026, 3:09:34 AM [95m  DEBUG[39m [38;5;3m[WebviewDetectMiddleware] [39m[95mwebview detected (Instagram) on /v1/packages/public/abc[39m
2026-10-04T03:09:34.3551710Z [95m[Nest] 3730  - [39m10/04/2026, 3:09:34 AM [95m  DEBUG[39m [38;5;3m[WebviewDetectMiddleware] [39m[95mwebview detected (Instagram) on /v1/packages/public/abc[39m
2026-10-04T03:09:34.4642520Z PASS src/talent-marketplace/__tests__/public-listing.cursor.spec.ts
2026-10-04T03:09:34.5850789Z PASS test/invite-landing.spec.ts
2026-10-04T03:09:34.8175253Z PASS test/ssrf-guard.spec.ts
2026-10-04T03:09:34.9263691Z PASS test/scout/entities/scout-entities.rls.live.spec.ts
2026-10-04T03:09:35.2637895Z PASS test/community/voice/community-voice.e2e.spec.ts
2026-10-04T03:09:35.4112356Z PASS test/dunning-v2-lockout-guard.spec.ts
2026-10-04T03:09:35.4984160Z [33m[Nest] 3724  - [39m10/04/2026, 3:09:35 AM [33m   WARN[39m [38;5;3m[DunningLockoutGuard] [39m[33mDunningLockoutGuard lookup failed for user=u1: db down[39m
2026-10-04T03:09:35.6643259Z PASS test/digest.cron.spec.ts
2026-10-04T03:09:35.7800105Z PASS test/mwb-sub-coach-day-access.spec.ts
2026-10-04T03:09:36.0434058Z PASS test/assignable-asset-resolver-workout.spec.ts
2026-10-04T03:09:36.0661089Z PASS test/mwb-program-delivery.service.spec.ts
2026-10-04T03:09:36.1274317Z [32m[Nest] 3730  - [39m10/04/2026, 3:09:36 AM [32m    LOG[39m [38;5;3m[ProgramDeliveryService] [39m[32mdeliver: master=master-1 copy=c5a47615-6f74-448f-963f-978764f5dd2c client=client-1 days=2 source=bulk_assign[39m
2026-10-04T03:09:36.3220447Z [31m[Nest] 3724  - [39m10/04/2026, 3:09:36 AM [31m  ERROR[39m [38;5;3m[PtmRecomputeService] [39m[31mPTM recompute failed (user=u-bad): synthetic per-user failure[39m
2026-10-04T03:09:36.3270459Z PASS test/ptm-recompute.service.spec.ts
2026-10-04T03:09:36.4969035Z PASS test/profile-lean-onboarding-contract.spec.ts
2026-10-04T03:09:36.9333282Z PASS test/scout/entities/scout-entities.controller.spec.ts
2026-10-04T03:09:36.9902955Z PASS test/ci/r100-pathspec.spec.ts
2026-10-04T03:09:37.3126201Z PASS src/talent-marketplace/anti-bot/__tests__/in-house-anti-bot.provider.spec.ts
2026-10-04T03:09:37.3511946Z [32m[Nest] 3724  - [39m10/04/2026, 3:09:37 AM [32m    LOG[39m [38;5;3m[InHouseAntiBotProvider] [39m[32mREDIS_URL unset — in-house anti-bot using in-memory counters[39m
2026-10-04T03:09:37.3514140Z [32m[Nest] 3724  - [39m10/04/2026, 3:09:37 AM [32m    LOG[39m [38;5;3m[InHouseAntiBotProvider] [39m[32mREDIS_URL unset — in-house anti-bot using in-memory counters[39m
2026-10-04T03:09:37.3516360Z [32m[Nest] 3724  - [39m10/04/2026, 3:09:37 AM [32m    LOG[39m [38;5;3m[InHouseAntiBotProvider] [39m[32mREDIS_URL unset — in-house anti-bot using in-memory counters[39m
2026-10-04T03:09:37.3518562Z [32m[Nest] 3724  - [39m10/04/2026, 3:09:37 AM [32m    LOG[39m [38;5;3m[InHouseAntiBotProvider] [39m[32mREDIS_URL unset — in-house anti-bot using in-memory counters[39m
2026-10-04T03:09:37.3521307Z [32m[Nest] 3724  - [39m10/04/2026, 3:09:37 AM [32m    LOG[39m [38;5;3m[InHouseAntiBotProvider] [39m[32mREDIS_URL unset — in-house anti-bot using in-memory counters[39m
2026-10-04T03:09:37.3583478Z [32m[Nest] 3724  - [39m10/04/2026, 3:09:37 AM [32m    LOG[39m [38;5;3m[InHouseAntiBotProvider] [39m[32mREDIS_URL unset — in-house anti-bot using in-memory counters[39m
2026-10-04T03:09:37.3586075Z [32m[Nest] 3724  - [39m10/04/2026, 3:09:37 AM [32m    LOG[39m [38;5;3m[InHouseAntiBotProvider] [39m[32mREDIS_URL unset — in-house anti-bot using in-memory counters[39m
2026-10-04T03:09:37.3587819Z [33m[Nest] 3724  - [39m10/04/2026, 3:09:37 AM [33m   WARN[39m [38;5;3m[InHouseAntiBotProvider] [39m[33manti-bot evaluate failed open: db down[39m
2026-10-04T03:09:37.6717357Z PASS test/community/community-v1-6-feature-flag.e2e.spec.ts
2026-10-04T03:09:37.7033765Z PASS test/ci/r75-boundaries.spec.ts (41.55 s)
2026-10-04T03:09:37.7301891Z PASS test/thank-you.ssr.spec.ts
2026-10-04T03:09:38.0597529Z PASS test/checkout-rate-limiter.service.spec.ts
2026-10-04T03:09:38.0624759Z [32m[Nest] 3730  - [39m10/04/2026, 3:09:37 AM [32m    LOG[39m [38;5;3m[CheckoutIpRateLimiterService] [39m[32mCheckoutIpRateLimiterService: REDIS_URL unset — using in-memory limiter[39m
2026-10-04T03:09:38.0633616Z [32m[Nest] 3730  - [39m10/04/2026, 3:09:37 AM [32m    LOG[39m [38;5;3m[CheckoutIpRateLimiterService] [39m[32mCheckoutIpRateLimiterService: REDIS_URL unset — using in-memory limiter[39m
2026-10-04T03:09:38.0636857Z [32m[Nest] 3730  - [39m10/04/2026, 3:09:37 AM [32m    LOG[39m [38;5;3m[CheckoutIpRateLimiterService] [39m[32mCheckoutIpRateLimiterService: REDIS_URL unset — using in-memory limiter[39m
2026-10-04T03:09:38.0639838Z [32m[Nest] 3730  - [39m10/04/2026, 3:09:37 AM [32m    LOG[39m [38;5;3m[CheckoutIpRateLimiterService] [39m[32mCheckoutIpRateLimiterService: REDIS_URL unset — using in-memory limiter[39m
2026-10-04T03:09:38.0643102Z [32m[Nest] 3730  - [39m10/04/2026, 3:09:37 AM [32m    LOG[39m [38;5;3m[CheckoutIpRateLimiterService] [39m[32mCheckoutIpRateLimiterService: REDIS_URL unset — using in-memory limiter[39m
2026-10-04T03:09:38.0646270Z [32m[Nest] 3730  - [39m10/04/2026, 3:09:38 AM [32m    LOG[39m [38;5;3m[CheckoutIpRateLimiterService] [39m[32mCheckoutIpRateLimiterService: REDIS_URL unset — using in-memory limiter[39m
2026-10-04T03:09:38.0649267Z [32m[Nest] 3730  - [39m10/04/2026, 3:09:38 AM [32m    LOG[39m [38;5;3m[CheckoutIpRateLimiterService] [39m[32mCheckoutIpRateLimiterService: REDIS_URL unset — using in-memory limiter[39m
2026-10-04T03:09:38.0705847Z [32m[Nest] 3730  - [39m10/04/2026, 3:09:38 AM [32m    LOG[39m [38;5;3m[CheckoutIpRateLimiterService] [39m[32mCheckoutIpRateLimiterService: REDIS_URL unset — using in-memory limiter[39m
2026-10-04T03:09:38.0733266Z [32m[Nest] 3730  - [39m10/04/2026, 3:09:38 AM [32m    LOG[39m [38;5;3m[CheckoutIpRateLimiterService] [39m[32mCheckoutIpRateLimiterService: REDIS_URL unset — using in-memory limiter[39m
2026-10-04T03:09:38.0763756Z [32m[Nest] 3730  - [39m10/04/2026, 3:09:38 AM [32m    LOG[39m [38;5;3m[CheckoutIpRateLimiterService] [39m[32mCheckoutIpRateLimiterService: REDIS_URL unset — using in-memory limiter[39m
2026-10-04T03:09:38.0793108Z [32m[Nest] 3730  - [39m10/04/2026, 3:09:38 AM [32m    LOG[39m [38;5;3m[CheckoutIpRateLimiterService] [39m[32mCheckoutIpRateLimiterService: REDIS_URL unset — using in-memory limiter[39m
2026-10-04T03:09:38.2426097Z PASS test/profile-put-recompute.spec.ts
2026-10-04T03:09:38.6534935Z [31m[Nest] 3730  - [39m10/04/2026, 3:09:38 AM [31m  ERROR[39m [38;5;3m[AuthService] [39m[31mpair redeem: generateLink failed: no hashed_token[39m
2026-10-04T03:09:38.6581105Z [31m[Nest] 3730  - [39m10/04/2026, 3:09:38 AM [31m  ERROR[39m [38;5;3m[AuthService] [39m[31mpair redeem: verifyOtp failed: bad otp[39m
2026-10-04T03:09:38.6796856Z [31m[Nest] 3730  - [39m10/04/2026, 3:09:38 AM [31m  ERROR[39m [38;5;3m[AuthService] [39m[31mpair redeem: generateLink failed: supabase down[39m
2026-10-04T03:09:38.6862052Z PASS src/extension-pair/__tests__/auth-mint-extension-session.spec.ts
2026-10-04T03:09:38.9473208Z PASS src/scout/scout.controller.spec.ts
2026-10-04T03:09:39.0027250Z PASS test/transfer-orchestrator.service.spec.ts
2026-10-04T03:09:39.0841733Z [33m[Nest] 3730  - [39m10/04/2026, 3:09:38 AM [33m   WARN[39m [38;5;3m[TransferOrchestratorService] [39m[33mtransfer attempt failed purchase=p1 attempt=1: balance not available[39m
2026-10-04T03:09:39.0844841Z [33m[Nest] 3730  - [39m10/04/2026, 3:09:38 AM [33m   WARN[39m [38;5;3m[TransferOrchestratorService] [39m[33mtransfer attempt failed purchase=p1 attempt=1: boom[39m
2026-10-04T03:09:39.3100860Z PASS test/help-pages.spec.ts
2026-10-04T03:09:39.9142310Z PASS test/community/inbox/community-coach-inbox.service.spec.ts
2026-10-04T03:09:40.6992274Z PASS test/engagement/workout-reminder.policy.spec.ts
2026-10-04T03:09:41.6328808Z PASS test/finance-federation.service.spec.ts
2026-10-04T03:09:41.7195914Z PASS src/community/wearable-prompts/__tests__/wearable-prompts.clock.spec.ts
2026-10-04T03:09:41.7973256Z [32m[Nest] 3723  - [39m06/14/2026, 12:00:00 AM [32m    LOG[39m [38;5;3m[WearablePromptsService] [39mObject(5) {
2026-10-04T03:09:41.8032506Z   event: [32m'community_wearable_prompts_generated'[39m,
2026-10-04T03:09:41.8076897Z   workspace_id: [32m'11111111-1111-1111-1111-111111111111'[39m,
2026-10-04T03:09:41.8099515Z   coach_id: [32m'22222222-2222-2222-2222-222222222222'[39m,
2026-10-04T03:09:41.8100502Z   generated_count: [33m1[39m,
2026-10-04T03:09:41.8101582Z   skipped_count: [33m0[39m
2026-10-04T03:09:41.8102220Z }
2026-10-04T03:09:41.8103516Z [32m[Nest] 3723  - [39m06/14/2026, 12:00:00 AM [32m    LOG[39m [38;5;3m[WearablePromptsService] [39mObject(5) {
2026-10-04T03:09:41.8104935Z   event: [32m'community_wearable_prompts_generated'[39m,
2026-10-04T03:09:41.8106033Z   workspace_id: [32m'11111111-1111-1111-1111-111111111111'[39m,
2026-10-04T03:09:41.8107142Z   coach_id: [32m'22222222-2222-2222-2222-222222222222'[39m,
2026-10-04T03:09:41.8108115Z   generated_count: [33m1[39m,
2026-10-04T03:09:41.8108898Z   skipped_count: [33m0[39m
2026-10-04T03:09:41.8109478Z }
2026-10-04T03:09:41.8111156Z [32m[Nest] 3723  - [39m06/14/2026, 11:00:00 PM [32m    LOG[39m [38;5;3m[WearablePromptsService] [39mObject(5) {
2026-10-04T03:09:41.8112595Z   event: [32m'community_wearable_prompts_generated'[39m,
2026-10-04T03:09:41.8113764Z   workspace_id: [32m'11111111-1111-1111-1111-111111111111'[39m,
2026-10-04T03:09:41.8114937Z   coach_id: [32m'22222222-2222-2222-2222-222222222222'[39m,
2026-10-04T03:09:41.8115973Z   generated_count: [33m0[39m,
2026-10-04T03:09:41.8116803Z   skipped_count: [33m1[39m
2026-10-04T03:09:41.8117407Z }
2026-10-04T03:09:41.8118709Z [32m[Nest] 3723  - [39m06/14/2026, 12:00:00 AM [32m    LOG[39m [38;5;3m[WearablePromptsService] [39mObject(5) {
2026-10-04T03:09:41.8120122Z   event: [32m'community_wearable_prompts_generated'[39m,
2026-10-04T03:09:41.8121576Z   workspace_id: [32m'11111111-1111-1111-1111-111111111111'[39m,
2026-10-04T03:09:41.8123283Z   coach_id: [32m'22222222-2222-2222-2222-222222222222'[39m,
2026-10-04T03:09:41.8124528Z   generated_count: [33m1[39m,
2026-10-04T03:09:41.8125385Z   skipped_count: [33m0[39m
2026-10-04T03:09:41.8126019Z }
2026-10-04T03:09:41.8127367Z [32m[Nest] 3723  - [39m06/15/2026, 12:00:00 AM [32m    LOG[39m [38;5;3m[WearablePromptsService] [39mObject(5) {
2026-10-04T03:09:41.8128771Z   event: [32m'community_wearable_prompts_generated'[39m,
2026-10-04T03:09:41.8129902Z   workspace_id: [32m'11111111-1111-1111-1111-111111111111'[39m,
2026-10-04T03:09:41.8131212Z   coach_id: [32m'22222222-2222-2222-2222-222222222222'[39m,
2026-10-04T03:09:41.8132184Z   generated_count: [33m1[39m,
2026-10-04T03:09:41.8132983Z   skipped_count: [33m0[39m
2026-10-04T03:09:41.8133609Z }
2026-10-04T03:09:42.3725529Z PASS test/billing/subscription-webhook.tier.spec.ts
2026-10-04T03:09:42.4702325Z PASS test/scout/lifecycle/arbiter.spec.ts
2026-10-04T03:09:43.0752200Z PASS test/billing-audit.spec.ts
2026-10-04T03:09:43.1693643Z [33m[Nest] 3723  - [39m10/04/2026, 3:09:43 AM [33m   WARN[39m [38;5;3m[BillingService] [39m[33mSubscription sub_x for unknown customer cus_unknown[39m
2026-10-04T03:09:43.3366208Z PASS test/macro-calculator.spec.ts
2026-10-04T03:09:43.4826774Z PASS test/scout/reconstruct/source-mapper-registry.spec.ts
2026-10-04T03:09:43.6653573Z [31m[Nest] 3723  - [39m10/04/2026, 3:09:43 AM [31m  ERROR[39m [38;5;3m[RecentAuthGuard] [39m[31mRECENT_AUTH_SECRET is not configured or is shorter than 32 characters — sensitive action blocked[39m
2026-10-04T03:09:43.7343583Z [31m[Nest] 3723  - [39m10/04/2026, 3:09:43 AM [31m  ERROR[39m [38;5;3m[RecentAuthGuard] [39m[31mRecentAuthGuard: nonce write failed for user=user-abc-123: connection timeout[39m
2026-10-04T03:09:43.7491739Z PASS test/recent-auth.guard.spec.ts
2026-10-04T03:09:43.8343473Z [33m[Nest] 3723  - [39m10/04/2026, 3:09:43 AM [33m   WARN[39m [38;5;3m[RecentAuthGuard] [39m[33mRecentAuthGuard: replay detected for user=user-abc-123 hmac_suffix=3c6c02ef0826e726[39m
2026-10-04T03:09:43.8348472Z [33m[Nest] 3723  - [39m10/04/2026, 3:09:43 AM [33m   WARN[39m [38;5;3m[RecentAuthGuard] [39m[33mRecentAuthGuard: replay detected for user=user-abc-123 hmac_suffix=3c6c02ef0826e726[39m
2026-10-04T03:09:44.6993433Z PASS test/notifications.controller.spec.ts
2026-10-04T03:09:44.7802174Z PASS test/auth-recent-auth-google-session.spec.ts
2026-10-04T03:09:45.2072823Z PASS test/onboarding-consultation-answers.spec.ts
2026-10-04T03:09:45.4502421Z PASS src/roman/voice/__tests__/voice-policy.service.spec.ts
2026-10-04T03:09:45.7858070Z PASS test/engagement/welcome-message-idempotency.spec.ts
2026-10-04T03:09:46.4052116Z PASS test/workout-builder.controller-rbac.spec.ts
2026-10-04T03:09:46.8813550Z [32m[Nest] 3730  - [39m10/04/2026, 3:09:46 AM [32m    LOG[39m [38;5;3m[InviteCodesService] [39m[32mbulkInvite coach=coach-1 requested=2 created=2 rejected=0[39m
2026-10-04T03:09:46.8853052Z [32m[Nest] 3730  - [39m10/04/2026, 3:09:46 AM [32m    LOG[39m [38;5;3m[InviteCodesService] [39m[32mbulkInvite coach=coach-1 requested=1 created=1 rejected=0[39m
2026-10-04T03:09:46.8983560Z [32m[Nest] 3730  - [39m10/04/2026, 3:09:46 AM [32m    LOG[39m [38;5;3m[InviteCodesService] [39m[32mbulkInvite coach=coach-1 requested=3 created=1 rejected=2[39m
2026-10-04T03:09:46.9053194Z [32m[Nest] 3730  - [39m10/04/2026, 3:09:46 AM [32m    LOG[39m [38;5;3m[InviteCodesService] [39m[32mbulkInvite coach=coach-1 requested=2 created=2 rejected=0[39m
2026-10-04T03:09:46.9072059Z PASS test/invite-bulk-email.spec.ts
2026-10-04T03:09:47.4312436Z PASS src/talent-marketplace/__tests__/job-listing.service.spec.ts
2026-10-04T03:09:48.0772359Z PASS src/talent-marketplace/__tests__/apply.controller.spec.ts
2026-10-04T03:09:48.4116434Z PASS test/ai-approval.service.spec.ts
2026-10-04T03:09:48.6978082Z PASS test/split-ledger.service.spec.ts
2026-10-04T03:09:48.8009646Z PASS test/ai-credits-gateway-402.spec.ts
2026-10-04T03:09:49.0534263Z PASS test/fee-policy.service.spec.ts
2026-10-04T03:09:49.2429776Z PASS test/pr14-recurring-reconciler-branch.spec.ts
2026-10-04T03:09:49.4998155Z PASS test/onboarding-consent-copy.spec.ts
2026-10-04T03:09:49.5606970Z [33m[Nest] 3730  - [39m10/04/2026, 3:09:49 AM [33m   WARN[39m [38;5;3m[Onboarding] [39m[33mCONSULT_CONSENT_COPY_VERSIONS lists consult-consent-v2, which the server has no consent text for; those names are ignored[39m
2026-10-04T03:09:49.5634123Z [33m[Nest] 3730  - [39m10/04/2026, 3:09:49 AM [33m   WARN[39m [38;5;3m[Onboarding] [39m[33mCONSULT_CONSENT_COPY_VERSIONS lists consult-consent-v9, which the server has no consent text for; those names are ignored[39m
2026-10-04T03:09:49.6326991Z PASS test/timeline.controller.spec.ts
2026-10-04T03:09:50.0683807Z [31m[Nest] 3723  - [39m10/04/2026, 3:09:50 AM [31m  ERROR[39m [38;5;3m[GoogleCalendarWebhookController] [39m[31mGOOGLE_CALENDAR_WEBHOOK_TOKEN not set — rejecting webhook[39m
2026-10-04T03:09:50.0799086Z PASS test/google-calendar-webhook.controller.spec.ts
2026-10-04T03:09:50.1345016Z [32m[Nest] 3723  - [39m10/04/2026, 3:09:50 AM [32m    LOG[39m [38;5;3m[GoogleCalendarWebhookController] [39m[32mGoogleCalendar webhook sync handshake channel=ch-1[39m
2026-10-04T03:09:50.1347842Z [32m[Nest] 3723  - [39m10/04/2026, 3:09:50 AM [32m    LOG[39m [38;5;3m[GoogleCalendarWebhookController] [39m[32mGoogleCalendar webhook channel=ch-1 state=exists msg=42[39m
2026-10-04T03:09:50.1350741Z [95m[Nest] 3723  - [39m10/04/2026, 3:09:50 AM [95m  DEBUG[39m [38;5;3m[GoogleCalendarWebhookController] [39m[95mSync trigger is a no-op in v1 — channel=ch-1 state=exists[39m
2026-10-04T03:09:50.3903840Z PASS test/ptm-weighted-report.spec.ts
2026-10-04T03:09:50.5072658Z PASS test/support-email.guard.spec.ts
2026-10-04T03:09:50.9121997Z PASS test/cross-tenant-isolation.spec.ts
2026-10-04T03:09:51.4933458Z PASS test/account-deletion/recipe-erasure.spec.ts
2026-10-04T03:09:52.5952072Z PASS test/redis-throttler.spec.ts
2026-10-04T03:09:52.6603468Z [32m[Nest] 3723  - [39m10/04/2026, 3:09:52 AM [32m    LOG[39m [38;5;3m[ThrottlerConfig] [39m[32mREDIS_URL not set -- using in-memory throttler tracker. Limits do NOT cross Fly machines.[39m
2026-10-04T03:09:52.6633103Z [32m[Nest] 3723  - [39m10/04/2026, 3:09:52 AM [32m    LOG[39m [38;5;3m[ThrottlerConfig] [39m[32mREDIS_URL not set -- using in-memory throttler tracker. Limits do NOT cross Fly machines.[39m
2026-10-04T03:09:53.3942014Z PASS test/community/ai-triage/triage-cache.service.spec.ts
2026-10-04T03:09:53.5901964Z PASS test/google-oauth.service.spec.ts
2026-10-04T03:09:53.6229307Z [33m[Nest] 3730  - [39m10/04/2026, 3:09:53 AM [33m   WARN[39m [38;5;3m[KmsService] [39m[33mKMS not configured — secrets will be persisted with a PLAINTEXT: prefix. Set KMS_MASTER_KEY before production.[39m
2026-10-04T03:09:53.6233214Z [95m[Nest] 3730  - [39m10/04/2026, 3:09:53 AM [95m  DEBUG[39m [38;5;3m[GoogleOAuthService] [39m[95mNo CalendarConnection row yet for userId=u-1; refresh token kept in process stash for this run.[39m
2026-10-04T03:09:53.9862337Z PASS test/account-deletion/apple-token-revocation.spec.ts
2026-10-04T03:09:54.0033815Z [33m[Nest] 3723  - [39m10/04/2026, 3:09:53 AM [33m   WARN[39m [38;5;3m[AppleTokenRevocationService] [39m[33mApple token revocation skipped for user=u1: Sign in with Apple key not configured[39m
2026-10-04T03:09:54.0093054Z [33m[Nest] 3723  - [39m10/04/2026, 3:09:53 AM [33m   WARN[39m [38;5;3m[AppleTokenRevocationService] [39m[33mApple token exchange failed for user=u1: HTTP 400[39m
2026-10-04T03:09:54.0152920Z [33m[Nest] 3723  - [39m10/04/2026, 3:09:53 AM [33m   WARN[39m [38;5;3m[AppleTokenRevocationService] [39m[33mApple token exchange error for user=u1: network down[39m
2026-10-04T03:09:54.0202707Z [33m[Nest] 3723  - [39m10/04/2026, 3:09:53 AM [33m   WARN[39m [38;5;3m[AppleTokenRevocationService] [39m[33mApple token revoke failed for user=u1: HTTP 500[39m
2026-10-04T03:09:54.3702298Z PASS test/bloodwork-kms.spec.ts
2026-10-04T03:09:54.4644635Z [33m[Nest] 3723  - [39m10/04/2026, 3:09:54 AM [33m   WARN[39m [38;5;3m[KmsService] [39m[33mKMS not configured — secrets will be persisted with a PLAINTEXT: prefix. Set KMS_MASTER_KEY before production.[39m
2026-10-04T03:09:54.7097372Z PASS test/wearables/on-device-connection.spec.ts
2026-10-04T03:09:55.0678721Z PASS test/wearables/ingest-contract.spec.ts
2026-10-04T03:09:55.5754374Z PASS test/c13-fix-round.spec.ts
2026-10-04T03:09:55.6251735Z PASS test/admin-console.service.spec.ts
2026-10-04T03:09:55.6627100Z [33m[Nest] 3730  - [39m10/04/2026, 3:09:55 AM [33m   WARN[39m [38;5;3m[SubCoachScopeService] [39m[33msub-coach scope: user=free-coach-who-bought-a-package has role=coach and coach_id=head-coach but no membership relation (TeamSubCoachAssignment / SubCoachAssignment); treating as head coach of own roster, NOT as a sub-coach[39m
2026-10-04T03:09:55.9272149Z PASS test/observability/metrics-auth.spec.ts
2026-10-04T03:09:56.1063958Z [31m[Nest] 3730  - [39m10/04/2026, 3:09:56 AM [31m  ERROR[39m [38;5;3m[WellKnownController] [39m[31mAPPLE_TEAM_ID unset in production — refusing to serve stub AASA. Set APPLE_TEAM_ID and redeploy.[39m
2026-10-04T03:09:56.1512278Z [31m[Nest] 3730  - [39m10/04/2026, 3:09:56 AM [31m  ERROR[39m [38;5;3m[WellKnownController] [39m[31mAPPLE_TEAM_ID unset in production — refusing to serve stub AASA. Set APPLE_TEAM_ID and redeploy.[39m
2026-10-04T03:09:56.2466067Z [31m[Nest] 3730  - [39m10/04/2026, 3:09:56 AM [31m  ERROR[39m [38;5;3m[WellKnownController] [39m[31mANDROID_CERT_SHA256_FINGERPRINTS unset in production — refusing to serve stub assetlinks.json. Set ANDROID_CERT_SHA256_FINGERPRINTS (or ANDROID_SHA256_FINGERPRINT) and redeploy.[39m
2026-10-04T03:09:56.2556401Z PASS test/well-known.controller.spec.ts
2026-10-04T03:09:56.4352177Z PASS test/coach-alerts-push-delivery.spec.ts
2026-10-04T03:09:56.8937026Z PASS test/availability-overrides.spec.ts
2026-10-04T03:09:57.0035090Z PASS test/community/challenges/community-challenges-controller-guards.spec.ts
2026-10-04T03:09:57.0563651Z PASS test/observability/prom-metrics.spec.ts
2026-10-04T03:09:57.3882495Z PASS test/contracts/checkout-contract-gate.spec.ts
2026-10-04T03:09:57.4489077Z PASS test/wearables/maintenance/wearable-processed-event-prune.service.spec.ts
2026-10-04T03:09:57.8549350Z PASS test/scout/g2-s8f-db-guard.spec.ts
2026-10-04T03:09:57.8762061Z PASS src/community/search/__tests__/community-search.service.spec.ts
2026-10-04T03:09:57.9074328Z [32m[Nest] 3730  - [39m10/04/2026, 3:09:57 AM [32m    LOG[39m [38;5;3m[CommunitySearchService] [39mObject(7) {
2026-10-04T03:09:57.9076146Z   event: [32m'community_search_query'[39m,
2026-10-04T03:09:57.9077095Z   workspace_id: [32m'11111111-1111-1111-1111-111111111111'[39m,
2026-10-04T03:09:57.9077938Z   user_id: [32m'44444444-4444-4444-4444-444444444444'[39m,
2026-10-04T03:09:57.9078607Z   term_length: [33m5[39m,
2026-10-04T03:09:57.9079150Z   kind: [1mnull[22m,
2026-10-04T03:09:57.9079671Z   result_count: [33m1[39m,
2026-10-04T03:09:57.9080248Z   took_ms: [33m14[39m
2026-10-04T03:09:57.9080711Z }
2026-10-04T03:09:57.9082245Z [32m[Nest] 3730  - [39m10/04/2026, 3:09:57 AM [32m    LOG[39m [38;5;3m[CommunitySearchService] [39mObject(7) {
2026-10-04T03:09:57.9083469Z   event: [32m'community_search_query'[39m,
2026-10-04T03:09:57.9084447Z   workspace_id: [32m'11111111-1111-1111-1111-111111111111'[39m,
2026-10-04T03:09:57.9085439Z   user_id: [32m'44444444-4444-4444-4444-444444444444'[39m,
2026-10-04T03:09:57.9086162Z   term_length: [33m4[39m,
2026-10-04T03:09:57.9086695Z   kind: [1mnull[22m,
2026-10-04T03:09:57.9087232Z   result_count: [33m1[39m,
2026-10-04T03:09:57.9087775Z   took_ms: [33m0[39m
2026-10-04T03:09:57.9088227Z }
2026-10-04T03:09:57.9089227Z [32m[Nest] 3730  - [39m10/04/2026, 3:09:57 AM [32m    LOG[39m [38;5;3m[CommunitySearchService] [39mObject(7) {
2026-10-04T03:09:57.9090226Z   event: [32m'community_search_query'[39m,
2026-10-04T03:09:57.9091247Z   workspace_id: [32m'11111111-1111-1111-1111-111111111111'[39m,
2026-10-04T03:09:57.9092584Z   user_id: [32m'44444444-4444-4444-4444-444444444444'[39m,
2026-10-04T03:09:57.9093464Z   term_length: [33m4[39m,
2026-10-04T03:09:57.9094031Z   kind: [1mnull[22m,
2026-10-04T03:09:57.9094552Z   result_count: [33m0[39m,
2026-10-04T03:09:57.9095077Z   took_ms: [33m1[39m
2026-10-04T03:09:57.9095530Z }
2026-10-04T03:09:57.9096518Z [32m[Nest] 3730  - [39m10/04/2026, 3:09:57 AM [32m    LOG[39m [38;5;3m[CommunitySearchService] [39mObject(7) {
2026-10-04T03:09:57.9097438Z   event: [32m'community_search_query'[39m,
2026-10-04T03:09:57.9098215Z   workspace_id: [32m'11111111-1111-1111-1111-111111111111'[39m,
2026-10-04T03:09:57.9099008Z   user_id: [32m'44444444-4444-4444-4444-444444444444'[39m,
2026-10-04T03:09:57.9099637Z   term_length: [33m4[39m,
2026-10-04T03:09:57.9100162Z   kind: [1mnull[22m,
2026-10-04T03:09:57.9100674Z   result_count: [33m1[39m,
2026-10-04T03:09:57.9101447Z   took_ms: [33m1[39m
2026-10-04T03:09:57.9101907Z }
2026-10-04T03:09:57.9102927Z [32m[Nest] 3730  - [39m10/04/2026, 3:09:57 AM [32m    LOG[39m [38;5;3m[CommunitySearchService] [39mObject(7) {
2026-10-04T03:09:57.9103877Z   event: [32m'community_search_query'[39m,
2026-10-04T03:09:57.9104667Z   workspace_id: [32m'11111111-1111-1111-1111-111111111111'[39m,
2026-10-04T03:09:57.9105460Z   user_id: [32m'44444444-4444-4444-4444-444444444444'[39m,
2026-10-04T03:09:57.9106102Z   term_length: [33m14[39m,
2026-10-04T03:09:57.9106624Z   kind: [1mnull[22m,
2026-10-04T03:09:57.9107136Z   result_count: [33m1[39m,
2026-10-04T03:09:57.9107665Z   took_ms: [33m0[39m
2026-10-04T03:09:57.9108103Z }
2026-10-04T03:09:58.6066179Z PASS test/reconciliation.service.spec.ts
2026-10-04T03:09:58.6277843Z PASS test/observability/prom-metrics-extended.spec.ts
2026-10-04T03:09:58.6503686Z [33m[Nest] 3723  - [39m10/04/2026, 3:09:58 AM [33m   WARN[39m [38;5;3m[ReconciliationService] [39m[33mresolveChargeId failed pi=pi_dead: stripe down[39m
2026-10-04T03:09:59.2701985Z PASS test/notification-local-time.spec.ts
2026-10-04T03:09:59.3087347Z [33m[Nest] 3730  - [39m10/04/2026, 3:09:59 AM [33m   WARN[39m [38;5;3m[RecipientTimeZone] [39m[33mtime zone lookup failed for user=u; writing copy without a clock time: Error[39m
2026-10-04T03:09:59.9082282Z PASS test/sub-coach-invite-reissue.spec.ts
2026-10-04T03:10:00.1027057Z PASS test/kms.service.spec.ts
2026-10-04T03:10:00.1660747Z [33m[Nest] 3723  - [39m10/04/2026, 3:10:00 AM [33m   WARN[39m [38;5;3m[KmsService] [39m[33mKMS not configured — secrets will be persisted with a PLAINTEXT: prefix. Set KMS_MASTER_KEY before production.[39m
2026-10-04T03:10:00.1663626Z [33m[Nest] 3723  - [39m10/04/2026, 3:10:00 AM [33m   WARN[39m [38;5;3m[KmsService] [39m[33mKMS not configured — secrets will be persisted with a PLAINTEXT: prefix. Set KMS_MASTER_KEY before production.[39m
2026-10-04T03:10:00.8187606Z PASS test/engagement/engagement-flags.spec.ts
2026-10-04T03:10:00.9839517Z PASS test/wearables/wearables-throttle-isolation.spec.ts
2026-10-04T03:10:01.4962482Z PASS test/community/challenges/community-challenges-cross-surface.spec.ts
2026-10-04T03:10:02.8232290Z PASS test/notification-timezone-provenance.spec.ts
2026-10-04T03:10:03.1503480Z PASS src/talent-marketplace/__tests__/apply.controller.http.spec.ts
2026-10-04T03:10:03.7272431Z PASS test/scout/reconstruct/scout-reconstruct.controller.spec.ts
2026-10-04T03:10:04.1836510Z PASS src/talent-marketplace/__tests__/admin-applications.controller.http.spec.ts
2026-10-04T03:10:04.4276117Z PASS test/gcal-watch-startup.spec.ts
2026-10-04T03:10:04.4322601Z PASS test/auth-recent-auth-google-session-deletion.spec.ts
2026-10-04T03:10:04.5103843Z [33m[Nest] 3723  - [39m10/04/2026, 3:10:04 AM [33m   WARN[39m [38;5;3m[RecentAuthGuard] [39m[33mRecentAuthGuard: replay detected for user=u-google hmac_suffix=ebec71192aeab4f9[39m
2026-10-04T03:10:04.8912191Z PASS test/mux.service.spec.ts
2026-10-04T03:10:04.9978792Z PASS test/admin-ptm.controller.spec.ts
2026-10-04T03:10:05.2258893Z PASS test/nudge-v1-prefs-and-copy.spec.ts
2026-10-04T03:10:05.2492224Z PASS test/stripe-api.service.spec.ts
2026-10-04T03:10:05.8352743Z PASS test/auth.service.spec.ts
2026-10-04T03:10:06.9232444Z PASS src/extension-pair/__tests__/extension-pair.controller-wiring.spec.ts
2026-10-04T03:10:07.5232123Z PASS test/dns-verifier.spec.ts
2026-10-04T03:10:08.7743382Z [31m[Nest] 3730  - [39m10/04/2026, 3:10:08 AM [31m  ERROR[39m [38;5;3m[BillingService] [39m[31mStripe event handler failed event=evt_rb type=checkout.session.completed: rolled_back[39m
2026-10-04T03:10:08.8674944Z [33m[Nest] 3730  - [39m10/04/2026, 3:10:08 AM [33m   WARN[39m [38;5;3m[BillingService] [39m[33mdrip alert flush failed purchase=cp-3: push provider down[39m
2026-10-04T03:10:08.8696425Z [33m[Nest] 3730  - [39m10/04/2026, 3:10:08 AM [33m   WARN[39m [38;5;3m[BillingService] [39m[33mtx-rollback observability: event=evt_rb type=checkout.session.completed purchase=cp-rollback — splits/workout-ledger/auto-message-markers committed outside the outer tx will be reconciled by Stripe retry + per-resolver stable-key idempotency; check SplitLedgerEntry, WorkoutBuilderIdempotencyKey (key=drip:workout:p=cp-rollback:c=*), DripResolverMarker(purpose=auto_message, purchase_id=cp-rollback) on persistent failure[39m
2026-10-04T03:10:08.8902143Z PASS test/billing-drip-alert-flush.spec.ts
2026-10-04T03:10:09.2463432Z PASS test/scout/reconstruct/scout-reconstructed-entity.migration.spec.ts
2026-10-04T03:10:09.6242327Z PASS test/roman/roman.prompts.spec.ts
2026-10-04T03:10:10.1256489Z PASS test/engagement/welcome-settings.spec.ts
2026-10-04T03:10:10.5882514Z PASS test/first-win.controller.spec.ts
2026-10-04T03:10:11.0993889Z PASS test/scout/orchestration/family-plan.spec.ts
2026-10-04T03:10:11.4455648Z PASS test/exercise-catalog.service.spec.ts
2026-10-04T03:10:11.7442342Z PASS test/coach.service.spec.ts
2026-10-04T03:10:13.6262376Z PASS test/seed-clinic-programs.spec.ts (35.865 s)
2026-10-04T03:10:14.1422183Z PASS test/coach-empty-states.e2e.spec.ts
2026-10-04T03:10:14.9622190Z PASS src/talent-marketplace/__tests__/applicant-tracking.controller.spec.ts
2026-10-04T03:10:15.4122464Z PASS test/scout/roster/scout-roster.controller.spec.ts
2026-10-04T03:10:15.4654235Z PASS test/scout/g2-s7l-db-guard.spec.ts
2026-10-04T03:10:16.0818072Z PASS test/calendar-oauth-kms.spec.ts
2026-10-04T03:10:16.0979120Z PASS src/talent-marketplace/__tests__/admin-moderation.controller.spec.ts
2026-10-04T03:10:16.1528643Z [95m[Nest] 3724  - [39m10/04/2026, 3:10:16 AM [95m  DEBUG[39m [38;5;3m[GoogleOAuthService] [39m[95mNo CalendarConnection row yet for userId=user-2; refresh token kept in process stash for this run.[39m
2026-10-04T03:10:16.7951301Z {"timestamp":"2026-10-04T03:10:16.691Z","level":"log","context":"HTTP","request_id":"cbc3235659ed0c0dd63bdcbf3eac9af0","message":"GET /healthz 200","method":"GET","path":"/healthz","status":200,"latency_ms":1}
2026-10-04T03:10:16.8131260Z PASS test/diagnostic-quiz-off.spec.ts (11.555 s)
2026-10-04T03:10:17.4322515Z PASS test/purchase-fanout-hooks.spec.ts
2026-10-04T03:10:17.4493962Z [95m[Nest] 3724  - [39m10/04/2026, 3:10:17 AM [95m  DEBUG[39m [38;5;3m[PurchaseFanoutService] [39m[95mfanout: skipping drop seed for purchase=cp-1 (no engine tables on tx)[39m
2026-10-04T03:10:17.4497178Z [95m[Nest] 3724  - [39m10/04/2026, 3:10:17 AM [95m  DEBUG[39m [38;5;3m[PurchaseFanoutService] [39m[95mfanout: skipping drop seed for purchase=cp-2 (no engine tables on tx)[39m
2026-10-04T03:10:17.4523284Z [95m[Nest] 3724  - [39m10/04/2026, 3:10:17 AM [95m  DEBUG[39m [38;5;3m[PurchaseFanoutService] [39m[95mfanout: skipping drop seed for purchase=cp-3 (no engine tables on tx)[39m
2026-10-04T03:10:17.4533572Z [95m[Nest] 3724  - [39m10/04/2026, 3:10:17 AM [95m  DEBUG[39m [38;5;3m[PurchaseFanoutService] [39m[95mfanout: skipping drop seed for purchase=cp-3 (no engine tables on tx)[39m
2026-10-04T03:10:17.6242810Z PASS test/landing-pages.controller.spec.ts
2026-10-04T03:10:18.5906377Z PASS src/talent-marketplace/__tests__/admin-moderation.controller.http.spec.ts
2026-10-04T03:10:18.8840394Z PASS test/scout/g2-s8b-db-guard.spec.ts
2026-10-04T03:10:19.0217991Z PASS src/community/challenges/__tests__/pagination.dto.spec.ts
2026-10-04T03:10:19.3604149Z PASS test/cross-pillar.service.spec.ts
2026-10-04T03:10:19.6554717Z PASS test/sprint-b-pearson.spec.ts
2026-10-04T03:10:20.3834707Z PASS test/oauth-coach-signup-ceiling.spec.ts
2026-10-04T03:10:20.4038005Z [33m[Nest] 3723  - [39m10/04/2026, 3:10:20 AM [33m   WARN[39m [38;5;3m[LoginThrottleResetService] [39m[33moauth coach signup ceiling hit for oauth-coach-signup:ip:192.0.2.1 (6/5 per hour)[39m
2026-10-04T03:10:20.4054657Z [33m[Nest] 3723  - [39m10/04/2026, 3:10:20 AM [33m   WARN[39m [38;5;3m[LoginThrottleResetService] [39m[33moauth coach signup ceiling hit for oauth-coach-signup:ip:192.0.2.1 (6/5 per hour)[39m
2026-10-04T03:10:20.4074497Z [33m[Nest] 3723  - [39m10/04/2026, 3:10:20 AM [33m   WARN[39m [38;5;3m[LoginThrottleResetService] [39m[33moauth coach signup ceiling hit for oauth-coach-signup:ip:192.0.2.1 (6/5 per hour)[39m
2026-10-04T03:10:20.4123504Z [33m[Nest] 3723  - [39m10/04/2026, 3:10:20 AM [33m   WARN[39m [38;5;3m[LoginThrottleResetService] [39m[33moauth coach signup ceiling hit for oauth-coach-signup:ip:192.0.2.1 (6/5 per hour)[39m
2026-10-04T03:10:20.4126506Z [33m[Nest] 3723  - [39m10/04/2026, 3:10:20 AM [33m   WARN[39m [38;5;3m[LoginThrottleResetService] [39m[33moauth coach signup ceiling hit for oauth-coach-signup:ip:192.0.2.1 (6/5 per hour)[39m
2026-10-04T03:10:20.4129391Z [33m[Nest] 3723  - [39m10/04/2026, 3:10:20 AM [33m   WARN[39m [38;5;3m[LoginThrottleResetService] [39m[33moauth coach signup ceiling hit for oauth-coach-signup:ip:192.0.2.1 (6/5 per hour)[39m
2026-10-04T03:10:20.4132404Z [33m[Nest] 3723  - [39m10/04/2026, 3:10:20 AM [33m   WARN[39m [38;5;3m[LoginThrottleResetService] [39m[33moauth coach signup ceiling hit for oauth-coach-signup:ip:192.0.2.1 (6/5 per hour)[39m
2026-10-04T03:10:20.4135253Z [33m[Nest] 3723  - [39m10/04/2026, 3:10:20 AM [33m   WARN[39m [38;5;3m[LoginThrottleResetService] [39m[33moauth coach signup ceiling hit for oauth-coach-signup:ip:192.0.2.1 (6/5 per hour)[39m
2026-10-04T03:10:20.4138065Z [33m[Nest] 3723  - [39m10/04/2026, 3:10:20 AM [33m   WARN[39m [38;5;3m[LoginThrottleResetService] [39m[33moauth coach signup ceiling hit for oauth-coach-signup:ip:unknown (6/5 per hour)[39m
2026-10-04T03:10:20.4141249Z [33m[Nest] 3723  - [39m10/04/2026, 3:10:20 AM [33m   WARN[39m [38;5;3m[LoginThrottleResetService] [39m[33moauth coach signup ceiling hit for oauth-coach-signup:ip:198.51.100.9 (3/2 per hour)[39m
2026-10-04T03:10:20.4144425Z [33m[Nest] 3723  - [39m10/04/2026, 3:10:20 AM [33m   WARN[39m [38;5;3m[LoginThrottleResetService] [39m[33moauth coach signup ceiling unavailable for oauth-coach-signup:ip:203.0.113.5 (fail closed): Stream isn't writeable[39m
2026-10-04T03:10:20.4147584Z [33m[Nest] 3723  - [39m10/04/2026, 3:10:20 AM [33m   WARN[39m [38;5;3m[LoginThrottleResetService] [39m[33moauth coach signup ceiling hit for oauth-coach-signup:ip:203.0.113.112-1791083420281 (6/5 per hour)[39m
2026-10-04T03:10:20.4149671Z [33m[Nest] 3723  - [39m10/04/2026, 3:10:20 AM [33m   WARN[39m [38;5;3m[LoginThrottleResetService] [39m[33moauth coach signup ceiling hit for oauth-coach-signup:ip:203.0.113.112-1791083420281 (7/5 per hour)[39m
2026-10-04T03:10:20.4152583Z [33m[Nest] 3723  - [39m10/04/2026, 3:10:20 AM [33m   WARN[39m [38;5;3m[LoginThrottleResetService] [39m[33moauth coach signup ceiling hit for oauth-coach-signup:ip:203.0.113.112-1791083420281 (8/5 per hour)[39m
2026-10-04T03:10:20.4155506Z [33m[Nest] 3723  - [39m10/04/2026, 3:10:20 AM [33m   WARN[39m [38;5;3m[LoginThrottleResetService] [39m[33moauth coach signup ceiling hit for oauth-coach-signup:ip:203.0.113.112-1791083420281 (9/5 per hour)[39m
2026-10-04T03:10:20.4158471Z [33m[Nest] 3723  - [39m10/04/2026, 3:10:20 AM [33m   WARN[39m [38;5;3m[LoginThrottleResetService] [39m[33moauth coach signup ceiling hit for oauth-coach-signup:ip:203.0.113.112-1791083420281 (10/5 per hour)[39m
2026-10-04T03:10:20.4162863Z [33m[Nest] 3723  - [39m10/04/2026, 3:10:20 AM [33m   WARN[39m [38;5;3m[LoginThrottleResetService] [39m[33moauth coach signup ceiling hit for oauth-coach-signup:ip:203.0.113.112-1791083420281 (11/5 per hour)[39m
2026-10-04T03:10:20.4183586Z [33m[Nest] 3723  - [39m10/04/2026, 3:10:20 AM [33m   WARN[39m [38;5;3m[LoginThrottleResetService] [39m[33moauth coach signup ceiling hit for oauth-coach-signup:ip:203.0.113.112-1791083420281 (12/5 per hour)[39m
2026-10-04T03:10:20.8082437Z PASS test/team-mode-invite-attribution.spec.ts
2026-10-04T03:10:21.0751714Z PASS test/coach-consent-gating.spec.ts
2026-10-04T03:10:21.1942375Z PASS test/team-mode-tier-resolver.spec.ts
2026-10-04T03:10:21.9223557Z PASS test/command-center.controller.spec.ts
2026-10-04T03:10:22.3240311Z PASS test/community/classroom/pinned-ordering.spec.ts
2026-10-04T03:10:23.3903617Z PASS test/select-role-canonical-attach.spec.ts
2026-10-04T03:10:23.9192368Z PASS test/community/realtime/community-realtime-channel-cleanup.spec.ts
2026-10-04T03:10:23.9842205Z PASS test/coach-onboarding.controller.spec.ts
2026-10-04T03:10:24.7667484Z PASS test/trust-pages.spec.ts
2026-10-04T03:10:27.0945102Z PASS test/ci/r75-enforcement.spec.ts
2026-10-04T03:10:27.3852518Z PASS src/talent-marketplace/__tests__/job-posting-jsonld.spec.ts
2026-10-04T03:10:28.0425637Z PASS test/sub-coach-analytics.service.spec.ts
2026-10-04T03:10:28.3512281Z PASS test/mwb-2-sub-coach-scope.service.spec.ts
2026-10-04T03:10:28.6808123Z PASS src/talent-marketplace/anti-bot/__tests__/anti-bot.guard.spec.ts
2026-10-04T03:10:29.0335491Z PASS src/roman/voice/__tests__/voice-policy-paywall.integration.spec.ts
2026-10-04T03:10:29.2607425Z PASS test/account-deletion/engagement-tables-erasure.spec.ts
2026-10-04T03:10:29.9795259Z PASS test/workout-program-clone-to-client.controller.spec.ts
2026-10-04T03:10:30.4282336Z PASS test/invite-attach-idempotent-replay.spec.ts (5.509 s)
2026-10-04T03:10:30.6152212Z PASS test/lost-webhook-reconcile.service.spec.ts
2026-10-04T03:10:30.6665331Z [33m[Nest] 3723  - [39m10/04/2026, 3:10:30 AM [33m   WARN[39m [38;5;3m[LostWebhookReconcileService] [39m[33mlost-webhook-reconcile: bailing out on gc_test_1 after 6 attempts[39m
2026-10-04T03:10:30.6688497Z [33m[Nest] 3723  - [39m10/04/2026, 3:10:30 AM [33m   WARN[39m [38;5;3m[LostWebhookReconcileService] [39m[33mlost-webhook-reconcile: bailing out on gc_test_1 after 7 attempts[39m
2026-10-04T03:10:31.2432117Z PASS test/public-pages.spec.ts
2026-10-04T03:10:31.6272048Z PASS test/mux-webhook.spec.ts
2026-10-04T03:10:31.7039677Z PASS src/community/wearable-prompts/__tests__/prompt-generator.spec.ts
2026-10-04T03:10:32.1306183Z PASS test/wearables/maintenance/wearable-processed-event-prune.scheduler.spec.ts
2026-10-04T03:10:32.2861365Z PASS src/extension-pair/__tests__/extension-pair.dto.spec.ts
2026-10-04T03:10:32.9059224Z PASS test/mwb-templates-feature.guard.spec.ts
2026-10-04T03:10:33.5532616Z PASS test/ai-credits-bankers-round.spec.ts
2026-10-04T03:10:37.5482353Z PASS test/migration-backfill-parity-r2.spec.ts (5.397 s)
2026-10-04T03:10:37.6212225Z PASS test/prod-readiness/operator-keys-artifact.spec.ts (21.513 s)
2026-10-04T03:10:38.0472513Z PASS test/observability/db-stats-extended.spec.ts
2026-10-04T03:10:38.3462454Z PASS test/observability/sentry-config.spec.ts
2026-10-04T03:10:38.6442056Z PASS src/talent-marketplace/__tests__/job-hunter.controller.spec.ts
2026-10-04T03:10:39.0017286Z PASS test/scout/g2-c-db-guard.spec.ts
2026-10-04T03:10:39.1737963Z PASS test/scout/scout-diagnostics-public-cause.spec.ts
2026-10-04T03:10:39.6996717Z PASS src/talent-marketplace/__tests__/specialty-alerts.controller.spec.ts
2026-10-04T03:10:39.8142545Z PASS test/assignable-asset-resolver-auto-message.spec.ts
2026-10-04T03:10:40.2832354Z PASS test/mux-webhook-monotonic.spec.ts
2026-10-04T03:10:40.3459517Z [33m[Nest] 3730  - [39m10/04/2026, 3:10:40 AM [33m   WARN[39m [38;5;3m[MuxWebhookController] [39m[33mMux errored event for asset asset_ready arrived after terminal state; preserving playback id[39m
2026-10-04T03:10:40.3993620Z PASS src/community/ack/ack.controller.spec.ts
2026-10-04T03:10:40.4634639Z [32m[Nest] 3723  - [39m10/04/2026, 3:10:40 AM [32m    LOG[39m [38;5;3m[AckFeatureFlagGuard] [39m[32mack endpoint short-circuited reason=flag_off_disabled caller=cccccccc-0000-0000-0000-00000000000a[39m
2026-10-04T03:10:40.4638139Z [32m[Nest] 3723  - [39m10/04/2026, 3:10:40 AM [32m    LOG[39m [38;5;3m[AckFeatureFlagGuard] [39m[32mack endpoint short-circuited reason=flag_off_disabled caller=cccccccc-0000-0000-0000-00000000000a[39m
2026-10-04T03:10:40.4642109Z [32m[Nest] 3723  - [39m10/04/2026, 3:10:40 AM [32m    LOG[39m [38;5;3m[AckFeatureFlagGuard] [39m[32mack endpoint short-circuited reason=flag_off_disabled caller=cccccccc-0000-0000-0000-00000000000a[39m
2026-10-04T03:10:40.5353115Z PASS test/partial-refund-decision-rls-migration.spec.ts
2026-10-04T03:10:40.6747166Z PASS test/community/realtime/broadcast-ping-contract.spec.ts
2026-10-04T03:10:41.1092631Z PASS src/community/wearable-prompts/__tests__/wearable-prompts.repository.spec.ts
2026-10-04T03:10:41.1630021Z PASS test/scout/scout-diagnostics-public.spec.ts
2026-10-04T03:10:41.8872306Z PASS test/contracts/contract-provider.spec.ts
2026-10-04T03:10:42.0322254Z PASS src/feature-flags/__tests__/feature-flags.controller.spec.ts
2026-10-04T03:10:42.8525434Z PASS test/ptm-app-open-dedup.spec.ts
2026-10-04T03:10:43.3208485Z PASS src/talent-marketplace/__tests__/admin-applications.controller.spec.ts
2026-10-04T03:10:43.5832116Z PASS test/ci/lockfile-relevance.spec.ts
2026-10-04T03:10:43.6483188Z PASS test/ai-egress/wearable-insights-consent.spec.ts
2026-10-04T03:10:43.6906749Z [95m[Nest] 3730  - [39m10/04/2026, 3:10:43 AM [95m  DEBUG[39m [38;5;3m[WearableInsightsService] [39m[95minsight cache HIT audience=coach user=clnt-2222-2222-2222-222222222222 bucket=SLEEP_RECOVERY[39m
2026-10-04T03:10:43.6910808Z [32m[Nest] 3730  - [39m10/04/2026, 3:10:43 AM [32m    LOG[39m [38;5;3m[AiEgressService] [39m[32mai_egress.refused surface=wearables.insight reason=no_live_grant clients=1 missing=1[39m
2026-10-04T03:10:43.6914522Z [32m[Nest] 3730  - [39m10/04/2026, 3:10:43 AM [32m    LOG[39m [38;5;3m[AiEgressService] [39m[32mai_egress.refused surface=wearables.insight reason=no_live_grant clients=1 missing=1[39m
2026-10-04T03:10:43.6917865Z [95m[Nest] 3730  - [39m10/04/2026, 3:10:43 AM [95m  DEBUG[39m [38;5;3m[WearableInsightsService] [39m[95minsight cache HIT audience=coach user=clnt-2222-2222-2222-222222222222 bucket=SLEEP_RECOVERY[39m
2026-10-04T03:10:43.6921415Z [32m[Nest] 3730  - [39m10/04/2026, 3:10:43 AM [32m    LOG[39m [38;5;3m[AiEgressService] [39m[32mai_egress.refused surface=wearables.insight reason=no_live_grant clients=1 missing=1[39m
2026-10-04T03:10:43.6924278Z [33m[Nest] 3730  - [39m10/04/2026, 3:10:43 AM [33m   WARN[39m [38;5;3m[AiEgressService] [39m[33mai_egress.consent_read_failed (treated as no grant)[39m
2026-10-04T03:10:43.6927244Z [32m[Nest] 3730  - [39m10/04/2026, 3:10:43 AM [32m    LOG[39m [38;5;3m[AiEgressService] [39m[32mai_egress.refused surface=wearables.insight reason=no_live_grant clients=1 missing=1[39m
2026-10-04T03:10:44.0028399Z PASS test/invite-codes-redeemers.spec.ts
2026-10-04T03:10:44.0628537Z PASS test/scout/g2-nq1-db-guard.spec.ts
2026-10-04T03:10:44.1762375Z PASS test/guest-checkout-status-check.spec.ts
2026-10-04T03:10:44.8076663Z PASS src/roman/voice/__tests__/voice-policy-integration.spec.ts
2026-10-04T03:10:45.0413666Z [31m[Nest] 3730  - [39m10/04/2026, 3:10:45 AM [31m  ERROR[39m [38;5;3m[PtmService] [39m[31mPTM signal write failed (user=user-1 type=message_sent): connection refused[39m
2026-10-04T03:10:45.1252797Z PASS test/scout/scout-ingest.idempotency.spec.ts
2026-10-04T03:10:45.1492090Z PASS test/ptm-service.spec.ts
2026-10-04T03:10:45.8450190Z [31m[Nest] 3723  - [39m10/04/2026, 3:10:45 AM [31m  ERROR[39m [38;5;3m[GuestCheckoutPiiScrubService] [39m[31mGuestCheckoutPiiScrub: row gc-broken scrub failed: boom[39m
2026-10-04T03:10:45.8874983Z [31m[Nest] 3723  - [39m10/04/2026, 3:10:45 AM [31m  ERROR[39m [38;5;3m[GuestCheckoutPiiScrubService] [39m[31mGuestCheckoutPiiScrub tick crashed: GUEST_CHECKOUT_PII_SALT is required in production/staging. Refusing to run the scrub with a dev fallback.[39m
2026-10-04T03:10:45.9035638Z PASS test/guest-checkout-pii-scrub.service.spec.ts
2026-10-04T03:10:46.5665841Z PASS test/connect-webhook.spec.ts
2026-10-04T03:10:46.6053260Z PASS test/coach-brief-enabled.guard.spec.ts
2026-10-04T03:10:46.9308639Z PASS src/talent-marketplace/__tests__/admin-review-cursor.spec.ts
2026-10-04T03:10:46.9407697Z PASS test/exercise-catalog-playback-authz.spec.ts
2026-10-04T03:10:47.4139697Z PASS test/community/messages/community-messages-coach-reply.service.spec.ts
2026-10-04T03:10:47.5032509Z PASS test/scout/reconstruct/truecoach-clients.mapper.spec.ts
2026-10-04T03:10:47.8442843Z PASS test/auth/become-coach.tier.spec.ts
2026-10-04T03:10:48.0952094Z PASS test/scout/g2-r-ready-db-guard.spec.ts
2026-10-04T03:10:48.1057057Z PASS test/team-mode-controller-tier-gate.spec.ts
2026-10-04T03:10:48.3832603Z PASS test/ai-guardrails.service.spec.ts
2026-10-04T03:10:48.4237383Z [32m[Nest] 3730  - [39m10/04/2026, 3:10:48 AM [32m    LOG[39m [38;5;3m[AIGuardrailsService] [39m[32mguardrails applied: calorie-floor[39m
2026-10-04T03:10:48.4263007Z [32m[Nest] 3730  - [39m10/04/2026, 3:10:48 AM [32m    LOG[39m [38;5;3m[AIGuardrailsService] [39m[32mguardrails applied: macro-correction[39m
2026-10-04T03:10:48.4265447Z [32m[Nest] 3730  - [39m10/04/2026, 3:10:48 AM [32m    LOG[39m [38;5;3m[AIGuardrailsService] [39m[32mguardrails applied: refer-to-coach[39m
2026-10-04T03:10:48.4267936Z [32m[Nest] 3730  - [39m10/04/2026, 3:10:48 AM [32m    LOG[39m [38;5;3m[AIGuardrailsService] [39m[32mguardrails applied: refer-to-coach[39m
2026-10-04T03:10:48.4273532Z [32m[Nest] 3730  - [39m10/04/2026, 3:10:48 AM [32m    LOG[39m [38;5;3m[AIGuardrailsService] [39m[32mguardrails applied: banned:unsafe-substance,banned:extreme-restriction[39m
2026-10-04T03:10:48.7165230Z PASS src/community/voice/__tests__/voice-upload-bucket-assertion.spec.ts
2026-10-04T03:10:48.7878896Z [33m[Nest] 3730  - [39m10/04/2026, 3:10:48 AM [33m   WARN[39m [38;5;3m[VoiceUploadProvider] [39m[33mvoice signed-download refused: key failed the canonical check[39m
2026-10-04T03:10:48.7903165Z [33m[Nest] 3730  - [39m10/04/2026, 3:10:48 AM [33m   WARN[39m [38;5;3m[VoiceUploadProvider] [39m[33mvoice signed-download refused: key failed the canonical check[39m
2026-10-04T03:10:48.7905784Z [33m[Nest] 3730  - [39m10/04/2026, 3:10:48 AM [33m   WARN[39m [38;5;3m[VoiceUploadProvider] [39m[33mvoice signed-download refused: key failed the canonical check[39m
2026-10-04T03:10:48.7908514Z [33m[Nest] 3730  - [39m10/04/2026, 3:10:48 AM [33m   WARN[39m [38;5;3m[VoiceUploadProvider] [39m[33mvoice signed-download refused: key failed the canonical check[39m
2026-10-04T03:10:49.0002371Z PASS test/ai/client-context.service.spec.ts
2026-10-04T03:10:49.0685423Z [33m[Nest] 3730  - [39m10/04/2026, 3:10:48 AM [33m   WARN[39m [38;5;3m[ClientContextService] [39m[33mbuild called for unknown clientId=unknown[39m
2026-10-04T03:10:49.4111961Z PASS test/dunning-v2-cadence.spec.ts
2026-10-04T03:10:50.5892612Z PASS src/talent-marketplace/__tests__/public-listing.controller.http.spec.ts
2026-10-04T03:10:50.7641999Z PASS test/ai-consent/ai-consent-wiring.spec.ts
2026-10-04T03:10:50.8632096Z PASS test/observability/sentry-transaction-scrub.spec.ts
2026-10-04T03:10:51.8842235Z PASS test/scout/reconciliation/catalogue-parity.spec.ts
2026-10-04T03:10:51.9346051Z PASS test/community/events/community-event-state-machine.spec.ts
2026-10-04T03:10:52.5630628Z PASS src/community/voice/__tests__/voice-limits.spec.ts
2026-10-04T03:10:52.7593408Z PASS src/talent-marketplace/__tests__/apply-fit.spec.ts
2026-10-04T03:10:53.2307008Z PASS src/feature-flags/__tests__/feature-flags.service.spec.ts
2026-10-04T03:10:54.2242181Z PASS test/scout/lifecycle/run.controller.spec.ts
2026-10-04T03:10:55.2619363Z PASS test/recipe-private-by-default-migration.spec.ts
2026-10-04T03:10:57.3115267Z PASS test/dto-mass-assignment.spec.ts
2026-10-04T03:10:57.8622812Z PASS test/observability/observability-wiring.spec.ts
2026-10-04T03:10:57.9541563Z [33m[Nest] 3730  - [39m10/04/2026, 3:10:57 AM [33m   WARN[39m [38;5;3m[DbStatsService] [39m[33mpg_stat_statements is not available; returning unavailable. Enable the extension (operator-attach).[39m
2026-10-04T03:10:58.2520326Z PASS test/scout/g2-b-drain-db-guard.spec.ts
2026-10-04T03:10:59.0161808Z PASS test/diagnostic.controller.spec.ts
2026-10-04T03:10:59.1778439Z PASS test/drop-coach-direct-enabled.spec.ts
2026-10-04T03:10:59.5471791Z PASS test/scout/g2-pg17-db-guard.spec.ts
2026-10-04T03:10:59.9260745Z PASS test/scheduling-permissions.spec.ts
2026-10-04T03:11:00.6739574Z PASS test/auth.controller.spec.ts
2026-10-04T03:11:01.1003902Z PASS test/diagnostic.service.spec.ts
2026-10-04T03:11:01.6377771Z PASS test/real-meal-plans-guards.spec.ts
2026-10-04T03:11:02.0902423Z PASS test/scout/induction/digest.spec.ts
2026-10-04T03:11:02.2342567Z PASS test/openapi-spec.spec.ts (10.264 s)
2026-10-04T03:11:02.6010802Z PASS test/roles.guard.spec.ts
2026-10-04T03:11:02.7514446Z PASS test/c03-select-role-reparent.regression.spec.ts
2026-10-04T03:11:03.0298188Z PASS test/mwb-undo-head-fence.spec.ts
2026-10-04T03:11:03.0976195Z [33m[Nest] 3723  - [39m10/04/2026, 3:11:02 AM [33m   WARN[39m [38;5;3m[AnalyticsService] [39m[33mPOSTHOG_KEY not set — analytics are disabled (no-op mode).[39m
2026-10-04T03:11:03.0982379Z [33m[Nest] 3723  - [39m10/04/2026, 3:11:03 AM [33m   WARN[39m [38;5;3m[AnalyticsService] [39m[33mPOSTHOG_KEY not set — analytics are disabled (no-op mode).[39m
2026-10-04T03:11:03.0985332Z [33m[Nest] 3723  - [39m10/04/2026, 3:11:03 AM [33m   WARN[39m [38;5;3m[AnalyticsService] [39m[33mPOSTHOG_KEY not set — analytics are disabled (no-op mode).[39m
2026-10-04T03:11:03.1928048Z PASS test/community/notifications/lockscreen-privacy.spec.ts
2026-10-04T03:11:03.3280775Z PASS test/community/classroom/community-classroom-release.spec.ts
2026-10-04T03:11:03.5713657Z PASS src/roman/voice/__tests__/voice-policy-lint-contract.spec.ts
2026-10-04T03:11:03.7664402Z PASS test/stripe-connect-api-phase6.spec.ts
2026-10-04T03:11:03.9754091Z PASS test/community/safety/community-safety-copy.spec.ts
2026-10-04T03:11:04.5132896Z [31m[Nest] 3723  - [39m10/04/2026, 3:11:04 AM [31m  ERROR[39m [38;5;3m[PracticeTypeService] [39m[31mPractice federation failed for coach user-1: timeout[39m
2026-10-04T03:11:04.5201406Z PASS test/sprint-a-practice-dual-write.spec.ts
2026-10-04T03:11:04.6108428Z [32m[Nest] 3723  - [39m10/04/2026, 3:11:04 AM [32m    LOG[39m [38;5;3m[PracticeTypeService] [39m[32mPractice federation: no finance coach for coach@example.com - fitness-only mirror[39m
2026-10-04T03:11:04.9052039Z PASS test/ltv-metrics.controller.spec.ts
2026-10-04T03:11:05.3652251Z PASS test/assignable-asset-resolver-registry.spec.ts
2026-10-04T03:11:05.4343918Z [33m[Nest] 3723  - [39m10/04/2026, 3:11:05 AM [33m   WARN[39m [38;5;3m[AssignableAssetResolverRegistry] [39m[33mDuplicate AssignableAssetResolver registered for asset_type=meal_plan; first one wins.[39m
2026-10-04T03:11:05.8102219Z PASS test/ai/coach-ai-prompts.spec.ts
2026-10-04T03:11:06.4122030Z PASS test/health-readiness-bounded.spec.ts
2026-10-04T03:11:06.9372176Z PASS test/scout/scout-diagnostics.integrity.spec.ts
2026-10-04T03:11:07.3144890Z PASS test/voice-policy.service.spec.ts
2026-10-04T03:11:07.9813278Z PASS test/community/ai-triage/triage-output.schema.spec.ts
2026-10-04T03:11:08.3434179Z PASS test/truecoach-golden-fixture.spec.ts
2026-10-04T03:11:08.4392347Z PASS test/scout/induction/s10c-wiring.spec.ts
2026-10-04T03:11:09.1803360Z [32m[Nest] 3730  - [39m10/04/2026, 3:11:09 AM [32m    LOG[39m [38;5;3m[RegimeRevisionRetentionService] [39m[32mevictForRegime: pruned 2 revision(s) for regime=reg-1 (kept latest 3)[39m
2026-10-04T03:11:09.2601433Z PASS src/regimes/__tests__/regime-revision-retention.service.spec.ts
2026-10-04T03:11:09.3374203Z [32m[Nest] 3730  - [39m10/04/2026, 3:11:09 AM [32m    LOG[39m [38;5;3m[RegimeRevisionRetentionService] [39m[32mevictForRegime: pruned 2 revision(s) for regime=reg-1 (kept latest 1)[39m
2026-10-04T03:11:10.3712309Z PASS test/checkout-subscription-fee-rounding.spec.ts
2026-10-04T03:11:10.6942934Z PASS test/crm-redact.spec.ts
2026-10-04T03:11:11.1466940Z [31m[Nest] 3723  - [39m10/04/2026, 3:11:11 AM [31m  ERROR[39m [38;5;3m[HelloSignWebhookController] [39m[31mHelloSign webhook received without rawBody. Verify rawBody:true is wired in main.ts.[39m
2026-10-04T03:11:11.1792738Z PASS test/contracts/hellosign-webhook.controller.spec.ts
2026-10-04T03:11:11.2721500Z [32m[Nest] 3723  - [39m10/04/2026, 3:11:11 AM [32m    LOG[39m [38;5;3m[HelloSignWebhookController] [39m[32mHelloSign webhook verified but FEATURE_CONTRACTS_ENABLED is OFF; acking without state change.[39m
2026-10-04T03:11:11.4696787Z PASS test/sprint-b-holistic-insights.service.spec.ts
2026-10-04T03:11:11.5077134Z PASS test/health-readiness-public.spec.ts
2026-10-04T03:11:11.7909555Z PASS test/observability/metrics-auth-extended.spec.ts
2026-10-04T03:11:11.8286755Z PASS src/community/search/__tests__/search-indexer.spec.ts
2026-10-04T03:11:11.8763268Z [32m[Nest] 3723  - [39m10/04/2026, 3:11:11 AM [32m    LOG[39m [38;5;3m[SearchIndexerService] [39mObject(6) {
2026-10-04T03:11:11.8764967Z   event: [32m'community_search_indexed'[39m,
2026-10-04T03:11:11.8793689Z   workspace_id: [32m'ws-1'[39m,
2026-10-04T03:11:11.8797604Z   kind: [32m'post'[39m,
2026-10-04T03:11:11.8798388Z   target_id: [32m'target-1'[39m,
2026-10-04T03:11:11.8799086Z   created: [33mtrue[39m,
2026-10-04T03:11:11.8799817Z   excerpt_length: [33m24[39m
2026-10-04T03:11:11.8800449Z }
2026-10-04T03:11:11.8802022Z [32m[Nest] 3723  - [39m10/04/2026, 3:11:11 AM [32m    LOG[39m [38;5;3m[SearchIndexerService] [39mObject(6) {
2026-10-04T03:11:11.8803355Z   event: [32m'community_search_indexed'[39m,
2026-10-04T03:11:11.8804246Z   workspace_id: [32m'ws-1'[39m,
2026-10-04T03:11:11.8804976Z   kind: [32m'post'[39m,
2026-10-04T03:11:11.8805761Z   target_id: [32m'target-1'[39m,
2026-10-04T03:11:11.8806526Z   created: [33mfalse[39m,
2026-10-04T03:11:11.8807273Z   excerpt_length: [33m24[39m
2026-10-04T03:11:11.8807879Z }
2026-10-04T03:11:11.8809101Z [32m[Nest] 3723  - [39m10/04/2026, 3:11:11 AM [32m    LOG[39m [38;5;3m[SearchIndexerService] [39mObject(4) {
2026-10-04T03:11:11.8810272Z   event: [32m'community_search_removed'[39m,
2026-10-04T03:11:11.8811371Z   workspace_id: [32m'ws-1'[39m,
2026-10-04T03:11:11.8812127Z   kind: [32m'post'[39m,
2026-10-04T03:11:11.8812800Z   target_id: [32m'target-1'[39m
2026-10-04T03:11:11.8813391Z }
2026-10-04T03:11:11.8814556Z [32m[Nest] 3723  - [39m10/04/2026, 3:11:11 AM [32m    LOG[39m [38;5;3m[SearchIndexerService] [39mObject(6) {
2026-10-04T03:11:11.8815669Z   event: [32m'community_search_indexed'[39m,
2026-10-04T03:11:11.8816447Z   workspace_id: [32m'ws-1'[39m,
2026-10-04T03:11:11.8817184Z   kind: [32m'classroom_lesson'[39m,
2026-10-04T03:11:11.8817960Z   target_id: [32m'target-1'[39m,
2026-10-04T03:11:11.8830315Z   created: [33mtrue[39m,
2026-10-04T03:11:11.8831418Z   excerpt_length: [33m47[39m
2026-10-04T03:11:11.8832113Z }
2026-10-04T03:11:12.2535214Z PASS test/coach.service.sub-coach-scope.spec.ts
2026-10-04T03:11:12.3327696Z PASS test/sub-coach-capacity.service.spec.ts
2026-10-04T03:11:12.7249944Z PASS src/community/wearable-prompts/__tests__/degraded-connector-fallback.spec.ts
2026-10-04T03:11:12.7758074Z [32m[Nest] 3723  - [39m10/04/2026, 3:11:12 AM [32m    LOG[39m [38;5;3m[DegradedConnectorFallbackService] [39mObject(5) {
2026-10-04T03:11:12.7772416Z   event: [32m'community_wearable_prompt_fallback'[39m,
2026-10-04T03:11:12.7802421Z   workspace_id: [32m'ws-1'[39m,
2026-10-04T03:11:12.7812104Z   coach_id: [32m'coach-1'[39m,
2026-10-04T03:11:12.7813251Z   client_id: [32m'client-1'[39m,
2026-10-04T03:11:12.7814018Z   reason: [32m'none'[39m
2026-10-04T03:11:12.7814778Z }
2026-10-04T03:11:12.7815909Z [32m[Nest] 3723  - [39m10/04/2026, 3:11:12 AM [32m    LOG[39m [38;5;3m[DegradedConnectorFallbackService] [39mObject(5) {
2026-10-04T03:11:12.7816966Z   event: [32m'community_wearable_prompt_fallback'[39m,
2026-10-04T03:11:12.7817674Z   workspace_id: [32m'ws-1'[39m,
2026-10-04T03:11:12.7818279Z   coach_id: [32m'coach-1'[39m,
2026-10-04T03:11:12.7818878Z   client_id: [32m'client-1'[39m,
2026-10-04T03:11:12.7819449Z   reason: [32m'expired'[39m
2026-10-04T03:11:12.7819929Z }
2026-10-04T03:11:12.7821289Z [32m[Nest] 3723  - [39m10/04/2026, 3:11:12 AM [32m    LOG[39m [38;5;3m[DegradedConnectorFallbackService] [39mObject(5) {
2026-10-04T03:11:12.7822446Z   event: [32m'community_wearable_prompt_fallback'[39m,
2026-10-04T03:11:12.7823154Z   workspace_id: [32m'ws-1'[39m,
2026-10-04T03:11:12.7823763Z   coach_id: [32m'coach-1'[39m,
2026-10-04T03:11:12.7824393Z   client_id: [32m'client-1'[39m,
2026-10-04T03:11:12.7825007Z   reason: [32m'disconnected'[39m
2026-10-04T03:11:12.7825522Z }
2026-10-04T03:11:12.7826584Z [32m[Nest] 3723  - [39m10/04/2026, 3:11:12 AM [32m    LOG[39m [38;5;3m[DegradedConnectorFallbackService] [39mObject(5) {
2026-10-04T03:11:12.7827638Z   event: [32m'community_wearable_prompt_fallback'[39m,
2026-10-04T03:11:12.7828337Z   workspace_id: [32m'ws-1'[39m,
2026-10-04T03:11:12.7828959Z   coach_id: [32m'coach-1'[39m,
2026-10-04T03:11:12.7829545Z   client_id: [32m'client-1'[39m,
2026-10-04T03:11:12.7830115Z   reason: [32m'error'[39m
2026-10-04T03:11:12.7830581Z }
2026-10-04T03:11:12.7831854Z [32m[Nest] 3723  - [39m10/04/2026, 3:11:12 AM [32m    LOG[39m [38;5;3m[DegradedConnectorFallbackService] [39mObject(5) {
2026-10-04T03:11:12.7833028Z   event: [32m'community_wearable_prompt_fallback'[39m,
2026-10-04T03:11:12.7833728Z   workspace_id: [32m'ws-1'[39m,
2026-10-04T03:11:12.7834334Z   coach_id: [32m'coach-1'[39m,
2026-10-04T03:11:12.7834941Z   client_id: [32m'client-1'[39m,
2026-10-04T03:11:12.7835558Z   reason: [32m'disconnected'[39m
2026-10-04T03:11:12.7836062Z }
2026-10-04T03:11:12.9717791Z PASS test/community/events/community-events-flag.spec.ts
2026-10-04T03:11:13.0688598Z PASS test/coach-archive-audit.spec.ts
2026-10-04T03:11:13.2812231Z PASS src/community/ack/sla.spec.ts
2026-10-04T03:11:13.5076486Z PASS test/community/realtime/no-pii-in-broadcast.spec.ts
2026-10-04T03:11:13.5698314Z PASS test/sub-coach-assignment.service.spec.ts
2026-10-04T03:11:13.6742476Z PASS test/community/realtime/posthog-event-names.spec.ts
2026-10-04T03:11:13.9545420Z PASS test/messaging.dto.spec.ts
2026-10-04T03:11:14.1812377Z PASS test/profile-dto-diet-cadence.spec.ts
2026-10-04T03:11:14.2065241Z PASS test/observability/sentry-config-extended.spec.ts
2026-10-04T03:11:14.4392286Z PASS test/backfill-coach-subscriptions.spec.ts
2026-10-04T03:11:14.4401985Z   ● Console
2026-10-04T03:11:14.4402464Z 
2026-10-04T03:11:14.4402804Z     console.log
2026-10-04T03:11:14.4403760Z       [backfill-coach-subscriptions] grandfathered coach=coach-1 email=c1@example.com
2026-10-04T03:11:14.4404666Z 
2026-10-04T03:11:14.4405344Z       at backfillCoachSubscriptions (scripts/backfill-coach-subscriptions.ts:72:15)
2026-10-04T03:11:14.4406151Z 
2026-10-04T03:11:14.4406566Z     console.log
2026-10-04T03:11:14.4407602Z       [backfill-coach-subscriptions] grandfathered coach=coach-2 email=c2@example.com
2026-10-04T03:11:14.4408161Z 
2026-10-04T03:11:14.4408693Z       at backfillCoachSubscriptions (scripts/backfill-coach-subscriptions.ts:72:15)
2026-10-04T03:11:14.4409328Z 
2026-10-04T03:11:14.4409471Z     console.log
2026-10-04T03:11:14.4410210Z       [backfill-coach-subscriptions] grandfathered coach=coach-3 email=c3@example.com
2026-10-04T03:11:14.4410835Z 
2026-10-04T03:11:14.4411710Z       at backfillCoachSubscriptions (scripts/backfill-coach-subscriptions.ts:72:15)
2026-10-04T03:11:14.4412324Z 
2026-10-04T03:11:14.4412507Z     console.log
2026-10-04T03:11:14.4413782Z       [backfill-coach-subscriptions] grandfathered coach=coach-1 email=c1@example.com
2026-10-04T03:11:14.4414712Z 
2026-10-04T03:11:14.4415295Z       at backfillCoachSubscriptions (scripts/backfill-coach-subscriptions.ts:72:15)
2026-10-04T03:11:14.4415998Z 
2026-10-04T03:11:14.5193522Z PASS test/coach-my-effectiveness.controller.spec.ts
2026-10-04T03:11:14.6794740Z PASS test/doctrine-cleanup.spec.ts
2026-10-04T03:11:15.1587910Z PASS src/extension-pair/__tests__/setup-recovery.spec.ts
2026-10-04T03:11:15.8792225Z PASS src/community/challenges/__tests__/pagination.controller.spec.ts
2026-10-04T03:11:15.9705235Z PASS test/nudges.dto.spec.ts
2026-10-04T03:11:16.5742093Z PASS test/metrics.service.spec.ts
2026-10-04T03:11:16.9562215Z PASS src/talent-marketplace/__tests__/application-cursor.spec.ts
2026-10-04T03:11:16.9833253Z [31m[Nest] 3730  - [39m10/04/2026, 3:11:16 AM [31m  ERROR[39m [38;5;3m[GuestCheckoutReconciliationService] [39m[31mreconcilePaidCheckout crashed for gc-broken: boom[39m
2026-10-04T03:11:17.0123411Z [31m[Nest] 3730  - [39m10/04/2026, 3:11:17 AM [31m  ERROR[39m [38;5;3m[GuestCheckoutReconciliationService] [39m[31mGuestCheckoutReconciliation tick crashed: prisma down[39m
2026-10-04T03:11:17.0236708Z PASS test/guest-checkout-reconciliation.service.spec.ts
2026-10-04T03:11:17.4292289Z PASS test/auth-guard-deletion-lockout.spec.ts
2026-10-04T03:11:17.7573716Z PASS test/data-export-controller-roles.spec.ts
2026-10-04T03:11:18.0193840Z PASS test/food-query-parser.spec.ts
2026-10-04T03:11:18.2307176Z PASS test/community/community-v3-4-throttle-metadata.spec.ts
2026-10-04T03:11:18.2352370Z PASS test/route-doc-drift.spec.ts
2026-10-04T03:11:18.7652483Z PASS src/talent-marketplace/__tests__/hirer-verified.guard.spec.ts
2026-10-04T03:11:19.0877912Z PASS test/admin-build-week.controller.spec.ts
2026-10-04T03:11:20.4413700Z PASS test/phase-8-role-gates.spec.ts
2026-10-04T03:11:21.1162092Z PASS test/food.service.spec.ts
2026-10-04T03:11:21.2482122Z PASS src/talent-marketplace/__tests__/pipeline-stage.spec.ts
2026-10-04T03:11:21.6763545Z PASS test/coach-timeline.spec.ts
2026-10-04T03:11:22.3045081Z PASS src/community/wearable-prompts/__tests__/wearable-prompts.cooldown.spec.ts
2026-10-04T03:11:22.5362335Z PASS test/wearables/metric-bucket.map.spec.ts
2026-10-04T03:11:22.8236044Z PASS test/profile-dto-equipment-access.spec.ts
2026-10-04T03:11:22.8396584Z PASS test/purchase-fanout.service.spec.ts
2026-10-04T03:11:22.9092386Z [95m[Nest] 3723  - [39m10/04/2026, 3:11:22 AM [95m  DEBUG[39m [38;5;3m[PurchaseFanoutService] [39m[95mfanout: skipping drop seed for purchase=pur-1 (no engine tables on tx)[39m
2026-10-04T03:11:22.9095518Z [95m[Nest] 3723  - [39m10/04/2026, 3:11:22 AM [95m  DEBUG[39m [38;5;3m[PurchaseFanoutService] [39m[95mfanout: skipping drop seed for purchase=pur-1 (no engine tables on tx)[39m
2026-10-04T03:11:22.9098169Z [95m[Nest] 3723  - [39m10/04/2026, 3:11:22 AM [95m  DEBUG[39m [38;5;3m[PurchaseFanoutService] [39m[95mfanout: skipping drop seed for purchase=pur-1 (no engine tables on tx)[39m
2026-10-04T03:11:22.9101398Z [95m[Nest] 3723  - [39m10/04/2026, 3:11:22 AM [95m  DEBUG[39m [38;5;3m[PurchaseFanoutService] [39m[95mfanout: skipping drop seed for purchase=pur-2 (no engine tables on tx)[39m
2026-10-04T03:11:22.9104213Z [95m[Nest] 3723  - [39m10/04/2026, 3:11:22 AM [95m  DEBUG[39m [38;5;3m[PurchaseFanoutService] [39m[95mfanout: skipping drop seed for purchase=pur-a (no engine tables on tx)[39m
2026-10-04T03:11:22.9106975Z [95m[Nest] 3723  - [39m10/04/2026, 3:11:22 AM [95m  DEBUG[39m [38;5;3m[PurchaseFanoutService] [39m[95mfanout: skipping drop seed for purchase=pur-b (no engine tables on tx)[39m
2026-10-04T03:11:23.1158738Z PASS test/scheduling-providers.spec.ts
2026-10-04T03:11:23.1685961Z [33m[Nest] 3730  - [39m10/04/2026, 3:11:23 AM [33m   WARN[39m [38;5;3m[SchedulingProviderRegistry] [39m[33mgoogle_calendar requested but GOOGLE_CALENDAR_ENABLED is not "true" — falling back to stub adapter[39m
2026-10-04T03:11:23.1694106Z [33m[Nest] 3730  - [39m10/04/2026, 3:11:23 AM [33m   WARN[39m [38;5;3m[SchedulingProviderRegistry] [39m[33mzoom requested but ZOOM_ENABLED is not "true" — falling back to stub adapter[39m
2026-10-04T03:11:23.1700757Z [33m[Nest] 3730  - [39m10/04/2026, 3:11:23 AM [33m   WARN[39m [38;5;3m[SchedulingProviderRegistry] [39m[33mgoogle_meet requested but GOOGLE_MEET_ENABLED is not "true" — falling back to stub adapter[39m
2026-10-04T03:11:23.3560315Z PASS test/http-exception.filter.spec.ts
2026-10-04T03:11:23.4418395Z PASS test/coach-practice-type.service.spec.ts
2026-10-04T03:11:23.7612098Z PASS test/ai-gateway.config.spec.ts
2026-10-04T03:11:24.0252102Z PASS test/admin-audit.spec.ts
2026-10-04T03:11:24.4708963Z PASS test/macros-current-self.spec.ts
2026-10-04T03:11:24.5732345Z PASS test/leaderboard.controller.spec.ts
2026-10-04T03:11:24.7502350Z PASS test/invariants/locked_defaults.spec.ts
2026-10-04T03:11:25.1949918Z PASS test/scout/reconstruct/scout-reconstruct.flag.spec.ts
2026-10-04T03:11:25.7532916Z PASS test/dunning-v2-lockout-privacy-exact.spec.ts
2026-10-04T03:11:25.8692296Z PASS test/coach-new-purchase-prefs-routing.spec.ts
2026-10-04T03:11:26.3831298Z PASS test/scout/entities/scout-entities.flag.spec.ts
2026-10-04T03:11:26.5452035Z PASS test/exercise-catalog.controller.spec.ts
2026-10-04T03:11:26.6531761Z PASS test/scout/roster/scout-roster.flag.spec.ts
2026-10-04T03:11:26.8252136Z PASS test/ai-capability-materialiser-registry.spec.ts
2026-10-04T03:11:26.9043996Z [33m[Nest] 3730  - [39m10/04/2026, 3:11:26 AM [33m   WARN[39m [38;5;3m[CapabilityMaterializerRegistry] [39m[33mDuplicate CapabilityMaterializer registered for capability=draft.coach_message; first one wins.[39m
2026-10-04T03:11:26.9449303Z PASS test/community/notifications/push-preference-defaults.spec.ts
2026-10-04T03:11:27.2722440Z PASS test/seed-coach-session-types.spec.ts
2026-10-04T03:11:27.4258504Z PASS test/community/events/community-event-link.spec.ts
2026-10-04T03:11:27.5112587Z PASS test/community/challenges/community-challenges-param-validation.spec.ts
2026-10-04T03:11:27.6963737Z PASS src/community/voice/__tests__/voice-forbidden-cast-scan.spec.ts
2026-10-04T03:11:27.8651169Z PASS test/nudge-v1-quiet-hours.spec.ts
2026-10-04T03:11:28.2990186Z [31m[Nest] 3723  - [39m10/04/2026, 3:11:28 AM [31m  ERROR[39m [38;5;3m[AuditService] [39m[31mAudit write failed for action=test.event: connection refused[39m
2026-10-04T03:11:28.3871980Z PASS test/audit.service.spec.ts
2026-10-04T03:11:28.4632237Z PASS src/roman/voice/__tests__/voice-policy-empty-notifications.spec.ts
2026-10-04T03:11:28.8572374Z PASS test/account-deletion/program-copies-erasure.spec.ts
2026-10-04T03:11:29.2921432Z PASS test/scout/induction/contract.spec.ts
2026-10-04T03:11:29.5932308Z PASS test/landing-pages.crm-controller.spec.ts
2026-10-04T03:11:29.8202015Z PASS test/private-context.service.spec.ts
2026-10-04T03:11:30.1392649Z PASS src/talent-marketplace/__tests__/portfolio-showcase.spec.ts
2026-10-04T03:11:30.3062012Z PASS test/connect-env-gate.spec.ts
2026-10-04T03:11:30.4042495Z PASS test/data-export-bucket-verifier-wiring.spec.ts
2026-10-04T03:11:30.8207172Z [31m[Nest] 3730  - [39m10/04/2026, 3:11:30 AM [31m  ERROR[39m [38;5;3m[GdprScrubScheduler] [39m[31mGDPR scrub cron tick: fatal error: database is on fire[39m
2026-10-04T03:11:30.8291928Z PASS test/gdpr-scrub.scheduler.spec.ts
2026-10-04T03:11:30.8983281Z [32m[Nest] 3730  - [39m10/04/2026, 3:11:30 AM [32m    LOG[39m [38;5;3m[GdprScrubScheduler] [39m[32mGDPR scrub cron tick: starting daily run[39m
2026-10-04T03:11:30.8992881Z [32m[Nest] 3730  - [39m10/04/2026, 3:11:30 AM [32m    LOG[39m [38;5;3m[GdprScrubScheduler] [39m[32mGDPR scrub cron tick: completed; scrubbed=2 considered=2 errors=0[39m
2026-10-04T03:11:30.8994994Z [32m[Nest] 3730  - [39m10/04/2026, 3:11:30 AM [32m    LOG[39m [38;5;3m[GdprScrubScheduler] [39m[32mGDPR scrub cron tick: starting daily run[39m
2026-10-04T03:11:31.1632333Z PASS test/account-deletion/controller-roles.spec.ts
2026-10-04T03:11:31.5616987Z [31m[Nest] 3730  - [39m10/04/2026, 3:11:31 AM [31m  ERROR[39m [38;5;3m[PtmScheduler] [39m[31mPTM recompute cron tick: fatal error: database is on fire[39m
2026-10-04T03:11:31.6032011Z PASS test/ptm-scheduler.spec.ts
2026-10-04T03:11:31.6242987Z [32m[Nest] 3730  - [39m10/04/2026, 3:11:31 AM [32m    LOG[39m [38;5;3m[PtmScheduler] [39m[32mPTM scoring disabled by env flag[39m
2026-10-04T03:11:31.6302673Z [32m[Nest] 3730  - [39m10/04/2026, 3:11:31 AM [32m    LOG[39m [38;5;3m[PtmScheduler] [39m[32mPTM recompute cron tick: starting nightly run[39m
2026-10-04T03:11:31.6304695Z [32m[Nest] 3730  - [39m10/04/2026, 3:11:31 AM [32m    LOG[39m [38;5;3m[PtmScheduler] [39m[32mPTM recompute cron tick: completed; considered=5 recomputed=5 errors=0[39m
2026-10-04T03:11:31.6382627Z [32m[Nest] 3730  - [39m10/04/2026, 3:11:31 AM [32m    LOG[39m [38;5;3m[PtmScheduler] [39m[32mPTM recompute cron tick: starting nightly run[39m
2026-10-04T03:11:31.9573071Z PASS src/talent-marketplace/anti-bot/__tests__/marketplace-abuse-signal-rls-migration.spec.ts
2026-10-04T03:11:32.0772958Z [31m[Nest] 3723  - [39m10/04/2026, 3:11:32 AM [31m  ERROR[39m [38;5;3m[HealthController] [39mObject(2) {
2026-10-04T03:11:32.0812290Z   event: [32m'readiness_database_unavailable'[39m,
2026-10-04T03:11:32.0872402Z   operation: [32m'health.readiness'[39m
2026-10-04T03:11:32.0901728Z }
2026-10-04T03:11:32.0971721Z PASS test/health.controller.spec.ts
2026-10-04T03:11:32.3682136Z PASS test/expo-sdk-v6-smoke.spec.ts
2026-10-04T03:11:32.5992102Z PASS test/helmet.middleware.spec.ts
2026-10-04T03:11:32.6261899Z PASS test/ci/fly-readiness.spec.ts
2026-10-04T03:11:33.2452435Z PASS test/community/ai-triage/ai-triage-flag.guard.spec.ts
2026-10-04T03:11:33.2573435Z [32m[Nest] 3730  - [39m10/04/2026, 3:11:33 AM [32m    LOG[39m [38;5;3m[AiTriageFeatureFlagGuard] [39m[32mai-triage endpoint short-circuited reason=flag_off_disabled caller=coach-1[39m
2026-10-04T03:11:33.5492160Z PASS test/sprint-b-macros.service.spec.ts
2026-10-04T03:11:34.0563808Z [31m[Nest] 3730  - [39m10/04/2026, 3:11:34 AM [31m  ERROR[39m [38;5;3m[CoachEffectivenessScheduler] [39m[31mCoach effectiveness recompute failed (coach=c2): boom[39m
2026-10-04T03:11:34.0922199Z PASS test/coach-effectiveness.scheduler.spec.ts
2026-10-04T03:11:34.0952964Z [32m[Nest] 3730  - [39m10/04/2026, 3:11:33 AM [32m    LOG[39m [38;5;3m[CoachEffectivenessScheduler] [39m[32mCoach effectiveness scoring disabled by env flag[39m
2026-10-04T03:11:34.6994809Z PASS test/food-density.spec.ts
2026-10-04T03:11:34.8416594Z PASS test/sub-coach.dto.spec.ts
2026-10-04T03:11:35.0826520Z PASS src/notifications/__tests__/first-payment-refund-retention.spec.ts
2026-10-04T03:11:36.0192130Z PASS test/diagnostic-prompt-doctrine.spec.ts
2026-10-04T03:11:36.5132072Z PASS test/coach-build-week.controller.spec.ts
2026-10-04T03:11:36.9522737Z PASS test/community/challenges/community-challenges-flag.guard.spec.ts
2026-10-04T03:11:37.4015206Z PASS test/cross-pillar-practice.guard.spec.ts
2026-10-04T03:11:37.5572140Z PASS test/invite-grant-bindings-migration.spec.ts
2026-10-04T03:11:37.8645880Z PASS test/check-ins.dto.spec.ts
2026-10-04T03:11:38.0542033Z PASS test/reports-csv.spec.ts
2026-10-04T03:11:39.0976122Z PASS test/coach-messaging-roles.spec.ts
2026-10-04T03:11:39.1362399Z PASS test/community/dm-enabled-resolver.spec.ts
2026-10-04T03:11:39.3566297Z PASS test/program-writer-client-id.spec.ts
2026-10-04T03:11:39.9792435Z PASS src/regimes/__tests__/regimes-throttle-metadata.spec.ts
2026-10-04T03:11:40.3932255Z PASS test/system.controller.spec.ts
2026-10-04T03:11:40.5902268Z PASS test/admin-federation-smoke.helpers.spec.ts
2026-10-04T03:11:41.4443186Z PASS src/extension-pair/__tests__/extension-pair.controller.spec.ts
2026-10-04T03:11:42.5642056Z PASS test/sprint-b-workout-builder-guard.spec.ts
2026-10-04T03:11:43.0573469Z [32m[Nest] 3730  - [39m10/04/2026, 3:11:42 AM [32m    LOG[39m [38;5;3m[LeadRateLimiterService] [39m[32mREDIS_URL unset — using in-memory lead rate limiter[39m
2026-10-04T03:11:43.0633341Z [32m[Nest] 3730  - [39m10/04/2026, 3:11:43 AM [32m    LOG[39m [38;5;3m[LeadRateLimiterService] [39m[32mREDIS_URL unset — using in-memory lead rate limiter[39m
2026-10-04T03:11:43.0663029Z [32m[Nest] 3730  - [39m10/04/2026, 3:11:43 AM [32m    LOG[39m [38;5;3m[LeadRateLimiterService] [39m[32mREDIS_URL unset — using in-memory lead rate limiter[39m
2026-10-04T03:11:43.0811981Z PASS test/landing-pages.rate-limit.spec.ts
2026-10-04T03:11:43.1673097Z [32m[Nest] 3730  - [39m10/04/2026, 3:11:43 AM [32m    LOG[39m [38;5;3m[LeadRateLimiterService] [39m[32mREDIS_URL unset — using in-memory lead rate limiter[39m
2026-10-04T03:11:43.1725359Z [32m[Nest] 3730  - [39m10/04/2026, 3:11:43 AM [32m    LOG[39m [38;5;3m[LeadRateLimiterService] [39m[32mREDIS_URL unset — using in-memory lead rate limiter[39m
2026-10-04T03:11:43.5162250Z PASS test/auth-forgot-password-throttle.spec.ts
2026-10-04T03:11:43.5582278Z PASS src/talent-marketplace/__tests__/admin-applications.pipes.spec.ts
2026-10-04T03:11:44.2292480Z PASS src/community/voice/__tests__/community-voice.dto.spec.ts
2026-10-04T03:11:44.4392273Z PASS test/billing-throttle-metadata.spec.ts
2026-10-04T03:11:44.7522399Z PASS test/community/cohorts/community-cohort-members.repository.spec.ts
2026-10-04T03:11:45.1561986Z PASS test/invite-codes.controller.spec.ts
2026-10-04T03:11:45.2582052Z PASS test/google-feature-flag.spec.ts
2026-10-04T03:11:45.5682544Z PASS test/federation-inbound-constant-time.spec.ts
2026-10-04T03:11:45.7262146Z PASS test/community.service.spec.ts
2026-10-04T03:11:46.0621948Z PASS test/lessons.service.spec.ts
2026-10-04T03:11:46.7199962Z PASS test/start-subscription.dto.spec.ts
2026-10-04T03:11:47.0289696Z PASS test/sprint-b-bulk-invite.spec.ts
2026-10-04T03:11:47.9781965Z PASS test/pr14-interval-guard.spec.ts
2026-10-04T03:11:48.4192047Z PASS test/habits.service.spec.ts
2026-10-04T03:11:48.5612018Z PASS test/sprint-b-seed-catalog.spec.ts
2026-10-04T03:11:49.4185056Z PASS test/ai-redaction.service.spec.ts (6.557 s)
2026-10-04T03:11:49.6612179Z PASS test/ai-egress/ai-egress-policy-copy.spec.ts
2026-10-04T03:11:49.9459989Z PASS test/community/safety/community-content-filter.spec.ts
2026-10-04T03:11:50.0212732Z PASS src/extension-pair/__tests__/coach-guard-role.spec.ts
2026-10-04T03:11:50.2162118Z PASS test/roman-coach-reviewed-feature.spec.ts
2026-10-04T03:11:50.5572244Z PASS src/talent-marketplace/__tests__/application-status.spec.ts
2026-10-04T03:11:51.4101974Z PASS test/scout/g2-ledger-target.spec.ts
2026-10-04T03:11:52.1287059Z PASS test/cname-prisma-client.spec.ts
2026-10-04T03:11:53.6051331Z 
2026-10-04T03:11:53.6062495Z <--- Last few GCs --->
2026-10-04T03:11:53.6062985Z 
2026-10-04T03:11:53.6073503Z [3724:0x368af270]   380929 ms: Mark-Compact 4025.6 (4135.2) -> 4012.0 (4138.0) MB, 3090.83 / 0.01 ms  (average mu = 0.149, current mu = 0.072) allocation failure; scavenge might not succeed
2026-10-04T03:11:53.6075646Z [3724:0x368af270]   384744 ms: Mark-Compact 4027.6 (4138.0) -> 4007.4 (4137.2) MB, 3788.60 / 0.00 ms  (average mu = 0.078, current mu = 0.007) task; scavenge might not succeed
2026-10-04T03:11:53.6076628Z 
2026-10-04T03:11:53.6076638Z 
2026-10-04T03:11:53.6076822Z <--- JS stacktrace --->
2026-10-04T03:11:53.6077051Z 
2026-10-04T03:11:53.6077754Z FATAL ERROR: Ineffective mark-compacts near heap limit Allocation failed - JavaScript heap out of memory
2026-10-04T03:11:53.6078609Z ----- Native stack trace -----
2026-10-04T03:11:53.6078866Z 
2026-10-04T03:11:54.0222438Z PASS test/scout/g2-tq0-db-guard.spec.ts
2026-10-04T03:11:54.1611229Z FAIL test/cors-config.spec.ts
2026-10-04T03:11:54.1612527Z   ● Test suite failed to run
2026-10-04T03:11:54.1613204Z 
2026-10-04T03:11:54.1613880Z     Jest worker ran out of memory and crashed
2026-10-04T03:11:54.1614547Z 
2026-10-04T03:11:54.1615277Z       at ChildProcessWorker._onExit (node_modules/jest-worker/build/index.js:924:26)
2026-10-04T03:11:54.1616087Z 
2026-10-04T03:11:54.6154291Z PASS src/regimes/__tests__/regimes-roles-pin.spec.ts
2026-10-04T03:11:55.0372236Z PASS test/account-deletion/drip-fence.spec.ts
2026-10-04T03:11:55.3357953Z PASS src/talent-marketplace/__tests__/saved-search.spec.ts
2026-10-04T03:11:55.4963791Z PASS test/throttler.module.spec.ts
2026-10-04T03:11:55.5870316Z PASS test/dunning-v2-feature-flag.spec.ts
2026-10-04T03:11:57.4410003Z PASS test/observability/sentry-incoming-request.spec.ts
2026-10-04T03:12:04.3752442Z PASS test/exercise-catalog-seed.spec.ts (9.735 s)
2026-10-04T03:12:04.9831367Z A worker process has failed to exit gracefully and has been force exited. This is likely caused by tests leaking due to improper teardown. Try running with --detectOpenHandles to find leaks. Active timers can also cause this, ensure that .unref() was called on them.
2026-10-04T03:12:04.9849878Z 
2026-10-04T03:12:04.9850604Z Summary of all failing tests
2026-10-04T03:12:04.9854586Z FAIL test/cors-config.spec.ts
2026-10-04T03:12:04.9855425Z   ● Test suite failed to run
2026-10-04T03:12:04.9855738Z 
2026-10-04T03:12:04.9872389Z     Jest worker ran out of memory and crashed
2026-10-04T03:12:04.9879067Z 
2026-10-04T03:12:04.9879563Z       at ChildProcessWorker._onExit (node_modules/jest-worker/build/index.js:924:26)
2026-10-04T03:12:04.9880033Z 
2026-10-04T03:12:04.9880110Z 
2026-10-04T03:12:04.9880464Z Test Suites: 1 failed, 23 skipped, 713 passed, 714 of 737 total
2026-10-04T03:12:04.9881452Z Tests:       241 skipped, 5 todo, 12316 passed, 12562 total
2026-10-04T03:12:04.9881973Z Snapshots:   6 passed, 6 total
2026-10-04T03:12:04.9882245Z Time:        400.51 s
2026-10-04T03:12:04.9882478Z Ran all test suites.
2026-10-04T03:12:05.0068851Z ##[error]Process completed with exit code 1.
2026-10-04T03:12:05.0182753Z Post job cleanup.
2026-10-04T03:12:05.1086001Z [command]/usr/bin/git version
2026-10-04T03:12:05.1129529Z git version 2.55.0
2026-10-04T03:12:05.1171612Z Temporarily overriding HOME='/home/runner/work/_temp/369daa92-7782-43fb-beb5-20be1b745548' before making global git config changes
2026-10-04T03:12:05.1173159Z Adding repository directory to the temporary git global config as a safe directory
2026-10-04T03:12:05.1178517Z [command]/usr/bin/git config --global --add safe.directory /home/runner/work/growth-project-backend/growth-project-backend
2026-10-04T03:12:05.1210819Z Removing SSH command configuration
2026-10-04T03:12:05.1217981Z [command]/usr/bin/git config --local --name-only --get-regexp core\.sshCommand
2026-10-04T03:12:05.1252548Z [command]/usr/bin/git submodule foreach --recursive sh -c "git config --local --name-only --get-regexp 'core\.sshCommand' && git config --local --unset-all 'core.sshCommand' || :"
2026-10-04T03:12:05.1507555Z Removing HTTP extra header
2026-10-04T03:12:05.1513521Z [command]/usr/bin/git config --local --name-only --get-regexp http\.https\:\/\/github\.com\/\.extraheader
2026-10-04T03:12:05.1555455Z [command]/usr/bin/git submodule foreach --recursive sh -c "git config --local --name-only --get-regexp 'http\.https\:\/\/github\.com\/\.extraheader' && git config --local --unset-all 'http.https://github.com/.extraheader' || :"
2026-10-04T03:12:05.1801717Z Removing includeIf entries pointing to credentials config files
2026-10-04T03:12:05.1810194Z [command]/usr/bin/git config --local --name-only --get-regexp ^includeIf\.gitdir:
2026-10-04T03:12:05.1837732Z includeif.gitdir:/home/runner/work/growth-project-backend/growth-project-backend/.git.path
2026-10-04T03:12:05.1839310Z includeif.gitdir:/home/runner/work/growth-project-backend/growth-project-backend/.git/worktrees/*.path
2026-10-04T03:12:05.1840428Z includeif.gitdir:/github/workspace/.git.path
2026-10-04T03:12:05.1842256Z includeif.gitdir:/github/workspace/.git/worktrees/*.path
2026-10-04T03:12:05.1847897Z [command]/usr/bin/git config --local --get-all includeif.gitdir:/home/runner/work/growth-project-backend/growth-project-backend/.git.path
2026-10-04T03:12:05.1872396Z /home/runner/work/_temp/git-credentials-849187c2-2a9b-413d-af1b-2c473b42d6d7.config
2026-10-04T03:12:05.1884156Z [command]/usr/bin/git config --local --unset includeif.gitdir:/home/runner/work/growth-project-backend/growth-project-backend/.git.path /home/runner/work/_temp/git-credentials-849187c2-2a9b-413d-af1b-2c473b42d6d7.config
2026-10-04T03:12:05.1925646Z [command]/usr/bin/git config --local --get-all includeif.gitdir:/home/runner/work/growth-project-backend/growth-project-backend/.git/worktrees/*.path
2026-10-04T03:12:05.1952799Z /home/runner/work/_temp/git-credentials-849187c2-2a9b-413d-af1b-2c473b42d6d7.config
2026-10-04T03:12:05.1965974Z [command]/usr/bin/git config --local --unset includeif.gitdir:/home/runner/work/growth-project-backend/growth-project-backend/.git/worktrees/*.path /home/runner/work/_temp/git-credentials-849187c2-2a9b-413d-af1b-2c473b42d6d7.config
2026-10-04T03:12:05.2005559Z [command]/usr/bin/git config --local --get-all includeif.gitdir:/github/workspace/.git.path
2026-10-04T03:12:05.2033025Z /github/runner_temp/git-credentials-849187c2-2a9b-413d-af1b-2c473b42d6d7.config
2026-10-04T03:12:05.2046333Z [command]/usr/bin/git config --local --unset includeif.gitdir:/github/workspace/.git.path /github/runner_temp/git-credentials-849187c2-2a9b-413d-af1b-2c473b42d6d7.config
2026-10-04T03:12:05.2087741Z [command]/usr/bin/git config --local --get-all includeif.gitdir:/github/workspace/.git/worktrees/*.path
2026-10-04T03:12:05.2155634Z /github/runner_temp/git-credentials-849187c2-2a9b-413d-af1b-2c473b42d6d7.config
2026-10-04T03:12:05.2172892Z [command]/usr/bin/git config --local --unset includeif.gitdir:/github/workspace/.git/worktrees/*.path /github/runner_temp/git-credentials-849187c2-2a9b-413d-af1b-2c473b42d6d7.config
2026-10-04T03:12:05.2230074Z [command]/usr/bin/git submodule foreach --recursive git config --local --show-origin --name-only --get-regexp remote.origin.url
2026-10-04T03:12:05.2595315Z Removing credentials config '/home/runner/work/_temp/git-credentials-849187c2-2a9b-413d-af1b-2c473b42d6d7.config'
2026-10-04T03:12:05.2806680Z Print service container logs: 0528a764b17d4cfc9dee90e4fb8aa297_redis7alpine_f12f71
2026-10-04T03:12:05.2812451Z ##[command]/usr/bin/docker logs --details 4c332e496c85e5b6dbd73eee122d8e65ea80877003f95ac90de678c3fec72834
2026-10-04T03:12:05.2961766Z  1:C 04 Oct 2026 03:02:56.130 # WARNING Memory overcommit must be enabled! Without it, a background save or replication may fail under low memory condition. Being disabled, it can also cause failures without low memory condition, see https://github.com/jemalloc/jemalloc/issues/1328. To fix this issue add 'vm.overcommit_memory = 1' to /etc/sysctl.conf and then reboot or run the command 'sysctl vm.overcommit_memory=1' for this to take effect.
2026-10-04T03:12:05.2963581Z  1:C 04 Oct 2026 03:02:56.130 * oO0OoO0OoO0Oo Redis is starting oO0OoO0OoO0Oo
2026-10-04T03:12:05.2964133Z  1:C 04 Oct 2026 03:02:56.130 * Redis version=7.4.11, bits=64, commit=00000000, modified=0, pid=1, just started
2026-10-04T03:12:05.2965051Z  1:C 04 Oct 2026 03:02:56.130 # Warning: no config file specified, using the default config. In order to specify a config file use redis-server /path/to/redis.conf
2026-10-04T03:12:05.2965779Z  1:M 04 Oct 2026 03:02:56.130 * monotonic clock: POSIX clock_gettime
2026-10-04T03:12:05.2966216Z  1:M 04 Oct 2026 03:02:56.130 * Running mode=standalone, port=6379.
2026-10-04T03:12:05.2966585Z  1:M 04 Oct 2026 03:02:56.131 * Server initialized
2026-10-04T03:12:05.2966943Z  1:M 04 Oct 2026 03:02:56.131 * Ready to accept connections tcp
2026-10-04T03:12:05.2967344Z  1:M 04 Oct 2026 03:07:57.017 * 100 changes in 300 seconds. Saving...
2026-10-04T03:12:05.2967751Z  1:M 04 Oct 2026 03:07:57.018 * Background saving started by pid 368
2026-10-04T03:12:05.2968129Z  368:C 04 Oct 2026 03:07:57.023 * DB saved on disk
2026-10-04T03:12:05.2968545Z  368:C 04 Oct 2026 03:07:57.024 * Fork CoW for RDB: current 0 MB, peak 0 MB, average 0 MB
2026-10-04T03:12:05.2969015Z  1:M 04 Oct 2026 03:07:57.119 * Background saving terminated with success
2026-10-04T03:12:05.2981130Z Stop and remove container: 0528a764b17d4cfc9dee90e4fb8aa297_redis7alpine_f12f71
2026-10-04T03:12:05.2986143Z ##[command]/usr/bin/docker rm --force 4c332e496c85e5b6dbd73eee122d8e65ea80877003f95ac90de678c3fec72834
2026-10-04T03:12:05.4195003Z 4c332e496c85e5b6dbd73eee122d8e65ea80877003f95ac90de678c3fec72834
2026-10-04T03:12:05.4220265Z Remove container network: github_network_081f7029e2ee48b7b8deee2ed0e2009d
2026-10-04T03:12:05.4225416Z ##[command]/usr/bin/docker network rm github_network_081f7029e2ee48b7b8deee2ed0e2009d
2026-10-04T03:12:05.5167496Z github_network_081f7029e2ee48b7b8deee2ed0e2009d
2026-10-04T03:12:05.5245861Z Cleaning up orphan processes
