2026-10-04T02:38:35.3167331Z Current runner version: '2.337.0'
2026-10-04T02:38:35.3199619Z ##[group]Runner Image Provisioner
2026-10-04T02:38:35.3200826Z Hosted Compute Agent
2026-10-04T02:38:35.3201843Z Version: 20260901.588
2026-10-04T02:38:35.3202963Z Commit: f88ec8081b781fac6c440065ac7ff9e710ce3d0b
2026-10-04T02:38:35.3204555Z Build Date: 2026-09-01T19:56:44Z
2026-10-04T02:38:35.3205669Z Worker ID: {0a84ea00-88d6-4c7f-ad60-c8a9927f24e8}
2026-10-04T02:38:35.3206909Z Azure Region: eastus
2026-10-04T02:38:35.3208042Z ##[endgroup]
2026-10-04T02:38:35.3210688Z ##[group]Operating System
2026-10-04T02:38:35.3211836Z Ubuntu
2026-10-04T02:38:35.3212689Z 24.04.5
2026-10-04T02:38:35.3213465Z LTS
2026-10-04T02:38:35.3214741Z ##[endgroup]
2026-10-04T02:38:35.3215795Z ##[group]Runner Image
2026-10-04T02:38:35.3216875Z Image: ubuntu-24.04
2026-10-04T02:38:35.3217778Z Version: 20260927.320.1
2026-10-04T02:38:35.3219909Z Included Software: https://github.com/actions/runner-images/blob/ubuntu24/20260927.320/images/ubuntu/Ubuntu2404-Readme.md
2026-10-04T02:38:35.3222603Z Image Release: https://github.com/actions/runner-images/releases/tag/ubuntu24%2F20260927.320
2026-10-04T02:38:35.3224665Z ##[endgroup]
2026-10-04T02:38:35.3226635Z ##[group]GITHUB_TOKEN Permissions
2026-10-04T02:38:35.3229600Z Contents: read
2026-10-04T02:38:35.3230566Z Metadata: read
2026-10-04T02:38:35.3231568Z Packages: read
2026-10-04T02:38:35.3232496Z ##[endgroup]
2026-10-04T02:38:35.3235641Z Secret source: Actions
2026-10-04T02:38:35.3237239Z Cache mode: write
2026-10-04T02:38:35.3238768Z Prepare workflow directory
2026-10-04T02:38:35.3846688Z Prepare all required actions
2026-10-04T02:38:35.3915816Z Getting action download info
2026-10-04T02:38:35.6167601Z Download action repository 'actions/checkout@v6' (SHA:d23441a48e516b6c34aea4fa41551a30e30af803)
2026-10-04T02:38:35.7277298Z Download action repository 'actions/setup-node@v6' (SHA:249970729cb0ef3589644e2896645e5dc5ba9c38)
2026-10-04T02:38:35.9211068Z Complete job name: build-and-test
2026-10-04T02:38:35.9852911Z ##[group]Checking docker version
2026-10-04T02:38:35.9866412Z ##[command]/usr/bin/docker version --format '{{.Server.APIVersion}}'
2026-10-04T02:38:36.0889120Z '1.48'
2026-10-04T02:38:36.0902737Z Docker daemon API version: '1.48'
2026-10-04T02:38:36.0903800Z ##[command]/usr/bin/docker version --format '{{.Client.APIVersion}}'
2026-10-04T02:38:36.1051931Z '1.48'
2026-10-04T02:38:36.1064240Z Docker client API version: '1.48'
2026-10-04T02:38:36.1069764Z ##[endgroup]
2026-10-04T02:38:36.1072672Z ##[group]Clean up resources from previous jobs
2026-10-04T02:38:36.1078473Z ##[command]/usr/bin/docker ps --all --quiet --no-trunc --filter "label=ac0f75"
2026-10-04T02:38:36.1217631Z ##[command]/usr/bin/docker network prune --force --filter "label=ac0f75"
2026-10-04T02:38:36.1349371Z ##[endgroup]
2026-10-04T02:38:36.1349894Z ##[group]Create local container network
2026-10-04T02:38:36.1359576Z ##[command]/usr/bin/docker network create --label ac0f75 github_network_4aace281b44f467cab9f35d14a725373
2026-10-04T02:38:36.1832703Z e8b41390048f3053417b6a1ca1760254f8d4930d9403e7e6a8020289335835f7
2026-10-04T02:38:36.1848946Z ##[endgroup]
2026-10-04T02:38:36.1872466Z ##[group]Starting redis service container
2026-10-04T02:38:36.1894356Z ##[command]/usr/bin/docker pull redis:7-alpine
2026-10-04T02:38:36.4345866Z 7-alpine: Pulling from library/redis
2026-10-04T02:38:36.5070995Z 16333ee0c00f: Pulling fs layer
2026-10-04T02:38:36.5072954Z 83234986c742: Pulling fs layer
2026-10-04T02:38:36.5074076Z 7eb50503c2b0: Pulling fs layer
2026-10-04T02:38:36.5075327Z 1522f9c6f453: Pulling fs layer
2026-10-04T02:38:36.5076217Z 9928009b15c8: Pulling fs layer
2026-10-04T02:38:36.5076983Z 4f4fb700ef54: Pulling fs layer
2026-10-04T02:38:36.5077525Z 4eb14bae0e1d: Pulling fs layer
2026-10-04T02:38:36.5078030Z 1522f9c6f453: Waiting
2026-10-04T02:38:36.5078483Z 9928009b15c8: Waiting
2026-10-04T02:38:36.5078934Z 4f4fb700ef54: Waiting
2026-10-04T02:38:36.5079568Z 4eb14bae0e1d: Waiting
2026-10-04T02:38:36.6237104Z 83234986c742: Verifying Checksum
2026-10-04T02:38:36.6238097Z 83234986c742: Download complete
2026-10-04T02:38:36.6279292Z 7eb50503c2b0: Verifying Checksum
2026-10-04T02:38:36.6280345Z 7eb50503c2b0: Download complete
2026-10-04T02:38:36.6539237Z 9928009b15c8: Verifying Checksum
2026-10-04T02:38:36.6547555Z 9928009b15c8: Download complete
2026-10-04T02:38:36.6576093Z 16333ee0c00f: Verifying Checksum
2026-10-04T02:38:36.6577388Z 16333ee0c00f: Download complete
2026-10-04T02:38:36.6817681Z 4f4fb700ef54: Verifying Checksum
2026-10-04T02:38:36.6818742Z 4f4fb700ef54: Download complete
2026-10-04T02:38:36.6847496Z 4eb14bae0e1d: Verifying Checksum
2026-10-04T02:38:36.6848612Z 4eb14bae0e1d: Download complete
2026-10-04T02:38:36.7071015Z 1522f9c6f453: Verifying Checksum
2026-10-04T02:38:36.7072059Z 1522f9c6f453: Download complete
2026-10-04T02:38:36.7779364Z 16333ee0c00f: Pull complete
2026-10-04T02:38:36.8054126Z 83234986c742: Pull complete
2026-10-04T02:38:36.9367325Z 7eb50503c2b0: Pull complete
2026-10-04T02:38:37.1256788Z 1522f9c6f453: Pull complete
2026-10-04T02:38:37.1347083Z 9928009b15c8: Pull complete
2026-10-04T02:38:37.1424041Z 4f4fb700ef54: Pull complete
2026-10-04T02:38:37.1511806Z 4eb14bae0e1d: Pull complete
2026-10-04T02:38:37.1549107Z Digest: sha256:858f009f9709ce576febc734aa78b8f6d624b82571f9ddb6bda4377c833b3499
2026-10-04T02:38:37.1560401Z Status: Downloaded newer image for redis:7-alpine
2026-10-04T02:38:37.1568179Z docker.io/library/redis:7-alpine
2026-10-04T02:38:37.1602123Z ##[command]/usr/bin/docker create --name bc4b14f08e8e4f05b3553b3fc9d92402_redis7alpine_91ca42 --label ac0f75 --network github_network_4aace281b44f467cab9f35d14a725373 --network-alias redis -p 6379:6379 --health-cmd "redis-cli ping" --health-interval 5s --health-timeout 3s --health-retries 10 -e GITHUB_ACTIONS=true -e CI=true redis:7-alpine
2026-10-04T02:38:37.1848248Z 51ab6131a9b41c234f80c05b23db6371ad628111748dc9045a458beb2f45c546
2026-10-04T02:38:37.1868506Z ##[command]/usr/bin/docker start 51ab6131a9b41c234f80c05b23db6371ad628111748dc9045a458beb2f45c546
2026-10-04T02:38:37.4088705Z 51ab6131a9b41c234f80c05b23db6371ad628111748dc9045a458beb2f45c546
2026-10-04T02:38:37.4111980Z ##[command]/usr/bin/docker ps --all --filter id=51ab6131a9b41c234f80c05b23db6371ad628111748dc9045a458beb2f45c546 --filter status=running --no-trunc --format "{{.ID}} {{.Status}}"
2026-10-04T02:38:37.4229686Z 51ab6131a9b41c234f80c05b23db6371ad628111748dc9045a458beb2f45c546 Up Less than a second (health: starting)
2026-10-04T02:38:37.4248985Z ##[command]/usr/bin/docker port 51ab6131a9b41c234f80c05b23db6371ad628111748dc9045a458beb2f45c546
2026-10-04T02:38:37.4361151Z 6379/tcp -> 0.0.0.0:6379
2026-10-04T02:38:37.4361513Z 6379/tcp -> [::]:6379
2026-10-04T02:38:37.4405998Z ##[endgroup]
2026-10-04T02:38:37.4414848Z ##[group]Waiting for all services to be ready
2026-10-04T02:38:37.4427899Z ##[command]/usr/bin/docker inspect --format="{{if .Config.Healthcheck}}{{print .State.Health.Status}}{{end}}" 51ab6131a9b41c234f80c05b23db6371ad628111748dc9045a458beb2f45c546
2026-10-04T02:38:37.4538401Z starting
2026-10-04T02:38:37.4557072Z redis service is starting, waiting 2 seconds before checking again.
2026-10-04T02:38:39.4556431Z ##[command]/usr/bin/docker inspect --format="{{if .Config.Healthcheck}}{{print .State.Health.Status}}{{end}}" 51ab6131a9b41c234f80c05b23db6371ad628111748dc9045a458beb2f45c546
2026-10-04T02:38:39.4674502Z starting
2026-10-04T02:38:39.4687231Z redis service is starting, waiting 3 seconds before checking again.
2026-10-04T02:38:43.1772721Z ##[command]/usr/bin/docker inspect --format="{{if .Config.Healthcheck}}{{print .State.Health.Status}}{{end}}" 51ab6131a9b41c234f80c05b23db6371ad628111748dc9045a458beb2f45c546
2026-10-04T02:38:43.1893123Z healthy
2026-10-04T02:38:43.1973219Z redis service is healthy.
2026-10-04T02:38:43.1974158Z ##[endgroup]
2026-10-04T02:38:43.2260333Z ##[group]Run actions/checkout@v6
2026-10-04T02:38:43.2260908Z with:
2026-10-04T02:38:43.2261217Z   repository: BradleyGleavePortfolio/growth-project-backend
2026-10-04T02:38:43.2263971Z   token: ***
2026-10-04T02:38:43.2264190Z   ssh-strict: true
2026-10-04T02:38:43.2264614Z   ssh-user: git
2026-10-04T02:38:43.2264833Z   persist-credentials: true
2026-10-04T02:38:43.2265072Z   clean: true
2026-10-04T02:38:43.2265286Z   sparse-checkout-cone-mode: true
2026-10-04T02:38:43.2265537Z   fetch-depth: 1
2026-10-04T02:38:43.2265734Z   fetch-tags: false
2026-10-04T02:38:43.2265948Z   show-progress: true
2026-10-04T02:38:43.2266163Z   lfs: false
2026-10-04T02:38:43.2266345Z   submodules: false
2026-10-04T02:38:43.2266547Z   set-safe-directory: true
2026-10-04T02:38:43.2266789Z   allow-unsafe-pr-checkout: false
2026-10-04T02:38:43.2267320Z ##[endgroup]
2026-10-04T02:38:43.3232798Z Syncing repository: BradleyGleavePortfolio/growth-project-backend
2026-10-04T02:38:43.3234664Z ##[group]Getting Git version info
2026-10-04T02:38:43.3235187Z Working directory is '/home/runner/work/growth-project-backend/growth-project-backend'
2026-10-04T02:38:43.3235956Z [command]/usr/bin/git version
2026-10-04T02:38:43.3301349Z git version 2.55.0
2026-10-04T02:38:43.3323853Z ##[endgroup]
2026-10-04T02:38:43.3337080Z Temporarily overriding HOME='/home/runner/work/_temp/d20961ab-5880-4785-992d-14d8d28f751a' before making global git config changes
2026-10-04T02:38:43.3338364Z Adding repository directory to the temporary git global config as a safe directory
2026-10-04T02:38:43.3342500Z [command]/usr/bin/git config --global --add safe.directory /home/runner/work/growth-project-backend/growth-project-backend
2026-10-04T02:38:43.3390577Z Deleting the contents of '/home/runner/work/growth-project-backend/growth-project-backend'
2026-10-04T02:38:43.3395256Z ##[group]Determining repository object format
2026-10-04T02:38:43.3397580Z ##[endgroup]
2026-10-04T02:38:43.3398196Z ##[group]Initializing the repository
2026-10-04T02:38:43.3402193Z [command]/usr/bin/git init /home/runner/work/growth-project-backend/growth-project-backend
2026-10-04T02:38:43.3515869Z hint: Using 'master' as the name for the initial branch. This default branch name
2026-10-04T02:38:43.3516852Z hint: will change to "main" in Git 3.0. To configure the initial branch name
2026-10-04T02:38:43.3517505Z hint: to use in all of your new repositories, which will suppress this warning,
2026-10-04T02:38:43.3518113Z hint: call:
2026-10-04T02:38:43.3518334Z hint:
2026-10-04T02:38:43.3518644Z hint: 	git config --global init.defaultBranch <name>
2026-10-04T02:38:43.3519033Z hint:
2026-10-04T02:38:43.3519722Z hint: Names commonly chosen instead of 'master' are 'main', 'trunk' and
2026-10-04T02:38:43.3520657Z hint: 'development'. The just-created branch can be renamed via this command:
2026-10-04T02:38:43.3521325Z hint:
2026-10-04T02:38:43.3521686Z hint: 	git branch -m <name>
2026-10-04T02:38:43.3522081Z hint:
2026-10-04T02:38:43.3522635Z hint: Disable this message with "git config set advice.defaultBranchName false"
2026-10-04T02:38:43.3523953Z Initialized empty Git repository in /home/runner/work/growth-project-backend/growth-project-backend/.git/
2026-10-04T02:38:43.3531704Z [command]/usr/bin/git remote add origin https://github.com/BradleyGleavePortfolio/growth-project-backend
2026-10-04T02:38:43.3577538Z ##[endgroup]
2026-10-04T02:38:43.3578174Z ##[group]Disabling automatic garbage collection
2026-10-04T02:38:43.3581522Z [command]/usr/bin/git config --local gc.auto 0
2026-10-04T02:38:43.3609640Z ##[endgroup]
2026-10-04T02:38:43.3610434Z ##[group]Setting up auth
2026-10-04T02:38:43.3611104Z Removing SSH command configuration
2026-10-04T02:38:43.3618306Z [command]/usr/bin/git config --local --name-only --get-regexp core\.sshCommand
2026-10-04T02:38:43.3649337Z [command]/usr/bin/git submodule foreach --recursive sh -c "git config --local --name-only --get-regexp 'core\.sshCommand' && git config --local --unset-all 'core.sshCommand' || :"
2026-10-04T02:38:43.3994794Z Removing HTTP extra header
2026-10-04T02:38:43.3999511Z [command]/usr/bin/git config --local --name-only --get-regexp http\.https\:\/\/github\.com\/\.extraheader
2026-10-04T02:38:43.4028929Z [command]/usr/bin/git submodule foreach --recursive sh -c "git config --local --name-only --get-regexp 'http\.https\:\/\/github\.com\/\.extraheader' && git config --local --unset-all 'http.https://github.com/.extraheader' || :"
2026-10-04T02:38:43.4235271Z Removing includeIf entries pointing to credentials config files
2026-10-04T02:38:43.4240857Z [command]/usr/bin/git config --local --name-only --get-regexp ^includeIf\.gitdir:
2026-10-04T02:38:43.4270822Z [command]/usr/bin/git submodule foreach --recursive git config --local --show-origin --name-only --get-regexp remote.origin.url
2026-10-04T02:38:43.4489291Z [command]/usr/bin/git config --file /home/runner/work/_temp/git-credentials-3624b157-4d40-4f33-9612-ec9aa9e605fe.config http.https://github.com/.extraheader AUTHORIZATION: basic ***
2026-10-04T02:38:43.4522735Z [command]/usr/bin/git config --local includeIf.gitdir:/home/runner/work/growth-project-backend/growth-project-backend/.git.path /home/runner/work/_temp/git-credentials-3624b157-4d40-4f33-9612-ec9aa9e605fe.config
2026-10-04T02:38:43.4554018Z [command]/usr/bin/git config --local includeIf.gitdir:/home/runner/work/growth-project-backend/growth-project-backend/.git/worktrees/*.path /home/runner/work/_temp/git-credentials-3624b157-4d40-4f33-9612-ec9aa9e605fe.config
2026-10-04T02:38:43.4586603Z [command]/usr/bin/git config --local includeIf.gitdir:/github/workspace/.git.path /github/runner_temp/git-credentials-3624b157-4d40-4f33-9612-ec9aa9e605fe.config
2026-10-04T02:38:43.4624080Z [command]/usr/bin/git config --local includeIf.gitdir:/github/workspace/.git/worktrees/*.path /github/runner_temp/git-credentials-3624b157-4d40-4f33-9612-ec9aa9e605fe.config
2026-10-04T02:38:43.4650600Z ##[endgroup]
2026-10-04T02:38:43.4651292Z ##[group]Fetching the repository
2026-10-04T02:38:43.4660121Z [command]/usr/bin/git -c protocol.version=2 fetch --no-tags --prune --no-recurse-submodules --depth=1 origin +9a8f19f1a200e55241edc091f83dba1badccdd7f:refs/remotes/pull/664/merge
2026-10-04T02:38:44.9001895Z From https://github.com/BradleyGleavePortfolio/growth-project-backend
2026-10-04T02:38:44.9002753Z  * [new ref]         9a8f19f1a200e55241edc091f83dba1badccdd7f -> pull/664/merge
2026-10-04T02:38:44.9009413Z ##[endgroup]
2026-10-04T02:38:44.9010038Z ##[group]Determining the checkout info
2026-10-04T02:38:44.9010892Z ##[endgroup]
2026-10-04T02:38:44.9016598Z [command]/usr/bin/git sparse-checkout disable
2026-10-04T02:38:44.9072861Z [command]/usr/bin/git config --local --unset-all extensions.worktreeConfig
2026-10-04T02:38:44.9097512Z ##[group]Checking out the ref
2026-10-04T02:38:44.9124476Z [command]/usr/bin/git checkout --progress --force refs/remotes/pull/664/merge
2026-10-04T02:38:45.1236214Z Note: switching to 'refs/remotes/pull/664/merge'.
2026-10-04T02:38:45.1236659Z 
2026-10-04T02:38:45.1237023Z You are in 'detached HEAD' state. You can look around, make experimental
2026-10-04T02:38:45.1237891Z changes and commit them, and you can discard any commits you make in this
2026-10-04T02:38:45.1238793Z state without impacting any branches by switching back to a branch.
2026-10-04T02:38:45.1239309Z 
2026-10-04T02:38:45.1239678Z If you want to create a new branch to retain commits you create, you may
2026-10-04T02:38:45.1240604Z do so (now or later) by using -c with the switch command. Example:
2026-10-04T02:38:45.1241110Z 
2026-10-04T02:38:45.1241320Z   git switch -c <new-branch-name>
2026-10-04T02:38:45.1241650Z 
2026-10-04T02:38:45.1241842Z Or undo this operation with:
2026-10-04T02:38:45.1242153Z 
2026-10-04T02:38:45.1242328Z   git switch -
2026-10-04T02:38:45.1242580Z 
2026-10-04T02:38:45.1243233Z Turn off this advice by setting config variable advice.detachedHead to false
2026-10-04T02:38:45.1244187Z 
2026-10-04T02:38:45.1245036Z HEAD is now at 9a8f19f Merge d35333d38791a68334e0343b8dc27aa8b3d234f2 into d23fa31773f2e7f14781d243db35067d949f421a
2026-10-04T02:38:45.1250808Z ##[endgroup]
2026-10-04T02:38:45.1296653Z [command]/usr/bin/git log -1 --format=%H
2026-10-04T02:38:45.1322063Z 9a8f19f1a200e55241edc091f83dba1badccdd7f
2026-10-04T02:38:45.1524508Z ##[group]Run if [ -n "$(git ls-files dist/ 2>/dev/null)" ]; then
2026-10-04T02:38:45.1525214Z [36;1mif [ -n "$(git ls-files dist/ 2>/dev/null)" ]; then[0m
2026-10-04T02:38:45.1525658Z [36;1m  echo "ERROR: dist/ is committed. Run: git rm -r --cached dist/"[0m
2026-10-04T02:38:45.1526040Z [36;1m  exit 1[0m
2026-10-04T02:38:45.1526244Z [36;1mfi[0m
2026-10-04T02:38:45.1742538Z shell: /usr/bin/bash -e {0}
2026-10-04T02:38:45.1742852Z ##[endgroup]
2026-10-04T02:38:45.1906095Z ##[group]Run if git grep -nI 'tgp\.app' -- ':(exclude)package-lock.json' ':(exclude)node_modules'; then
2026-10-04T02:38:45.1906819Z [36;1mif git grep -nI 'tgp\.app' -- ':(exclude)package-lock.json' ':(exclude)node_modules'; then[0m
2026-10-04T02:38:45.1907406Z [36;1m  echo "ERROR: R45 violation — the banned hostname appears in source."[0m
2026-10-04T02:38:45.1907796Z [36;1m  exit 1[0m
2026-10-04T02:38:45.1907990Z [36;1mfi[0m
2026-10-04T02:38:45.1966470Z shell: /usr/bin/bash -e {0}
2026-10-04T02:38:45.1966721Z ##[endgroup]
2026-10-04T02:38:45.2514207Z ##[group]Run actions/setup-node@v6
2026-10-04T02:38:45.2514523Z with:
2026-10-04T02:38:45.2514719Z   node-version: 20
2026-10-04T02:38:45.2514929Z   cache: npm
2026-10-04T02:38:45.2515125Z   check-latest: false
2026-10-04T02:38:45.2517485Z   token: ***
2026-10-04T02:38:45.2517705Z   package-manager-cache: true
2026-10-04T02:38:45.2517948Z ##[endgroup]
2026-10-04T02:38:45.3882378Z Attempting to download 20...
2026-10-04T02:38:45.9055424Z Acquiring 20.20.2 - x64 from https://github.com/actions/node-versions/releases/download/20.20.2-23521894959/node-20.20.2-linux-x64.tar.gz
2026-10-04T02:38:46.2695101Z Extracting ...
2026-10-04T02:38:46.2826777Z [command]/usr/bin/tar xz --strip 1 --warning=no-unknown-keyword --overwrite -C /home/runner/work/_temp/c3b5d3b4-84cc-422c-852e-fb57e313ee45 -f /home/runner/work/_temp/e1d7e3c3-c664-4d61-a6ee-8a2ec7b90042
2026-10-04T02:38:47.3059897Z Adding to the cache ...
2026-10-04T02:38:49.1668092Z ##[group]Environment details
2026-10-04T02:38:49.3856552Z node: v20.20.2
2026-10-04T02:38:49.3856963Z npm: 10.8.2
2026-10-04T02:38:49.3858795Z yarn: 1.22.22
2026-10-04T02:38:49.3859532Z ##[endgroup]
2026-10-04T02:38:49.3878059Z [command]/opt/hostedtoolcache/node/20.20.2/x64/bin/npm config get cache
2026-10-04T02:38:49.4904642Z /home/runner/.npm
2026-10-04T02:38:49.5512889Z Cache hit for: node-cache-Linux-x64-npm-07f78abbac5e2cbfcef112b8b919e298f8da38fa5e6aaf98a3625ef672bd5b12
2026-10-04T02:38:50.1069220Z Received 113762631 of 113762631 (100.0%), 211.1 MBs/sec
2026-10-04T02:38:50.1070352Z Cache Size: ~108 MB (113762631 B)
2026-10-04T02:38:50.1143256Z [command]/usr/bin/tar -xf /home/runner/work/_temp/dd9f7819-1661-480b-8bf4-20da42fa3f5f/cache.tzst -P -C /home/runner/work/growth-project-backend/growth-project-backend --use-compress-program unzstd
2026-10-04T02:38:50.4710794Z Cache restored successfully
2026-10-04T02:38:50.4771033Z Cache restored from key: node-cache-Linux-x64-npm-07f78abbac5e2cbfcef112b8b919e298f8da38fa5e6aaf98a3625ef672bd5b12
2026-10-04T02:38:50.4988149Z ##[group]Run npm ci
2026-10-04T02:38:50.4988419Z [36;1mnpm ci[0m
2026-10-04T02:38:50.5051697Z shell: /usr/bin/bash -e {0}
2026-10-04T02:38:50.5051978Z ##[endgroup]
2026-10-04T02:38:55.3222390Z npm warn deprecated inflight@1.0.6: This module is not supported, and leaks memory. Do not use it. Check out lru-cache if you want a good and tested way to coalesce async requests by a key value, which is much more comprehensive and powerful.
2026-10-04T02:38:55.6728530Z npm warn deprecated glob@7.2.3: Old versions of glob are not supported, and contain widely publicized security vulnerabilities, which have been fixed in the current version. Please update. Support for old versions may be purchased (at exorbitant rates) by contacting i@izs.me
2026-10-04T02:38:56.6421244Z npm warn deprecated jpeg-exif@1.1.4: Package no longer supported. Contact Support at https://www.npmjs.com/support for more info.
2026-10-04T02:38:56.9795480Z npm warn deprecated glob@10.5.0: Old versions of glob are not supported, and contain widely publicized security vulnerabilities, which have been fixed in the current version. Please update. Support for old versions may be purchased (at exorbitant rates) by contacting i@izs.me
2026-10-04T02:38:56.9799292Z npm warn deprecated glob@10.5.0: Old versions of glob are not supported, and contain widely publicized security vulnerabilities, which have been fixed in the current version. Please update. Support for old versions may be purchased (at exorbitant rates) by contacting i@izs.me
2026-10-04T02:38:56.9805856Z npm warn deprecated glob@10.5.0: Old versions of glob are not supported, and contain widely publicized security vulnerabilities, which have been fixed in the current version. Please update. Support for old versions may be purchased (at exorbitant rates) by contacting i@izs.me
2026-10-04T02:39:09.9604004Z 
2026-10-04T02:39:09.9604866Z > growth-project-backend@1.0.0 postinstall
2026-10-04T02:39:09.9605457Z > prisma generate
2026-10-04T02:39:09.9605714Z 
2026-10-04T02:39:10.8746157Z Prisma schema loaded from prisma/schema.prisma
2026-10-04T02:39:14.5501668Z ┌─────────────────────────────────────────────────────────┐
2026-10-04T02:39:14.5502434Z │  Update available 6.19.3 -> 8.0.0-rc.19                 │
2026-10-04T02:39:14.5502908Z │                                                         │
2026-10-04T02:39:14.5503404Z │  This is a major update - please follow the guide at    │
2026-10-04T02:39:14.5504546Z │  https://pris.ly/d/major-version-upgrade                │
2026-10-04T02:39:14.5505163Z │                                                         │
2026-10-04T02:39:14.5505623Z │  Run the following to update                            │
2026-10-04T02:39:14.5506104Z │    npm i --save-dev prisma@latest                       │
2026-10-04T02:39:14.5506576Z │    npm i @prisma/client@latest                          │
2026-10-04T02:39:14.5507070Z └─────────────────────────────────────────────────────────┘
2026-10-04T02:39:14.5507309Z 
2026-10-04T02:39:14.5507722Z ✔ Generated Prisma Client (v6.19.3) to ./node_modules/@prisma/client in 2.01s
2026-10-04T02:39:14.5508038Z 
2026-10-04T02:39:14.5508407Z Start by importing your Prisma Client (See: https://pris.ly/d/importing-client)
2026-10-04T02:39:14.5508746Z 
2026-10-04T02:39:14.5509226Z Tip: Interested in query caching in just a few lines of code? Try Accelerate today! https://pris.ly/tip-3-accelerate
2026-10-04T02:39:14.5509661Z 
2026-10-04T02:39:14.6048801Z 
2026-10-04T02:39:14.6049270Z > growth-project-backend@1.0.0 prepare
2026-10-04T02:39:14.6049903Z > lefthook install
2026-10-04T02:39:14.6050132Z 
2026-10-04T02:39:14.6590678Z sync hooks: ✔️(commit-msg, pre-commit)
2026-10-04T02:39:14.6766617Z 
2026-10-04T02:39:14.6767156Z added 1115 packages, and audited 1116 packages in 24s
2026-10-04T02:39:14.6767652Z 
2026-10-04T02:39:14.6767875Z 202 packages are looking for funding
2026-10-04T02:39:14.6768200Z   run `npm fund` for details
2026-10-04T02:39:14.6807700Z 
2026-10-04T02:39:14.6808317Z 3 high severity vulnerabilities
2026-10-04T02:39:14.6808991Z 
2026-10-04T02:39:14.6809606Z To address all issues (including breaking changes), run:
2026-10-04T02:39:14.6810321Z   npm audit fix --force
2026-10-04T02:39:14.6810709Z 
2026-10-04T02:39:14.6810936Z Run `npm audit` for details.
2026-10-04T02:39:14.7514516Z ##[group]Run npm run guard:vendors
2026-10-04T02:39:14.7514875Z [36;1mnpm run guard:vendors[0m
2026-10-04T02:39:14.7585176Z shell: /usr/bin/bash -e {0}
2026-10-04T02:39:14.7585443Z ##[endgroup]
2026-10-04T02:39:14.8737247Z 
2026-10-04T02:39:14.8737713Z > growth-project-backend@1.0.0 guard:vendors
2026-10-04T02:39:14.8738444Z > node scripts/vendor-name-guard.mjs
2026-10-04T02:39:14.8738817Z 
2026-10-04T02:39:15.0734538Z .vendor-name-guard.json: 6 hit(s) — Guard configuration names the quarantined oracle path.; retire: V1 learned-path parity
2026-10-04T02:39:15.0738514Z src/scout/**/*.spec.ts: 6 hit(s) — Importer unit tests preserve legacy source-contract evidence.; retire: V1 learned-path parity
2026-10-04T02:39:15.0740782Z src/extension-pair/**/__tests__/**: 47 hit(s) — Importer pairing tests preserve legacy source-contract evidence.; retire: V1 learned-path parity
2026-10-04T02:39:15.0743425Z test/scout/**: 349 hit(s) — Importer tests preserve legacy source-contract evidence.; retire: V1 learned-path parity
2026-10-04T02:39:15.0745901Z docs/importer/NORTH_STAR.md: 3 hit(s) — Current importer governance record states the retired legacy oracle.; retire: V1 learned-path parity
2026-10-04T02:39:15.0748009Z src/scout/reconstruct/sources/truecoach.json: 1 hit(s) — Quarantined legacy oracle.; retire: V1 learned-path parity
2026-10-04T02:39:15.0749517Z README.md: 4 hit(s) — non-importer domain; retire: n/a (other domain)
2026-10-04T02:39:15.0751340Z prisma/migrations/20260513000000_food_logger_trainerize_floor/migration.sql: 2 hit(s) — non-importer domain; retire: n/a (other domain)
2026-10-04T02:39:15.0753138Z src/common/env-validation.ts: 1 hit(s) — non-importer domain; retire: n/a (other domain)
2026-10-04T02:39:15.0754845Z src/food/food-density.ts: 1 hit(s) — non-importer domain; retire: n/a (other domain)
2026-10-04T02:39:15.0756269Z src/food/food-query-parser.ts: 1 hit(s) — non-importer domain; retire: n/a (other domain)
2026-10-04T02:39:15.0757662Z src/log/log.dto.ts: 1 hit(s) — non-importer domain; retire: n/a (other domain)
2026-10-04T02:39:15.0759511Z docs/decisions/2026-07-16-importer-f-scout-reconstruct.md: 4 hit(s) — Historical importer decision record.; retire: Historical record retained
2026-10-04T02:39:15.0762038Z docs/decisions/2026-07-19-importer-h-multi-family-reconstruction.md: 2 hit(s) — Historical importer decision record.; retire: Historical record retained
2026-10-04T02:39:15.0764834Z docs/decisions/2026-09-18-g2-transition-writer-cursors.md: 1 hit(s) — Historical importer decision record.; retire: Historical record retained
2026-10-04T02:39:15.0767157Z docs/decisions/2026-09-24-s8-native-contract.md: 10 hit(s) — Historical importer decision record.; retire: Historical record retained
2026-10-04T02:39:15.0769057Z test/env-validation.spec.ts: 1 hit(s) — non-importer domain; retire: n/a (other domain)
2026-10-04T02:39:15.0771029Z test/fixtures/conformance/conformance-alpha.json.raw: 1 hit(s) — Importer fixture.; retire: V1 learned-path parity
2026-10-04T02:39:15.0773083Z test/fixtures/truecoach/client-history.golden.json: 5 hit(s) — Importer fixture.; retire: V1 learned-path parity
2026-10-04T02:39:15.0775445Z test/fixtures/truecoach/clients.golden.json: 5 hit(s) — Importer fixture.; retire: V1 learned-path parity
2026-10-04T02:39:15.0777157Z test/fixtures/truecoach/workouts.golden.json: 5 hit(s) — Importer fixture.; retire: V1 learned-path parity
2026-10-04T02:39:15.0779024Z test/rls-c1-setup.spec.ts: 36 hit(s) — Importer RLS test.; retire: V1 learned-path parity
2026-10-04T02:39:15.0780298Z test/rls-g2-b-drain.spec.ts: 16 hit(s) — Importer RLS test.; retire: V1 learned-path parity
2026-10-04T02:39:15.0781538Z test/rls-g2-c-contract.spec.ts: 48 hit(s) — Importer RLS test.; retire: V1 learned-path parity
2026-10-04T02:39:15.0782859Z test/rls-g2-ledger-expand.spec.ts: 10 hit(s) — Importer RLS test.; retire: V1 learned-path parity
2026-10-04T02:39:15.0784452Z test/rls-g2-nq1.spec.ts: 26 hit(s) — Importer RLS test.; retire: V1 learned-path parity
2026-10-04T02:39:15.0786027Z test/rls-g2-pg17-etq0.spec.ts: 63 hit(s) — Importer RLS test.; retire: V1 learned-path parity
2026-10-04T02:39:15.0787862Z test/rls-g2-r-ready.spec.ts: 21 hit(s) — Importer RLS test.; retire: V1 learned-path parity
2026-10-04T02:39:15.0789279Z test/rls-g2-s8b.spec.ts: 5 hit(s) — Importer RLS test.; retire: V1 learned-path parity
2026-10-04T02:39:15.0790646Z test/rls-g2-s8c.spec.ts: 2 hit(s) — Importer RLS test.; retire: V1 learned-path parity
2026-10-04T02:39:15.0792084Z test/rls-g2-s8f.spec.ts: 5 hit(s) — Importer RLS test.; retire: V1 learned-path parity
2026-10-04T02:39:15.0793461Z test/rls-g2-tq0.spec.ts: 24 hit(s) — Importer RLS test.; retire: V1 learned-path parity
2026-10-04T02:39:15.0795286Z test/truecoach-golden-fixture.spec.ts: 5 hit(s) — Importer fixture test.; retire: V1 learned-path parity
2026-10-04T02:39:15.0796907Z test/utils/g2-b-drain-pg-harness.ts: 3 hit(s) — Importer test harness.; retire: V1 learned-path parity
2026-10-04T02:39:15.0798700Z test/utils/g2-c-harness.ts: 1 hit(s) — Importer test harness.; retire: V1 learned-path parity
2026-10-04T02:39:15.0800119Z test/utils/g2-c-pg-harness.ts: 3 hit(s) — Importer test harness.; retire: V1 learned-path parity
2026-10-04T02:39:15.0801606Z test/utils/g2-nq1-pg-harness.ts: 3 hit(s) — Importer test harness.; retire: V1 learned-path parity
2026-10-04T02:39:15.0803114Z test/utils/g2-pg17-harness.ts: 3 hit(s) — Importer test harness.; retire: V1 learned-path parity
2026-10-04T02:39:15.0804935Z test/utils/g2-r-ready-pg-harness.ts: 3 hit(s) — Importer test harness.; retire: V1 learned-path parity
2026-10-04T02:39:15.0806542Z test/utils/g2-s10b-harness.ts: 1 hit(s) — Importer test harness.; retire: V1 learned-path parity
2026-10-04T02:39:15.0808094Z test/utils/g2-s7l-harness.ts: 2 hit(s) — Importer test harness.; retire: V1 learned-path parity
2026-10-04T02:39:15.0809111Z test/utils/g2-s7l-worker.cjs: 1 hit(s) — Importer test harness.; retire: V1 learned-path parity
2026-10-04T02:39:15.0809942Z test/utils/g2-s8b-harness.ts: 4 hit(s) — Importer test harness.; retire: V1 learned-path parity
2026-10-04T02:39:15.0810786Z test/utils/g2-s8f-pg-harness.ts: 3 hit(s) — Importer test harness.; retire: V1 learned-path parity
2026-10-04T02:39:15.0811584Z test/utils/g2-s8g-harness.ts: 1 hit(s) — Importer test harness.; retire: V1 learned-path parity
2026-10-04T02:39:15.0812353Z test/utils/g2-s9c-harness.ts: 1 hit(s) — Importer test harness.; retire: V1 learned-path parity
2026-10-04T02:39:15.0812827Z vendor-name guard: passed
2026-10-04T02:39:15.0875664Z ##[group]Run npm run test:guard:vendors
2026-10-04T02:39:15.0876007Z [36;1mnpm run test:guard:vendors[0m
2026-10-04T02:39:15.0936145Z shell: /usr/bin/bash -e {0}
2026-10-04T02:39:15.0936409Z ##[endgroup]
2026-10-04T02:39:15.2050216Z 
2026-10-04T02:39:15.2050985Z > growth-project-backend@1.0.0 test:guard:vendors
2026-10-04T02:39:15.2051845Z > node scripts/vendor-name-guard.self-test.mjs
2026-10-04T02:39:15.2052309Z 
2026-10-04T02:39:15.4370745Z vendor-name guard self-test: passed
2026-10-04T02:39:15.4486022Z ##[group]Run npx prisma generate
2026-10-04T02:39:15.4486345Z [36;1mnpx prisma generate[0m
2026-10-04T02:39:15.4546955Z shell: /usr/bin/bash -e {0}
2026-10-04T02:39:15.4547230Z ##[endgroup]
2026-10-04T02:39:16.6526760Z Prisma schema loaded from prisma/schema.prisma
2026-10-04T02:39:20.3642421Z 
2026-10-04T02:39:20.3644048Z ✔ Generated Prisma Client (v6.19.3) to ./node_modules/@prisma/client in 2.03s
2026-10-04T02:39:20.3644523Z 
2026-10-04T02:39:20.3644975Z Start by importing your Prisma Client (See: https://pris.ly/d/importing-client)
2026-10-04T02:39:20.3645413Z 
2026-10-04T02:39:20.3645786Z Tip: Want to turn off tips and other hints? https://pris.ly/tip-4-nohints
2026-10-04T02:39:20.3646234Z 
2026-10-04T02:39:20.4256845Z ##[group]Run npm run lint --if-present
2026-10-04T02:39:20.4257193Z [36;1mnpm run lint --if-present[0m
2026-10-04T02:39:20.4316908Z shell: /usr/bin/bash -e {0}
2026-10-04T02:39:20.4317191Z ##[endgroup]
2026-10-04T02:39:20.5446291Z 
2026-10-04T02:39:20.5446926Z > growth-project-backend@1.0.0 lint
2026-10-04T02:39:20.5447797Z > eslint "src/**/*.ts"
2026-10-04T02:39:20.5448142Z 
2026-10-04T02:39:33.0246190Z 
2026-10-04T02:39:33.0247403Z /home/runner/work/growth-project-backend/growth-project-backend/src/admin/reports/reports.controller.ts
2026-10-04T02:39:33.0279461Z ##[warning]  5:3  warning  'Header' is defined but never used. Allowed unused vars must match /^_/u  @typescript-eslint/no-unused-vars
2026-10-04T02:39:33.0289183Z 
2026-10-04T02:39:33.0289965Z /home/runner/work/growth-project-backend/growth-project-backend/src/ai/client-ai-context.service.ts
2026-10-04T02:39:33.0292407Z ##[warning]  17:3  warning  'NextSessionSummary' is defined but never used. Allowed unused vars must match /^_/u  @typescript-eslint/no-unused-vars
2026-10-04T02:39:33.0295725Z ##[warning]  19:3  warning  'LeaderboardSummary' is defined but never used. Allowed unused vars must match /^_/u  @typescript-eslint/no-unused-vars
2026-10-04T02:39:33.0297744Z 
2026-10-04T02:39:33.0298544Z /home/runner/work/growth-project-backend/growth-project-backend/src/ai/gateway/ai-gateway.controller.ts
2026-10-04T02:39:33.0300615Z ##[warning]  52:30  warning  'req' is defined but never used. Allowed unused args must match /^_/u  @typescript-eslint/no-unused-vars
2026-10-04T02:39:33.0302072Z 
2026-10-04T02:39:33.0302794Z /home/runner/work/growth-project-backend/growth-project-backend/src/build-week/build-week.dto.ts
2026-10-04T02:39:33.0305091Z ##[warning]  2:3  warning  'IsArray' is defined but never used. Allowed unused vars must match /^_/u  @typescript-eslint/no-unused-vars
2026-10-04T02:39:33.0306609Z 
2026-10-04T02:39:33.0307457Z /home/runner/work/growth-project-backend/growth-project-backend/src/coach/command-center/ltv-metrics.service.ts
2026-10-04T02:39:33.0309942Z ##[warning]  77:11  warning  'startOfLastMonth' is assigned a value but never used. Allowed unused vars must match /^_/u  @typescript-eslint/no-unused-vars
2026-10-04T02:39:33.0311615Z 
2026-10-04T02:39:33.0312471Z /home/runner/work/growth-project-backend/growth-project-backend/src/contracts/checkout-contract-gate.service.ts
2026-10-04T02:39:33.0315097Z ##[warning]  8:10  warning  'sampleMergeData' is defined but never used. Allowed unused vars must match /^_/u  @typescript-eslint/no-unused-vars
2026-10-04T02:39:33.0316760Z 
2026-10-04T02:39:33.0317582Z /home/runner/work/growth-project-backend/growth-project-backend/src/contracts/contract-envelope.service.ts
2026-10-04T02:39:33.0319797Z ##[warning]  3:3  warning  'ForbiddenException' is defined but never used. Allowed unused vars must match /^_/u  @typescript-eslint/no-unused-vars
2026-10-04T02:39:33.0321524Z 
2026-10-04T02:39:33.0322353Z /home/runner/work/growth-project-backend/growth-project-backend/src/landing-pages/landing-pages.service.ts
2026-10-04T02:39:33.0324914Z ##[warning]  13:3  warning  'LandingPageStatus' is defined but never used. Allowed unused vars must match /^_/u  @typescript-eslint/no-unused-vars
2026-10-04T02:39:33.0326619Z 
2026-10-04T02:39:33.0327219Z /home/runner/work/growth-project-backend/growth-project-backend/src/lists/lists.dto.ts
2026-10-04T02:39:33.0329205Z ##[warning]  6:3  warning  'IsIn' is defined but never used. Allowed unused vars must match /^_/u  @typescript-eslint/no-unused-vars
2026-10-04T02:39:33.0330850Z 
2026-10-04T02:39:33.0331534Z /home/runner/work/growth-project-backend/growth-project-backend/src/macros/macros.service.ts
2026-10-04T02:39:33.0333928Z ##[warning]  1:10  warning  'ForbiddenException' is defined but never used. Allowed unused vars must match /^_/u  @typescript-eslint/no-unused-vars
2026-10-04T02:39:33.0335574Z 
2026-10-04T02:39:33.0336326Z /home/runner/work/growth-project-backend/growth-project-backend/src/meal-plans/meal-plans.dto.ts
2026-10-04T02:39:33.0338764Z ##[warning]  7:3  warning  'IsObject' is defined but never used. Allowed unused vars must match /^_/u  @typescript-eslint/no-unused-vars
2026-10-04T02:39:33.0340396Z 
2026-10-04T02:39:33.0341315Z /home/runner/work/growth-project-backend/growth-project-backend/src/notifications/nudges/nudge-detector.service.ts
2026-10-04T02:39:33.0343985Z ##[warning]  384:10  warning  'floorDays' is defined but never used. Allowed unused vars must match /^_/u  @typescript-eslint/no-unused-vars
2026-10-04T02:39:33.0345630Z 
2026-10-04T02:39:33.0346505Z /home/runner/work/growth-project-backend/growth-project-backend/src/notifications/nudges/nudge-engine.service.ts
2026-10-04T02:39:33.0348647Z ##[warning]  381:5  warning  'prefs' is defined but never used. Allowed unused args must match /^_/u  @typescript-eslint/no-unused-vars
2026-10-04T02:39:33.0350200Z 
2026-10-04T02:39:33.0350950Z /home/runner/work/growth-project-backend/growth-project-backend/src/prep-guide/prep-guide.service.ts
2026-10-04T02:39:33.0353165Z ##[warning]  32:7  warning  'DAYS' is assigned a value but never used. Allowed unused vars must match /^_/u  @typescript-eslint/no-unused-vars
2026-10-04T02:39:33.0354969Z 
2026-10-04T02:39:33.0355823Z /home/runner/work/growth-project-backend/growth-project-backend/src/real-meal-plans/real-meal-plans.service.ts
2026-10-04T02:39:33.0358419Z ##[warning]  3:3  warning  'ForbiddenException' is defined but never used. Allowed unused vars must match /^_/u  @typescript-eslint/no-unused-vars
2026-10-04T02:39:33.0360092Z 
2026-10-04T02:39:33.0360944Z /home/runner/work/growth-project-backend/growth-project-backend/src/regimes/__tests__/regimes.service.spec.ts
2026-10-04T02:39:33.0363286Z ##[warning]  14:15  warning  'PrismaService' is defined but never used. Allowed unused vars must match /^_/u  @typescript-eslint/no-unused-vars
2026-10-04T02:39:33.0365224Z 
2026-10-04T02:39:33.0366127Z /home/runner/work/growth-project-backend/growth-project-backend/src/storefront/guest-checkout-pii-scrub.service.ts
2026-10-04T02:39:33.0368489Z ##[warning]  3:16  warning  'CronExpression' is defined but never used. Allowed unused vars must match /^_/u  @typescript-eslint/no-unused-vars
2026-10-04T02:39:33.0370135Z 
2026-10-04T02:39:33.0370936Z /home/runner/work/growth-project-backend/growth-project-backend/src/talent-marketplace/apply.service.ts
2026-10-04T02:39:33.0373398Z ##[warning]   6:3   warning  'ForbiddenException' is defined but never used. Allowed unused vars must match /^_/u                  @typescript-eslint/no-unused-vars
2026-10-04T02:39:33.0376938Z ##[warning]  10:22  warning  'randomUUID' is defined but never used. Allowed unused vars must match /^_/u                          @typescript-eslint/no-unused-vars
2026-10-04T02:39:33.0380247Z ##[warning]  15:3   warning  'MARKETPLACE_CLAIM_STATUS_COMPLETED' is defined but never used. Allowed unused vars must match /^_/u  @typescript-eslint/no-unused-vars
2026-10-04T02:39:33.0381999Z 
2026-10-04T02:39:33.0382557Z ✖ 21 problems (0 errors, 21 warnings)
2026-10-04T02:39:33.0382891Z 
2026-10-04T02:39:33.1059329Z ##[group]Run npx --no-install eslint --max-warnings 0 scripts/check-r75.js test/ci/r75-gate.spec.ts test/ci/r75-boundaries.spec.ts test/ci/r75-wiring.spec.ts test/ci/r75-enforcement.spec.ts test/ci/r100-pathspec.spec.ts test/ci/dependency-audit.spec.ts
2026-10-04T02:39:33.1061092Z [36;1mnpx --no-install eslint --max-warnings 0 scripts/check-r75.js test/ci/r75-gate.spec.ts test/ci/r75-boundaries.spec.ts test/ci/r75-wiring.spec.ts test/ci/r75-enforcement.spec.ts test/ci/r100-pathspec.spec.ts test/ci/dependency-audit.spec.ts[0m
2026-10-04T02:39:33.1125879Z shell: /usr/bin/bash --noprofile --norc -e -o pipefail {0}
2026-10-04T02:39:33.1126725Z ##[endgroup]
2026-10-04T02:39:34.6495649Z ##[group]Run npx tsc --noEmit
2026-10-04T02:39:34.6496138Z [36;1mnpx tsc --noEmit[0m
2026-10-04T02:39:34.6556979Z shell: /usr/bin/bash -e {0}
2026-10-04T02:39:34.6557424Z env:
2026-10-04T02:39:34.6557751Z   NODE_OPTIONS: --max-old-space-size=4096
2026-10-04T02:39:34.6558207Z ##[endgroup]
2026-10-04T02:40:23.9979228Z ##[group]Run npm run build
2026-10-04T02:40:23.9979704Z [36;1mnpm run build[0m
2026-10-04T02:40:24.0058482Z shell: /usr/bin/bash -e {0}
2026-10-04T02:40:24.0058926Z ##[endgroup]
2026-10-04T02:40:24.1168529Z 
2026-10-04T02:40:24.1169329Z > growth-project-backend@1.0.0 build
2026-10-04T02:40:24.1169940Z > nest build
2026-10-04T02:40:24.1170164Z 
2026-10-04T02:40:52.0727283Z ##[group]Run npm test --if-present
2026-10-04T02:40:52.0727837Z [36;1mnpm test --if-present[0m
2026-10-04T02:40:52.0803431Z shell: /usr/bin/bash -e {0}
2026-10-04T02:40:52.0803987Z env:
2026-10-04T02:40:52.0804222Z   NODE_OPTIONS: --max-old-space-size=4096
2026-10-04T02:40:52.0804588Z   THROTTLER_LIVE_REDIS_URL: redis://localhost:6379/0
2026-10-04T02:40:52.0804915Z ##[endgroup]
2026-10-04T02:40:52.2059684Z 
2026-10-04T02:40:52.2060229Z > growth-project-backend@1.0.0 test
2026-10-04T02:40:52.2060578Z > jest
2026-10-04T02:40:52.2060702Z 
2026-10-04T02:41:14.8816853Z PASS test/scout/entities/scout-entities.service.spec.ts (21.3 s)
2026-10-04T02:41:15.1615272Z PASS test/scout/lifecycle/lifecycle.service.spec.ts (21.67 s)
2026-10-04T02:41:16.7519482Z [33m[Nest] 3688  - [39m10/04/2026, 2:41:16 AM [33m   WARN[39m [38;5;3m[SubCoachScopeService] [39m[33msub-coach scope: user=sub-x has role=coach and coach_id=other-coach but no membership relation (TeamSubCoachAssignment / SubCoachAssignment); treating as head coach of own roster, NOT as a sub-coach[39m
2026-10-04T02:41:16.7532765Z [33m[Nest] 3688  - [39m10/04/2026, 2:41:16 AM [33m   WARN[39m [38;5;3m[SubCoachScopeService] [39m[33msub-coach scope: user=sub-1 has role=coach and coach_id=other-coach but no membership relation (TeamSubCoachAssignment / SubCoachAssignment); treating as head coach of own roster, NOT as a sub-coach[39m
2026-10-04T02:41:16.7596819Z [33m[Nest] 3688  - [39m10/04/2026, 2:41:16 AM [33m   WARN[39m [38;5;3m[SubCoachScopeService] [39m[33msub-coach scope: user=sub-1 has role=coach and coach_id=coach-1 but no membership relation (TeamSubCoachAssignment / SubCoachAssignment); treating as head coach of own roster, NOT as a sub-coach[39m
2026-10-04T02:41:16.7618969Z [33m[Nest] 3688  - [39m10/04/2026, 2:41:16 AM [33m   WARN[39m [38;5;3m[SubCoachScopeService] [39m[33msub-coach scope: user=sub-x has role=coach and coach_id=other-coach but no membership relation (TeamSubCoachAssignment / SubCoachAssignment); treating as head coach of own roster, NOT as a sub-coach[39m
2026-10-04T02:41:16.7646975Z [33m[Nest] 3688  - [39m10/04/2026, 2:41:16 AM [33m   WARN[39m [38;5;3m[SubCoachScopeService] [39m[33msub-coach scope: user=coach-1 has role=coach and coach_id=other-coach but no membership relation (TeamSubCoachAssignment / SubCoachAssignment); treating as head coach of own roster, NOT as a sub-coach[39m
2026-10-04T02:41:16.7676821Z [33m[Nest] 3688  - [39m10/04/2026, 2:41:16 AM [33m   WARN[39m [38;5;3m[SubCoachScopeService] [39m[33msub-coach scope: user=coach-1 has role=coach and coach_id=third-head but no membership relation (TeamSubCoachAssignment / SubCoachAssignment); treating as head coach of own roster, NOT as a sub-coach[39m
2026-10-04T02:41:16.7702724Z [33m[Nest] 3688  - [39m10/04/2026, 2:41:16 AM [33m   WARN[39m [38;5;3m[SubCoachScopeService] [39m[33msub-coach scope: user=coach-1 has role=coach and coach_id=other-coach but no membership relation (TeamSubCoachAssignment / SubCoachAssignment); treating as head coach of own roster, NOT as a sub-coach[39m
2026-10-04T02:41:16.7707772Z [33m[Nest] 3688  - [39m10/04/2026, 2:41:16 AM [33m   WARN[39m [38;5;3m[SubCoachScopeService] [39m[33msub-coach scope: user=coach-1 has role=coach and coach_id=other-coach but no membership relation (TeamSubCoachAssignment / SubCoachAssignment); treating as head coach of own roster, NOT as a sub-coach[39m
2026-10-04T02:41:16.7712628Z [33m[Nest] 3688  - [39m10/04/2026, 2:41:16 AM [33m   WARN[39m [38;5;3m[SubCoachScopeService] [39m[33msub-coach scope: user=coach-1 has role=coach and coach_id=other-coach but no membership relation (TeamSubCoachAssignment / SubCoachAssignment); treating as head coach of own roster, NOT as a sub-coach[39m
2026-10-04T02:41:16.7718384Z [33m[Nest] 3688  - [39m10/04/2026, 2:41:16 AM [33m   WARN[39m [38;5;3m[SubCoachScopeService] [39m[33msub-coach scope: user=coach-1 has role=coach and coach_id=other-coach but no membership relation (TeamSubCoachAssignment / SubCoachAssignment); treating as head coach of own roster, NOT as a sub-coach[39m
2026-10-04T02:41:16.7948967Z PASS test/prod-readiness/auto-flipper.spec.ts
2026-10-04T02:41:16.8444876Z   ● Console
2026-10-04T02:41:16.8473960Z 
2026-10-04T02:41:16.8495446Z     console.warn
2026-10-04T02:41:16.8497430Z       warning: FLY_BIN is unset — relying on PATH to resolve "flyctl" on a secret-mutating path. Set FLY_BIN to an absolute path in CI/staging/prod.
2026-10-04T02:41:16.8498610Z 
2026-10-04T02:41:16.8499362Z     [0m [90m 334 |[39m   [36mif[39m (_flyBinWarned) [36mreturn[39m[33m;[39m
2026-10-04T02:41:16.8500596Z      [90m 335 |[39m   _flyBinWarned [33m=[39m [36mtrue[39m[33m;[39m
2026-10-04T02:41:16.8501632Z     [31m[1m>[22m[39m[90m 336 |[39m   warn(
2026-10-04T02:41:16.8502523Z      [90m     |[39m   [31m[1m^[22m[39m
2026-10-04T02:41:16.8504942Z      [90m 337 |[39m     [32m`warning: ${FLY_BIN_ENV} is unset — relying on PATH to resolve "${FLY_BIN_DEFAULT}" on a `[39m [33m+[39m
2026-10-04T02:41:16.8507008Z      [90m 338 |[39m       [32m`secret-mutating path. Set ${FLY_BIN_ENV} to an absolute path in CI/staging/prod.`[39m[33m,[39m
2026-10-04T02:41:16.8508426Z      [90m 339 |[39m   )[33m;[39m[0m
2026-10-04T02:41:16.8508963Z 
2026-10-04T02:41:16.8509637Z       at warnIfPathResolvedFlyBin (test/prod-readiness/auto-flipper.ts:336:3)
2026-10-04T02:41:16.8510767Z       at runFlyctl (test/prod-readiness/auto-flipper.ts:916:3)
2026-10-04T02:41:16.8511719Z       at run (test/prod-readiness/auto-flipper.ts:1116:57)
2026-10-04T02:41:16.8512642Z       at doCommit (test/prod-readiness/auto-flipper.ts:1187:7)
2026-10-04T02:41:16.8513845Z       at commit (test/prod-readiness/auto-flipper.ts:1103:18)
2026-10-04T02:41:16.8514888Z       at Object.<anonymous> (test/prod-readiness/auto-flipper.spec.ts:429:17)
2026-10-04T02:41:16.8515616Z 
2026-10-04T02:41:16.9474989Z PASS test/onboarding.service.spec.ts (23.41 s)
2026-10-04T02:41:17.0315618Z [33m[Nest] 3688  - [39m10/04/2026, 2:41:16 AM [33m   WARN[39m [38;5;3m[Onboarding] [39m[33mCONSULT_CONSENT_COPY_VERSIONS lists consult-consent-v1, consult-consent-v2, which the server has no consent text for; those names are ignored[39m
2026-10-04T02:41:19.2994606Z [31m[Nest] 3688  - [39m10/04/2026, 2:41:19 AM [31m  ERROR[39m [38;5;3m[CoachBriefService] [39m[31mCoachBrief Claude call failed for coach=Sarah Johnson: boom[39m
2026-10-04T02:41:19.3050041Z [31m[Nest] 3688  - [39m10/04/2026, 2:41:19 AM [31m  ERROR[39m [38;5;3m[CoachBriefService] [39m[31mCoachBrief Anthropic client init failed: ANTHROPIC_API_KEY not configured[39m
2026-10-04T02:41:19.3156240Z [31m[Nest] 3688  - [39m10/04/2026, 2:41:19 AM [31m  ERROR[39m [38;5;3m[CoachBriefService] [39m[31mCoachBrief Anthropic client init failed: ANTHROPIC_API_KEY not configured[39m
2026-10-04T02:41:19.3225744Z [31m[Nest] 3688  - [39m10/04/2026, 2:41:19 AM [31m  ERROR[39m [38;5;3m[CoachBriefService] [39m[31mCoachBrief Anthropic client init failed: ANTHROPIC_API_KEY not configured[39m
2026-10-04T02:41:19.3960074Z [33m[Nest] 3688  - [39m10/04/2026, 2:41:19 AM [33m   WARN[39m [38;5;3m[CoachBriefService] [39m[33mCoachBrief Claude output failed contract (too_few_sentences:2) for coach=Sarah Johnson; attempting one repair[39m
2026-10-04T02:41:19.3986068Z [33m[Nest] 3688  - [39m10/04/2026, 2:41:19 AM [33m   WARN[39m [38;5;3m[CoachBriefService] [39m[33mCoachBrief Claude repair attempt also failed contract (too_few_sentences:2) for coach=Sarah Johnson; using fallback[39m
2026-10-04T02:41:19.4045526Z [95m[Nest] 3688  - [39m10/04/2026, 2:41:19 AM [95m  DEBUG[39m [38;5;3m[CoachBriefScheduler] [39m[95mcoach brief push deferred for coach=coach1 — summary not ready yet[39m
2026-10-04T02:41:19.4060230Z [32m[Nest] 3688  - [39m10/04/2026, 2:41:19 AM [32m    LOG[39m [38;5;3m[CoachBriefScheduler] [39m[32mcoach brief push sent: coach=coach1 date=2026-05-25[39m
2026-10-04T02:41:19.4063950Z [95m[Nest] 3688  - [39m10/04/2026, 2:41:19 AM [95m  DEBUG[39m [38;5;3m[CoachBriefScheduler] [39m[95mcoach brief push not delivered for coach=coach1 outcome=transport-error attempt=1/5[39m
2026-10-04T02:41:19.4066795Z [95m[Nest] 3688  - [39m10/04/2026, 2:41:19 AM [95m  DEBUG[39m [38;5;3m[CoachBriefScheduler] [39m[95mcoach brief push already delivered for coach=coach1 date=2026-05-25[39m
2026-10-04T02:41:19.4069577Z [33m[Nest] 3688  - [39m10/04/2026, 2:41:19 AM [33m   WARN[39m [38;5;3m[CoachBriefScheduler] [39m[33mcoach brief push retry budget exhausted for coach=coach1 date=2026-05-25 attempts=5[39m
2026-10-04T02:41:19.4072254Z [95m[Nest] 3688  - [39m10/04/2026, 2:41:19 AM [95m  DEBUG[39m [38;5;3m[CoachBriefScheduler] [39m[95mcoach brief push lease held by another instance for coach=coach1[39m
2026-10-04T02:41:19.4075397Z [33m[Nest] 3688  - [39m10/04/2026, 2:41:29 AM [33m   WARN[39m [38;5;3m[CoachBriefScheduler] [39m[33mcoach brief push failed or timed out for coach coach1 on 2026-05-25: push timeout[39m
2026-10-04T02:41:19.4078706Z [95m[Nest] 3688  - [39m10/04/2026, 2:41:29 AM [95m  DEBUG[39m [38;5;3m[CoachBriefScheduler] [39m[95mcoach brief push not delivered for coach=coach1 outcome=timeout attempt=1/5[39m
2026-10-04T02:41:19.4081312Z [95m[Nest] 3688  - [39m10/04/2026, 2:41:19 AM [95m  DEBUG[39m [38;5;3m[CoachBriefScheduler] [39m[95mcoach brief notifications skipped — COACH_BRIEF_NOTIFICATIONS_ENABLED=off[39m
2026-10-04T02:41:19.4084245Z [95m[Nest] 3688  - [39m10/04/2026, 2:41:19 AM [95m  DEBUG[39m [38;5;3m[CoachBriefScheduler] [39m[95mcoach brief scheduler skipped — COACH_BRIEF_ENABLED=off[39m
2026-10-04T02:41:19.4176640Z [31m[Nest] 3688  - [39m10/04/2026, 2:41:19 AM [31m  ERROR[39m [38;5;3m[CoachBriefService] [39m[31mCoachBrief Claude call failed for coach=Sarah Johnson: This client hasn't allowed AI help yet. They can turn it on in their app under Settings > Privacy.[39m
2026-10-04T02:41:19.4216386Z [31m[Nest] 3688  - [39m10/04/2026, 2:41:19 AM [31m  ERROR[39m [38;5;3m[CoachBriefService] [39m[31mCoachBrief Claude call failed for coach=Sarah Johnson: This client hasn't allowed AI help yet. They can turn it on in their app under Settings > Privacy.[39m
2026-10-04T02:41:19.4445071Z PASS test/coach-brief.service.spec.ts
2026-10-04T02:41:19.5187626Z [32m[Nest] 3688  - [39m10/04/2026, 2:41:19 AM [32m    LOG[39m [38;5;3m[AiEgressService] [39m[32mai_egress.refused surface=coach.brief reason=no_live_grant clients=1 missing=1[39m
2026-10-04T02:41:19.5215488Z [33m[Nest] 3688  - [39m10/04/2026, 2:41:19 AM [33m   WARN[39m [38;5;3m[AiEgressService] [39m[33mai_egress.consent_read_failed (treated as no grant)[39m
2026-10-04T02:41:19.5245792Z [32m[Nest] 3688  - [39m10/04/2026, 2:41:19 AM [32m    LOG[39m [38;5;3m[AiEgressService] [39m[32mai_egress.refused surface=coach.brief reason=no_live_grant clients=1 missing=1[39m
2026-10-04T02:41:19.5275448Z [33m[Nest] 3688  - [39m10/04/2026, 2:41:19 AM [33m   WARN[39m [38;5;3m[AiEgressService] [39m[33mai_egress.consent_read_failed (treated as no grant)[39m
2026-10-04T02:41:20.0398693Z [33m[Nest] 3682  - [39m10/04/2026, 2:41:19 AM [33m   WARN[39m [38;5;3m[AuthService] [39m[33mregister: retained Supabase user sup-rollback@example.test without a local row after local user create failed (Error) (created_by_this_request=true); recovered by retry, OAuth or first password sign-in[39m
2026-10-04T02:41:20.0414547Z [33m[Nest] 3682  - [39m10/04/2026, 2:41:19 AM [33m   WARN[39m [38;5;3m[AuthService] [39m[33mregister: retained Supabase user sup-noaudit@example.test without a local row after local user create failed (Error) (created_by_this_request=true); recovered by retry, OAuth or first password sign-in[39m
2026-10-04T02:41:20.0428075Z [33m[Nest] 3682  - [39m10/04/2026, 2:41:19 AM [33m   WARN[39m [38;5;3m[AuthService] [39m[33mregister: retained Supabase user sup-race@example.test without a local row after local user create failed (Error) (created_by_this_request=true); recovered by retry, OAuth or first password sign-in[39m
2026-10-04T02:41:20.0447037Z [33m[Nest] 3682  - [39m10/04/2026, 2:41:19 AM [33m   WARN[39m [38;5;3m[AuthService] [39m[33mregister: competing signup won for Supabase user sup-race@example.test; identity kept[39m
2026-10-04T02:41:20.0449971Z [33m[Nest] 3682  - [39m10/04/2026, 2:41:19 AM [33m   WARN[39m [38;5;3m[AuthService] [39m[33mcreateSignupUser: invite code collision on attempt 1, retrying with a fresh code[39m
2026-10-04T02:41:20.0453135Z [33m[Nest] 3682  - [39m10/04/2026, 2:41:19 AM [33m   WARN[39m [38;5;3m[AuthService] [39m[33mregister: competing signup won for Supabase user sup-dup2@example.test; identity kept[39m
2026-10-04T02:41:20.0456754Z [33m[Nest] 3682  - [39m10/04/2026, 2:41:19 AM [33m   WARN[39m [38;5;3m[AuthService] [39m[33mgoogleAuth: refusing to re-bind supabase_id for existing user u-jane (email=jane@example.com); supabase_id already set[39m
2026-10-04T02:41:20.0460458Z [33m[Nest] 3682  - [39m10/04/2026, 2:41:19 AM [33m   WARN[39m [38;5;3m[AuthService] [39m[33mgoogleAuth: refusing to re-bind supabase_id for existing user u-o (email=boss@example.com); supabase_id already set[39m
2026-10-04T02:41:20.0480669Z [33m[Nest] 3682  - [39m10/04/2026, 2:41:19 AM [33m   WARN[39m [38;5;3m[AuthService] [39m[33mgoogleAuth: refusing to create/link a row for an unverified Google email (supabase_id=sup-unv)[39m
2026-10-04T02:41:20.0483894Z [33m[Nest] 3682  - [39m10/04/2026, 2:41:20 AM [33m   WARN[39m [38;5;3m[AuthService] [39m[33mgoogleAuth: ignoring invite_code for user=u-1 role=coach (coach_cannot_redeem)[39m
2026-10-04T02:41:20.0486660Z [33m[Nest] 3682  - [39m10/04/2026, 2:41:20 AM [33m   WARN[39m [38;5;3m[AuthService] [39m[33mgoogleAuth: ignoring invite_code for user=u-o role=owner (coach_cannot_redeem)[39m
2026-10-04T02:41:20.0489522Z [33m[Nest] 3682  - [39m10/04/2026, 2:41:20 AM [33m   WARN[39m [38;5;3m[AuthService] [39m[33mappleAuth: no raw_nonce provided — token replay protection not active for this sign-in[39m
2026-10-04T02:41:20.0492524Z [33m[Nest] 3682  - [39m10/04/2026, 2:41:20 AM [33m   WARN[39m [38;5;3m[AuthService] [39m[33mappleAuth: no raw_nonce provided — token replay protection not active for this sign-in[39m
2026-10-04T02:41:20.0495786Z [33m[Nest] 3682  - [39m10/04/2026, 2:41:20 AM [33m   WARN[39m [38;5;3m[AuthService] [39m[33mappleAuth: no raw_nonce provided — token replay protection not active for this sign-in[39m
2026-10-04T02:41:20.0499011Z [33m[Nest] 3682  - [39m10/04/2026, 2:41:20 AM [33m   WARN[39m [38;5;3m[AuthService] [39m[33mappleAuth: refusing to re-bind supabase_id for existing user u-j (email=jane@example.com); supabase_id already set[39m
2026-10-04T02:41:20.0502102Z [33m[Nest] 3682  - [39m10/04/2026, 2:41:20 AM [33m   WARN[39m [38;5;3m[AuthService] [39m[33mappleAuth: no raw_nonce provided — token replay protection not active for this sign-in[39m
2026-10-04T02:41:20.0505412Z [33m[Nest] 3682  - [39m10/04/2026, 2:41:20 AM [33m   WARN[39m [38;5;3m[AuthService] [39m[33mappleAuth: ignoring invite_code for user=u-c role=coach (coach_cannot_redeem)[39m
2026-10-04T02:41:20.1496686Z [33m[Nest] 3682  - [39m10/04/2026, 2:41:20 AM [33m   WARN[39m [38;5;3m[AuthService] [39m[33msignupWithCode invite_code attach failed for user=u-1 code=attach_failed: Cannot read properties of undefined (reading 'grant')[39m
2026-10-04T02:41:20.1500384Z [33m[Nest] 3682  - [39m10/04/2026, 2:41:20 AM [33m   WARN[39m [38;5;3m[AuthService] [39m[33msignupWithCode invite_code attach failed for user=u-2 code=attach_failed: Cannot read properties of undefined (reading 'grant')[39m
2026-10-04T02:41:20.1513299Z [33m[Nest] 3682  - [39m10/04/2026, 2:41:20 AM [33m   WARN[39m [38;5;3m[InviteCodesService] [39m[33mattach refused: user=me role=coach tried to redeem a client invite code (not a student)[39m
2026-10-04T02:41:20.1516754Z [33m[Nest] 3682  - [39m10/04/2026, 2:41:20 AM [33m   WARN[39m [38;5;3m[InviteCodesService] [39m[33mattach refused: user=me role=sub_coach tried to redeem a client invite code (not a student)[39m
2026-10-04T02:41:20.1521108Z [33m[Nest] 3682  - [39m10/04/2026, 2:41:20 AM [33m   WARN[39m [38;5;3m[AuthService] [39m[33mregister: retained Supabase user sup-oauth-compensation@example.test without a local row after local user create failed (Error) (created_by_this_request=true); recovered by retry, OAuth or first password sign-in[39m
2026-10-04T02:41:20.1524985Z [33m[Nest] 3682  - [39m10/04/2026, 2:41:20 AM [33m   WARN[39m [38;5;3m[AuthService] [39m[33mregister: competing signup won for Supabase user sup-oauth-first@example.test; identity kept[39m
2026-10-04T02:41:20.1528161Z [33m[Nest] 3682  - [39m10/04/2026, 2:41:20 AM [33m   WARN[39m [38;5;3m[AuthService] [39m[33mregister: competing signup won for Supabase user sup-same.person.creator-commits-first@example.test; identity kept[39m
2026-10-04T02:41:20.1531389Z [33m[Nest] 3682  - [39m10/04/2026, 2:41:20 AM [33m   WARN[39m [38;5;3m[AuthService] [39m[33mregister: competing signup won for Supabase user sup-same.person.retained-commits-first@example.test; identity kept[39m
2026-10-04T02:41:20.1535948Z [33m[Nest] 3682  - [39m10/04/2026, 2:41:20 AM [33m   WARN[39m [38;5;3m[AuthService] [39m[33mregister: retained Supabase user sup-retry@example.test without a local row after local user create failed (Error) (created_by_this_request=true); recovered by retry, OAuth or first password sign-in[39m
2026-10-04T02:41:20.1540699Z [33m[Nest] 3682  - [39m10/04/2026, 2:41:20 AM [33m   WARN[39m [38;5;3m[AuthService] [39m[33mregister: retained Supabase user sup-stranded.login@example.test without a local row after local user create failed (Error) (created_by_this_request=true); recovered by retry, OAuth or first password sign-in[39m
2026-10-04T02:41:20.1544535Z [33m[Nest] 3682  - [39m10/04/2026, 2:41:20 AM [33m   WARN[39m [38;5;3m[AuthService] [39m[33mlogin: adopted stranded Supabase user sup-stranded.login@example.test as a client[39m
2026-10-04T02:41:20.1548648Z [33m[Nest] 3682  - [39m10/04/2026, 2:41:20 AM [33m   WARN[39m [38;5;3m[AuthService] [39m[33mregister: retained Supabase user sup-stranded.extensionlogin@example.test without a local row after local user create failed (Error) (created_by_this_request=true); recovered by retry, OAuth or first password sign-in[39m
2026-10-04T02:41:20.1552643Z [33m[Nest] 3682  - [39m10/04/2026, 2:41:20 AM [33m   WARN[39m [38;5;3m[AuthService] [39m[33mlogin: adopted stranded Supabase user sup-stranded.extensionlogin@example.test as a client[39m
2026-10-04T02:41:20.1556060Z [33m[Nest] 3682  - [39m10/04/2026, 2:41:20 AM [33m   WARN[39m [38;5;3m[AuthService] [39m[33mregister: retained Supabase user sup-attacker-made not bound: caller did not prove its password[39m
2026-10-04T02:41:20.1560270Z [33m[Nest] 3682  - [39m10/04/2026, 2:41:20 AM [33m   WARN[39m [38;5;3m[AuthService] [39m[33mregister: retained Supabase user sup-retry-other-pw@example.test without a local row after local user create failed (Error) (created_by_this_request=true); recovered by retry, OAuth or first password sign-in[39m
2026-10-04T02:41:20.1564591Z [33m[Nest] 3682  - [39m10/04/2026, 2:41:20 AM [33m   WARN[39m [38;5;3m[AuthService] [39m[33mregister: retained Supabase user sup-retry-other-pw@example.test not bound: caller did not prove its password[39m
2026-10-04T02:41:20.1656626Z PASS test/auth-signup-role-choice.spec.ts (5.263 s)
2026-10-04T02:41:20.7300746Z [33m[Nest] 3681  - [39m10/04/2026, 2:41:20 AM [33m   WARN[39m [38;5;3m[SupabaseArchiveStore] [39m[33mdata export upload failed (STORAGE_HTTP_503), attempt 1 of 3; retrying.[39m
2026-10-04T02:41:20.7339831Z [33m[Nest] 3681  - [39m10/04/2026, 2:41:20 AM [33m   WARN[39m [38;5;3m[SupabaseArchiveStore] [39m[33mdata export upload failed (STORAGE_NETWORK), attempt 2 of 3; retrying.[39m
2026-10-04T02:41:20.7365886Z [33m[Nest] 3681  - [39m10/04/2026, 2:41:20 AM [33m   WARN[39m [38;5;3m[SupabaseArchiveStore] [39m[33mdata export archive delete failed (STORAGE_HTTP_500), attempt 1 of 3; retrying.[39m
2026-10-04T02:41:20.7390954Z [33m[Nest] 3681  - [39m10/04/2026, 2:41:20 AM [33m   WARN[39m [38;5;3m[SupabaseArchiveStore] [39m[33mdata export archive delete failed (STORAGE_HTTP_502), attempt 2 of 3; retrying.[39m
2026-10-04T02:41:20.7445663Z [33m[Nest] 3681  - [39m10/04/2026, 2:41:20 AM [33m   WARN[39m [38;5;3m[SupabaseArchiveStore] [39m[33mdata export archive check failed (STORAGE_TIMEOUT), attempt 1 of 3; retrying.[39m
2026-10-04T02:41:20.7450338Z [33m[Nest] 3681  - [39m10/04/2026, 2:41:20 AM [33m   WARN[39m [38;5;3m[SupabaseArchiveStore] [39m[33mdata export archive check failed (STORAGE_TIMEOUT), attempt 2 of 3; retrying.[39m
2026-10-04T02:41:20.8421097Z [95m[Nest] 3681  - [39m10/04/2026, 2:41:20 AM [95m  DEBUG[39m [38;5;3m[DataExportStorageDeadline] [39m[95mop: settled after it was abandoned or cancelled: late[39m
2026-10-04T02:41:20.8426467Z [95m[Nest] 3681  - [39m10/04/2026, 2:41:20 AM [95m  DEBUG[39m [38;5;3m[DataExportStorageDeadline] [39m[95mop: settled after it was abandoned or cancelled: late[39m
2026-10-04T02:41:20.8465765Z [95m[Nest] 3681  - [39m10/04/2026, 2:41:20 AM [95m  DEBUG[39m [38;5;3m[DataExportStorageDeadline] [39m[95mdata export read: settled after it was abandoned or cancelled: aborted[39m
2026-10-04T02:41:20.8505678Z [33m[Nest] 3681  - [39m10/04/2026, 2:41:20 AM [33m   WARN[39m [38;5;3m[SupabaseArchiveStore] [39m[33mdata export read failed (STORAGE_TIMEOUT), attempt 1 of 3; retrying.[39m
2026-10-04T02:41:20.8555410Z [95m[Nest] 3681  - [39m10/04/2026, 2:41:20 AM [95m  DEBUG[39m [38;5;3m[DataExportStorageDeadline] [39m[95mdata export read: settled after it was abandoned or cancelled: aborted[39m
2026-10-04T02:41:20.8595532Z [33m[Nest] 3681  - [39m10/04/2026, 2:41:20 AM [33m   WARN[39m [38;5;3m[SupabaseArchiveStore] [39m[33mdata export read failed (STORAGE_TIMEOUT), attempt 2 of 3; retrying.[39m
2026-10-04T02:41:20.8625741Z [95m[Nest] 3681  - [39m10/04/2026, 2:41:20 AM [95m  DEBUG[39m [38;5;3m[DataExportStorageDeadline] [39m[95mdata export read: settled after it was abandoned or cancelled: aborted[39m
2026-10-04T02:41:20.9906423Z [33m[Nest] 3681  - [39m10/04/2026, 2:41:20 AM [33m   WARN[39m [38;5;3m[DataExportService] [39m[33mDATA_EXPORT_TOKEN_SECRET is not set — using the insecure default. Set DATA_EXPORT_TOKEN_SECRET before going to production.[39m
2026-10-04T02:41:20.9926263Z [33m[Nest] 3681  - [39m10/04/2026, 2:41:20 AM [33m   WARN[39m [38;5;3m[DataExportService] [39m[33mDATA_EXPORT_TOKEN_SECRET is not set — using the insecure default. Set DATA_EXPORT_TOKEN_SECRET before going to production.[39m
2026-10-04T02:41:20.9986120Z [33m[Nest] 3681  - [39m10/04/2026, 2:41:20 AM [33m   WARN[39m [38;5;3m[DataExportService] [39m[33mDATA_EXPORT_TOKEN_SECRET is not set — using the insecure default. Set DATA_EXPORT_TOKEN_SECRET before going to production.[39m
2026-10-04T02:41:21.1896717Z [33m[Nest] 3681  - [39m10/04/2026, 2:41:21 AM [33m   WARN[39m [38;5;3m[DataExportService] [39m[33mDATA_EXPORT_TOKEN_SECRET is not set — using the insecure default. Set DATA_EXPORT_TOKEN_SECRET before going to production.[39m
2026-10-04T02:41:21.1900715Z [33m[Nest] 3681  - [39m10/04/2026, 2:41:21 AM [33m   WARN[39m [38;5;3m[DataExportService] [39m[33mDATA_EXPORT_TOKEN_SECRET is not set — using the insecure default. Set DATA_EXPORT_TOKEN_SECRET before going to production.[39m
2026-10-04T02:41:21.1904953Z [33m[Nest] 3681  - [39m10/04/2026, 2:41:21 AM [33m   WARN[39m [38;5;3m[DataExportService] [39m[33mDATA_EXPORT_TOKEN_SECRET is not set — using the insecure default. Set DATA_EXPORT_TOKEN_SECRET before going to production.[39m
2026-10-04T02:41:21.1908852Z [33m[Nest] 3681  - [39m10/04/2026, 2:41:21 AM [33m   WARN[39m [38;5;3m[DataExportService] [39m[33mDATA_EXPORT_TOKEN_SECRET is not set — using the insecure default. Set DATA_EXPORT_TOKEN_SECRET before going to production.[39m
2026-10-04T02:41:21.1913021Z [33m[Nest] 3681  - [39m10/04/2026, 2:41:21 AM [33m   WARN[39m [38;5;3m[DataExportService] [39m[33mDATA_EXPORT_TOKEN_SECRET is not set — using the insecure default. Set DATA_EXPORT_TOKEN_SECRET before going to production.[39m
2026-10-04T02:41:21.1917008Z [33m[Nest] 3681  - [39m10/04/2026, 2:41:21 AM [33m   WARN[39m [38;5;3m[DataExportService] [39m[33mDATA_EXPORT_TOKEN_SECRET is not set — using the insecure default. Set DATA_EXPORT_TOKEN_SECRET before going to production.[39m
2026-10-04T02:41:21.3307991Z [33m[Nest] 3681  - [39m10/04/2026, 2:41:21 AM [33m   WARN[39m [38;5;3m[DataExportService] [39m[33mDATA_EXPORT_TOKEN_SECRET is not set — using the insecure default. Set DATA_EXPORT_TOKEN_SECRET before going to production.[39m
2026-10-04T02:41:21.3334595Z [33m[Nest] 3681  - [39m10/04/2026, 2:41:21 AM [33m   WARN[39m [38;5;3m[DataExportService] [39m[33mDATA_EXPORT_TOKEN_SECRET is not set — using the insecure default. Set DATA_EXPORT_TOKEN_SECRET before going to production.[39m
2026-10-04T02:41:21.3338619Z [33m[Nest] 3681  - [39m10/04/2026, 2:41:21 AM [33m   WARN[39m [38;5;3m[DataExportService] [39m[33mDATA_EXPORT_TOKEN_SECRET is not set — using the insecure default. Set DATA_EXPORT_TOKEN_SECRET before going to production.[39m
2026-10-04T02:41:21.3342093Z [33m[Nest] 3681  - [39m10/04/2026, 2:41:21 AM [33m   WARN[39m [38;5;3m[DataExportService] [39m[33mDATA_EXPORT_TOKEN_SECRET is not set — using the insecure default. Set DATA_EXPORT_TOKEN_SECRET before going to production.[39m
2026-10-04T02:41:21.3364335Z [33m[Nest] 3681  - [39m10/04/2026, 2:41:21 AM [33m   WARN[39m [38;5;3m[DataExportService] [39m[33mDATA_EXPORT_TOKEN_SECRET is not set — using the insecure default. Set DATA_EXPORT_TOKEN_SECRET before going to production.[39m
2026-10-04T02:41:21.3385111Z [33m[Nest] 3681  - [39m10/04/2026, 2:41:21 AM [33m   WARN[39m [38;5;3m[DataExportService] [39m[33mDATA_EXPORT_TOKEN_SECRET is not set — using the insecure default. Set DATA_EXPORT_TOKEN_SECRET before going to production.[39m
2026-10-04T02:41:21.3388783Z [33m[Nest] 3681  - [39m10/04/2026, 2:41:21 AM [33m   WARN[39m [38;5;3m[DataExportService] [39m[33mDATA_EXPORT_TOKEN_SECRET is not set — using the insecure default. Set DATA_EXPORT_TOKEN_SECRET before going to production.[39m
2026-10-04T02:41:21.3392202Z [33m[Nest] 3681  - [39m10/04/2026, 2:41:21 AM [33m   WARN[39m [38;5;3m[DataExportService] [39m[33mDATA_EXPORT_TOKEN_SECRET is not set — using the insecure default. Set DATA_EXPORT_TOKEN_SECRET before going to production.[39m
2026-10-04T02:41:21.3396028Z [33m[Nest] 3681  - [39m10/04/2026, 2:41:21 AM [33m   WARN[39m [38;5;3m[DataExportService] [39m[33mDATA_EXPORT_TOKEN_SECRET is not set — using the insecure default. Set DATA_EXPORT_TOKEN_SECRET before going to production.[39m
2026-10-04T02:41:21.3399510Z [33m[Nest] 3681  - [39m10/04/2026, 2:41:21 AM [33m   WARN[39m [38;5;3m[DataExportService] [39m[33mDATA_EXPORT_TOKEN_SECRET is not set — using the insecure default. Set DATA_EXPORT_TOKEN_SECRET before going to production.[39m
2026-10-04T02:41:21.3402995Z [33m[Nest] 3681  - [39m10/04/2026, 2:41:21 AM [33m   WARN[39m [38;5;3m[DataExportService] [39m[33mDATA_EXPORT_TOKEN_SECRET is not set — using the insecure default. Set DATA_EXPORT_TOKEN_SECRET before going to production.[39m
2026-10-04T02:41:21.3406548Z [33m[Nest] 3681  - [39m10/04/2026, 2:41:21 AM [33m   WARN[39m [38;5;3m[DataExportService] [39m[33mDATA_EXPORT_TOKEN_SECRET is not set — using the insecure default. Set DATA_EXPORT_TOKEN_SECRET before going to production.[39m
2026-10-04T02:41:21.3409924Z [33m[Nest] 3681  - [39m10/04/2026, 2:41:21 AM [33m   WARN[39m [38;5;3m[DataExportService] [39m[33mDATA_EXPORT_TOKEN_SECRET is not set — using the insecure default. Set DATA_EXPORT_TOKEN_SECRET before going to production.[39m
2026-10-04T02:41:21.3413387Z [33m[Nest] 3681  - [39m10/04/2026, 2:41:21 AM [33m   WARN[39m [38;5;3m[DataExportService] [39m[33mDATA_EXPORT_TOKEN_SECRET is not set — using the insecure default. Set DATA_EXPORT_TOKEN_SECRET before going to production.[39m
2026-10-04T02:41:21.3417633Z [33m[Nest] 3681  - [39m10/04/2026, 2:41:21 AM [33m   WARN[39m [38;5;3m[DataExportService] [39m[33mDATA_EXPORT_TOKEN_SECRET is not set — using the insecure default. Set DATA_EXPORT_TOKEN_SECRET before going to production.[39m
2026-10-04T02:41:21.3421393Z [33m[Nest] 3681  - [39m10/04/2026, 2:41:21 AM [33m   WARN[39m [38;5;3m[DataExportService] [39m[33mDATA_EXPORT_TOKEN_SECRET is not set — using the insecure default. Set DATA_EXPORT_TOKEN_SECRET before going to production.[39m
2026-10-04T02:41:21.3425377Z [33m[Nest] 3681  - [39m10/04/2026, 2:41:21 AM [33m   WARN[39m [38;5;3m[DataExportService] [39m[33mDATA_EXPORT_TOKEN_SECRET is not set — using the insecure default. Set DATA_EXPORT_TOKEN_SECRET before going to production.[39m
2026-10-04T02:41:21.3429314Z [33m[Nest] 3681  - [39m10/04/2026, 2:41:21 AM [33m   WARN[39m [38;5;3m[DataExportService] [39m[33mDATA_EXPORT_TOKEN_SECRET is not set — using the insecure default. Set DATA_EXPORT_TOKEN_SECRET before going to production.[39m
2026-10-04T02:41:21.3433358Z [33m[Nest] 3681  - [39m10/04/2026, 2:41:21 AM [33m   WARN[39m [38;5;3m[DataExportService] [39m[33mDATA_EXPORT_TOKEN_SECRET is not set — using the insecure default. Set DATA_EXPORT_TOKEN_SECRET before going to production.[39m
2026-10-04T02:41:21.3443850Z [33m[Nest] 3681  - [39m10/04/2026, 2:41:21 AM [33m   WARN[39m [38;5;3m[DataExportService] [39m[33mDATA_EXPORT_TOKEN_SECRET is not set — using the insecure default. Set DATA_EXPORT_TOKEN_SECRET before going to production.[39m
2026-10-04T02:41:21.3447509Z [33m[Nest] 3681  - [39m10/04/2026, 2:41:21 AM [33m   WARN[39m [38;5;3m[DataExportService] [39m[33mDATA_EXPORT_TOKEN_SECRET is not set — using the insecure default. Set DATA_EXPORT_TOKEN_SECRET before going to production.[39m
2026-10-04T02:41:21.3451099Z [33m[Nest] 3681  - [39m10/04/2026, 2:41:21 AM [33m   WARN[39m [38;5;3m[DataExportService] [39m[33mDATA_EXPORT_TOKEN_SECRET is not set — using the insecure default. Set DATA_EXPORT_TOKEN_SECRET before going to production.[39m
2026-10-04T02:41:21.3454882Z [33m[Nest] 3681  - [39m10/04/2026, 2:41:21 AM [33m   WARN[39m [38;5;3m[DataExportService] [39m[33mDATA_EXPORT_TOKEN_SECRET is not set — using the insecure default. Set DATA_EXPORT_TOKEN_SECRET before going to production.[39m
2026-10-04T02:41:21.3458406Z [33m[Nest] 3681  - [39m10/04/2026, 2:41:21 AM [33m   WARN[39m [38;5;3m[DataExportService] [39m[33mDATA_EXPORT_TOKEN_SECRET is not set — using the insecure default. Set DATA_EXPORT_TOKEN_SECRET before going to production.[39m
2026-10-04T02:41:21.3461903Z [33m[Nest] 3681  - [39m10/04/2026, 2:41:21 AM [33m   WARN[39m [38;5;3m[DataExportService] [39m[33mDATA_EXPORT_TOKEN_SECRET is not set — using the insecure default. Set DATA_EXPORT_TOKEN_SECRET before going to production.[39m
2026-10-04T02:41:21.3465294Z [33m[Nest] 3681  - [39m10/04/2026, 2:41:21 AM [33m   WARN[39m [38;5;3m[SupabaseArchiveStore] [39m[33mdata export archive delete failed (STORAGE_HTTP_500), attempt 1 of 3; retrying.[39m
2026-10-04T02:41:21.3468256Z [33m[Nest] 3681  - [39m10/04/2026, 2:41:21 AM [33m   WARN[39m [38;5;3m[SupabaseArchiveStore] [39m[33mdata export archive delete failed (STORAGE_HTTP_500), attempt 2 of 3; retrying.[39m
2026-10-04T02:41:21.3471529Z [33m[Nest] 3681  - [39m10/04/2026, 2:41:21 AM [33m   WARN[39m [38;5;3m[DataExportService] [39m[33mDATA_EXPORT_TOKEN_SECRET is not set — using the insecure default. Set DATA_EXPORT_TOKEN_SECRET before going to production.[39m
2026-10-04T02:41:21.3475187Z [33m[Nest] 3681  - [39m10/04/2026, 2:41:21 AM [33m   WARN[39m [38;5;3m[DataExportService] [39m[33mDATA_EXPORT_TOKEN_SECRET is not set — using the insecure default. Set DATA_EXPORT_TOKEN_SECRET before going to production.[39m
2026-10-04T02:41:21.3478866Z [33m[Nest] 3681  - [39m10/04/2026, 2:41:21 AM [33m   WARN[39m [38;5;3m[DataExportService] [39m[33mDATA_EXPORT_TOKEN_SECRET is not set — using the insecure default. Set DATA_EXPORT_TOKEN_SECRET before going to production.[39m
2026-10-04T02:41:21.3482826Z [33m[Nest] 3681  - [39m10/04/2026, 2:41:21 AM [33m   WARN[39m [38;5;3m[DataExportService] [39m[33mDATA_EXPORT_TOKEN_SECRET is not set — using the insecure default. Set DATA_EXPORT_TOKEN_SECRET before going to production.[39m
2026-10-04T02:41:21.3486792Z [33m[Nest] 3681  - [39m10/04/2026, 2:41:21 AM [33m   WARN[39m [38;5;3m[DataExportService] [39m[33mDATA_EXPORT_TOKEN_SECRET is not set — using the insecure default. Set DATA_EXPORT_TOKEN_SECRET before going to production.[39m
2026-10-04T02:41:21.3490500Z [33m[Nest] 3681  - [39m10/04/2026, 2:41:21 AM [33m   WARN[39m [38;5;3m[DataExportService] [39m[33mDATA_EXPORT_TOKEN_SECRET is not set — using the insecure default. Set DATA_EXPORT_TOKEN_SECRET before going to production.[39m
2026-10-04T02:41:21.3494119Z [33m[Nest] 3681  - [39m10/04/2026, 2:41:21 AM [33m   WARN[39m [38;5;3m[SupabaseArchiveStore] [39m[33mdata export archive delete failed (STORAGE_HTTP_503), attempt 1 of 3; retrying.[39m
2026-10-04T02:41:21.3497539Z [33m[Nest] 3681  - [39m10/04/2026, 2:41:21 AM [33m   WARN[39m [38;5;3m[SupabaseArchiveStore] [39m[33mdata export archive delete failed (STORAGE_HTTP_503), attempt 2 of 3; retrying.[39m
2026-10-04T02:41:21.3501567Z [33m[Nest] 3681  - [39m10/04/2026, 2:41:21 AM [33m   WARN[39m [38;5;3m[DataExportService] [39m[33mDATA_EXPORT_TOKEN_SECRET is not set — using the insecure default. Set DATA_EXPORT_TOKEN_SECRET before going to production.[39m
2026-10-04T02:41:21.3505569Z [33m[Nest] 3681  - [39m10/04/2026, 2:41:21 AM [33m   WARN[39m [38;5;3m[DataExportService] [39m[33mDATA_EXPORT_TOKEN_SECRET is not set — using the insecure default. Set DATA_EXPORT_TOKEN_SECRET before going to production.[39m
2026-10-04T02:41:21.3509253Z [33m[Nest] 3681  - [39m10/04/2026, 2:41:21 AM [33m   WARN[39m [38;5;3m[DataExportService] [39m[33mDATA_EXPORT_TOKEN_SECRET is not set — using the insecure default. Set DATA_EXPORT_TOKEN_SECRET before going to production.[39m
2026-10-04T02:41:21.3512601Z [33m[Nest] 3681  - [39m10/04/2026, 2:41:21 AM [33m   WARN[39m [38;5;3m[SupabaseArchiveStore] [39m[33mdata export upload failed (STORAGE_HTTP_503), attempt 1 of 3; retrying.[39m
2026-10-04T02:41:21.3516199Z [33m[Nest] 3681  - [39m10/04/2026, 2:41:21 AM [33m   WARN[39m [38;5;3m[DataExportService] [39m[33mDATA_EXPORT_TOKEN_SECRET is not set — using the insecure default. Set DATA_EXPORT_TOKEN_SECRET before going to production.[39m
2026-10-04T02:41:21.3519664Z [33m[Nest] 3681  - [39m10/04/2026, 2:41:21 AM [33m   WARN[39m [38;5;3m[DataExportService] [39m[33mDATA_EXPORT_TOKEN_SECRET is not set — using the insecure default. Set DATA_EXPORT_TOKEN_SECRET before going to production.[39m
2026-10-04T02:41:21.3522706Z [33m[Nest] 3681  - [39m10/04/2026, 2:41:21 AM [33m   WARN[39m [38;5;3m[SupabaseArchiveStore] [39m[33mdata export upload failed (STORAGE_HTTP_504), attempt 1 of 3; retrying.[39m
2026-10-04T02:41:21.3525685Z [33m[Nest] 3681  - [39m10/04/2026, 2:41:21 AM [33m   WARN[39m [38;5;3m[SupabaseArchiveStore] [39m[33mdata export upload failed (STORAGE_HTTP_504), attempt 2 of 3; retrying.[39m
2026-10-04T02:41:21.3556040Z [33m[Nest] 3681  - [39m10/04/2026, 2:41:21 AM [33m   WARN[39m [38;5;3m[DataExportService] [39m[33mDATA_EXPORT_TOKEN_SECRET is not set — using the insecure default. Set DATA_EXPORT_TOKEN_SECRET before going to production.[39m
2026-10-04T02:41:21.3560794Z [33m[Nest] 3681  - [39m10/04/2026, 2:41:21 AM [33m   WARN[39m [38;5;3m[DataExportService] [39m[33mDATA_EXPORT_TOKEN_SECRET is not set — using the insecure default. Set DATA_EXPORT_TOKEN_SECRET before going to production.[39m
2026-10-04T02:41:21.3564586Z [33m[Nest] 3681  - [39m10/04/2026, 2:41:21 AM [33m   WARN[39m [38;5;3m[DataExportService] [39m[33mDATA_EXPORT_TOKEN_SECRET is not set — using the insecure default. Set DATA_EXPORT_TOKEN_SECRET before going to production.[39m
2026-10-04T02:41:21.3568422Z [33m[Nest] 3681  - [39m10/04/2026, 2:41:21 AM [33m   WARN[39m [38;5;3m[DataExportService] [39m[33mDATA_EXPORT_TOKEN_SECRET is not set — using the insecure default. Set DATA_EXPORT_TOKEN_SECRET before going to production.[39m
2026-10-04T02:41:21.3572004Z [33m[Nest] 3681  - [39m10/04/2026, 2:41:21 AM [33m   WARN[39m [38;5;3m[DataExportService] [39m[33mDATA_EXPORT_TOKEN_SECRET is not set — using the insecure default. Set DATA_EXPORT_TOKEN_SECRET before going to production.[39m
2026-10-04T02:41:21.3575898Z [33m[Nest] 3681  - [39m10/04/2026, 2:41:21 AM [33m   WARN[39m [38;5;3m[DataExportService] [39m[33mDATA_EXPORT_TOKEN_SECRET is not set — using the insecure default. Set DATA_EXPORT_TOKEN_SECRET before going to production.[39m
2026-10-04T02:41:21.3579665Z [33m[Nest] 3681  - [39m10/04/2026, 2:41:21 AM [33m   WARN[39m [38;5;3m[DataExportService] [39m[33mDATA_EXPORT_TOKEN_SECRET is not set — using the insecure default. Set DATA_EXPORT_TOKEN_SECRET before going to production.[39m
2026-10-04T02:41:21.3584010Z [33m[Nest] 3681  - [39m10/04/2026, 2:41:21 AM [33m   WARN[39m [38;5;3m[DataExportService] [39m[33mDATA_EXPORT_TOKEN_SECRET is not set — using the insecure default. Set DATA_EXPORT_TOKEN_SECRET before going to production.[39m
2026-10-04T02:41:21.3587589Z [33m[Nest] 3681  - [39m10/04/2026, 2:41:21 AM [33m   WARN[39m [38;5;3m[DataExportService] [39m[33mDATA_EXPORT_TOKEN_SECRET is not set — using the insecure default. Set DATA_EXPORT_TOKEN_SECRET before going to production.[39m
2026-10-04T02:41:21.3591162Z [33m[Nest] 3681  - [39m10/04/2026, 2:41:21 AM [33m   WARN[39m [38;5;3m[DataExportService] [39m[33mDATA_EXPORT_TOKEN_SECRET is not set — using the insecure default. Set DATA_EXPORT_TOKEN_SECRET before going to production.[39m
2026-10-04T02:41:21.3596406Z [33m[Nest] 3681  - [39m10/04/2026, 2:41:21 AM [33m   WARN[39m [38;5;3m[DataExportService] [39m[33mDATA_EXPORT_TOKEN_SECRET is not set — using the insecure default. Set DATA_EXPORT_TOKEN_SECRET before going to production.[39m
2026-10-04T02:41:21.3600858Z [33m[Nest] 3681  - [39m10/04/2026, 2:41:21 AM [33m   WARN[39m [38;5;3m[SupabaseArchiveStore] [39m[33mdata export archive delete failed (STORAGE_HTTP_503), attempt 1 of 3; retrying.[39m
2026-10-04T02:41:21.3604323Z [33m[Nest] 3681  - [39m10/04/2026, 2:41:21 AM [33m   WARN[39m [38;5;3m[SupabaseArchiveStore] [39m[33mdata export archive delete failed (STORAGE_HTTP_503), attempt 2 of 3; retrying.[39m
2026-10-04T02:41:21.3608050Z [33m[Nest] 3681  - [39m10/04/2026, 2:41:21 AM [33m   WARN[39m [38;5;3m[DataExportService] [39m[33mDATA_EXPORT_TOKEN_SECRET is not set — using the insecure default. Set DATA_EXPORT_TOKEN_SECRET before going to production.[39m
2026-10-04T02:41:21.3631315Z [33m[Nest] 3681  - [39m10/04/2026, 2:41:21 AM [33m   WARN[39m [38;5;3m[DataExportService] [39m[33mDATA_EXPORT_TOKEN_SECRET is not set — using the insecure default. Set DATA_EXPORT_TOKEN_SECRET before going to production.[39m
2026-10-04T02:41:21.3635211Z [33m[Nest] 3681  - [39m10/04/2026, 2:41:21 AM [33m   WARN[39m [38;5;3m[DataExportService] [39m[33mDATA_EXPORT_TOKEN_SECRET is not set — using the insecure default. Set DATA_EXPORT_TOKEN_SECRET before going to production.[39m
2026-10-04T02:41:21.3638802Z [33m[Nest] 3681  - [39m10/04/2026, 2:41:21 AM [33m   WARN[39m [38;5;3m[DataExportService] [39m[33mDATA_EXPORT_TOKEN_SECRET is not set — using the insecure default. Set DATA_EXPORT_TOKEN_SECRET before going to production.[39m
2026-10-04T02:41:21.3642330Z [33m[Nest] 3681  - [39m10/04/2026, 2:41:21 AM [33m   WARN[39m [38;5;3m[DataExportService] [39m[33mDATA_EXPORT_TOKEN_SECRET is not set — using the insecure default. Set DATA_EXPORT_TOKEN_SECRET before going to production.[39m
2026-10-04T02:41:21.3646212Z [33m[Nest] 3681  - [39m10/04/2026, 2:41:21 AM [33m   WARN[39m [38;5;3m[DataExportService] [39m[33mDATA_EXPORT_TOKEN_SECRET is not set — using the insecure default. Set DATA_EXPORT_TOKEN_SECRET before going to production.[39m
2026-10-04T02:41:21.3650324Z [33m[Nest] 3681  - [39m10/04/2026, 2:41:21 AM [33m   WARN[39m [38;5;3m[DataExportService] [39m[33mDATA_EXPORT_TOKEN_SECRET is not set — using the insecure default. Set DATA_EXPORT_TOKEN_SECRET before going to production.[39m
2026-10-04T02:41:21.3654429Z [33m[Nest] 3681  - [39m10/04/2026, 2:41:21 AM [33m   WARN[39m [38;5;3m[DataExportService] [39m[33mDATA_EXPORT_TOKEN_SECRET is not set — using the insecure default. Set DATA_EXPORT_TOKEN_SECRET before going to production.[39m
2026-10-04T02:41:21.3672135Z [33m[Nest] 3681  - [39m10/04/2026, 2:41:21 AM [33m   WARN[39m [38;5;3m[DataExportService] [39m[33mDATA_EXPORT_TOKEN_SECRET is not set — using the insecure default. Set DATA_EXPORT_TOKEN_SECRET before going to production.[39m
2026-10-04T02:41:21.3675984Z [33m[Nest] 3681  - [39m10/04/2026, 2:41:21 AM [33m   WARN[39m [38;5;3m[DataExportService] [39m[33mDATA_EXPORT_TOKEN_SECRET is not set — using the insecure default. Set DATA_EXPORT_TOKEN_SECRET before going to production.[39m
2026-10-04T02:41:21.3679769Z [33m[Nest] 3681  - [39m10/04/2026, 2:41:21 AM [33m   WARN[39m [38;5;3m[DataExportService] [39m[33mDATA_EXPORT_TOKEN_SECRET is not set — using the insecure default. Set DATA_EXPORT_TOKEN_SECRET before going to production.[39m
2026-10-04T02:41:21.3683320Z [33m[Nest] 3681  - [39m10/04/2026, 2:41:21 AM [33m   WARN[39m [38;5;3m[DataExportService] [39m[33mDATA_EXPORT_TOKEN_SECRET is not set — using the insecure default. Set DATA_EXPORT_TOKEN_SECRET before going to production.[39m
2026-10-04T02:41:21.3687109Z [33m[Nest] 3681  - [39m10/04/2026, 2:41:21 AM [33m   WARN[39m [38;5;3m[DataExportService] [39m[33mDATA_EXPORT_TOKEN_SECRET is not set — using the insecure default. Set DATA_EXPORT_TOKEN_SECRET before going to production.[39m
2026-10-04T02:41:21.3690622Z [33m[Nest] 3681  - [39m10/04/2026, 2:41:21 AM [33m   WARN[39m [38;5;3m[DataExportService] [39m[33mDATA_EXPORT_TOKEN_SECRET is not set — using the insecure default. Set DATA_EXPORT_TOKEN_SECRET before going to production.[39m
2026-10-04T02:41:21.3694449Z [33m[Nest] 3681  - [39m10/04/2026, 2:41:21 AM [33m   WARN[39m [38;5;3m[DataExportService] [39m[33mDATA_EXPORT_TOKEN_SECRET is not set — using the insecure default. Set DATA_EXPORT_TOKEN_SECRET before going to production.[39m
2026-10-04T02:41:21.3698219Z [33m[Nest] 3681  - [39m10/04/2026, 2:41:21 AM [33m   WARN[39m [38;5;3m[DataExportService] [39m[33mDATA_EXPORT_TOKEN_SECRET is not set — using the insecure default. Set DATA_EXPORT_TOKEN_SECRET before going to production.[39m
2026-10-04T02:41:21.3702051Z [33m[Nest] 3681  - [39m10/04/2026, 2:41:21 AM [33m   WARN[39m [38;5;3m[DataExportService] [39m[33mDATA_EXPORT_TOKEN_SECRET is not set — using the insecure default. Set DATA_EXPORT_TOKEN_SECRET before going to production.[39m
2026-10-04T02:41:21.3706062Z [33m[Nest] 3681  - [39m10/04/2026, 2:41:21 AM [33m   WARN[39m [38;5;3m[DataExportService] [39m[33mDATA_EXPORT_TOKEN_SECRET is not set — using the insecure default. Set DATA_EXPORT_TOKEN_SECRET before going to production.[39m
2026-10-04T02:41:21.3709822Z [33m[Nest] 3681  - [39m10/04/2026, 2:41:21 AM [33m   WARN[39m [38;5;3m[DataExportService] [39m[33mDATA_EXPORT_TOKEN_SECRET is not set — using the insecure default. Set DATA_EXPORT_TOKEN_SECRET before going to production.[39m
2026-10-04T02:41:21.3713369Z [33m[Nest] 3681  - [39m10/04/2026, 2:41:21 AM [33m   WARN[39m [38;5;3m[DataExportService] [39m[33mDATA_EXPORT_TOKEN_SECRET is not set — using the insecure default. Set DATA_EXPORT_TOKEN_SECRET before going to production.[39m
2026-10-04T02:41:21.3717347Z [33m[Nest] 3681  - [39m10/04/2026, 2:41:21 AM [33m   WARN[39m [38;5;3m[DataExportService] [39m[33mDATA_EXPORT_TOKEN_SECRET is not set — using the insecure default. Set DATA_EXPORT_TOKEN_SECRET before going to production.[39m
2026-10-04T02:41:21.3720908Z [33m[Nest] 3681  - [39m10/04/2026, 2:41:21 AM [33m   WARN[39m [38;5;3m[DataExportService] [39m[33mDATA_EXPORT_TOKEN_SECRET is not set — using the insecure default. Set DATA_EXPORT_TOKEN_SECRET before going to production.[39m
2026-10-04T02:41:21.3724803Z [33m[Nest] 3681  - [39m10/04/2026, 2:41:21 AM [33m   WARN[39m [38;5;3m[DataExportService] [39m[33mDATA_EXPORT_TOKEN_SECRET is not set — using the insecure default. Set DATA_EXPORT_TOKEN_SECRET before going to production.[39m
2026-10-04T02:41:21.3728267Z [33m[Nest] 3681  - [39m10/04/2026, 2:41:21 AM [33m   WARN[39m [38;5;3m[DataExportService] [39m[33mDATA_EXPORT_TOKEN_SECRET is not set — using the insecure default. Set DATA_EXPORT_TOKEN_SECRET before going to production.[39m
2026-10-04T02:41:21.3731670Z [33m[Nest] 3681  - [39m10/04/2026, 2:41:21 AM [33m   WARN[39m [38;5;3m[DataExportService] [39m[33mDATA_EXPORT_TOKEN_SECRET is not set — using the insecure default. Set DATA_EXPORT_TOKEN_SECRET before going to production.[39m
2026-10-04T02:41:21.3735497Z [33m[Nest] 3681  - [39m10/04/2026, 2:41:21 AM [33m   WARN[39m [38;5;3m[DataExportService] [39m[33mDATA_EXPORT_TOKEN_SECRET is not set — using the insecure default. Set DATA_EXPORT_TOKEN_SECRET before going to production.[39m
2026-10-04T02:41:21.3739307Z [33m[Nest] 3681  - [39m10/04/2026, 2:41:21 AM [33m   WARN[39m [38;5;3m[DataExportService] [39m[33mDATA_EXPORT_TOKEN_SECRET is not set — using the insecure default. Set DATA_EXPORT_TOKEN_SECRET before going to production.[39m
2026-10-04T02:41:21.3742852Z [33m[Nest] 3681  - [39m10/04/2026, 2:41:21 AM [33m   WARN[39m [38;5;3m[DataExportService] [39m[33mDATA_EXPORT_TOKEN_SECRET is not set — using the insecure default. Set DATA_EXPORT_TOKEN_SECRET before going to production.[39m
2026-10-04T02:41:21.3746792Z [33m[Nest] 3681  - [39m10/04/2026, 2:41:21 AM [33m   WARN[39m [38;5;3m[DataExportService] [39m[33mDATA_EXPORT_TOKEN_SECRET is not set — using the insecure default. Set DATA_EXPORT_TOKEN_SECRET before going to production.[39m
2026-10-04T02:41:21.3894832Z PASS test/data-export-storage.spec.ts
2026-10-04T02:41:21.4333222Z [33m[Nest] 3681  - [39m10/04/2026, 2:41:21 AM [33m   WARN[39m [38;5;3m[DataExportService] [39m[33mDATA_EXPORT_TOKEN_SECRET is not set — using the insecure default. Set DATA_EXPORT_TOKEN_SECRET before going to production.[39m
2026-10-04T02:41:21.4341718Z [33m[Nest] 3681  - [39m10/04/2026, 2:41:21 AM [33m   WARN[39m [38;5;3m[DataExportService] [39m[33mDATA_EXPORT_TOKEN_SECRET is not set — using the insecure default. Set DATA_EXPORT_TOKEN_SECRET before going to production.[39m
2026-10-04T02:41:21.4345693Z [33m[Nest] 3681  - [39m10/04/2026, 2:41:21 AM [33m   WARN[39m [38;5;3m[DataExportService] [39m[33mDATA_EXPORT_TOKEN_SECRET is not set — using the insecure default. Set DATA_EXPORT_TOKEN_SECRET before going to production.[39m
2026-10-04T02:41:21.4349228Z [33m[Nest] 3681  - [39m10/04/2026, 2:41:21 AM [33m   WARN[39m [38;5;3m[SupabaseArchiveStore] [39m[33mdata export archive check failed (STORAGE_HTTP_503), attempt 1 of 3; retrying.[39m
2026-10-04T02:41:21.4352343Z [33m[Nest] 3681  - [39m10/04/2026, 2:41:21 AM [33m   WARN[39m [38;5;3m[SupabaseArchiveStore] [39m[33mdata export archive check failed (STORAGE_HTTP_503), attempt 2 of 3; retrying.[39m
2026-10-04T02:41:21.4356028Z [33m[Nest] 3681  - [39m10/04/2026, 2:41:21 AM [33m   WARN[39m [38;5;3m[DataExportService] [39m[33mDATA_EXPORT_TOKEN_SECRET is not set — using the insecure default. Set DATA_EXPORT_TOKEN_SECRET before going to production.[39m
2026-10-04T02:41:21.4359745Z [33m[Nest] 3681  - [39m10/04/2026, 2:41:21 AM [33m   WARN[39m [38;5;3m[DataExportService] [39m[33mDATA_EXPORT_TOKEN_SECRET is not set — using the insecure default. Set DATA_EXPORT_TOKEN_SECRET before going to production.[39m
2026-10-04T02:41:21.4363422Z [33m[Nest] 3681  - [39m10/04/2026, 2:41:21 AM [33m   WARN[39m [38;5;3m[DataExportService] [39m[33mDATA_EXPORT_TOKEN_SECRET is not set — using the insecure default. Set DATA_EXPORT_TOKEN_SECRET before going to production.[39m
2026-10-04T02:41:21.4367705Z [33m[Nest] 3681  - [39m10/04/2026, 2:41:21 AM [33m   WARN[39m [38;5;3m[DataExportService] [39m[33mDATA_EXPORT_TOKEN_SECRET is not set — using the insecure default. Set DATA_EXPORT_TOKEN_SECRET before going to production.[39m
2026-10-04T02:41:21.4371404Z [33m[Nest] 3681  - [39m10/04/2026, 2:41:21 AM [33m   WARN[39m [38;5;3m[DataExportService] [39m[33mDATA_EXPORT_TOKEN_SECRET is not set — using the insecure default. Set DATA_EXPORT_TOKEN_SECRET before going to production.[39m
2026-10-04T02:41:21.4375363Z [33m[Nest] 3681  - [39m10/04/2026, 2:41:21 AM [33m   WARN[39m [38;5;3m[DataExportService] [39m[33mDATA_EXPORT_TOKEN_SECRET is not set — using the insecure default. Set DATA_EXPORT_TOKEN_SECRET before going to production.[39m
2026-10-04T02:41:21.4378571Z [33m[Nest] 3681  - [39m10/04/2026, 2:41:21 AM [33m   WARN[39m [38;5;3m[SupabaseArchiveStore] [39m[33mdata export read link failed (STORAGE_HTTP_502), attempt 1 of 3; retrying.[39m
2026-10-04T02:41:21.4381557Z [33m[Nest] 3681  - [39m10/04/2026, 2:41:21 AM [33m   WARN[39m [38;5;3m[SupabaseArchiveStore] [39m[33mdata export read link failed (STORAGE_HTTP_502), attempt 2 of 3; retrying.[39m
2026-10-04T02:41:21.4385477Z [33m[Nest] 3681  - [39m10/04/2026, 2:41:21 AM [33m   WARN[39m [38;5;3m[DataExportService] [39m[33mDATA_EXPORT_TOKEN_SECRET is not set — using the insecure default. Set DATA_EXPORT_TOKEN_SECRET before going to production.[39m
2026-10-04T02:41:21.4389147Z [33m[Nest] 3681  - [39m10/04/2026, 2:41:21 AM [33m   WARN[39m [38;5;3m[DataExportService] [39m[33mDATA_EXPORT_TOKEN_SECRET is not set — using the insecure default. Set DATA_EXPORT_TOKEN_SECRET before going to production.[39m
2026-10-04T02:41:21.4392887Z [33m[Nest] 3681  - [39m10/04/2026, 2:41:21 AM [33m   WARN[39m [38;5;3m[DataExportService] [39m[33mDATA_EXPORT_TOKEN_SECRET is not set — using the insecure default. Set DATA_EXPORT_TOKEN_SECRET before going to production.[39m
2026-10-04T02:41:21.4396728Z [33m[Nest] 3681  - [39m10/04/2026, 2:41:21 AM [33m   WARN[39m [38;5;3m[DataExportService] [39m[33mDATA_EXPORT_TOKEN_SECRET is not set — using the insecure default. Set DATA_EXPORT_TOKEN_SECRET before going to production.[39m
2026-10-04T02:41:21.4400442Z [33m[Nest] 3681  - [39m10/04/2026, 2:41:21 AM [33m   WARN[39m [38;5;3m[DataExportService] [39m[33mDATA_EXPORT_TOKEN_SECRET is not set — using the insecure default. Set DATA_EXPORT_TOKEN_SECRET before going to production.[39m
2026-10-04T02:41:21.4403847Z [33m[Nest] 3681  - [39m10/04/2026, 2:41:21 AM [33m   WARN[39m [38;5;3m[DataExportController] [39m[33mDownload of export e1 ended early (client closed).[39m
2026-10-04T02:41:22.3189616Z PASS test/ltv-metrics.service.spec.ts
2026-10-04T02:41:25.0776326Z [31m[Nest] 3681  - [39m10/04/2026, 2:41:25 AM [31m  ERROR[39m [38;5;3m[GuestCheckoutService] [39m[31mStripe createPaymentIntent failed (code=card_declined http=402)[39m
2026-10-04T02:41:25.0994752Z [31m[Nest] 3681  - [39m10/04/2026, 2:41:25 AM [31m  ERROR[39m [38;5;3m[GuestCheckoutService] [39m[31mconvertGuestToUser: Supabase user creation failed for gc-fail (tag=Error)[39m
2026-10-04T02:41:25.1045731Z [31m[Nest] 3681  - [39m10/04/2026, 2:41:25 AM [31m  ERROR[39m [38;5;3m[GuestCheckoutService] [39m[31mconvertGuestToUser: Supabase user creation failed for gc-term (tag=Error)[39m
2026-10-04T02:41:25.1050180Z [31m[Nest] 3681  - [39m10/04/2026, 2:41:25 AM [31m  ERROR[39m [38;5;3m[GuestCheckoutService] [39m[31mGuestCheckout gc-term reached conversion_failed_terminal after 5 retries (last_error=supabase:Error)[39m
2026-10-04T02:41:25.1142847Z [31m[Nest] 3681  - [39m10/04/2026, 2:41:25 AM [31m  ERROR[39m [38;5;3m[GuestCheckoutService] [39m[31mhandlePaymentSucceeded crashed (tag=Error)[39m
2026-10-04T02:41:25.1877174Z [31m[Nest] 3681  - [39m10/04/2026, 2:41:25 AM [31m  ERROR[39m [38;5;3m[GuestCheckoutService] [39m[31mhandlePaymentFailed crashed (tag=Error)[39m
2026-10-04T02:41:25.2376338Z [31m[Nest] 3681  - [39m10/04/2026, 2:41:25 AM [31m  ERROR[39m [38;5;3m[GuestCheckoutService] [39m[31mhandleChargeRefunded crashed (tag=Error) — propagating for Stripe retry[39m
2026-10-04T02:41:25.2425698Z [31m[Nest] 3681  - [39m10/04/2026, 2:41:25 AM [31m  ERROR[39m [38;5;3m[GuestCheckoutService] [39m[31mhandleDisputeOpened crashed (tag=Error) — propagating for Stripe retry[39m
2026-10-04T02:41:25.2599870Z PASS test/guest-checkout.service.spec.ts
2026-10-04T02:41:26.1151811Z PASS test/prod-readiness/provider-wiring-twilio-aws-fly-sentry-supabase-openai-cf.spec.ts
2026-10-04T02:41:27.2654897Z [31m[Nest] 3681  - [39m10/04/2026, 2:41:27 AM [31m  ERROR[39m [38;5;3m[RomanService] [39m[31mroman.erase_deleted_session_failed session=legacy_u_a_2026-09-27: Error: db hiccup[39m
2026-10-04T02:41:27.2804509Z [31m[Nest] 3681  - [39m10/04/2026, 2:41:27 AM [31m  ERROR[39m [38;5;3m[RomanService] [39m[31mroman.delete_all_bound_hit erased=2 left=1[39m
2026-10-04T02:41:27.3149544Z PASS test/roman/roman.service.spec.ts
2026-10-04T02:41:27.9214901Z PASS test/scout/reconciliation/reconcile.spec.ts
2026-10-04T02:41:28.8379329Z PASS test/package-contents.service.spec.ts
2026-10-04T02:41:29.9951662Z PASS test/storefront-public.controller.spec.ts
2026-10-04T02:41:30.0856573Z [32m[Nest] 3681  - [39m10/04/2026, 2:41:29 AM [32m    LOG[39m [38;5;3m[CheckoutIpRateLimiterService] [39m[32mCheckoutIpRateLimiterService: REDIS_URL unset — using in-memory limiter[39m
2026-10-04T02:41:30.0886015Z [32m[Nest] 3681  - [39m10/04/2026, 2:41:29 AM [32m    LOG[39m [38;5;3m[CheckoutIpRateLimiterService] [39m[32mCheckoutIpRateLimiterService: REDIS_URL unset — using in-memory limiter[39m
2026-10-04T02:41:31.4814655Z PASS test/scout/roster/scout-roster.service.spec.ts
2026-10-04T02:41:32.7304599Z [32m[Nest] 3681  - [39m10/04/2026, 2:41:32 AM [32m    LOG[39m [38;5;3m[PackageContentsService] [39m[32mpushToExisting: package=pkg-1 content=content-1 drops_updated=2 buyers_affected=2 skipped_delivered=2[39m
2026-10-04T02:41:32.7321389Z [32m[Nest] 3681  - [39m10/04/2026, 2:41:32 AM [32m    LOG[39m [38;5;3m[PackageContentsService] [39m[32mpushToExisting: package=pkg-1 content=content-1 drops_updated=2 buyers_affected=2 skipped_delivered=0[39m
2026-10-04T02:41:32.7357357Z [32m[Nest] 3681  - [39m10/04/2026, 2:41:32 AM [32m    LOG[39m [38;5;3m[PackageContentsService] [39m[32mpushToExisting: package=pkg-1 content=content-1 drops_updated=2 buyers_affected=2 skipped_delivered=0[39m
2026-10-04T02:41:32.7376523Z [32m[Nest] 3681  - [39m10/04/2026, 2:41:32 AM [32m    LOG[39m [38;5;3m[PackageContentsService] [39m[32mpushToExisting: package=pkg-1 content=content-1 drops_updated=1 buyers_affected=1 skipped_delivered=0[39m
2026-10-04T02:41:32.7415912Z [32m[Nest] 3681  - [39m10/04/2026, 2:41:32 AM [32m    LOG[39m [38;5;3m[PackageContentsService] [39m[32mpushToExisting: package=pkg-1 content=content-1 drops_updated=1 buyers_affected=1 skipped_delivered=0[39m
2026-10-04T02:41:32.7419013Z [31m[Nest] 3681  - [39m10/04/2026, 2:41:32 AM [31m  ERROR[39m [38;5;3m[PackageContentsService] [39m[31mpushToExisting audit write failed: audit backend down[39m
2026-10-04T02:41:32.7421503Z [32m[Nest] 3681  - [39m10/04/2026, 2:41:32 AM [32m    LOG[39m [38;5;3m[PackageContentsService] [39m[32mpushToExisting: package=pkg-1 content=content-1 drops_updated=5 buyers_affected=5 skipped_delivered=0[39m
2026-10-04T02:41:32.7424102Z [32m[Nest] 3681  - [39m10/04/2026, 2:41:32 AM [32m    LOG[39m [38;5;3m[PackageContentsService] [39m[32mpushToExisting: package=pkg-1 content=content-1 drops_updated=1 buyers_affected=1 skipped_delivered=0[39m
2026-10-04T02:41:32.7427354Z [32m[Nest] 3681  - [39m10/04/2026, 2:41:32 AM [32m    LOG[39m [38;5;3m[PackageContentsService] [39m[32mpushToExisting: package=pkg-1 content=content-1 drops_updated=1 buyers_affected=1 skipped_delivered=0[39m
2026-10-04T02:41:32.7622312Z PASS test/package-contents-push-to-existing.spec.ts
2026-10-04T02:41:32.8361825Z [32m[Nest] 3681  - [39m10/04/2026, 2:41:32 AM [32m    LOG[39m [38;5;3m[PackageContentsService] [39m[32mpushToExisting: package=pkg-1 content=content-1 drops_updated=1 buyers_affected=1 skipped_delivered=0[39m
2026-10-04T02:41:32.8377460Z [32m[Nest] 3681  - [39m10/04/2026, 2:41:32 AM [32m    LOG[39m [38;5;3m[PackageContentsService] [39m[32mpushToExisting: package=pkg-1 content=content-1 drops_updated=1 buyers_affected=1 skipped_delivered=0[39m
2026-10-04T02:41:32.8380877Z [32m[Nest] 3681  - [39m10/04/2026, 2:41:32 AM [32m    LOG[39m [38;5;3m[PackageContentsService] [39m[32mpushToExisting: package=pkg-1 content=content-1 drops_updated=1 buyers_affected=1 skipped_delivered=0[39m
2026-10-04T02:41:39.5524556Z PASS test/prod-readiness/env-discovery.spec.ts (20.092 s)
2026-10-04T02:41:40.5152470Z [32m[Nest] 3688  - [39m10/04/2026, 2:41:40 AM [32m    LOG[39m [38;5;3m[ScoutReconstructService] [39m[32mscout.reconstruct completed {"intent_id":"intent-1","coach_id":"coach-1","staged":1,"reconstructed":1,"skipped":0,"failed":0}[39m
2026-10-04T02:41:40.5166924Z [32m[Nest] 3688  - [39m10/04/2026, 2:41:40 AM [32m    LOG[39m [38;5;3m[ScoutReconstructService] [39m[32mscout.reconstruct completed {"intent_id":"intent-1","coach_id":"coach-1","staged":1,"reconstructed":0,"skipped":1,"failed":0}[39m
2026-10-04T02:41:40.5171268Z [33m[Nest] 3688  - [39m10/04/2026, 2:41:40 AM [33m   WARN[39m [38;5;3m[ScoutReconstructService] [39m[33mscout.reconstruct completed with failures {"intent_id":"intent-1","coach_id":"coach-1","staged":1,"reconstructed":0,"skipped":0,"failed":1}[39m
2026-10-04T02:41:40.5175501Z [32m[Nest] 3688  - [39m10/04/2026, 2:41:40 AM [32m    LOG[39m [38;5;3m[ScoutReconstructService] [39m[32mscout.reconstruct completed {"intent_id":"intent-1","coach_id":"coach-1","staged":1,"reconstructed":1,"skipped":0,"failed":0}[39m
2026-10-04T02:41:40.5179185Z [32m[Nest] 3688  - [39m10/04/2026, 2:41:40 AM [32m    LOG[39m [38;5;3m[ScoutReconstructService] [39m[32mscout.reconstruct completed {"intent_id":"intent-1","coach_id":"coach-1","staged":1,"reconstructed":1,"skipped":0,"failed":0}[39m
2026-10-04T02:41:40.5182838Z [32m[Nest] 3688  - [39m10/04/2026, 2:41:40 AM [32m    LOG[39m [38;5;3m[ScoutReconstructService] [39m[32mscout.reconstruct completed {"intent_id":"intent-1","coach_id":"coach-1","staged":1,"reconstructed":1,"skipped":0,"failed":0}[39m
2026-10-04T02:41:40.5186623Z [32m[Nest] 3688  - [39m10/04/2026, 2:41:40 AM [32m    LOG[39m [38;5;3m[ScoutReconstructService] [39m[32mscout.reconstruct completed {"intent_id":"intent-1","coach_id":"coach-1","staged":1,"reconstructed":1,"skipped":0,"failed":0}[39m
2026-10-04T02:41:40.5190159Z [32m[Nest] 3688  - [39m10/04/2026, 2:41:40 AM [32m    LOG[39m [38;5;3m[ScoutReconstructService] [39m[32mscout.reconstruct completed {"intent_id":"intent-1","coach_id":"coach-1","staged":1,"reconstructed":1,"skipped":0,"failed":0}[39m
2026-10-04T02:41:40.5193939Z [32m[Nest] 3688  - [39m10/04/2026, 2:41:40 AM [32m    LOG[39m [38;5;3m[ScoutReconstructService] [39m[32mscout.reconstruct completed {"intent_id":"intent-1","coach_id":"coach-1","staged":1,"reconstructed":2,"skipped":0,"failed":0}[39m
2026-10-04T02:41:40.5197529Z [32m[Nest] 3688  - [39m10/04/2026, 2:41:40 AM [32m    LOG[39m [38;5;3m[ScoutReconstructService] [39m[32mscout.reconstruct completed {"intent_id":"intent-1","coach_id":"coach-1","staged":1,"reconstructed":1,"skipped":0,"failed":0}[39m
2026-10-04T02:41:40.5225712Z [32m[Nest] 3688  - [39m10/04/2026, 2:41:40 AM [32m    LOG[39m [38;5;3m[ScoutReconstructService] [39m[32mscout.reconstruct completed {"intent_id":"intent-1","coach_id":"coach-1","staged":1,"reconstructed":1,"skipped":1,"failed":0}[39m
2026-10-04T02:41:40.5266220Z [32m[Nest] 3688  - [39m10/04/2026, 2:41:40 AM [32m    LOG[39m [38;5;3m[ScoutReconstructService] [39m[32mscout.reconstruct completed {"intent_id":"intent-1","coach_id":"coach-1","staged":1,"reconstructed":1,"skipped":0,"failed":0}[39m
2026-10-04T02:41:40.5296545Z [33m[Nest] 3688  - [39m10/04/2026, 2:41:40 AM [33m   WARN[39m [38;5;3m[ScoutReconstructService] [39m[33mscout.reconstruct completed with failures {"intent_id":"intent-1","coach_id":"coach-1","staged":1,"reconstructed":1,"skipped":0,"failed":1}[39m
2026-10-04T02:41:40.5300926Z [32m[Nest] 3688  - [39m10/04/2026, 2:41:40 AM [32m    LOG[39m [38;5;3m[ScoutReconstructService] [39m[32mscout.reconstruct completed {"intent_id":"intent-1","coach_id":"coach-1","staged":1,"reconstructed":1,"skipped":0,"failed":0}[39m
2026-10-04T02:41:40.5326562Z [33m[Nest] 3688  - [39m10/04/2026, 2:41:40 AM [33m   WARN[39m [38;5;3m[ScoutReconstructService] [39m[33mscout.reconstruct completed with failures {"intent_id":"intent-1","coach_id":"coach-1","staged":1,"reconstructed":0,"skipped":0,"failed":1}[39m
2026-10-04T02:41:40.5356260Z [32m[Nest] 3688  - [39m10/04/2026, 2:41:40 AM [32m    LOG[39m [38;5;3m[ScoutReconstructService] [39m[32mscout.reconstruct completed {"intent_id":"intent-1","coach_id":"coach-1","staged":1,"reconstructed":0,"skipped":1,"failed":0}[39m
2026-10-04T02:41:40.5384196Z [32m[Nest] 3688  - [39m10/04/2026, 2:41:40 AM [32m    LOG[39m [38;5;3m[ScoutReconstructService] [39m[32mscout.reconstruct completed {"intent_id":"intent-1","coach_id":"coach-1","staged":1,"reconstructed":1,"skipped":0,"failed":0}[39m
2026-10-04T02:41:40.5388366Z [33m[Nest] 3688  - [39m10/04/2026, 2:41:40 AM [33m   WARN[39m [38;5;3m[ScoutReconstructService] [39m[33mscout.reconstruct completed with failures {"intent_id":"intent-1","coach_id":"coach-1","staged":2,"reconstructed":1,"skipped":0,"failed":1}[39m
2026-10-04T02:41:40.5392111Z [32m[Nest] 3688  - [39m10/04/2026, 2:41:40 AM [32m    LOG[39m [38;5;3m[ScoutReconstructService] [39m[32mscout.reconstruct completed {"intent_id":"intent-1","coach_id":"coach-1","staged":1,"reconstructed":0,"skipped":1,"failed":0}[39m
2026-10-04T02:41:40.5396282Z [33m[Nest] 3688  - [39m10/04/2026, 2:41:40 AM [33m   WARN[39m [38;5;3m[ScoutReconstructService] [39m[33mscout.reconstruct completed with failures {"intent_id":"intent-1","coach_id":"coach-1","staged":1,"reconstructed":0,"skipped":0,"failed":1}[39m
2026-10-04T02:41:40.5400008Z [32m[Nest] 3688  - [39m10/04/2026, 2:41:40 AM [32m    LOG[39m [38;5;3m[ScoutReconstructService] [39m[32mscout.reconstruct completed {"intent_id":"intent-1","coach_id":"coach-1","staged":1,"reconstructed":0,"skipped":1,"failed":0}[39m
2026-10-04T02:41:40.5404672Z [33m[Nest] 3688  - [39m10/04/2026, 2:41:40 AM [33m   WARN[39m [38;5;3m[ScoutReconstructService] [39m[33mscout.reconstruct completed with failures {"intent_id":"intent-1","coach_id":"coach-1","staged":1,"reconstructed":0,"skipped":0,"failed":1}[39m
2026-10-04T02:41:40.5408479Z [32m[Nest] 3688  - [39m10/04/2026, 2:41:40 AM [32m    LOG[39m [38;5;3m[ScoutReconstructService] [39m[32mscout.reconstruct completed {"intent_id":"intent-1","coach_id":"coach-1","staged":3,"reconstructed":3,"skipped":0,"failed":0}[39m
2026-10-04T02:41:40.5415907Z [32m[Nest] 3688  - [39m10/04/2026, 2:41:40 AM [32m    LOG[39m [38;5;3m[ScoutReconstructService] [39m[32mscout.reconstruct completed {"intent_id":"intent-1","coach_id":"coach-1","staged":2,"reconstructed":2,"skipped":0,"failed":0}[39m
2026-10-04T02:41:40.5419608Z [32m[Nest] 3688  - [39m10/04/2026, 2:41:40 AM [32m    LOG[39m [38;5;3m[ScoutReconstructService] [39m[32mscout.reconstruct completed {"intent_id":"intent-1","coach_id":"coach-1","staged":2,"reconstructed":2,"skipped":0,"failed":0}[39m
2026-10-04T02:41:40.5423224Z [32m[Nest] 3688  - [39m10/04/2026, 2:41:40 AM [32m    LOG[39m [38;5;3m[ScoutReconstructService] [39m[32mscout.reconstruct completed {"intent_id":"intent-1","coach_id":"coach-1","staged":2,"reconstructed":1,"skipped":1,"failed":0}[39m
2026-10-04T02:41:40.5427336Z [33m[Nest] 3688  - [39m10/04/2026, 2:41:40 AM [33m   WARN[39m [38;5;3m[ScoutReconstructService] [39m[33mscout.reconstruct completed with failures {"intent_id":"intent-1","coach_id":"coach-1","staged":3,"reconstructed":2,"skipped":0,"failed":1}[39m
2026-10-04T02:41:40.5431350Z [33m[Nest] 3688  - [39m10/04/2026, 2:41:40 AM [33m   WARN[39m [38;5;3m[ScoutReconstructService] [39m[33mscout.reconstruct completed with failures {"intent_id":"intent-1","coach_id":"coach-1","staged":1,"reconstructed":0,"skipped":0,"failed":1}[39m
2026-10-04T02:41:40.5435408Z [32m[Nest] 3688  - [39m10/04/2026, 2:41:40 AM [32m    LOG[39m [38;5;3m[ScoutReconstructService] [39m[32mscout.reconstruct completed {"intent_id":"intent-empty","coach_id":"coach-1","staged":0,"reconstructed":0,"skipped":0,"failed":0}[39m
2026-10-04T02:41:40.5439094Z [32m[Nest] 3688  - [39m10/04/2026, 2:41:40 AM [32m    LOG[39m [38;5;3m[ScoutReconstructService] [39m[32mscout.reconstruct completed {"intent_id":"intent-1","coach_id":"coach-1","staged":2,"reconstructed":1,"skipped":1,"failed":0}[39m
2026-10-04T02:41:40.5442721Z [33m[Nest] 3688  - [39m10/04/2026, 2:41:40 AM [33m   WARN[39m [38;5;3m[ScoutReconstructService] [39m[33mscout.reconstruct completed with failures {"intent_id":"intent-1","coach_id":"coach-1","staged":5,"reconstructed":2,"skipped":2,"failed":1}[39m
2026-10-04T02:41:40.5446875Z [32m[Nest] 3688  - [39m10/04/2026, 2:41:40 AM [32m    LOG[39m [38;5;3m[ScoutReconstructService] [39m[32mscout.reconstruct completed {"intent_id":"intent-1","coach_id":"coach-1","staged":1,"reconstructed":1,"skipped":0,"failed":0}[39m
2026-10-04T02:41:40.5450688Z [33m[Nest] 3688  - [39m10/04/2026, 2:41:40 AM [33m   WARN[39m [38;5;3m[ScoutReconstructService] [39m[33mscout.reconstruct completed with failures {"intent_id":"intent-1","coach_id":"coach-1","staged":2,"reconstructed":1,"skipped":0,"failed":1}[39m
2026-10-04T02:41:40.5454833Z [32m[Nest] 3688  - [39m10/04/2026, 2:41:40 AM [32m    LOG[39m [38;5;3m[ScoutReconstructService] [39m[32mscout.reconstruct completed {"intent_id":"intent-1","coach_id":"coach-1","staged":2,"reconstructed":2,"skipped":0,"failed":0}[39m
2026-10-04T02:41:40.5458497Z [32m[Nest] 3688  - [39m10/04/2026, 2:41:40 AM [32m    LOG[39m [38;5;3m[ScoutReconstructService] [39m[32mscout.reconstruct completed {"intent_id":"intent-1","coach_id":"coach-1","staged":1,"reconstructed":1,"skipped":0,"failed":0}[39m
2026-10-04T02:41:40.5462084Z [32m[Nest] 3688  - [39m10/04/2026, 2:41:40 AM [32m    LOG[39m [38;5;3m[ScoutReconstructService] [39m[32mscout.reconstruct completed {"intent_id":"intent-1","coach_id":"coach-1","staged":1,"reconstructed":1,"skipped":0,"failed":0}[39m
2026-10-04T02:41:40.5466297Z [32m[Nest] 3688  - [39m10/04/2026, 2:41:40 AM [32m    LOG[39m [38;5;3m[ScoutReconstructService] [39m[32mscout.reconstruct completed {"intent_id":"intent-1","coach_id":"coach-1","staged":1,"reconstructed":1,"skipped":0,"failed":0}[39m
2026-10-04T02:41:40.5469890Z [32m[Nest] 3688  - [39m10/04/2026, 2:41:40 AM [32m    LOG[39m [38;5;3m[ScoutReconstructService] [39m[32mscout.reconstruct completed {"intent_id":"intent-1","coach_id":"coach-1","staged":1,"reconstructed":0,"skipped":1,"failed":0}[39m
2026-10-04T02:41:40.5473490Z [32m[Nest] 3688  - [39m10/04/2026, 2:41:40 AM [32m    LOG[39m [38;5;3m[ScoutReconstructService] [39m[32mscout.reconstruct completed {"intent_id":"intent-1","coach_id":"coach-1","staged":1,"reconstructed":1,"skipped":0,"failed":0}[39m
2026-10-04T02:41:40.5477402Z [32m[Nest] 3688  - [39m10/04/2026, 2:41:40 AM [32m    LOG[39m [38;5;3m[ScoutReconstructService] [39m[32mscout.reconstruct completed {"intent_id":"intent-1","coach_id":"coach-1","staged":1,"reconstructed":1,"skipped":0,"failed":0}[39m
2026-10-04T02:41:40.5480940Z [32m[Nest] 3688  - [39m10/04/2026, 2:41:40 AM [32m    LOG[39m [38;5;3m[ScoutReconstructService] [39m[32mscout.reconstruct completed {"intent_id":"intent-1","coach_id":"coach-1","staged":2,"reconstructed":1,"skipped":1,"failed":0}[39m
2026-10-04T02:41:40.5484687Z [32m[Nest] 3688  - [39m10/04/2026, 2:41:40 AM [32m    LOG[39m [38;5;3m[ScoutReconstructService] [39m[32mscout.reconstruct completed {"intent_id":"intent-1","coach_id":"coach-1","staged":2,"reconstructed":1,"skipped":1,"failed":0}[39m
2026-10-04T02:41:40.5488445Z [32m[Nest] 3688  - [39m10/04/2026, 2:41:40 AM [32m    LOG[39m [38;5;3m[ScoutReconstructService] [39m[32mscout.reconstruct completed {"intent_id":"intent-1","coach_id":"coach-A","staged":1,"reconstructed":1,"skipped":0,"failed":0}[39m
2026-10-04T02:41:40.5492054Z [32m[Nest] 3688  - [39m10/04/2026, 2:41:40 AM [32m    LOG[39m [38;5;3m[ScoutReconstructService] [39m[32mscout.reconstruct completed {"intent_id":"intent-1","coach_id":"coach-B","staged":1,"reconstructed":1,"skipped":0,"failed":0}[39m
2026-10-04T02:41:40.5495951Z [32m[Nest] 3688  - [39m10/04/2026, 2:41:40 AM [32m    LOG[39m [38;5;3m[ScoutReconstructService] [39m[32mscout.reconstruct completed {"intent_id":"intent-1","coach_id":"coach-1","staged":1,"reconstructed":0,"skipped":1,"failed":0}[39m
2026-10-04T02:41:40.5499485Z [32m[Nest] 3688  - [39m10/04/2026, 2:41:40 AM [32m    LOG[39m [38;5;3m[ScoutReconstructService] [39m[32mscout.reconstruct completed {"intent_id":"intent-success","coach_id":"coach-1","staged":1,"reconstructed":1,"skipped":0,"failed":0}[39m
2026-10-04T02:41:40.5503297Z [32m[Nest] 3688  - [39m10/04/2026, 2:41:40 AM [32m    LOG[39m [38;5;3m[ScoutReconstructService] [39m[32mscout.reconstruct completed {"intent_id":"intent-partial","coach_id":"coach-1","staged":1,"reconstructed":1,"skipped":0,"failed":0}[39m
2026-10-04T02:41:40.5507156Z [32m[Nest] 3688  - [39m10/04/2026, 2:41:40 AM [32m    LOG[39m [38;5;3m[ScoutReconstructService] [39m[32mscout.reconstruct completed {"intent_id":"intent-failed","coach_id":"coach-1","staged":1,"reconstructed":1,"skipped":0,"failed":0}[39m
2026-10-04T02:41:40.5510779Z [32m[Nest] 3688  - [39m10/04/2026, 2:41:40 AM [32m    LOG[39m [38;5;3m[ScoutReconstructService] [39m[32mscout.reconstruct completed {"intent_id":"intent-1","coach_id":"coach-1","staged":1,"reconstructed":1,"skipped":0,"failed":0}[39m
2026-10-04T02:41:40.5514559Z [32m[Nest] 3688  - [39m10/04/2026, 2:41:40 AM [32m    LOG[39m [38;5;3m[ScoutReconstructService] [39m[32mscout.reconstruct completed {"intent_id":"intent-A","coach_id":"coach-1","staged":2,"reconstructed":2,"skipped":0,"failed":0}[39m
2026-10-04T02:41:40.5518192Z [32m[Nest] 3688  - [39m10/04/2026, 2:41:40 AM [32m    LOG[39m [38;5;3m[ScoutReconstructService] [39m[32mscout.reconstruct completed {"intent_id":"intent-A","coach_id":"coach-1","staged":2,"reconstructed":2,"skipped":0,"failed":0}[39m
2026-10-04T02:41:40.5521873Z [33m[Nest] 3688  - [39m10/04/2026, 2:41:40 AM [33m   WARN[39m [38;5;3m[ScoutReconstructService] [39m[33mscout.reconstruct completed with failures {"intent_id":"intent-1","coach_id":"coach-1","staged":3,"reconstructed":1,"skipped":1,"failed":1}[39m
2026-10-04T02:41:40.5525951Z [33m[Nest] 3688  - [39m10/04/2026, 2:41:40 AM [33m   WARN[39m [38;5;3m[ScoutReconstructService] [39m[33mscout.reconstruct rejected oversized intent {"intent_id":"intent-huge","coach_id":"coach-1","staged":10001,"max":10000}[39m
2026-10-04T02:41:40.5529633Z [32m[Nest] 3688  - [39m10/04/2026, 2:41:40 AM [32m    LOG[39m [38;5;3m[ScoutReconstructService] [39m[32mscout.reconstruct completed {"intent_id":"intent-1","coach_id":"coach-1","staged":10000,"reconstructed":1,"skipped":0,"failed":0}[39m
2026-10-04T02:41:40.5974764Z PASS test/scout/reconstruct/scout-reconstruct.service.spec.ts
2026-10-04T02:41:40.6907108Z [32m[Nest] 3688  - [39m10/04/2026, 2:41:40 AM [32m    LOG[39m [38;5;3m[ScoutReconstructService] [39m[32mscout.reconstruct completed {"intent_id":"intent-big","coach_id":"coach-1","staged":1001,"reconstructed":1001,"skipped":0,"failed":0}[39m
2026-10-04T02:41:40.6911154Z [32m[Nest] 3688  - [39m10/04/2026, 2:41:40 AM [32m    LOG[39m [38;5;3m[ScoutReconstructService] [39m[32mscout.reconstruct completed {"intent_id":"intent-1","coach_id":"coach-1","staged":1,"reconstructed":1,"skipped":0,"failed":0}[39m
2026-10-04T02:41:40.6915469Z [33m[Nest] 3688  - [39m10/04/2026, 2:41:40 AM [33m   WARN[39m [38;5;3m[ScoutReconstructService] [39m[33mscout.reconstruct completed with failures {"intent_id":"intent-1","coach_id":"coach-1","staged":1,"reconstructed":0,"skipped":0,"failed":1}[39m
2026-10-04T02:41:40.6919688Z [32m[Nest] 3688  - [39m10/04/2026, 2:41:40 AM [32m    LOG[39m [38;5;3m[ScoutReconstructService] [39m[32mscout.reconstruct completed {"intent_id":"intent-1","coach_id":"coach-1","staged":2,"reconstructed":2,"skipped":0,"failed":0}[39m
2026-10-04T02:41:40.6923438Z [32m[Nest] 3688  - [39m10/04/2026, 2:41:40 AM [32m    LOG[39m [38;5;3m[ScoutReconstructService] [39m[32mscout.reconstruct completed {"intent_id":"intent-1","coach_id":"coach-1","staged":2,"reconstructed":2,"skipped":0,"failed":0}[39m
2026-10-04T02:41:40.6927603Z [32m[Nest] 3688  - [39m10/04/2026, 2:41:40 AM [32m    LOG[39m [38;5;3m[ScoutReconstructService] [39m[32mscout.reconstruct completed {"intent_id":"intent-1","coach_id":"coach-7","staged":1,"reconstructed":1,"skipped":0,"failed":0}[39m
2026-10-04T02:41:58.3383249Z PASS test/deploy-readiness.spec.ts (38.166 s)
2026-10-04T02:41:58.3385150Z   ● Console
2026-10-04T02:41:58.3385789Z 
2026-10-04T02:41:58.3386500Z     console.log
2026-10-04T02:41:58.3387573Z       ================ DEPLOY READINESS BOARD (R100) ================
2026-10-04T02:41:58.3388290Z       mode: INFORMATIONAL (PR / pre-launch)
2026-10-04T02:41:58.3388794Z       
2026-10-04T02:41:58.3389225Z       --- STUB VALUES [RED=0] ---
2026-10-04T02:41:58.3389756Z         BLOCK_SHIP=0  WARN=7  INFO=5
2026-10-04T02:41:58.3390685Z         [warn] src/coach/command-center/ltv-metrics.dto.ts:153  STUB (tracked debt or low-signal)
2026-10-04T02:41:58.3391868Z         [warn] src/contracts/contracts.module.ts:47  STUB (tracked debt or low-signal)
2026-10-04T02:41:58.3392953Z         [warn] src/contracts/contracts.module.ts:53  STUB (tracked debt or low-signal)
2026-10-04T02:41:58.3394691Z         [warn] src/contracts/providers/docusign.provider.ts:11  STUB (tracked debt or low-signal)
2026-10-04T02:41:58.3396097Z         [warn] src/contracts/providers/native-canvas.provider.ts:11  STUB (tracked debt or low-signal)
2026-10-04T02:41:58.3397342Z         [warn] src/gym/gym-distribution.service.ts:4  STUB (tracked debt or low-signal)
2026-10-04T02:41:58.3398536Z         [warn] src/scheduling/scheduling.controller.ts:83  Coming soon (tracked debt or low-signal)
2026-10-04T02:41:58.3399589Z         no blocking stub/placeholder tokens in production-bound src/
2026-10-04T02:41:58.3400210Z       
2026-10-04T02:41:58.3400721Z       ---------------------------------------------------------------
2026-10-04T02:41:58.3401372Z       GATING RED LINES (this run): 0
2026-10-04T02:41:58.3401951Z       PROD-DEPLOY RED LINES (strict): 0
2026-10-04T02:41:58.3402657Z       EXIT: ALL CLEAR → SAFE TO DEPLOY
2026-10-04T02:41:58.3403259Z       ===============================================================
2026-10-04T02:41:58.3421473Z 
2026-10-04T02:41:58.3421875Z       at Object.<anonymous> (test/deploy-readiness.spec.ts:1240:15)
2026-10-04T02:41:58.3422328Z 
2026-10-04T02:41:58.3422460Z     console.log
2026-10-04T02:41:58.3422959Z       ================ DEPLOY READINESS BOARD (R100) ================
2026-10-04T02:41:58.3423490Z       mode: INFORMATIONAL (PR / pre-launch)
2026-10-04T02:41:58.3424123Z       
2026-10-04T02:41:58.3424442Z       --- STUB VALUES [RED=0] ---
2026-10-04T02:41:58.3424858Z         BLOCK_SHIP=0  WARN=7  INFO=5
2026-10-04T02:41:58.3425552Z         [warn] src/coach/command-center/ltv-metrics.dto.ts:153  STUB (tracked debt or low-signal)
2026-10-04T02:41:58.3426414Z         [warn] src/contracts/contracts.module.ts:47  STUB (tracked debt or low-signal)
2026-10-04T02:41:58.3427209Z         [warn] src/contracts/contracts.module.ts:53  STUB (tracked debt or low-signal)
2026-10-04T02:41:58.3428082Z         [warn] src/contracts/providers/docusign.provider.ts:11  STUB (tracked debt or low-signal)
2026-10-04T02:41:58.3429046Z         [warn] src/contracts/providers/native-canvas.provider.ts:11  STUB (tracked debt or low-signal)
2026-10-04T02:41:58.3429951Z         [warn] src/gym/gym-distribution.service.ts:4  STUB (tracked debt or low-signal)
2026-10-04T02:41:58.3430838Z         [warn] src/scheduling/scheduling.controller.ts:83  Coming soon (tracked debt or low-signal)
2026-10-04T02:41:58.3431905Z         no blocking stub/placeholder tokens in production-bound src/
2026-10-04T02:41:58.3432394Z       
2026-10-04T02:41:58.3432700Z       --- PROD SWITCHES [RED=0] ---
2026-10-04T02:41:58.3433152Z         registry switches: 240   coherence errors: 0
2026-10-04T02:41:58.3433861Z         switch states: WRONG=0  WARN=31  OK=209
2026-10-04T02:41:58.3434618Z         [⚠️ WARN] ANDROID_SHA256_FINGERPRINT: actual=<unset> expected=ON ⚠️
2026-10-04T02:41:58.3435350Z         [⚠️ WARN] ANTHROPIC_API_KEY: actual=<unset> expected=ON ⚠️
2026-10-04T02:41:58.3436010Z         [⚠️ WARN] APPLE_AUDIENCES: actual=<unset> expected=ON ⚠️
2026-10-04T02:41:58.3436642Z         [⚠️ WARN] APPLE_TEAM_ID: actual=<unset> expected=ON ⚠️
2026-10-04T02:41:58.3437259Z         [⚠️ WARN] APP_STORE_URL: actual=<unset> expected=ON ⚠️
2026-10-04T02:41:58.3437938Z         [⚠️ WARN] CHECKOUT_RECOVERY_SECRET: actual=<unset> expected=ON ⚠️
2026-10-04T02:41:58.3438860Z         [⚠️ WARN] COACH_BRIEF_ENABLED: actual=<unset> expected=ON ⚠️
2026-10-04T02:41:58.3439738Z         [⚠️ WARN] COACH_BRIEF_NOTIFICATIONS_ENABLED: actual=<unset> expected=ON ⚠️
2026-10-04T02:41:58.3440524Z         [⚠️ WARN] COACH_BRIEF_RETENTION_DAYS: actual=<unset> expected=ON ⚠️
2026-10-04T02:41:58.3441192Z         [⚠️ WARN] CORS_ORIGINS: actual=<unset> expected=ON ⚠️
2026-10-04T02:41:58.3441827Z         [⚠️ WARN] DIRECT_URL: actual=<unset> expected=MUST_SET ⚠️
2026-10-04T02:41:58.3442484Z         [⚠️ WARN] EXERCISEDB_API_KEY: actual=<unset> expected=ON ⚠️
2026-10-04T02:41:58.3443133Z         [⚠️ WARN] GOOGLE_CLIENT_ID: actual=<unset> expected=ON ⚠️
2026-10-04T02:41:58.3444155Z         [⚠️ WARN] GOOGLE_CLIENT_IDS: actual=<unset> expected=ON ⚠️
2026-10-04T02:41:58.3444855Z         [⚠️ WARN] GUEST_CHECKOUT_PII_SALT: actual=<unset> expected=ON ⚠️
2026-10-04T02:41:58.3445532Z         [⚠️ WARN] PLAY_STORE_URL: actual=<unset> expected=ON ⚠️
2026-10-04T02:41:58.3446213Z         [⚠️ WARN] PUBLIC_INVITE_BASE_URL: actual=<unset> expected=ON ⚠️
2026-10-04T02:41:58.3446930Z         [⚠️ WARN] PUBLIC_WEB_SIGNUP_URL: actual=<unset> expected=ON ⚠️
2026-10-04T02:41:58.3447600Z         [⚠️ WARN] RESEND_API_KEY: actual=<unset> expected=ON ⚠️
2026-10-04T02:41:58.3448244Z         [⚠️ WARN] RESEND_FROM_EMAIL: actual=<unset> expected=ON ⚠️
2026-10-04T02:41:58.3448862Z         [⚠️ WARN] SENTRY_DSN: actual=<unset> expected=ON ⚠️
2026-10-04T02:41:58.3449498Z         [⚠️ WARN] STOREFRONT_BASE_URL: actual=<unset> expected=ON ⚠️
2026-10-04T02:41:58.3450230Z         [⚠️ WARN] STRIPE_CHECKOUT_CANCEL_URL: actual=<unset> expected=ON ⚠️
2026-10-04T02:41:58.3450989Z         [⚠️ WARN] STRIPE_CHECKOUT_SUCCESS_URL: actual=<unset> expected=ON ⚠️
2026-10-04T02:41:58.3451724Z         [⚠️ WARN] STRIPE_PRICE_ID_FITNESS: actual=<unset> expected=ON ⚠️
2026-10-04T02:41:58.3452463Z         [✅ OK] ADMIN_SERVICE_TOKEN: actual=<unset> expected=STUB_ALLOWED ✅
2026-10-04T02:41:58.3453228Z         [✅ OK] AI_GATEWAY_CAPABILITIES: actual=<unset> expected=STUB_ALLOWED ✅
2026-10-04T02:41:58.3454410Z         [✅ OK] AI_GATEWAY_PROVIDER: actual=<unset> expected=STUB_ALLOWED ✅
2026-10-04T02:41:58.3455549Z         [✅ OK] AI_GATEWAY_REQUIRE_APPROVAL: actual=<unset> expected=STUB_ALLOWED ✅
2026-10-04T02:41:58.3456556Z         [✅ OK] ALLOW_SELF_SERVICE_BECOME_COACH: actual=<unset> expected=STUB_ALLOWED ✅
2026-10-04T02:41:58.3457544Z         [✅ OK] ANDROID_CERT_SHA256_FINGERPRINTS: actual=<unset> expected=STUB_ALLOWED ✅
2026-10-04T02:41:58.3458467Z         [✅ OK] ANDROID_PACKAGE_NAME: actual=<unset> expected=STUB_ALLOWED ✅
2026-10-04T02:41:58.3459321Z         [✅ OK] APPLE_NONCE_REQUIRED: actual=<unset> expected=STUB_ALLOWED ✅
2026-10-04T02:41:58.3460100Z         [✅ OK] APP_URL: actual=<unset> expected=STUB_ALLOWED ✅
2026-10-04T02:41:58.3460907Z         [✅ OK] AUDIT_LOGGING_ENABLED: actual=<unset> expected=STUB_ALLOWED ✅
2026-10-04T02:41:58.3461443Z       
2026-10-04T02:41:58.3461854Z       --- ENV REGISTRATION (code invariant) [RED=0] ---
2026-10-04T02:41:58.3462584Z         env names read by src/: 333   registered in ENV_RULES: 333   unregistered: 0
2026-10-04T02:41:58.3463716Z         registered but not read by src/ (informational): 0
2026-10-04T02:41:58.3464276Z         all env reads registered
2026-10-04T02:41:58.3464656Z       
2026-10-04T02:41:58.3465150Z       --- OAUTH / INTEGRATION WIRING [RED=7 (informational on PR)] ---
2026-10-04T02:41:58.3465820Z         providers: WIRED=0  STUB=7  NOT_USED=3
2026-10-04T02:41:58.3466569Z         [STUB] Supabase (auth + DB)  missing=-  placeholder=SUPABASE_SERVICE_ROLE_KEY
2026-10-04T02:41:58.3467448Z         [STUB] Stripe  missing=STRIPE_SECRET_KEY,STRIPE_WEBHOOK_SECRET  placeholder=-
2026-10-04T02:41:58.3468183Z         [STUB] OpenAI  missing=OPENAI_API_KEY  placeholder=-
2026-10-04T02:41:58.3468886Z         [STUB] SendGrid (email)  missing=SENDGRID_API_KEY  placeholder=-
2026-10-04T02:41:58.3469673Z         [STUB] Mux (video)  missing=MUX_TOKEN_ID,MUX_TOKEN_SECRET  placeholder=-
2026-10-04T02:41:58.3470395Z         [STUB] Fly.io  missing=FLY_API_TOKEN  placeholder=-
2026-10-04T02:41:58.3471240Z         [STUB] Sentry  missing=SENTRY_DSN,SENTRY_AUTH_TOKEN  placeholder=-
2026-10-04T02:41:58.3471759Z       
2026-10-04T02:41:58.3472166Z       --- ENV DISCOVERY [RED=44 (informational on PR)] ---
2026-10-04T02:41:58.3472764Z         env vars discovered: 347   registry size: 240
2026-10-04T02:41:58.3473308Z         unregistered in code (R108): 44
2026-10-04T02:41:58.3493442Z         [GAP] AI_GATEWAY_ENABLED referenced in src/ but absent from prod-switches.yml
2026-10-04T02:41:58.3494627Z         [GAP] AWS_KMS_KEY_ID referenced in src/ but absent from prod-switches.yml
2026-10-04T02:41:58.3495748Z         [GAP] COACH_AI_CREDIT_PACK_CHECKOUT_PER_MIN referenced in src/ but absent from prod-switches.yml
2026-10-04T02:41:58.3496764Z         [GAP] CONSOLE_URL referenced in src/ but absent from prod-switches.yml
2026-10-04T02:41:58.3497667Z         [GAP] DATA_EXPORT_S3_ENDPOINT referenced in src/ but absent from prod-switches.yml
2026-10-04T02:41:58.3498698Z         [GAP] DELETION_GRACE_DAYS referenced in src/ but absent from prod-switches.yml
2026-10-04T02:41:58.3499402Z         [GAP] DELETION_RECEIPT_SECRET referenced in src/ but absent from prod-switches.yml
2026-10-04T02:41:58.3500086Z         [GAP] DELETION_RECEIPT_SECRET_PREVIOUS referenced in src/ but absent from prod-switches.yml
2026-10-04T02:41:58.3500754Z         [GAP] DELETION_TOKEN_TTL_HOURS referenced in src/ but absent from prod-switches.yml
2026-10-04T02:41:58.3501391Z         [GAP] EMAIL_DIGEST_CLIENT_ENABLED referenced in src/ but absent from prod-switches.yml
2026-10-04T02:41:58.3502030Z         [GAP] EMAIL_DIGEST_COACH_ENABLED referenced in src/ but absent from prod-switches.yml
2026-10-04T02:41:58.3502631Z         [GAP] EMAIL_FROM_ADDRESS referenced in src/ but absent from prod-switches.yml
2026-10-04T02:41:58.3503196Z         [GAP] EMAIL_TRANSPORT referenced in src/ but absent from prod-switches.yml
2026-10-04T02:41:58.3504598Z         [GAP] FEATURE_BANK_PAYOUTS_V2 referenced in src/ but absent from prod-switches.yml
2026-10-04T02:41:58.3505713Z         [GAP] FEATURE_CONTRACTS_ENABLED referenced in src/ but absent from prod-switches.yml
2026-10-04T02:41:58.3506842Z         [GAP] FEATURE_MWB_AUTOSAVE_UNDO referenced in src/ but absent from prod-switches.yml
2026-10-04T02:41:58.3507970Z         [GAP] FEATURE_ROMAN_CHAT_ENABLED referenced in src/ but absent from prod-switches.yml
2026-10-04T02:41:58.3509102Z         [GAP] FEATURE_STRIPE_TREASURY_PAYOUTS referenced in src/ but absent from prod-switches.yml
2026-10-04T02:41:58.3510133Z         [GAP] JWT_SIGNING_KEY referenced in src/ but absent from prod-switches.yml
2026-10-04T02:41:58.3511142Z         [GAP] JWT_SIGNING_KEY_PREVIOUS referenced in src/ but absent from prod-switches.yml
2026-10-04T02:41:58.3512150Z         [GAP] KMS_PROVIDER referenced in src/ but absent from prod-switches.yml
2026-10-04T02:41:58.3513092Z         [GAP] METRICS_AUTH_TOKEN referenced in src/ but absent from prod-switches.yml
2026-10-04T02:41:58.3514349Z         [GAP] MUX_SIGNING_KEY_ID referenced in src/ but absent from prod-switches.yml
2026-10-04T02:41:58.3515592Z         [GAP] MUX_SIGNING_KEY_PRIVATE referenced in src/ but absent from prod-switches.yml
2026-10-04T02:41:58.3516563Z         [GAP] MUX_TOKEN_ID referenced in src/ but absent from prod-switches.yml
2026-10-04T02:41:58.3517530Z         [GAP] MUX_TOKEN_SECRET referenced in src/ but absent from prod-switches.yml
2026-10-04T02:41:58.3518558Z         [GAP] MUX_WEBHOOK_SECRET referenced in src/ but absent from prod-switches.yml
2026-10-04T02:41:58.3519678Z         [GAP] MWB_AUTOSAVE_LOCK_TOKEN_SECRET referenced in src/ but absent from prod-switches.yml
2026-10-04T02:41:58.3520818Z         [GAP] PAIR_CODE_TTL_SECONDS referenced in src/ but absent from prod-switches.yml
2026-10-04T02:41:58.3521830Z         [GAP] PAIR_REDEEM_PER_MIN referenced in src/ but absent from prod-switches.yml
2026-10-04T02:41:58.3522996Z         [GAP] POSTMARK_SERVER_TOKEN referenced in src/ but absent from prod-switches.yml
2026-10-04T02:41:58.3524675Z         [GAP] SCOUT_RUN_DEADLINE_MS referenced in src/ but absent from prod-switches.yml
2026-10-04T02:41:58.3525725Z         [GAP] SENDGRID_API_KEY referenced in src/ but absent from prod-switches.yml
2026-10-04T02:41:58.3526626Z         [GAP] SENTRY_RELEASE referenced in src/ but absent from prod-switches.yml
2026-10-04T02:41:58.3527597Z         [GAP] SMTP_FROM referenced in src/ but absent from prod-switches.yml
2026-10-04T02:41:58.3528448Z         [GAP] SMTP_HOST referenced in src/ but absent from prod-switches.yml
2026-10-04T02:41:58.3529297Z         [GAP] SMTP_PASS referenced in src/ but absent from prod-switches.yml
2026-10-04T02:41:58.3530208Z         [GAP] SMTP_PORT referenced in src/ but absent from prod-switches.yml
2026-10-04T02:41:58.3531132Z         [GAP] SMTP_SECURE referenced in src/ but absent from prod-switches.yml
2026-10-04T02:41:58.3532071Z         [GAP] SMTP_USER referenced in src/ but absent from prod-switches.yml
2026-10-04T02:41:58.3533103Z         [GAP] VOICE_KEY_SIGNING_SECRET referenced in src/ but absent from prod-switches.yml
2026-10-04T02:41:58.3564670Z         [GAP] ZOOM_OAUTH_ACCOUNT_ID referenced in src/ but absent from prod-switches.yml
2026-10-04T02:41:58.3565702Z         [GAP] ZOOM_OAUTH_CLIENT_ID referenced in src/ but absent from prod-switches.yml
2026-10-04T02:41:58.3566726Z         [GAP] ZOOM_OAUTH_CLIENT_SECRET referenced in src/ but absent from prod-switches.yml
2026-10-04T02:41:58.3567424Z       
2026-10-04T02:41:58.3567838Z       --- AUTO-FLIPPER [INFO] ---
2026-10-04T02:41:58.3568485Z         would auto-flip: 3   already current: 0   skipped: 237
2026-10-04T02:41:58.3569364Z         + COACH_BRIEF_ENABLED ← true   (was unset)
2026-10-04T02:41:58.3570207Z         + COACH_BRIEF_NOTIFICATIONS_ENABLED ← true   (was unset)
2026-10-04T02:41:58.3571030Z         + FEATURE_COMMUNITY_SCHEMA ← true   (was unset)
2026-10-04T02:41:58.3571548Z       
2026-10-04T02:41:58.3572043Z       --- OPERATOR KEYS [RED=13 (informational on PR)] ---
2026-10-04T02:41:58.3572712Z         operator keys outstanding: 13
2026-10-04T02:41:58.3573280Z           MUST_SET switches unset: 3
2026-10-04T02:41:58.3574170Z           provider credentials missing/placeholder: 10
2026-10-04T02:41:58.3574873Z         [KEY] fly secrets set DIRECT_URL=<value>   (platform)
2026-10-04T02:41:58.3575607Z         [KEY] fly secrets set FLY_API_TOKEN=<value>   (platform)
2026-10-04T02:41:58.3576315Z         [KEY] fly secrets set FLY_APP_NAME=<value>   (platform)
2026-10-04T02:41:58.3577148Z         [KEY] SUPABASE_SERVICE_ROLE_KEY is a placeholder for Supabase (auth + DB)
2026-10-04T02:41:58.3577962Z         [KEY] fly secrets set STRIPE_SECRET_KEY=<value>   (Stripe)
2026-10-04T02:41:58.3578704Z         [KEY] fly secrets set STRIPE_WEBHOOK_SECRET=<value>   (Stripe)
2026-10-04T02:41:58.3579416Z         [KEY] fly secrets set OPENAI_API_KEY=<value>   (OpenAI)
2026-10-04T02:41:58.3580203Z         [KEY] fly secrets set SENDGRID_API_KEY=<value>   (SendGrid (email))
2026-10-04T02:41:58.3581035Z         [KEY] fly secrets set MUX_TOKEN_ID=<value>   (Mux (video))
2026-10-04T02:41:58.3581794Z         [KEY] fly secrets set MUX_TOKEN_SECRET=<value>   (Mux (video))
2026-10-04T02:41:58.3582795Z         [KEY] fly secrets set FLY_API_TOKEN=<value>   (Fly.io)
2026-10-04T02:41:58.3583486Z         [KEY] fly secrets set SENTRY_DSN=<value>   (Sentry)
2026-10-04T02:41:58.3584466Z         [KEY] fly secrets set SENTRY_AUTH_TOKEN=<value>   (Sentry)
2026-10-04T02:41:58.3585014Z       
2026-10-04T02:41:58.3585509Z       ---------------------------------------------------------------
2026-10-04T02:41:58.3586148Z       GATING RED LINES (this run): 0
2026-10-04T02:41:58.3586689Z       PROD-DEPLOY RED LINES (strict): 95
2026-10-04T02:41:58.3587354Z       EXIT: ALL CLEAR → SAFE TO DEPLOY
2026-10-04T02:41:58.3587935Z       ===============================================================
2026-10-04T02:41:58.3588306Z 
2026-10-04T02:41:58.3588670Z       at Object.<anonymous> (test/deploy-readiness.spec.ts:1252:15)
2026-10-04T02:41:58.3589413Z 
2026-10-04T02:41:59.6264674Z [33m[Nest] 3682  - [39m10/04/2026, 2:41:59 AM [33m   WARN[39m [38;5;3m[ScoutService] [39m[33mscout progress flush failed for coach-1:intent-1:device-a: Error[39m
2026-10-04T02:41:59.6273992Z [33m[Nest] 3682  - [39m10/04/2026, 2:41:59 AM [33m   WARN[39m [38;5;3m[ScoutService] [39m[33mscout progress flush failed for coach-1:intent-1:device-a: Error[39m
2026-10-04T02:41:59.6276606Z [33m[Nest] 3682  - [39m10/04/2026, 2:41:59 AM [33m   WARN[39m [38;5;3m[ScoutService] [39m[33mscout progress flush failed for coach-1:intent-1:device-a: Error[39m
2026-10-04T02:41:59.6279912Z [33m[Nest] 3682  - [39m10/04/2026, 2:41:59 AM [33m   WARN[39m [38;5;3m[ScoutService] [39m[33mimport.complete push failed for coach coach-1: Error[39m
2026-10-04T02:41:59.6285673Z [33m[Nest] 3682  - [39m10/04/2026, 2:41:59 AM [33m   WARN[39m [38;5;3m[ScoutService] [39m[33mimport.complete push failed for coach coach-1: Error[39m
2026-10-04T02:41:59.6288337Z [33m[Nest] 3682  - [39m10/04/2026, 2:41:59 AM [33m   WARN[39m [38;5;3m[ScoutService] [39m[33mscout settle pre-flush failed for run coach-1:intent-1: Error[39m
2026-10-04T02:41:59.6290943Z [33m[Nest] 3682  - [39m10/04/2026, 2:41:59 AM [33m   WARN[39m [38;5;3m[ScoutService] [39m[33mscout settle pre-flush failed for run coach-1:intent-1: Error[39m
2026-10-04T02:41:59.6293514Z [33m[Nest] 3682  - [39m10/04/2026, 2:41:59 AM [33m   WARN[39m [38;5;3m[ScoutService] [39m[33mscout settle pre-flush failed for run coach-1:intent-1: Error[39m
2026-10-04T02:41:59.6296303Z [33m[Nest] 3682  - [39m10/04/2026, 2:41:59 AM [33m   WARN[39m [38;5;3m[ScoutService] [39m[33mscout settle pre-flush failed for run coach-1:intent-1: Error[39m
2026-10-04T02:41:59.6533007Z [31m[Nest] 3682  - [39m10/04/2026, 2:41:59 AM [31m  ERROR[39m [38;5;3m[ScoutService] [39m[31mscout import intent-1 has an unrecognised persisted terminal_status; failing closed to 'failed'[39m
2026-10-04T02:41:59.6561675Z [31m[Nest] 3682  - [39m10/04/2026, 2:41:59 AM [31m  ERROR[39m [38;5;3m[ScoutService] [39m[31mscout import intent-1 has an unrecognised persisted terminal_status; failing closed to 'failed'[39m
2026-10-04T02:41:59.7890019Z PASS src/scout/scout.service.spec.ts
2026-10-04T02:42:00.4405234Z [31m[Nest] 3682  - [39m10/04/2026, 2:42:00 AM [31m  ERROR[39m [38;5;3m[DripDispatcherCron] [39m[31mdrip-dispatcher PERMANENT FAILURE drop=drop-1 client=client-1 coach=coach-1 package=package-1 content=content-1 asset_type=meal_plan attempts=5/5 reason=still broken[39m
2026-10-04T02:42:00.5366275Z [33m[Nest] 3682  - [39m10/04/2026, 2:42:00 AM [33m   WARN[39m [38;5;3m[DripDispatcherCron] [39m[33mdrip-dispatcher transient failure drop=drop-1 attempt=1/5 next_retry_at=2026-01-01T13:01:00.000Z reason=transient downstream blip[39m
2026-10-04T02:42:00.5385707Z [33m[Nest] 3682  - [39m10/04/2026, 2:42:00 AM [33m   WARN[39m [38;5;3m[DripDispatcherCron] [39m[33mdrip-dispatcher transient failure drop=drop-1 attempt=1/5 next_retry_at=2026-01-01T13:01:00.000Z reason=blip[39m
2026-10-04T02:42:00.5394883Z [33m[Nest] 3682  - [39m10/04/2026, 2:42:00 AM [33m   WARN[39m [38;5;3m[DripDispatcherCron] [39m[33mdrip-dispatcher in-app notification failed drop=drop-1 client=client-1: expo blew up[39m
2026-10-04T02:42:00.5398004Z [33m[Nest] 3682  - [39m10/04/2026, 2:42:00 AM [33m   WARN[39m [38;5;3m[DripDispatcherCron] [39m[33mdrip-dispatcher push notification failed drop=drop-1 client=client-1: expo blew up[39m
2026-10-04T02:42:00.5401161Z [33m[Nest] 3682  - [39m10/04/2026, 2:42:00 AM [33m   WARN[39m [38;5;3m[DripDispatcherCron] [39m[33mdrip-dispatcher push-channel notification row failed drop=drop-1 client=client-1: expo blew up[39m
2026-10-04T02:42:00.7186680Z [31m[Nest] 3682  - [39m10/04/2026, 2:42:00 AM [31m  ERROR[39m [38;5;3m[DripDispatcherCron] [39m[31mdrip-dispatcher: AssignableAssetResolverRegistry not wired — cannot dispatch[39m
2026-10-04T02:42:00.7284908Z [31m[Nest] 3682  - [39m10/04/2026, 2:42:00 AM [31m  ERROR[39m [38;5;3m[DripDispatcherCron] [39m[31mdrip-dispatcher: drop=drop-1 has no ClientPurchase row — canceled[39m
2026-10-04T02:42:00.7318420Z PASS test/drip-dispatcher.cron.spec.ts
2026-10-04T02:42:00.8110954Z [33m[Nest] 3682  - [39m10/04/2026, 2:42:00 AM [33m   WARN[39m [38;5;3m[DripDispatcherCron] [39m[33mdrip-dispatcher reclaiming stranded drop=drop-1 (worker crash recovery); prior locked_at was stale[39m
2026-10-04T02:42:00.8145686Z [32m[Nest] 3682  - [39m10/04/2026, 2:42:00 AM [32m    LOG[39m [38;5;3m[DripDispatcherCron] [39m[32mdrip-dispatcher reclaimed 1 stranded dispatching drop(s)[39m
2026-10-04T02:42:00.8166352Z [95m[Nest] 3682  - [39m10/04/2026, 2:42:00 AM [95m  DEBUG[39m [38;5;3m[DripDispatcherCron] [39m[95mdrip-dispatcher alert skipped for drop=drop-1 client=client-1: alert claim count=0 (notify off pre-stamp or already alerted by another worker)[39m
2026-10-04T02:42:00.8188550Z [95m[Nest] 3682  - [39m10/04/2026, 2:42:00 AM [95m  DEBUG[39m [38;5;3m[DripDispatcherCron] [39m[95mdrip-dispatcher alert skipped for drop=drop-1 client=client-1: alert claim count=0 (notify off pre-stamp or already alerted by another worker)[39m
2026-10-04T02:42:00.8192647Z [95m[Nest] 3682  - [39m10/04/2026, 2:42:00 AM [95m  DEBUG[39m [38;5;3m[DripDispatcherCron] [39m[95mdrip-dispatcher alert skipped for drop=drop-1 client=client-1: alert claim count=0 (notify off pre-stamp or already alerted by another worker)[39m
2026-10-04T02:42:00.8196546Z [33m[Nest] 3682  - [39m10/04/2026, 2:42:00 AM [33m   WARN[39m [38;5;3m[DripDispatcherCron] [39m[33mdrip-dispatcher in-app notification failed drop=drop-1 client=client-1: expo blew up[39m
2026-10-04T02:42:00.8199602Z [33m[Nest] 3682  - [39m10/04/2026, 2:42:00 AM [33m   WARN[39m [38;5;3m[DripDispatcherCron] [39m[33mdrip-dispatcher push notification failed drop=drop-1 client=client-1: expo blew up[39m
2026-10-04T02:42:00.8202725Z [33m[Nest] 3682  - [39m10/04/2026, 2:42:00 AM [33m   WARN[39m [38;5;3m[DripDispatcherCron] [39m[33mdrip-dispatcher push-channel notification row failed drop=drop-1 client=client-1: expo blew up[39m
2026-10-04T02:42:00.8206644Z [95m[Nest] 3682  - [39m10/04/2026, 2:42:00 AM [95m  DEBUG[39m [38;5;3m[DripDispatcherCron] [39m[95mdrip-dispatcher alert skipped for drop=drop-1 client=client-1: alert claim count=0 (notify off pre-stamp or already alerted by another worker)[39m
2026-10-04T02:42:01.3154857Z PASS test/refund-dispute-handler.service.spec.ts
2026-10-04T02:42:01.3589841Z [33m[Nest] 3682  - [39m10/04/2026, 2:42:01 AM [33m   WARN[39m [38;5;3m[RefundDisputeHandlerService] [39m[33mcoach refund notification failed refund=rf_n charge=ch_alert coach=coach-1: expo unreachable[39m
2026-10-04T02:42:02.4893111Z PASS test/invite-grant.spec.ts
2026-10-04T02:42:03.4694906Z PASS test/workout-builder.service.spec.ts
2026-10-04T02:42:04.0476849Z PASS test/command-center.service.spec.ts
2026-10-04T02:42:04.9534260Z PASS test/checkout.service.spec.ts
2026-10-04T02:42:05.4217748Z PASS test/packages.service.spec.ts
2026-10-04T02:42:06.5945353Z PASS test/scout/reconciliation/facts.service.spec.ts
2026-10-04T02:42:08.4672665Z PASS test/community/safety/community-block-two-way.spec.ts
2026-10-04T02:42:08.5055871Z [32m[Nest] 3682  - [39m10/04/2026, 2:42:08 AM [32m    LOG[39m [38;5;3m[CommunitySearchService] [39mObject(7) {
2026-10-04T02:42:08.5087538Z   event: [32m'community_search_query'[39m,
2026-10-04T02:42:08.5095593Z   workspace_id: [32m'11111111-1111-4111-8111-111111111111'[39m,
2026-10-04T02:42:08.5097159Z   user_id: [32m'33333333-3333-4333-8333-333333333333'[39m,
2026-10-04T02:42:08.5098075Z   term_length: [33m4[39m,
2026-10-04T02:42:08.5098800Z   kind: [1mnull[22m,
2026-10-04T02:42:08.5099578Z   result_count: [33m2[39m,
2026-10-04T02:42:08.5100399Z   took_ms: [33m1[39m
2026-10-04T02:42:08.5101092Z }
2026-10-04T02:42:08.5102548Z [32m[Nest] 3682  - [39m10/04/2026, 2:42:08 AM [32m    LOG[39m [38;5;3m[CommunitySearchService] [39mObject(7) {
2026-10-04T02:42:08.5104208Z   event: [32m'community_search_query'[39m,
2026-10-04T02:42:08.5105868Z   workspace_id: [32m'11111111-1111-4111-8111-111111111111'[39m,
2026-10-04T02:42:08.5107091Z   user_id: [32m'44444444-4444-4444-8444-444444444444'[39m,
2026-10-04T02:42:08.5107983Z   term_length: [33m4[39m,
2026-10-04T02:42:08.5108707Z   kind: [1mnull[22m,
2026-10-04T02:42:08.5109396Z   result_count: [33m2[39m,
2026-10-04T02:42:08.5110193Z   took_ms: [33m0[39m
2026-10-04T02:42:08.5110891Z }
2026-10-04T02:42:08.5112330Z [32m[Nest] 3682  - [39m10/04/2026, 2:42:08 AM [32m    LOG[39m [38;5;3m[CommunitySearchService] [39mObject(7) {
2026-10-04T02:42:08.5114942Z   event: [32m'community_search_query'[39m,
2026-10-04T02:42:08.5116133Z   workspace_id: [32m'11111111-1111-4111-8111-111111111111'[39m,
2026-10-04T02:42:08.5144454Z   user_id: [32m'44444444-4444-4444-8444-444444444444'[39m,
2026-10-04T02:42:08.5156514Z   term_length: [33m4[39m,
2026-10-04T02:42:08.5157472Z   kind: [1mnull[22m,
2026-10-04T02:42:08.5158316Z   result_count: [33m3[39m,
2026-10-04T02:42:08.5159207Z   took_ms: [33m0[39m
2026-10-04T02:42:08.5159900Z }
2026-10-04T02:42:08.5161359Z [32m[Nest] 3682  - [39m10/04/2026, 2:42:08 AM [32m    LOG[39m [38;5;3m[CommunitySearchService] [39mObject(7) {
2026-10-04T02:42:08.5162697Z   event: [32m'community_search_query'[39m,
2026-10-04T02:42:08.5164171Z   workspace_id: [32m'11111111-1111-4111-8111-111111111111'[39m,
2026-10-04T02:42:08.5165401Z   user_id: [32m'33333333-3333-4333-8333-333333333333'[39m,
2026-10-04T02:42:08.5166287Z   term_length: [33m4[39m,
2026-10-04T02:42:08.5166999Z   kind: [1mnull[22m,
2026-10-04T02:42:08.5167798Z   result_count: [33m2[39m,
2026-10-04T02:42:08.5168645Z   took_ms: [33m0[39m
2026-10-04T02:42:08.5169312Z }
2026-10-04T02:42:08.5170755Z [32m[Nest] 3682  - [39m10/04/2026, 2:42:08 AM [32m    LOG[39m [38;5;3m[CommunitySearchService] [39mObject(7) {
2026-10-04T02:42:08.5172161Z   event: [32m'community_search_query'[39m,
2026-10-04T02:42:08.5173306Z   workspace_id: [32m'11111111-1111-4111-8111-111111111111'[39m,
2026-10-04T02:42:08.5174903Z   user_id: [32m'44444444-4444-4444-8444-444444444444'[39m,
2026-10-04T02:42:08.5175784Z   term_length: [33m4[39m,
2026-10-04T02:42:08.5176489Z   kind: [1mnull[22m,
2026-10-04T02:42:08.5177137Z   result_count: [33m2[39m,
2026-10-04T02:42:08.5177882Z   took_ms: [33m0[39m
2026-10-04T02:42:08.5178490Z }
2026-10-04T02:42:08.5179853Z [32m[Nest] 3682  - [39m10/04/2026, 2:42:08 AM [32m    LOG[39m [38;5;3m[CommunitySearchService] [39mObject(7) {
2026-10-04T02:42:08.5181136Z   event: [32m'community_search_query'[39m,
2026-10-04T02:42:08.5182224Z   workspace_id: [32m'11111111-1111-4111-8111-111111111111'[39m,
2026-10-04T02:42:08.5183323Z   user_id: [32m'44444444-4444-4444-8444-444444444444'[39m,
2026-10-04T02:42:08.5184475Z   term_length: [33m4[39m,
2026-10-04T02:42:08.5185208Z   kind: [1mnull[22m,
2026-10-04T02:42:08.5185913Z   result_count: [33m3[39m,
2026-10-04T02:42:08.5186623Z   took_ms: [33m0[39m
2026-10-04T02:42:08.5187242Z }
2026-10-04T02:42:08.6645082Z PASS test/ci/fly-env-sync-behavior.spec.ts (35.894 s)
2026-10-04T02:42:09.4192044Z [33m[Nest] 3681  - [39m10/04/2026, 2:42:09 AM [33m   WARN[39m [38;5;3m[CoachAIBudgetService] [39mObject(8) {
2026-10-04T02:42:09.4193752Z   event: [32m'COACH_AI_BUDGET_RACE_OVERSHOOT'[39m,
2026-10-04T02:42:09.4224494Z   coachId: [32m'coach-r'[39m,
2026-10-04T02:42:09.4254238Z   capability: [32m'client_chat'[39m,
2026-10-04T02:42:09.4284225Z   contextId: [1mnull[22m,
2026-10-04T02:42:09.4285114Z   actualCostCents: [33m50[39m,
2026-10-04T02:42:09.4314288Z   ceilingCents: [33m4000[39m,
2026-10-04T02:42:09.4344274Z   actualUsedCents: [33m3800[39m,
2026-10-04T02:42:09.4364355Z   periodEnd: [32m'2026-11-01T00:00:00.000Z'[39m
2026-10-04T02:42:09.4374041Z }
2026-10-04T02:42:09.4405399Z [33m[Nest] 3681  - [39m10/04/2026, 2:42:09 AM [33m   WARN[39m [38;5;3m[CoachAIBudgetService] [39m[33mbudget race overshoot — charge could not be absorbed[39m
2026-10-04T02:42:09.4434766Z [33m[Nest] 3681  - [39m10/04/2026, 2:42:09 AM [33m   WARN[39m [38;5;3m[CoachAIBudgetService] [39mObject(8) {
2026-10-04T02:42:09.4464361Z   event: [32m'COACH_AI_BUDGET_RACE_OVERSHOOT'[39m,
2026-10-04T02:42:09.4465255Z   coachId: [32m'coach-r'[39m,
2026-10-04T02:42:09.4494162Z   capability: [32m'client_chat'[39m,
2026-10-04T02:42:09.4524304Z   contextId: [1mnull[22m,
2026-10-04T02:42:09.4525150Z   actualCostCents: [33m50[39m,
2026-10-04T02:42:09.4554392Z   ceilingCents: [33m4000[39m,
2026-10-04T02:42:09.4584351Z   actualUsedCents: [33m3800[39m,
2026-10-04T02:42:09.4614378Z   periodEnd: [32m'2026-11-01T00:00:00.000Z'[39m
2026-10-04T02:42:09.4615176Z }
2026-10-04T02:42:09.4645248Z [33m[Nest] 3681  - [39m10/04/2026, 2:42:09 AM [33m   WARN[39m [38;5;3m[CoachAIBudgetService] [39m[33mbudget race overshoot — charge could not be absorbed[39m
2026-10-04T02:42:09.4675002Z [33m[Nest] 3681  - [39m10/04/2026, 2:42:09 AM [33m   WARN[39m [38;5;3m[CoachAIBudgetService] [39mObject(8) {
2026-10-04T02:42:09.4704371Z   event: [32m'COACH_AI_BUDGET_RACE_OVERSHOOT'[39m,
2026-10-04T02:42:09.4705021Z   coachId: [32m'coach-r'[39m,
2026-10-04T02:42:09.4734421Z   capability: [32m'client_chat'[39m,
2026-10-04T02:42:09.4764129Z   contextId: [1mnull[22m,
2026-10-04T02:42:09.4794306Z   actualCostCents: [33m50[39m,
2026-10-04T02:42:09.4795130Z   ceilingCents: [33m4000[39m,
2026-10-04T02:42:09.4824231Z   actualUsedCents: [33m3800[39m,
2026-10-04T02:42:09.4854231Z   periodEnd: [32m'2026-11-01T00:00:00.000Z'[39m
2026-10-04T02:42:09.4854897Z }
2026-10-04T02:42:09.4885227Z [33m[Nest] 3681  - [39m10/04/2026, 2:42:09 AM [33m   WARN[39m [38;5;3m[CoachAIBudgetService] [39m[33mbudget race overshoot — charge could not be absorbed[39m
2026-10-04T02:42:09.4914714Z [33m[Nest] 3681  - [39m10/04/2026, 2:42:09 AM [33m   WARN[39m [38;5;3m[CoachAIBudgetService] [39mObject(8) {
2026-10-04T02:42:09.4944302Z   event: [32m'COACH_AI_BUDGET_RACE_OVERSHOOT'[39m,
2026-10-04T02:42:09.4945176Z   coachId: [32m'coach-r'[39m,
2026-10-04T02:42:09.4974166Z   capability: [32m'client_chat'[39m,
2026-10-04T02:42:09.5004053Z   contextId: [1mnull[22m,
2026-10-04T02:42:09.5034391Z   actualCostCents: [33m50[39m,
2026-10-04T02:42:09.5035132Z   ceilingCents: [33m4000[39m,
2026-10-04T02:42:09.5064268Z   actualUsedCents: [33m3800[39m,
2026-10-04T02:42:09.5094237Z   periodEnd: [32m'2026-11-01T00:00:00.000Z'[39m
2026-10-04T02:42:09.5124065Z }
2026-10-04T02:42:09.5125910Z [33m[Nest] 3681  - [39m10/04/2026, 2:42:09 AM [33m   WARN[39m [38;5;3m[CoachAIBudgetService] [39m[33mbudget race overshoot — charge could not be absorbed[39m
2026-10-04T02:42:09.5154938Z [33m[Nest] 3681  - [39m10/04/2026, 2:42:09 AM [33m   WARN[39m [38;5;3m[CoachAIBudgetService] [39mObject(8) {
2026-10-04T02:42:09.5184224Z   event: [32m'COACH_AI_BUDGET_RACE_OVERSHOOT'[39m,
2026-10-04T02:42:09.5214365Z   coachId: [32m'coach-r'[39m,
2026-10-04T02:42:09.5215257Z   capability: [32m'client_chat'[39m,
2026-10-04T02:42:09.5244283Z   contextId: [1mnull[22m,
2026-10-04T02:42:09.5274249Z   actualCostCents: [33m50[39m,
2026-10-04T02:42:09.5294563Z   ceilingCents: [33m4000[39m,
2026-10-04T02:42:09.5304371Z   actualUsedCents: [33m3800[39m,
2026-10-04T02:42:09.5334234Z   periodEnd: [32m'2026-11-01T00:00:00.000Z'[39m
2026-10-04T02:42:09.5364110Z }
2026-10-04T02:42:09.5365831Z [33m[Nest] 3681  - [39m10/04/2026, 2:42:09 AM [33m   WARN[39m [38;5;3m[CoachAIBudgetService] [39m[33mbudget race overshoot — charge could not be absorbed[39m
2026-10-04T02:42:09.5394737Z [33m[Nest] 3681  - [39m10/04/2026, 2:42:09 AM [33m   WARN[39m [38;5;3m[CoachAIBudgetService] [39mObject(8) {
2026-10-04T02:42:09.5424440Z   event: [32m'COACH_AI_BUDGET_RACE_OVERSHOOT'[39m,
2026-10-04T02:42:09.5454279Z   coachId: [32m'coach-r'[39m,
2026-10-04T02:42:09.5455073Z   capability: [32m'client_chat'[39m,
2026-10-04T02:42:09.5484358Z   contextId: [1mnull[22m,
2026-10-04T02:42:09.5508866Z   actualCostCents: [33m50[39m,
2026-10-04T02:42:09.5534158Z   ceilingCents: [33m4000[39m,
2026-10-04T02:42:09.5564280Z   actualUsedCents: [33m3800[39m,
2026-10-04T02:42:09.5564979Z   periodEnd: [32m'2026-11-01T00:00:00.000Z'[39m
2026-10-04T02:42:09.5565459Z }
2026-10-04T02:42:09.5566873Z [33m[Nest] 3681  - [39m10/04/2026, 2:42:09 AM [33m   WARN[39m [38;5;3m[CoachAIBudgetService] [39m[33mbudget race overshoot — charge could not be absorbed[39m
2026-10-04T02:42:10.3320338Z PASS test/payment-ops.controller.spec.ts
2026-10-04T02:42:11.2163396Z PASS test/payouts-v2.spec.ts
2026-10-04T02:42:11.4740672Z [31m[Nest] 3681  - [39m10/04/2026, 2:42:11 AM [31m  ERROR[39m [38;5;3m[CoachAIBudgetScheduler] [39mObject(3) {
2026-10-04T02:42:11.4765062Z   event: [32m'COACH_AI_BUDGET_ROLLOVER_ERROR'[39m,
2026-10-04T02:42:11.4821748Z   err: [32m'db boom'[39m,
2026-10-04T02:42:11.4832558Z   duration_ms: [33m1[39m
2026-10-04T02:42:11.4861915Z }
2026-10-04T02:42:11.4876974Z rollover cron failed — will retry on next tick
2026-10-04T02:42:11.4877935Z PASS test/ai-credits-stream1.spec.ts
2026-10-04T02:42:11.5681889Z [32m[Nest] 3681  - [39m10/04/2026, 2:42:11 AM [32m    LOG[39m [38;5;3m[CoachAIBudgetScheduler] [39mObject(3) {
2026-10-04T02:42:11.5683322Z   event: [32m'COACH_AI_BUDGET_ROLLOVER_TICK'[39m,
2026-10-04T02:42:11.5684470Z   rolled: [33m2[39m,
2026-10-04T02:42:11.5685278Z   duration_ms: [33m0[39m
2026-10-04T02:42:11.5685902Z }
2026-10-04T02:42:11.5687550Z [32m[Nest] 3681  - [39m10/04/2026, 2:42:11 AM [32m    LOG[39m [38;5;3m[CoachAIBudgetScheduler] [39m[32mrollover tick — rolled=2 duration_ms=0[39m
2026-10-04T02:42:11.9439988Z PASS src/community/challenges/__tests__/pagination.repository.spec.ts
2026-10-04T02:42:12.1017324Z PASS test/package-push.service.spec.ts
2026-10-04T02:42:12.6354786Z PASS test/dunning.service.spec.ts
2026-10-04T02:42:12.6357624Z [32m[Nest] 3682  - [39m10/04/2026, 2:42:12 AM [32m    LOG[39m [38;5;3m[DunningService] [39m[32m{"event":"dunning.attempt_scheduled","purchase_id":"p1","dunning_state_id":"d-1","step_index":0,"scheduled_for":"2026-10-04T02:42:12.531Z","kind":"soft"}[39m
2026-10-04T02:42:12.6396364Z [32m[Nest] 3682  - [39m10/04/2026, 2:42:12 AM [32m    LOG[39m [38;5;3m[DunningService] [39m[32m{"event":"dunning.attempt_scheduled","purchase_id":"p1","dunning_state_id":"d-1","step_index":1,"scheduled_for":"2026-10-07T02:42:12.531Z","kind":"urgent"}[39m
2026-10-04T02:42:12.6400093Z [32m[Nest] 3682  - [39m10/04/2026, 2:42:12 AM [32m    LOG[39m [38;5;3m[DunningService] [39m[32m{"event":"dunning.attempt_scheduled","purchase_id":"p1","dunning_state_id":"d-1","step_index":2,"scheduled_for":"2026-10-11T02:42:12.531Z","kind":"final"}[39m
2026-10-04T02:42:12.6408110Z [32m[Nest] 3682  - [39m10/04/2026, 2:42:12 AM [32m    LOG[39m [38;5;3m[DunningService] [39m[32m{"event":"dunning.attempt_scheduled","purchase_id":"p1","dunning_state_id":"d-1","step_index":3,"scheduled_for":"2026-10-18T02:42:12.531Z","kind":"cancelled"}[39m
2026-10-04T02:42:12.6412255Z [32m[Nest] 3682  - [39m10/04/2026, 2:42:12 AM [32m    LOG[39m [38;5;3m[DunningService] [39m[32m{"event":"dunning.opened","purchase_id":"p1","dunning_state_id":"d-1","invoice_id":"inv_1","amount_cents":9900,"attempt_number":1}[39m
2026-10-04T02:42:12.6416583Z [32m[Nest] 3682  - [39m10/04/2026, 2:42:12 AM [32m    LOG[39m [38;5;3m[DunningService] [39m[32m{"event":"dunning.attempt_scheduled","purchase_id":"p1","dunning_state_id":"d-1","step_index":0,"scheduled_for":"2026-10-04T02:42:12.538Z","kind":"soft"}[39m
2026-10-04T02:42:12.6420550Z [32m[Nest] 3682  - [39m10/04/2026, 2:42:12 AM [32m    LOG[39m [38;5;3m[DunningService] [39m[32m{"event":"dunning.attempt_scheduled","purchase_id":"p1","dunning_state_id":"d-1","step_index":1,"scheduled_for":"2026-10-07T02:42:12.538Z","kind":"urgent"}[39m
2026-10-04T02:42:12.6424787Z [32m[Nest] 3682  - [39m10/04/2026, 2:42:12 AM [32m    LOG[39m [38;5;3m[DunningService] [39m[32m{"event":"dunning.attempt_scheduled","purchase_id":"p1","dunning_state_id":"d-1","step_index":2,"scheduled_for":"2026-10-11T02:42:12.538Z","kind":"final"}[39m
2026-10-04T02:42:12.6429067Z [32m[Nest] 3682  - [39m10/04/2026, 2:42:12 AM [32m    LOG[39m [38;5;3m[DunningService] [39m[32m{"event":"dunning.attempt_scheduled","purchase_id":"p1","dunning_state_id":"d-1","step_index":3,"scheduled_for":"2026-10-18T02:42:12.538Z","kind":"cancelled"}[39m
2026-10-04T02:42:12.6432839Z [32m[Nest] 3682  - [39m10/04/2026, 2:42:12 AM [32m    LOG[39m [38;5;3m[DunningService] [39m[32m{"event":"dunning.opened","purchase_id":"p1","dunning_state_id":"d-1","invoice_id":"inv_1","amount_cents":9900,"attempt_number":1}[39m
2026-10-04T02:42:12.6436413Z [32m[Nest] 3682  - [39m10/04/2026, 2:42:12 AM [32m    LOG[39m [38;5;3m[DunningService] [39m[32m{"event":"dunning.failure_recorded","purchase_id":"p1","dunning_state_id":"d-1","failure_count":3}[39m
2026-10-04T02:42:12.6440115Z [32m[Nest] 3682  - [39m10/04/2026, 2:42:12 AM [32m    LOG[39m [38;5;3m[DunningService] [39m[32m{"event":"dunning.attempt_scheduled","purchase_id":"p1","dunning_state_id":"d-1","step_index":0,"scheduled_for":"2026-10-04T02:42:12.540Z","kind":"soft"}[39m
2026-10-04T02:42:12.6444351Z [32m[Nest] 3682  - [39m10/04/2026, 2:42:12 AM [32m    LOG[39m [38;5;3m[DunningService] [39m[32m{"event":"dunning.attempt_scheduled","purchase_id":"p1","dunning_state_id":"d-1","step_index":1,"scheduled_for":"2026-10-07T02:42:12.540Z","kind":"urgent"}[39m
2026-10-04T02:42:12.6455442Z [32m[Nest] 3682  - [39m10/04/2026, 2:42:12 AM [32m    LOG[39m [38;5;3m[DunningService] [39m[32m{"event":"dunning.attempt_scheduled","purchase_id":"p1","dunning_state_id":"d-1","step_index":2,"scheduled_for":"2026-10-11T02:42:12.540Z","kind":"final"}[39m
2026-10-04T02:42:12.6459466Z [32m[Nest] 3682  - [39m10/04/2026, 2:42:12 AM [32m    LOG[39m [38;5;3m[DunningService] [39m[32m{"event":"dunning.attempt_scheduled","purchase_id":"p1","dunning_state_id":"d-1","step_index":3,"scheduled_for":"2026-10-18T02:42:12.540Z","kind":"cancelled"}[39m
2026-10-04T02:42:12.6463267Z [32m[Nest] 3682  - [39m10/04/2026, 2:42:12 AM [32m    LOG[39m [38;5;3m[DunningService] [39m[32m{"event":"dunning.opened","purchase_id":"p1","dunning_state_id":"d-1","invoice_id":"inv_1","amount_cents":9900,"attempt_number":1}[39m
2026-10-04T02:42:12.6466967Z [32m[Nest] 3682  - [39m10/04/2026, 2:42:12 AM [32m    LOG[39m [38;5;3m[DunningService] [39m[32m{"event":"dunning.recovered","purchase_id":"p1","dunning_state_id":"d-1","step_index_at_recovery":-1}[39m
2026-10-04T02:42:12.6470615Z [32m[Nest] 3682  - [39m10/04/2026, 2:42:12 AM [32m    LOG[39m [38;5;3m[DunningService] [39m[32m{"event":"dunning.attempt_scheduled","purchase_id":"p1","dunning_state_id":"d-1","step_index":0,"scheduled_for":"2026-10-04T02:42:12.542Z","kind":"soft"}[39m
2026-10-04T02:42:12.6474791Z [32m[Nest] 3682  - [39m10/04/2026, 2:42:12 AM [32m    LOG[39m [38;5;3m[DunningService] [39m[32m{"event":"dunning.attempt_scheduled","purchase_id":"p1","dunning_state_id":"d-1","step_index":1,"scheduled_for":"2026-10-07T02:42:12.542Z","kind":"urgent"}[39m
2026-10-04T02:42:12.6478939Z [32m[Nest] 3682  - [39m10/04/2026, 2:42:12 AM [32m    LOG[39m [38;5;3m[DunningService] [39m[32m{"event":"dunning.attempt_scheduled","purchase_id":"p1","dunning_state_id":"d-1","step_index":2,"scheduled_for":"2026-10-11T02:42:12.542Z","kind":"final"}[39m
2026-10-04T02:42:12.6482979Z [32m[Nest] 3682  - [39m10/04/2026, 2:42:12 AM [32m    LOG[39m [38;5;3m[DunningService] [39m[32m{"event":"dunning.attempt_scheduled","purchase_id":"p1","dunning_state_id":"d-1","step_index":3,"scheduled_for":"2026-10-18T02:42:12.542Z","kind":"cancelled"}[39m
2026-10-04T02:42:12.6487012Z [32m[Nest] 3682  - [39m10/04/2026, 2:42:12 AM [32m    LOG[39m [38;5;3m[DunningService] [39m[32m{"event":"dunning.opened","purchase_id":"p1","dunning_state_id":"d-1","invoice_id":"inv_2","amount_cents":9900,"attempt_number":1}[39m
2026-10-04T02:42:12.6490810Z [32m[Nest] 3682  - [39m10/04/2026, 2:42:12 AM [32m    LOG[39m [38;5;3m[DunningService] [39m[32m{"event":"dunning.attempt_scheduled","purchase_id":"p1","dunning_state_id":"d-1","step_index":0,"scheduled_for":"2026-10-04T02:42:12.544Z","kind":"soft"}[39m
2026-10-04T02:42:12.6495289Z [32m[Nest] 3682  - [39m10/04/2026, 2:42:12 AM [32m    LOG[39m [38;5;3m[DunningService] [39m[32m{"event":"dunning.attempt_scheduled","purchase_id":"p1","dunning_state_id":"d-1","step_index":1,"scheduled_for":"2026-10-07T02:42:12.544Z","kind":"urgent"}[39m
2026-10-04T02:42:12.6499204Z [32m[Nest] 3682  - [39m10/04/2026, 2:42:12 AM [32m    LOG[39m [38;5;3m[DunningService] [39m[32m{"event":"dunning.attempt_scheduled","purchase_id":"p1","dunning_state_id":"d-1","step_index":2,"scheduled_for":"2026-10-11T02:42:12.544Z","kind":"final"}[39m
2026-10-04T02:42:12.6503225Z [32m[Nest] 3682  - [39m10/04/2026, 2:42:12 AM [32m    LOG[39m [38;5;3m[DunningService] [39m[32m{"event":"dunning.attempt_scheduled","purchase_id":"p1","dunning_state_id":"d-1","step_index":3,"scheduled_for":"2026-10-18T02:42:12.544Z","kind":"cancelled"}[39m
2026-10-04T02:42:12.6507284Z [32m[Nest] 3682  - [39m10/04/2026, 2:42:12 AM [32m    LOG[39m [38;5;3m[DunningService] [39m[32m{"event":"dunning.opened","purchase_id":"p1","dunning_state_id":"d-1","invoice_id":"inv_1","amount_cents":9900,"attempt_number":4}[39m
2026-10-04T02:42:12.6511132Z [32m[Nest] 3682  - [39m10/04/2026, 2:42:12 AM [32m    LOG[39m [38;5;3m[DunningService] [39m[32m{"event":"dunning.attempt_scheduled","purchase_id":"p1","dunning_state_id":"d-1","step_index":0,"scheduled_for":"2026-10-04T02:42:12.547Z","kind":"soft"}[39m
2026-10-04T02:42:12.6515314Z [32m[Nest] 3682  - [39m10/04/2026, 2:42:12 AM [32m    LOG[39m [38;5;3m[DunningService] [39m[32m{"event":"dunning.attempt_scheduled","purchase_id":"p1","dunning_state_id":"d-1","step_index":1,"scheduled_for":"2026-10-07T02:42:12.547Z","kind":"urgent"}[39m
2026-10-04T02:42:12.6519173Z [32m[Nest] 3682  - [39m10/04/2026, 2:42:12 AM [32m    LOG[39m [38;5;3m[DunningService] [39m[32m{"event":"dunning.attempt_scheduled","purchase_id":"p1","dunning_state_id":"d-1","step_index":2,"scheduled_for":"2026-10-11T02:42:12.547Z","kind":"final"}[39m
2026-10-04T02:42:12.6523031Z [32m[Nest] 3682  - [39m10/04/2026, 2:42:12 AM [32m    LOG[39m [38;5;3m[DunningService] [39m[32m{"event":"dunning.attempt_scheduled","purchase_id":"p1","dunning_state_id":"d-1","step_index":3,"scheduled_for":"2026-10-18T02:42:12.547Z","kind":"cancelled"}[39m
2026-10-04T02:42:12.6527132Z [32m[Nest] 3682  - [39m10/04/2026, 2:42:12 AM [32m    LOG[39m [38;5;3m[DunningService] [39m[32m{"event":"dunning.opened","purchase_id":"p1","dunning_state_id":"d-1","invoice_id":"inv_1","amount_cents":9900,"attempt_number":1}[39m
2026-10-04T02:42:12.6530888Z [32m[Nest] 3682  - [39m10/04/2026, 2:42:12 AM [32m    LOG[39m [38;5;3m[DunningService] [39m[32m{"event":"dunning.attempt_sent","purchase_id":"p1","dunning_state_id":"d-1","attempt_id":"a-2","step_index":0,"kind":"soft","retried":false}[39m
2026-10-04T02:42:12.6535117Z [32m[Nest] 3682  - [39m10/04/2026, 2:42:12 AM [32m    LOG[39m [38;5;3m[DunningService] [39m[32m{"event":"dunning.attempt_sent","purchase_id":"p1","dunning_state_id":"d-1","attempt_id":"a-3","step_index":1,"kind":"urgent","retried":false}[39m
2026-10-04T02:42:12.6538870Z [32m[Nest] 3682  - [39m10/04/2026, 2:42:12 AM [32m    LOG[39m [38;5;3m[DunningService] [39m[32m{"event":"dunning.attempt_sent","purchase_id":"p1","dunning_state_id":"d-1","attempt_id":"a-4","step_index":2,"kind":"final","retried":false}[39m
2026-10-04T02:42:12.6542630Z [32m[Nest] 3682  - [39m10/04/2026, 2:42:12 AM [32m    LOG[39m [38;5;3m[DunningService] [39m[32m{"event":"dunning.attempt_sent","purchase_id":"p1","dunning_state_id":"d-1","attempt_id":"a-5","step_index":3,"kind":"cancelled","retried":false}[39m
2026-10-04T02:42:12.6546752Z [32m[Nest] 3682  - [39m10/04/2026, 2:42:12 AM [32m    LOG[39m [38;5;3m[DunningService] [39m[32m{"event":"dunning.attempt_scheduled","purchase_id":"p1","dunning_state_id":"d-1","step_index":0,"scheduled_for":"2026-10-04T02:42:12.552Z","kind":"soft"}[39m
2026-10-04T02:42:12.6550990Z [32m[Nest] 3682  - [39m10/04/2026, 2:42:12 AM [32m    LOG[39m [38;5;3m[DunningService] [39m[32m{"event":"dunning.attempt_scheduled","purchase_id":"p1","dunning_state_id":"d-1","step_index":1,"scheduled_for":"2026-10-07T02:42:12.552Z","kind":"urgent"}[39m
2026-10-04T02:42:12.6555176Z [32m[Nest] 3682  - [39m10/04/2026, 2:42:12 AM [32m    LOG[39m [38;5;3m[DunningService] [39m[32m{"event":"dunning.attempt_scheduled","purchase_id":"p1","dunning_state_id":"d-1","step_index":2,"scheduled_for":"2026-10-11T02:42:12.552Z","kind":"final"}[39m
2026-10-04T02:42:12.6559068Z [32m[Nest] 3682  - [39m10/04/2026, 2:42:12 AM [32m    LOG[39m [38;5;3m[DunningService] [39m[32m{"event":"dunning.attempt_scheduled","purchase_id":"p1","dunning_state_id":"d-1","step_index":3,"scheduled_for":"2026-10-18T02:42:12.552Z","kind":"cancelled"}[39m
2026-10-04T02:42:12.6562867Z [32m[Nest] 3682  - [39m10/04/2026, 2:42:12 AM [32m    LOG[39m [38;5;3m[DunningService] [39m[32m{"event":"dunning.opened","purchase_id":"p1","dunning_state_id":"d-1","invoice_id":"inv_1","amount_cents":9900,"attempt_number":1}[39m
2026-10-04T02:42:12.6566787Z [32m[Nest] 3682  - [39m10/04/2026, 2:42:12 AM [32m    LOG[39m [38;5;3m[DunningService] [39m[32m{"event":"dunning.attempt_sent","purchase_id":"p1","dunning_state_id":"d-1","attempt_id":"a-2","step_index":0,"kind":"soft","retried":false}[39m
2026-10-04T02:42:12.6570629Z [32m[Nest] 3682  - [39m10/04/2026, 2:42:12 AM [32m    LOG[39m [38;5;3m[DunningService] [39m[32m{"event":"dunning.attempt_scheduled","purchase_id":"p1","dunning_state_id":"d-1","step_index":0,"scheduled_for":"2026-10-04T02:42:12.554Z","kind":"soft"}[39m
2026-10-04T02:42:12.6574864Z [32m[Nest] 3682  - [39m10/04/2026, 2:42:12 AM [32m    LOG[39m [38;5;3m[DunningService] [39m[32m{"event":"dunning.attempt_scheduled","purchase_id":"p1","dunning_state_id":"d-1","step_index":1,"scheduled_for":"2026-10-07T02:42:12.554Z","kind":"urgent"}[39m
2026-10-04T02:42:12.6578825Z [32m[Nest] 3682  - [39m10/04/2026, 2:42:12 AM [32m    LOG[39m [38;5;3m[DunningService] [39m[32m{"event":"dunning.attempt_scheduled","purchase_id":"p1","dunning_state_id":"d-1","step_index":2,"scheduled_for":"2026-10-11T02:42:12.554Z","kind":"final"}[39m
2026-10-04T02:42:12.6606401Z [32m[Nest] 3682  - [39m10/04/2026, 2:42:12 AM [32m    LOG[39m [38;5;3m[DunningService] [39m[32m{"event":"dunning.attempt_scheduled","purchase_id":"p1","dunning_state_id":"d-1","step_index":3,"scheduled_for":"2026-10-18T02:42:12.554Z","kind":"cancelled"}[39m
2026-10-04T02:42:12.6637490Z [32m[Nest] 3682  - [39m10/04/2026, 2:42:12 AM [32m    LOG[39m [38;5;3m[DunningService] [39m[32m{"event":"dunning.opened","purchase_id":"p1","dunning_state_id":"d-1","invoice_id":"inv_1","amount_cents":9900,"attempt_number":1}[39m
2026-10-04T02:42:12.6645862Z [32m[Nest] 3682  - [39m10/04/2026, 2:42:12 AM [32m    LOG[39m [38;5;3m[DunningService] [39m[32m{"event":"dunning.recovered","purchase_id":"p1","dunning_state_id":"d-1","step_index_at_recovery":-1}[39m
2026-10-04T02:42:12.6686463Z [32m[Nest] 3682  - [39m10/04/2026, 2:42:12 AM [32m    LOG[39m [38;5;3m[DunningService] [39m[32m{"event":"dunning.attempt_scheduled","purchase_id":"p1","dunning_state_id":"d-1","step_index":0,"scheduled_for":"2026-10-04T02:42:12.556Z","kind":"soft"}[39m
2026-10-04T02:42:12.6696328Z [32m[Nest] 3682  - [39m10/04/2026, 2:42:12 AM [32m    LOG[39m [38;5;3m[DunningService] [39m[32m{"event":"dunning.attempt_scheduled","purchase_id":"p1","dunning_state_id":"d-1","step_index":1,"scheduled_for":"2026-10-07T02:42:12.556Z","kind":"urgent"}[39m
2026-10-04T02:42:12.6726292Z [32m[Nest] 3682  - [39m10/04/2026, 2:42:12 AM [32m    LOG[39m [38;5;3m[DunningService] [39m[32m{"event":"dunning.attempt_scheduled","purchase_id":"p1","dunning_state_id":"d-1","step_index":2,"scheduled_for":"2026-10-11T02:42:12.556Z","kind":"final"}[39m
2026-10-04T02:42:12.6746221Z [32m[Nest] 3682  - [39m10/04/2026, 2:42:12 AM [32m    LOG[39m [38;5;3m[DunningService] [39m[32m{"event":"dunning.attempt_scheduled","purchase_id":"p1","dunning_state_id":"d-1","step_index":3,"scheduled_for":"2026-10-18T02:42:12.556Z","kind":"cancelled"}[39m
2026-10-04T02:42:12.6766042Z [32m[Nest] 3682  - [39m10/04/2026, 2:42:12 AM [32m    LOG[39m [38;5;3m[DunningService] [39m[32m{"event":"dunning.opened","purchase_id":"p1","dunning_state_id":"d-1","invoice_id":"inv_1","amount_cents":9900,"attempt_number":1}[39m
2026-10-04T02:42:12.6785786Z [32m[Nest] 3682  - [39m10/04/2026, 2:42:12 AM [32m    LOG[39m [38;5;3m[DunningService] [39m[32m{"event":"dunning.recovered","purchase_id":"p1","dunning_state_id":"d-1","step_index_at_recovery":-1}[39m
2026-10-04T02:42:12.6789454Z [32m[Nest] 3682  - [39m10/04/2026, 2:42:12 AM [32m    LOG[39m [38;5;3m[DunningService] [39m[32m{"event":"dunning.attempt_scheduled","purchase_id":"p1","dunning_state_id":"d-1","step_index":0,"scheduled_for":"2026-10-04T02:42:12.559Z","kind":"soft"}[39m
2026-10-04T02:42:12.6793403Z [32m[Nest] 3682  - [39m10/04/2026, 2:42:12 AM [32m    LOG[39m [38;5;3m[DunningService] [39m[32m{"event":"dunning.attempt_scheduled","purchase_id":"p1","dunning_state_id":"d-1","step_index":1,"scheduled_for":"2026-10-07T02:42:12.559Z","kind":"urgent"}[39m
2026-10-04T02:42:12.6822542Z [32m[Nest] 3682  - [39m10/04/2026, 2:42:12 AM [32m    LOG[39m [38;5;3m[DunningService] [39m[32m{"event":"dunning.attempt_scheduled","purchase_id":"p1","dunning_state_id":"d-1","step_index":2,"scheduled_for":"2026-10-11T02:42:12.559Z","kind":"final"}[39m
2026-10-04T02:42:12.6826873Z [32m[Nest] 3682  - [39m10/04/2026, 2:42:12 AM [32m    LOG[39m [38;5;3m[DunningService] [39m[32m{"event":"dunning.attempt_scheduled","purchase_id":"p1","dunning_state_id":"d-1","step_index":3,"scheduled_for":"2026-10-18T02:42:12.559Z","kind":"cancelled"}[39m
2026-10-04T02:42:12.6830652Z [32m[Nest] 3682  - [39m10/04/2026, 2:42:12 AM [32m    LOG[39m [38;5;3m[DunningService] [39m[32m{"event":"dunning.opened","purchase_id":"p1","dunning_state_id":"d-1","invoice_id":"inv_1","amount_cents":9900,"attempt_number":1}[39m
2026-10-04T02:42:12.6834246Z [32m[Nest] 3682  - [39m10/04/2026, 2:42:12 AM [32m    LOG[39m [38;5;3m[DunningService] [39m[32m{"event":"dunning.cancelled","purchase_id":"p1","dunning_state_id":"d-1","reason":"subscription_deleted"}[39m
2026-10-04T02:42:12.6837941Z [32m[Nest] 3682  - [39m10/04/2026, 2:42:12 AM [32m    LOG[39m [38;5;3m[DunningService] [39m[32m{"event":"dunning.attempt_scheduled","purchase_id":"p1","dunning_state_id":"d-1","step_index":0,"scheduled_for":"2026-10-04T02:42:12.561Z","kind":"soft"}[39m
2026-10-04T02:42:12.6841902Z [32m[Nest] 3682  - [39m10/04/2026, 2:42:12 AM [32m    LOG[39m [38;5;3m[DunningService] [39m[32m{"event":"dunning.attempt_scheduled","purchase_id":"p1","dunning_state_id":"d-1","step_index":1,"scheduled_for":"2026-10-07T02:42:12.561Z","kind":"urgent"}[39m
2026-10-04T02:42:12.6846304Z [32m[Nest] 3682  - [39m10/04/2026, 2:42:12 AM [32m    LOG[39m [38;5;3m[DunningService] [39m[32m{"event":"dunning.attempt_scheduled","purchase_id":"p1","dunning_state_id":"d-1","step_index":2,"scheduled_for":"2026-10-11T02:42:12.561Z","kind":"final"}[39m
2026-10-04T02:42:12.6850566Z [32m[Nest] 3682  - [39m10/04/2026, 2:42:12 AM [32m    LOG[39m [38;5;3m[DunningService] [39m[32m{"event":"dunning.attempt_scheduled","purchase_id":"p1","dunning_state_id":"d-1","step_index":3,"scheduled_for":"2026-10-18T02:42:12.561Z","kind":"cancelled"}[39m
2026-10-04T02:42:12.6885754Z [32m[Nest] 3682  - [39m10/04/2026, 2:42:12 AM [32m    LOG[39m [38;5;3m[DunningService] [39m[32m{"event":"dunning.opened","purchase_id":"p1","dunning_state_id":"d-1","invoice_id":"inv_1","amount_cents":9900,"attempt_number":1}[39m
2026-10-04T02:42:12.6888367Z [32m[Nest] 3682  - [39m10/04/2026, 2:42:12 AM [32m    LOG[39m [38;5;3m[DunningService] [39m[32m{"event":"dunning.cancelled","purchase_id":"p1","dunning_state_id":"d-1","reason":"subscription_deleted"}[39m
2026-10-04T02:42:12.6891127Z [32m[Nest] 3682  - [39m10/04/2026, 2:42:12 AM [32m    LOG[39m [38;5;3m[DunningService] [39m[32m{"event":"dunning.attempt_scheduled","purchase_id":"p1","dunning_state_id":"d-1","step_index":0,"scheduled_for":"2026-10-04T02:42:12.564Z","kind":"soft"}[39m
2026-10-04T02:42:12.6894385Z [32m[Nest] 3682  - [39m10/04/2026, 2:42:12 AM [32m    LOG[39m [38;5;3m[DunningService] [39m[32m{"event":"dunning.attempt_scheduled","purchase_id":"p1","dunning_state_id":"d-1","step_index":1,"scheduled_for":"2026-10-07T02:42:12.564Z","kind":"urgent"}[39m
2026-10-04T02:42:12.6897625Z [32m[Nest] 3682  - [39m10/04/2026, 2:42:12 AM [32m    LOG[39m [38;5;3m[DunningService] [39m[32m{"event":"dunning.attempt_scheduled","purchase_id":"p1","dunning_state_id":"d-1","step_index":2,"scheduled_for":"2026-10-11T02:42:12.564Z","kind":"final"}[39m
2026-10-04T02:42:12.6948811Z [32m[Nest] 3682  - [39m10/04/2026, 2:42:12 AM [32m    LOG[39m [38;5;3m[DunningService] [39m[32m{"event":"dunning.attempt_scheduled","purchase_id":"p1","dunning_state_id":"d-1","step_index":3,"scheduled_for":"2026-10-18T02:42:12.564Z","kind":"cancelled"}[39m
2026-10-04T02:42:12.6954699Z [32m[Nest] 3682  - [39m10/04/2026, 2:42:12 AM [32m    LOG[39m [38;5;3m[DunningService] [39m[32m{"event":"dunning.opened","purchase_id":"p1","dunning_state_id":"d-1","invoice_id":"inv_1","amount_cents":9900,"attempt_number":1}[39m
2026-10-04T02:42:12.6957978Z [32m[Nest] 3682  - [39m10/04/2026, 2:42:12 AM [32m    LOG[39m [38;5;3m[DunningService] [39m[32m{"event":"dunning.attempt_sent","purchase_id":"p1","dunning_state_id":"d-1","attempt_id":"a-2","step_index":0,"kind":"soft","retried":false}[39m
2026-10-04T02:42:12.6960127Z [32m[Nest] 3682  - [39m10/04/2026, 2:42:12 AM [32m    LOG[39m [38;5;3m[DunningService] [39m[32m{"event":"dunning.admin_advanced","purchase_id":"p1","attempt_id":"a-2"}[39m
2026-10-04T02:42:12.6961859Z [32m[Nest] 3682  - [39m10/04/2026, 2:42:12 AM [32m    LOG[39m [38;5;3m[DunningService] [39m[32m{"event":"dunning.attempt_sent","purchase_id":"p1","dunning_state_id":"d-1","attempt_id":"a-3","step_index":1,"kind":"urgent","retried":false}[39m
2026-10-04T02:42:12.6963406Z [32m[Nest] 3682  - [39m10/04/2026, 2:42:12 AM [32m    LOG[39m [38;5;3m[DunningService] [39m[32m{"event":"dunning.admin_advanced","purchase_id":"p1","attempt_id":"a-3"}[39m
2026-10-04T02:42:12.6965615Z [32m[Nest] 3682  - [39m10/04/2026, 2:42:12 AM [32m    LOG[39m [38;5;3m[DunningService] [39m[32m{"event":"dunning.attempt_scheduled","purchase_id":"p1","dunning_state_id":"d-1","step_index":0,"scheduled_for":"2026-10-04T02:42:12.567Z","kind":"soft"}[39m
2026-10-04T02:42:12.6995005Z [32m[Nest] 3682  - [39m10/04/2026, 2:42:12 AM [32m    LOG[39m [38;5;3m[DunningService] [39m[32m{"event":"dunning.attempt_scheduled","purchase_id":"p1","dunning_state_id":"d-1","step_index":1,"scheduled_for":"2026-10-07T02:42:12.567Z","kind":"urgent"}[39m
2026-10-04T02:42:12.6998980Z [32m[Nest] 3682  - [39m10/04/2026, 2:42:12 AM [32m    LOG[39m [38;5;3m[DunningService] [39m[32m{"event":"dunning.attempt_scheduled","purchase_id":"p1","dunning_state_id":"d-1","step_index":2,"scheduled_for":"2026-10-11T02:42:12.567Z","kind":"final"}[39m
2026-10-04T02:42:12.7002642Z [32m[Nest] 3682  - [39m10/04/2026, 2:42:12 AM [32m    LOG[39m [38;5;3m[DunningService] [39m[32m{"event":"dunning.attempt_scheduled","purchase_id":"p1","dunning_state_id":"d-1","step_index":3,"scheduled_for":"2026-10-18T02:42:12.567Z","kind":"cancelled"}[39m
2026-10-04T02:42:12.7006262Z [32m[Nest] 3682  - [39m10/04/2026, 2:42:12 AM [32m    LOG[39m [38;5;3m[DunningService] [39m[32m{"event":"dunning.opened","purchase_id":"p1","dunning_state_id":"d-1","invoice_id":"inv_1","amount_cents":9900,"attempt_number":1}[39m
2026-10-04T02:42:12.7009024Z [32m[Nest] 3682  - [39m10/04/2026, 2:42:12 AM [32m    LOG[39m [38;5;3m[DunningService] [39m[32m{"event":"dunning.admin_reset","purchase_id":"p1","dunning_state_id":"d-1"}[39m
2026-10-04T02:42:12.7014765Z [32m[Nest] 3682  - [39m10/04/2026, 2:42:12 AM [32m    LOG[39m [38;5;3m[DunningService] [39m[32m{"event":"dunning.attempt_scheduled","purchase_id":"p1","dunning_state_id":"d-1","step_index":0,"scheduled_for":"2026-10-04T02:42:12.579Z","kind":"soft"}[39m
2026-10-04T02:42:12.7066040Z [32m[Nest] 3682  - [39m10/04/2026, 2:42:12 AM [32m    LOG[39m [38;5;3m[DunningService] [39m[32m{"event":"dunning.attempt_scheduled","purchase_id":"p1","dunning_state_id":"d-1","step_index":1,"scheduled_for":"2026-10-07T02:42:12.579Z","kind":"urgent"}[39m
2026-10-04T02:42:12.7069482Z [32m[Nest] 3682  - [39m10/04/2026, 2:42:12 AM [32m    LOG[39m [38;5;3m[DunningService] [39m[32m{"event":"dunning.attempt_scheduled","purchase_id":"p1","dunning_state_id":"d-1","step_index":2,"scheduled_for":"2026-10-11T02:42:12.579Z","kind":"final"}[39m
2026-10-04T02:42:12.7073126Z [32m[Nest] 3682  - [39m10/04/2026, 2:42:12 AM [32m    LOG[39m [38;5;3m[DunningService] [39m[32m{"event":"dunning.attempt_scheduled","purchase_id":"p1","dunning_state_id":"d-1","step_index":3,"scheduled_for":"2026-10-18T02:42:12.579Z","kind":"cancelled"}[39m
2026-10-04T02:42:12.7076794Z [32m[Nest] 3682  - [39m10/04/2026, 2:42:12 AM [32m    LOG[39m [38;5;3m[DunningService] [39m[32m{"event":"dunning.opened","purchase_id":"p1","dunning_state_id":"d-1","invoice_id":"inv_1","amount_cents":9900,"attempt_number":1}[39m
2026-10-04T02:42:12.7079718Z [32m[Nest] 3682  - [39m10/04/2026, 2:42:12 AM [32m    LOG[39m [38;5;3m[DunningService] [39m[32m{"event":"dunning.cancelled","purchase_id":"p1","dunning_state_id":"d-1","reason":"admin_cancel"}[39m
2026-10-04T02:42:12.7082923Z [32m[Nest] 3682  - [39m10/04/2026, 2:42:12 AM [32m    LOG[39m [38;5;3m[DunningService] [39m[32m{"event":"dunning.attempt_scheduled","purchase_id":"p1","dunning_state_id":"d-1","step_index":0,"scheduled_for":"2026-10-04T02:42:12.583Z","kind":"soft"}[39m
2026-10-04T02:42:12.7116966Z [32m[Nest] 3682  - [39m10/04/2026, 2:42:12 AM [32m    LOG[39m [38;5;3m[DunningService] [39m[32m{"event":"dunning.attempt_scheduled","purchase_id":"p1","dunning_state_id":"d-1","step_index":1,"scheduled_for":"2026-10-07T02:42:12.583Z","kind":"urgent"}[39m
2026-10-04T02:42:12.7120607Z [32m[Nest] 3682  - [39m10/04/2026, 2:42:12 AM [32m    LOG[39m [38;5;3m[DunningService] [39m[32m{"event":"dunning.attempt_scheduled","purchase_id":"p1","dunning_state_id":"d-1","step_index":2,"scheduled_for":"2026-10-11T02:42:12.583Z","kind":"final"}[39m
2026-10-04T02:42:12.7124478Z [32m[Nest] 3682  - [39m10/04/2026, 2:42:12 AM [32m    LOG[39m [38;5;3m[DunningService] [39m[32m{"event":"dunning.attempt_scheduled","purchase_id":"p1","dunning_state_id":"d-1","step_index":3,"scheduled_for":"2026-10-18T02:42:12.583Z","kind":"cancelled"}[39m
2026-10-04T02:42:12.7127911Z [32m[Nest] 3682  - [39m10/04/2026, 2:42:12 AM [32m    LOG[39m [38;5;3m[DunningService] [39m[32m{"event":"dunning.opened","purchase_id":"p1","dunning_state_id":"d-1","invoice_id":"inv_1","amount_cents":9900,"attempt_number":1}[39m
2026-10-04T02:42:12.7131466Z [32m[Nest] 3682  - [39m10/04/2026, 2:42:12 AM [32m    LOG[39m [38;5;3m[DunningService] [39m[32m{"event":"dunning.attempt_sent","purchase_id":"p1","dunning_state_id":"d-1","attempt_id":"a-2","step_index":0,"kind":"soft","retried":false}[39m
2026-10-04T02:42:12.7135117Z [32m[Nest] 3682  - [39m10/04/2026, 2:42:12 AM [32m    LOG[39m [38;5;3m[DunningService] [39m[32m{"event":"dunning.attempt_sent","purchase_id":"p1","dunning_state_id":"d-1","attempt_id":"a-8","step_index":-1,"kind":"soft","retried":false}[39m
2026-10-04T02:42:12.7138020Z [32m[Nest] 3682  - [39m10/04/2026, 2:42:12 AM [32m    LOG[39m [38;5;3m[DunningService] [39m[32m{"event":"dunning.admin_triggered","purchase_id":"p1","step_index":0,"kind":"soft"}[39m
2026-10-04T02:42:12.7141200Z [32m[Nest] 3682  - [39m10/04/2026, 2:42:12 AM [32m    LOG[39m [38;5;3m[DunningService] [39m[32m{"event":"dunning.attempt_scheduled","purchase_id":"p1","dunning_state_id":"d-1","step_index":0,"scheduled_for":"2026-10-04T02:42:12.586Z","kind":"soft"}[39m
2026-10-04T02:42:12.7175452Z [32m[Nest] 3682  - [39m10/04/2026, 2:42:12 AM [32m    LOG[39m [38;5;3m[DunningService] [39m[32m{"event":"dunning.attempt_scheduled","purchase_id":"p1","dunning_state_id":"d-1","step_index":1,"scheduled_for":"2026-10-07T02:42:12.586Z","kind":"urgent"}[39m
2026-10-04T02:42:12.7179166Z [32m[Nest] 3682  - [39m10/04/2026, 2:42:12 AM [32m    LOG[39m [38;5;3m[DunningService] [39m[32m{"event":"dunning.attempt_scheduled","purchase_id":"p1","dunning_state_id":"d-1","step_index":2,"scheduled_for":"2026-10-11T02:42:12.586Z","kind":"final"}[39m
2026-10-04T02:42:12.7182755Z [32m[Nest] 3682  - [39m10/04/2026, 2:42:12 AM [32m    LOG[39m [38;5;3m[DunningService] [39m[32m{"event":"dunning.attempt_scheduled","purchase_id":"p1","dunning_state_id":"d-1","step_index":3,"scheduled_for":"2026-10-18T02:42:12.586Z","kind":"cancelled"}[39m
2026-10-04T02:42:12.7186419Z [32m[Nest] 3682  - [39m10/04/2026, 2:42:12 AM [32m    LOG[39m [38;5;3m[DunningService] [39m[32m{"event":"dunning.opened","purchase_id":"p1","dunning_state_id":"d-1","invoice_id":"inv_1","amount_cents":9900,"attempt_number":1}[39m
2026-10-04T02:42:12.7189737Z [32m[Nest] 3682  - [39m10/04/2026, 2:42:12 AM [32m    LOG[39m [38;5;3m[DunningService] [39m[32m{"event":"dunning.attempt_sent","purchase_id":"p1","dunning_state_id":"d-1","attempt_id":"a-2","step_index":0,"kind":"soft","retried":false}[39m
2026-10-04T02:42:12.7192959Z [32m[Nest] 3682  - [39m10/04/2026, 2:42:12 AM [32m    LOG[39m [38;5;3m[DunningService] [39m[32m{"event":"dunning.cancelled","purchase_id":"p1","dunning_state_id":"d-1","reason":"grace_expired","stripe_canceled":true}[39m
2026-10-04T02:42:12.7196750Z [32m[Nest] 3682  - [39m10/04/2026, 2:42:12 AM [32m    LOG[39m [38;5;3m[DunningService] [39m[32m{"event":"dunning.attempt_scheduled","purchase_id":"p1","dunning_state_id":"d-1","step_index":0,"scheduled_for":"2026-10-04T02:42:12.590Z","kind":"soft"}[39m
2026-10-04T02:42:12.7200347Z [32m[Nest] 3682  - [39m10/04/2026, 2:42:12 AM [32m    LOG[39m [38;5;3m[DunningService] [39m[32m{"event":"dunning.attempt_scheduled","purchase_id":"p1","dunning_state_id":"d-1","step_index":1,"scheduled_for":"2026-10-07T02:42:12.590Z","kind":"urgent"}[39m
2026-10-04T02:42:12.7234300Z [32m[Nest] 3682  - [39m10/04/2026, 2:42:12 AM [32m    LOG[39m [38;5;3m[DunningService] [39m[32m{"event":"dunning.attempt_scheduled","purchase_id":"p1","dunning_state_id":"d-1","step_index":2,"scheduled_for":"2026-10-11T02:42:12.590Z","kind":"final"}[39m
2026-10-04T02:42:12.7238041Z [32m[Nest] 3682  - [39m10/04/2026, 2:42:12 AM [32m    LOG[39m [38;5;3m[DunningService] [39m[32m{"event":"dunning.attempt_scheduled","purchase_id":"p1","dunning_state_id":"d-1","step_index":3,"scheduled_for":"2026-10-18T02:42:12.590Z","kind":"cancelled"}[39m
2026-10-04T02:42:12.7241440Z [32m[Nest] 3682  - [39m10/04/2026, 2:42:12 AM [32m    LOG[39m [38;5;3m[DunningService] [39m[32m{"event":"dunning.opened","purchase_id":"p1","dunning_state_id":"d-1","invoice_id":"inv_1","amount_cents":9900,"attempt_number":1}[39m
2026-10-04T02:42:12.7245213Z [32m[Nest] 3682  - [39m10/04/2026, 2:42:12 AM [32m    LOG[39m [38;5;3m[DunningService] [39m[32m{"event":"dunning.attempt_sent","purchase_id":"p1","dunning_state_id":"d-1","attempt_id":"a-2","step_index":0,"kind":"soft","retried":false}[39m
2026-10-04T02:42:12.7248721Z [32m[Nest] 3682  - [39m10/04/2026, 2:42:12 AM [32m    LOG[39m [38;5;3m[DunningService] [39m[32m{"event":"dunning.attempt_scheduled","purchase_id":"p1","dunning_state_id":"d-1","step_index":0,"scheduled_for":"2026-10-04T02:42:12.592Z","kind":"soft"}[39m
2026-10-04T02:42:12.7252267Z [32m[Nest] 3682  - [39m10/04/2026, 2:42:12 AM [32m    LOG[39m [38;5;3m[DunningService] [39m[32m{"event":"dunning.attempt_scheduled","purchase_id":"p1","dunning_state_id":"d-1","step_index":1,"scheduled_for":"2026-10-07T02:42:12.592Z","kind":"urgent"}[39m
2026-10-04T02:42:12.7256204Z [32m[Nest] 3682  - [39m10/04/2026, 2:42:12 AM [32m    LOG[39m [38;5;3m[DunningService] [39m[32m{"event":"dunning.attempt_scheduled","purchase_id":"p1","dunning_state_id":"d-1","step_index":2,"scheduled_for":"2026-10-11T02:42:12.592Z","kind":"final"}[39m
2026-10-04T02:42:12.7260008Z [32m[Nest] 3682  - [39m10/04/2026, 2:42:12 AM [32m    LOG[39m [38;5;3m[DunningService] [39m[32m{"event":"dunning.attempt_scheduled","purchase_id":"p1","dunning_state_id":"d-1","step_index":3,"scheduled_for":"2026-10-18T02:42:12.592Z","kind":"cancelled"}[39m
2026-10-04T02:42:12.7263404Z [32m[Nest] 3682  - [39m10/04/2026, 2:42:12 AM [32m    LOG[39m [38;5;3m[DunningService] [39m[32m{"event":"dunning.opened","purchase_id":"p1","dunning_state_id":"d-1","invoice_id":"inv_1","amount_cents":9900,"attempt_number":1}[39m
2026-10-04T02:42:12.7307329Z [32m[Nest] 3682  - [39m10/04/2026, 2:42:12 AM [32m    LOG[39m [38;5;3m[DunningService] [39m[32m{"event":"dunning.attempt_scheduled","purchase_id":"p1","dunning_state_id":"d-1","step_index":0,"scheduled_for":"2026-10-04T02:42:12.596Z","kind":"soft"}[39m
2026-10-04T02:42:12.7310986Z [32m[Nest] 3682  - [39m10/04/2026, 2:42:12 AM [32m    LOG[39m [38;5;3m[DunningService] [39m[32m{"event":"dunning.attempt_scheduled","purchase_id":"p1","dunning_state_id":"d-1","step_index":1,"scheduled_for":"2026-10-07T02:42:12.596Z","kind":"urgent"}[39m
2026-10-04T02:42:12.7314840Z [32m[Nest] 3682  - [39m10/04/2026, 2:42:12 AM [32m    LOG[39m [38;5;3m[DunningService] [39m[32m{"event":"dunning.attempt_scheduled","purchase_id":"p1","dunning_state_id":"d-1","step_index":2,"scheduled_for":"2026-10-11T02:42:12.596Z","kind":"final"}[39m
2026-10-04T02:42:12.7318455Z [32m[Nest] 3682  - [39m10/04/2026, 2:42:12 AM [32m    LOG[39m [38;5;3m[DunningService] [39m[32m{"event":"dunning.attempt_scheduled","purchase_id":"p1","dunning_state_id":"d-1","step_index":3,"scheduled_for":"2026-10-18T02:42:12.596Z","kind":"cancelled"}[39m
2026-10-04T02:42:12.7321851Z [32m[Nest] 3682  - [39m10/04/2026, 2:42:12 AM [32m    LOG[39m [38;5;3m[DunningService] [39m[32m{"event":"dunning.opened","purchase_id":"p1","dunning_state_id":"d-1","invoice_id":"inv_1","amount_cents":9900,"attempt_number":1}[39m
2026-10-04T02:42:12.7325132Z [32m[Nest] 3682  - [39m10/04/2026, 2:42:12 AM [32m    LOG[39m [38;5;3m[DunningService] [39m[32m{"event":"dunning.recovered","purchase_id":"p1","dunning_state_id":"d-1","step_index_at_recovery":-1}[39m
2026-10-04T02:42:12.7328281Z [32m[Nest] 3682  - [39m10/04/2026, 2:42:12 AM [32m    LOG[39m [38;5;3m[DunningService] [39m[32m{"event":"dunning.attempt_sent","purchase_id":"p1","dunning_state_id":"d-1","attempt_id":"a-2","step_index":0,"kind":"soft","retried":false}[39m
2026-10-04T02:42:12.7331758Z [32m[Nest] 3682  - [39m10/04/2026, 2:42:12 AM [32m    LOG[39m [38;5;3m[DunningService] [39m[32m{"event":"dunning.attempt_scheduled","purchase_id":"p1","dunning_state_id":"d-1","step_index":0,"scheduled_for":"2026-10-04T02:42:12.601Z","kind":"soft"}[39m
2026-10-04T02:42:12.7384996Z [32m[Nest] 3682  - [39m10/04/2026, 2:42:12 AM [32m    LOG[39m [38;5;3m[DunningService] [39m[32m{"event":"dunning.attempt_scheduled","purchase_id":"p1","dunning_state_id":"d-1","step_index":1,"scheduled_for":"2026-10-07T02:42:12.601Z","kind":"urgent"}[39m
2026-10-04T02:42:12.7388717Z [32m[Nest] 3682  - [39m10/04/2026, 2:42:12 AM [32m    LOG[39m [38;5;3m[DunningService] [39m[32m{"event":"dunning.attempt_scheduled","purchase_id":"p1","dunning_state_id":"d-1","step_index":2,"scheduled_for":"2026-10-11T02:42:12.601Z","kind":"final"}[39m
2026-10-04T02:42:12.7392375Z [32m[Nest] 3682  - [39m10/04/2026, 2:42:12 AM [32m    LOG[39m [38;5;3m[DunningService] [39m[32m{"event":"dunning.attempt_scheduled","purchase_id":"p1","dunning_state_id":"d-1","step_index":3,"scheduled_for":"2026-10-18T02:42:12.601Z","kind":"cancelled"}[39m
2026-10-04T02:42:12.7396013Z [32m[Nest] 3682  - [39m10/04/2026, 2:42:12 AM [32m    LOG[39m [38;5;3m[DunningService] [39m[32m{"event":"dunning.opened","purchase_id":"p1","dunning_state_id":"d-1","invoice_id":"inv_1","amount_cents":9900,"attempt_number":1}[39m
2026-10-04T02:42:12.7399303Z [32m[Nest] 3682  - [39m10/04/2026, 2:42:12 AM [32m    LOG[39m [38;5;3m[DunningService] [39m[32m{"event":"dunning.recovered","purchase_id":"p1","dunning_state_id":"d-1","step_index_at_recovery":-1}[39m
2026-10-04T02:42:12.7402489Z [32m[Nest] 3682  - [39m10/04/2026, 2:42:12 AM [32m    LOG[39m [38;5;3m[DunningService] [39m[32m{"event":"dunning.attempt_raced","purchase_id":"p1","dunning_state_id":"d-1","attempt_id":"a-2","step_index":0,"from_status":"pending"}[39m
2026-10-04T02:42:12.7436292Z [32m[Nest] 3682  - [39m10/04/2026, 2:42:12 AM [32m    LOG[39m [38;5;3m[DunningService] [39m[32m{"event":"dunning.attempt_scheduled","purchase_id":"p1","dunning_state_id":"d-1","step_index":0,"scheduled_for":"2026-10-04T02:42:12.604Z","kind":"soft"}[39m
2026-10-04T02:42:12.7439845Z [32m[Nest] 3682  - [39m10/04/2026, 2:42:12 AM [32m    LOG[39m [38;5;3m[DunningService] [39m[32m{"event":"dunning.attempt_scheduled","purchase_id":"p1","dunning_state_id":"d-1","step_index":1,"scheduled_for":"2026-10-07T02:42:12.604Z","kind":"urgent"}[39m
2026-10-04T02:42:12.7443350Z [32m[Nest] 3682  - [39m10/04/2026, 2:42:12 AM [32m    LOG[39m [38;5;3m[DunningService] [39m[32m{"event":"dunning.attempt_scheduled","purchase_id":"p1","dunning_state_id":"d-1","step_index":2,"scheduled_for":"2026-10-11T02:42:12.604Z","kind":"final"}[39m
2026-10-04T02:42:12.7447337Z [32m[Nest] 3682  - [39m10/04/2026, 2:42:12 AM [32m    LOG[39m [38;5;3m[DunningService] [39m[32m{"event":"dunning.attempt_scheduled","purchase_id":"p1","dunning_state_id":"d-1","step_index":3,"scheduled_for":"2026-10-18T02:42:12.604Z","kind":"cancelled"}[39m
2026-10-04T02:42:12.7450726Z [32m[Nest] 3682  - [39m10/04/2026, 2:42:12 AM [32m    LOG[39m [38;5;3m[DunningService] [39m[32m{"event":"dunning.opened","purchase_id":"p1","dunning_state_id":"d-1","invoice_id":"inv_1","amount_cents":9900,"attempt_number":1}[39m
2026-10-04T02:42:12.7454322Z [32m[Nest] 3682  - [39m10/04/2026, 2:42:12 AM [32m    LOG[39m [38;5;3m[DunningService] [39m[32m{"event":"dunning.attempt_sent","purchase_id":"p1","dunning_state_id":"d-1","attempt_id":"a-2","step_index":0,"kind":"soft","retried":false}[39m
2026-10-04T02:42:12.7457712Z [32m[Nest] 3682  - [39m10/04/2026, 2:42:12 AM [32m    LOG[39m [38;5;3m[DunningService] [39m[32m{"event":"dunning.attempt_sent","purchase_id":"p1","dunning_state_id":"d-1","attempt_id":"a-3","step_index":1,"kind":"urgent","retried":false}[39m
2026-10-04T02:42:12.7461162Z [32m[Nest] 3682  - [39m10/04/2026, 2:42:12 AM [32m    LOG[39m [38;5;3m[DunningService] [39m[32m{"event":"dunning.attempt_sent","purchase_id":"p1","dunning_state_id":"d-1","attempt_id":"a-4","step_index":2,"kind":"final","retried":false}[39m
2026-10-04T02:42:12.7494843Z [32m[Nest] 3682  - [39m10/04/2026, 2:42:12 AM [32m    LOG[39m [38;5;3m[DunningService] [39m[32m{"event":"dunning.attempt_skipped","purchase_id":"p1","attempt_id":"a-5","step_index":3,"reason":"subscription_no_longer_pending_cancel"}[39m
2026-10-04T02:42:12.7498678Z [32m[Nest] 3682  - [39m10/04/2026, 2:42:12 AM [32m    LOG[39m [38;5;3m[DunningService] [39m[32m{"event":"dunning.attempt_scheduled","purchase_id":"p1","dunning_state_id":"d-1","step_index":0,"scheduled_for":"2026-10-04T02:42:12.607Z","kind":"soft"}[39m
2026-10-04T02:42:12.7502306Z [32m[Nest] 3682  - [39m10/04/2026, 2:42:12 AM [32m    LOG[39m [38;5;3m[DunningService] [39m[32m{"event":"dunning.attempt_scheduled","purchase_id":"p1","dunning_state_id":"d-1","step_index":1,"scheduled_for":"2026-10-07T02:42:12.607Z","kind":"urgent"}[39m
2026-10-04T02:42:12.7506191Z [32m[Nest] 3682  - [39m10/04/2026, 2:42:12 AM [32m    LOG[39m [38;5;3m[DunningService] [39m[32m{"event":"dunning.attempt_scheduled","purchase_id":"p1","dunning_state_id":"d-1","step_index":2,"scheduled_for":"2026-10-11T02:42:12.607Z","kind":"final"}[39m
2026-10-04T02:42:12.7509816Z [32m[Nest] 3682  - [39m10/04/2026, 2:42:12 AM [32m    LOG[39m [38;5;3m[DunningService] [39m[32m{"event":"dunning.attempt_scheduled","purchase_id":"p1","dunning_state_id":"d-1","step_index":3,"scheduled_for":"2026-10-18T02:42:12.607Z","kind":"cancelled"}[39m
2026-10-04T02:42:12.7513766Z [32m[Nest] 3682  - [39m10/04/2026, 2:42:12 AM [32m    LOG[39m [38;5;3m[DunningService] [39m[32m{"event":"dunning.opened","purchase_id":"p1","dunning_state_id":"d-1","invoice_id":"inv_1","amount_cents":9900,"attempt_number":1}[39m
2026-10-04T02:42:12.7517159Z [32m[Nest] 3682  - [39m10/04/2026, 2:42:12 AM [32m    LOG[39m [38;5;3m[DunningService] [39m[32m{"event":"dunning.attempt_sent","purchase_id":"p1","dunning_state_id":"d-1","attempt_id":"a-2","step_index":0,"kind":"soft","retried":false}[39m
2026-10-04T02:42:12.7520625Z [32m[Nest] 3682  - [39m10/04/2026, 2:42:12 AM [32m    LOG[39m [38;5;3m[DunningService] [39m[32m{"event":"dunning.attempt_sent","purchase_id":"p1","dunning_state_id":"d-1","attempt_id":"a-3","step_index":1,"kind":"urgent","retried":false}[39m
2026-10-04T02:42:12.7549934Z [32m[Nest] 3682  - [39m10/04/2026, 2:42:12 AM [32m    LOG[39m [38;5;3m[DunningService] [39m[32m{"event":"dunning.attempt_sent","purchase_id":"p1","dunning_state_id":"d-1","attempt_id":"a-4","step_index":2,"kind":"final","retried":false}[39m
2026-10-04T02:42:12.7553506Z [32m[Nest] 3682  - [39m10/04/2026, 2:42:12 AM [32m    LOG[39m [38;5;3m[DunningService] [39m[32m{"event":"dunning.attempt_sent","purchase_id":"p1","dunning_state_id":"d-1","attempt_id":"a-5","step_index":3,"kind":"cancelled","retried":false}[39m
2026-10-04T02:42:12.7557314Z [32m[Nest] 3682  - [39m10/04/2026, 2:42:12 AM [32m    LOG[39m [38;5;3m[DunningService] [39m[32m{"event":"dunning.attempt_scheduled","purchase_id":"p1","dunning_state_id":"d-1","step_index":0,"scheduled_for":"2026-10-04T02:42:12.610Z","kind":"soft"}[39m
2026-10-04T02:42:12.7560953Z [32m[Nest] 3682  - [39m10/04/2026, 2:42:12 AM [32m    LOG[39m [38;5;3m[DunningService] [39m[32m{"event":"dunning.attempt_scheduled","purchase_id":"p1","dunning_state_id":"d-1","step_index":1,"scheduled_for":"2026-10-07T02:42:12.610Z","kind":"urgent"}[39m
2026-10-04T02:42:12.7564681Z [32m[Nest] 3682  - [39m10/04/2026, 2:42:12 AM [32m    LOG[39m [38;5;3m[DunningService] [39m[32m{"event":"dunning.attempt_scheduled","purchase_id":"p1","dunning_state_id":"d-1","step_index":2,"scheduled_for":"2026-10-11T02:42:12.610Z","kind":"final"}[39m
2026-10-04T02:42:12.7568297Z [32m[Nest] 3682  - [39m10/04/2026, 2:42:12 AM [32m    LOG[39m [38;5;3m[DunningService] [39m[32m{"event":"dunning.attempt_scheduled","purchase_id":"p1","dunning_state_id":"d-1","step_index":3,"scheduled_for":"2026-10-18T02:42:12.610Z","kind":"cancelled"}[39m
2026-10-04T02:42:12.7571676Z [32m[Nest] 3682  - [39m10/04/2026, 2:42:12 AM [32m    LOG[39m [38;5;3m[DunningService] [39m[32m{"event":"dunning.opened","purchase_id":"p1","dunning_state_id":"d-1","invoice_id":"inv_1","amount_cents":9900,"attempt_number":1}[39m
2026-10-04T02:42:12.7625616Z [32m[Nest] 3682  - [39m10/04/2026, 2:42:12 AM [32m    LOG[39m [38;5;3m[DunningService] [39m[32m{"event":"dunning.attempt_sent","purchase_id":"p1","dunning_state_id":"d-1","attempt_id":"a-2","step_index":0,"kind":"soft","retried":false}[39m
2026-10-04T02:42:12.7628527Z [32m[Nest] 3682  - [39m10/04/2026, 2:42:12 AM [32m    LOG[39m [38;5;3m[DunningService] [39m[32m{"event":"dunning.admin_reset","purchase_id":"p1","dunning_state_id":"d-1"}[39m
2026-10-04T02:42:12.7631710Z [32m[Nest] 3682  - [39m10/04/2026, 2:42:12 AM [32m    LOG[39m [38;5;3m[DunningService] [39m[32m{"event":"dunning.attempt_scheduled","purchase_id":"p1","dunning_state_id":"d-1","step_index":0,"scheduled_for":"2026-10-04T02:42:12.611Z","kind":"soft"}[39m
2026-10-04T02:42:12.7635575Z [32m[Nest] 3682  - [39m10/04/2026, 2:42:12 AM [32m    LOG[39m [38;5;3m[DunningService] [39m[32m{"event":"dunning.attempt_scheduled","purchase_id":"p1","dunning_state_id":"d-1","step_index":1,"scheduled_for":"2026-10-07T02:42:12.611Z","kind":"urgent"}[39m
2026-10-04T02:42:12.7639252Z [32m[Nest] 3682  - [39m10/04/2026, 2:42:12 AM [32m    LOG[39m [38;5;3m[DunningService] [39m[32m{"event":"dunning.attempt_scheduled","purchase_id":"p1","dunning_state_id":"d-1","step_index":2,"scheduled_for":"2026-10-11T02:42:12.611Z","kind":"final"}[39m
2026-10-04T02:42:12.7643150Z [32m[Nest] 3682  - [39m10/04/2026, 2:42:12 AM [32m    LOG[39m [38;5;3m[DunningService] [39m[32m{"event":"dunning.attempt_scheduled","purchase_id":"p1","dunning_state_id":"d-1","step_index":3,"scheduled_for":"2026-10-18T02:42:12.611Z","kind":"cancelled"}[39m
2026-10-04T02:42:12.7646769Z [32m[Nest] 3682  - [39m10/04/2026, 2:42:12 AM [32m    LOG[39m [38;5;3m[DunningService] [39m[32m{"event":"dunning.opened","purchase_id":"p1","dunning_state_id":"d-1","invoice_id":"inv_2","amount_cents":9900,"attempt_number":1}[39m
2026-10-04T02:42:12.7650207Z [32m[Nest] 3682  - [39m10/04/2026, 2:42:12 AM [32m    LOG[39m [38;5;3m[DunningService] [39m[32m{"event":"dunning.attempt_scheduled","purchase_id":"p1","dunning_state_id":"d-1","step_index":0,"scheduled_for":"2026-10-04T02:42:12.613Z","kind":"soft"}[39m
2026-10-04T02:42:12.7714189Z [32m[Nest] 3682  - [39m10/04/2026, 2:42:12 AM [32m    LOG[39m [38;5;3m[DunningService] [39m[32m{"event":"dunning.attempt_scheduled","purchase_id":"p1","dunning_state_id":"d-1","step_index":1,"scheduled_for":"2026-10-07T02:42:12.613Z","kind":"urgent"}[39m
2026-10-04T02:42:12.7717886Z [32m[Nest] 3682  - [39m10/04/2026, 2:42:12 AM [32m    LOG[39m [38;5;3m[DunningService] [39m[32m{"event":"dunning.attempt_scheduled","purchase_id":"p1","dunning_state_id":"d-1","step_index":2,"scheduled_for":"2026-10-11T02:42:12.613Z","kind":"final"}[39m
2026-10-04T02:42:12.7721517Z [32m[Nest] 3682  - [39m10/04/2026, 2:42:12 AM [32m    LOG[39m [38;5;3m[DunningService] [39m[32m{"event":"dunning.attempt_scheduled","purchase_id":"p1","dunning_state_id":"d-1","step_index":3,"scheduled_for":"2026-10-18T02:42:12.613Z","kind":"cancelled"}[39m
2026-10-04T02:42:12.7725128Z [32m[Nest] 3682  - [39m10/04/2026, 2:42:12 AM [32m    LOG[39m [38;5;3m[DunningService] [39m[32m{"event":"dunning.opened","purchase_id":"p1","dunning_state_id":"d-1","invoice_id":"inv_1","amount_cents":9900,"attempt_number":1}[39m
2026-10-04T02:42:12.7728256Z [33m[Nest] 3682  - [39m10/04/2026, 2:42:12 AM [33m   WARN[39m [38;5;3m[DunningService] [39m[33mdunning.attempt_failed attempt=a-2 step=0 retry=1/3 next_at=2026-10-04T03:42:12.613Z: SES temporarily unavailable[39m
2026-10-04T02:42:12.7731465Z [32m[Nest] 3682  - [39m10/04/2026, 2:42:12 AM [32m    LOG[39m [38;5;3m[DunningService] [39m[32m{"event":"dunning.attempt_sent","purchase_id":"p1","dunning_state_id":"d-1","attempt_id":"a-2","step_index":0,"kind":"soft","retried":true}[39m
2026-10-04T02:42:12.7735180Z [32m[Nest] 3682  - [39m10/04/2026, 2:42:12 AM [32m    LOG[39m [38;5;3m[DunningService] [39m[32m{"event":"dunning.attempt_scheduled","purchase_id":"p1","dunning_state_id":"d-1","step_index":0,"scheduled_for":"2026-10-04T02:42:12.616Z","kind":"soft"}[39m
2026-10-04T02:42:12.7739119Z [32m[Nest] 3682  - [39m10/04/2026, 2:42:12 AM [32m    LOG[39m [38;5;3m[DunningService] [39m[32m{"event":"dunning.attempt_scheduled","purchase_id":"p1","dunning_state_id":"d-1","step_index":1,"scheduled_for":"2026-10-07T02:42:12.616Z","kind":"urgent"}[39m
2026-10-04T02:42:12.7742839Z [32m[Nest] 3682  - [39m10/04/2026, 2:42:12 AM [32m    LOG[39m [38;5;3m[DunningService] [39m[32m{"event":"dunning.attempt_scheduled","purchase_id":"p1","dunning_state_id":"d-1","step_index":2,"scheduled_for":"2026-10-11T02:42:12.616Z","kind":"final"}[39m
2026-10-04T02:42:12.7797088Z [32m[Nest] 3682  - [39m10/04/2026, 2:42:12 AM [32m    LOG[39m [38;5;3m[DunningService] [39m[32m{"event":"dunning.attempt_scheduled","purchase_id":"p1","dunning_state_id":"d-1","step_index":3,"scheduled_for":"2026-10-18T02:42:12.616Z","kind":"cancelled"}[39m
2026-10-04T02:42:12.7800564Z [32m[Nest] 3682  - [39m10/04/2026, 2:42:12 AM [32m    LOG[39m [38;5;3m[DunningService] [39m[32m{"event":"dunning.opened","purchase_id":"p1","dunning_state_id":"d-1","invoice_id":"inv_1","amount_cents":9900,"attempt_number":1}[39m
2026-10-04T02:42:12.7804393Z [33m[Nest] 3682  - [39m10/04/2026, 2:42:12 AM [33m   WARN[39m [38;5;3m[DunningService] [39m[33mdunning.attempt_failed attempt=a-2 step=0 retry=1/3 next_at=2026-10-04T03:42:12.617Z: SES gone for good[39m
2026-10-04T02:42:12.7807401Z [33m[Nest] 3682  - [39m10/04/2026, 2:42:12 AM [33m   WARN[39m [38;5;3m[DunningService] [39m[33mdunning.attempt_failed attempt=a-2 step=0 retry=2/3 next_at=2027-10-04T06:42:12.617Z: SES gone for good[39m
2026-10-04T02:42:12.7810346Z [33m[Nest] 3682  - [39m10/04/2026, 2:42:12 AM [33m   WARN[39m [38;5;3m[DunningService] [39m[33mdunning.attempt_failed attempt=a-2 step=0 retry=3/3 next_at=2028-10-03T18:42:12.617Z: SES gone for good[39m
2026-10-04T02:42:12.7813139Z [33m[Nest] 3682  - [39m10/04/2026, 2:42:12 AM [33m   WARN[39m [38;5;3m[DunningService] [39m[33mdunning.attempt_failed_permanent attempt=a-2 step=0 retries=4: SES gone for good[39m
2026-10-04T02:42:13.5235052Z PASS test/messages-safety.service.spec.ts
2026-10-04T02:42:13.9236808Z PASS test/env-validation.spec.ts
2026-10-04T02:42:14.5267806Z PASS test/ai.service.spec.ts
2026-10-04T02:42:14.5366056Z [33m[Nest] 3682  - [39m10/04/2026, 2:42:14 AM [33m   WARN[39m [38;5;3m[AiService] [39m[33mAnthropic chat fallback failed; using deterministic: upstream 500[39m
2026-10-04T02:42:14.5368393Z [32m[Nest] 3682  - [39m10/04/2026, 2:42:14 AM [32m    LOG[39m [38;5;3m[AIGuardrailsService] [39m[32mguardrails applied: calorie-floor[39m
2026-10-04T02:42:14.5395712Z [32m[Nest] 3682  - [39m10/04/2026, 2:42:14 AM [32m    LOG[39m [38;5;3m[AIGuardrailsService] [39m[32mguardrails applied: calorie-floor,macro-correction[39m
2026-10-04T02:42:14.5398248Z [32m[Nest] 3682  - [39m10/04/2026, 2:42:14 AM [32m    LOG[39m [38;5;3m[AIGuardrailsService] [39m[32mguardrails applied: refer-to-coach[39m
2026-10-04T02:42:14.5400787Z [33m[Nest] 3682  - [39m10/04/2026, 2:42:14 AM [33m   WARN[39m [38;5;3m[AiService] [39m[33mAnthropic chat fallback failed; using deterministic: upstream 500[39m
2026-10-04T02:42:14.5403487Z [33m[Nest] 3682  - [39m10/04/2026, 2:42:14 AM [33m   WARN[39m [38;5;3m[AiService] [39m[33mAnthropic chat fallback failed; using deterministic: upstream 500[39m
2026-10-04T02:42:14.5445450Z [32m[Nest] 3682  - [39m10/04/2026, 2:42:14 AM [32m    LOG[39m [38;5;3m[AIGuardrailsService] [39m[32mguardrails applied: calorie-floor[39m
2026-10-04T02:42:14.5465481Z [33m[Nest] 3682  - [39m10/04/2026, 2:42:14 AM [33m   WARN[39m [38;5;3m[AiService] [39m[33mAnthropic chat fallback failed; using deterministic: upstream 500[39m
2026-10-04T02:42:14.5483183Z [32m[Nest] 3682  - [39m10/04/2026, 2:42:14 AM [32m    LOG[39m [38;5;3m[AIGuardrailsService] [39m[32mguardrails applied: calorie-floor[39m
2026-10-04T02:42:14.5486056Z [33m[Nest] 3682  - [39m10/04/2026, 2:42:14 AM [33m   WARN[39m [38;5;3m[AiService] [39m[33mAnthropic chat fallback failed; using deterministic: upstream 500[39m
2026-10-04T02:42:14.5488899Z [32m[Nest] 3682  - [39m10/04/2026, 2:42:14 AM [32m    LOG[39m [38;5;3m[AIGuardrailsService] [39m[32mguardrails applied: calorie-floor[39m
2026-10-04T02:42:14.5491398Z [33m[Nest] 3682  - [39m10/04/2026, 2:42:14 AM [33m   WARN[39m [38;5;3m[AiService] [39m[33mAnthropic chat fallback failed; using deterministic: upstream 500[39m
2026-10-04T02:42:14.5494114Z [32m[Nest] 3682  - [39m10/04/2026, 2:42:14 AM [32m    LOG[39m [38;5;3m[AIGuardrailsService] [39m[32mguardrails applied: calorie-floor[39m
2026-10-04T02:42:14.5496627Z [33m[Nest] 3682  - [39m10/04/2026, 2:42:14 AM [33m   WARN[39m [38;5;3m[AiService] [39m[33mAnthropic chat fallback failed; using deterministic: upstream 500[39m
2026-10-04T02:42:14.5499008Z [32m[Nest] 3682  - [39m10/04/2026, 2:42:14 AM [32m    LOG[39m [38;5;3m[AIGuardrailsService] [39m[32mguardrails applied: calorie-floor[39m
2026-10-04T02:42:14.5501592Z [32m[Nest] 3682  - [39m10/04/2026, 2:42:14 AM [32m    LOG[39m [38;5;3m[AiEgressService] [39m[32mai_egress.refused surface=ai.client_chat reason=no_live_grant clients=1 missing=1[39m
2026-10-04T02:42:14.5505000Z [32m[Nest] 3682  - [39m10/04/2026, 2:42:14 AM [32m    LOG[39m [38;5;3m[AiEgressService] [39m[32mai_egress.refused surface=ai.client_chat reason=no_live_grant clients=1 missing=1[39m
2026-10-04T02:42:14.5507656Z [33m[Nest] 3682  - [39m10/04/2026, 2:42:14 AM [33m   WARN[39m [38;5;3m[AiEgressService] [39m[33mai_egress.consent_read_failed (treated as no grant)[39m
2026-10-04T02:42:14.5510433Z [32m[Nest] 3682  - [39m10/04/2026, 2:42:14 AM [32m    LOG[39m [38;5;3m[AiEgressService] [39m[32mai_egress.refused surface=ai.client_chat reason=no_live_grant clients=1 missing=1[39m
2026-10-04T02:42:14.5512848Z [32m[Nest] 3682  - [39m10/04/2026, 2:42:14 AM [32m    LOG[39m [38;5;3m[AIGuardrailsService] [39m[32mguardrails applied: calorie-floor[39m
2026-10-04T02:42:14.6127206Z PASS test/ci/delivery-artifact.spec.ts
2026-10-04T02:42:14.9968471Z [31m[Nest] 3681  - [39m10/04/2026, 2:42:14 AM [31m  ERROR[39m [38;5;3m[CheckoutRecoveryService] [39m[31mrecovery single-use guard: Redis SET NX failed, denying (reason=fail-closed-store-unreachable): ECONNREFUSED 127.0.0.1:6379[39m
2026-10-04T02:42:14.9974481Z [31m[Nest] 3681  - [39m10/04/2026, 2:42:14 AM [31m  ERROR[39m [38;5;3m[CheckoutRecoveryService] [39m[31mrecovery single-use guard: Redis SET NX failed, denying (reason=fail-closed-store-unreachable): ECONNREFUSED 127.0.0.1:6379[39m
2026-10-04T02:42:15.0251128Z [31m[Nest] 3681  - [39m10/04/2026, 2:42:15 AM [31m  ERROR[39m [38;5;3m[CheckoutRecoveryService] [39m[31mrecovery single-use guard: Redis SET NX failed, denying (reason=fail-closed-store-unreachable): ECONNREFUSED[39m
2026-10-04T02:42:15.0357087Z [31m[Nest] 3681  - [39m10/04/2026, 2:42:15 AM [31m  ERROR[39m [38;5;3m[CheckoutRecoveryService] [39m[31mrecovery single-use guard: Redis SET NX failed, denying (reason=fail-closed-store-unreachable): boom[39m
2026-10-04T02:42:15.0404250Z [31m[Nest] 3681  - [39m10/04/2026, 2:42:15 AM [31m  ERROR[39m [38;5;3m[CheckoutRecoveryService] [39m[31mCheckoutRecoveryService: REDIS_URL is required in production — refusing to boot. The in-memory single-use guard is single-process and unsafe across the Fly cluster.[39m
2026-10-04T02:42:15.0899763Z [33m[Nest] 3681  - [39m10/04/2026, 2:42:14 AM [33m   WARN[39m [38;5;3m[CheckoutRecoveryService] [39m[33mrecovery single-use guard: replay attempt rejected (reason=jti-already-consumed-memory)[39m
2026-10-04T02:42:15.0926085Z [33m[Nest] 3681  - [39m10/04/2026, 2:42:14 AM [33m   WARN[39m [38;5;3m[CheckoutRecoveryService] [39m[33mrecovery single-use guard: replay attempt rejected (reason=jti-already-consumed-memory)[39m
2026-10-04T02:42:15.0929075Z [33m[Nest] 3681  - [39m10/04/2026, 2:42:14 AM [33m   WARN[39m [38;5;3m[CheckoutRecoveryService] [39m[33mrecovery single-use guard: replay attempt rejected (reason=jti-already-consumed-memory)[39m
2026-10-04T02:42:15.0932324Z [33m[Nest] 3681  - [39m10/04/2026, 2:42:14 AM [33m   WARN[39m [38;5;3m[CheckoutRecoveryService] [39m[33mrecovery single-use guard: replay attempt rejected (reason=jti-already-consumed-memory)[39m
2026-10-04T02:42:15.0935344Z [33m[Nest] 3681  - [39m10/04/2026, 2:42:14 AM [33m   WARN[39m [38;5;3m[CheckoutRecoveryService] [39m[33mrecovery single-use guard: replay attempt rejected (reason=jti-already-consumed)[39m
2026-10-04T02:42:15.0938108Z [33m[Nest] 3681  - [39m10/04/2026, 2:42:14 AM [33m   WARN[39m [38;5;3m[CheckoutRecoveryService] [39m[33mrecovery single-use guard: replay attempt rejected (reason=jti-already-consumed)[39m
2026-10-04T02:42:15.0940916Z [33m[Nest] 3681  - [39m10/04/2026, 2:42:15 AM [33m   WARN[39m [38;5;3m[CheckoutRecoveryService] [39m[33mrecovery single-use guard: replay attempt rejected (reason=jti-already-consumed-memory)[39m
2026-10-04T02:42:15.0976755Z [33m[Nest] 3681  - [39m10/04/2026, 2:42:15 AM [33m   WARN[39m [38;5;3m[CheckoutRecoveryService] [39m[33mrecovery single-use guard: replay attempt rejected (reason=jti-already-consumed-memory)[39m
2026-10-04T02:42:15.0980089Z [33m[Nest] 3681  - [39m10/04/2026, 2:42:15 AM [33m   WARN[39m [38;5;3m[CheckoutRecoveryService] [39m[33mrecovery single-use guard: replay attempt rejected (reason=jti-already-consumed)[39m
2026-10-04T02:42:15.0982883Z [33m[Nest] 3681  - [39m10/04/2026, 2:42:15 AM [33m   WARN[39m [38;5;3m[CheckoutRecoveryService] [39m[33mrecovery single-use guard: replay attempt rejected (reason=jti-already-consumed-memory)[39m
2026-10-04T02:42:15.0986088Z [33m[Nest] 3681  - [39m10/04/2026, 2:42:15 AM [33m   WARN[39m [38;5;3m[CheckoutRecoveryService] [39m[33mrecovery single-use guard: replay attempt rejected (reason=jti-already-consumed)[39m
2026-10-04T02:42:15.0988980Z [33m[Nest] 3681  - [39m10/04/2026, 2:42:15 AM [33m   WARN[39m [38;5;3m[CheckoutRecoveryService] [39m[33mrecovery single-use guard: replay attempt rejected (reason=jti-already-consumed-memory)[39m
2026-10-04T02:42:15.2776058Z [31m[Nest] 3681  - [39m10/04/2026, 2:42:15 AM [31m  ERROR[39m [38;5;3m[CheckoutRecoveryService] [39m[31mCheckoutRecoveryService: Redis connect failed in production — refusing to boot: ECONNREFUSED 10.0.0.1:6379[39m
2026-10-04T02:42:15.2860340Z [31m[Nest] 3681  - [39m10/04/2026, 2:42:15 AM [31m  ERROR[39m [38;5;3m[CheckoutRecoveryService] [39m[31mCheckoutRecoveryService: REDIS_URL is required in <unset> — refusing to boot. The in-memory single-use guard is single-process and unsafe across the Fly cluster.[39m
2026-10-04T02:42:15.3785827Z [32m[Nest] 3681  - [39m10/04/2026, 2:42:15 AM [32m    LOG[39m [38;5;3m[CheckoutRecoveryService] [39m[32mCheckoutRecoveryService: REDIS_URL unset — using in-memory single-use guard (single-process, dev/test only)[39m
2026-10-04T02:42:15.3806779Z [32m[Nest] 3681  - [39m10/04/2026, 2:42:15 AM [32m    LOG[39m [38;5;3m[CheckoutRecoveryService] [39m[32mCheckoutRecoveryService: REDIS_URL unset — using in-memory single-use guard (single-process, dev/test only)[39m
2026-10-04T02:42:15.4935961Z [31m[Nest] 3681  - [39m10/04/2026, 2:42:15 AM [31m  ERROR[39m [38;5;3m[CheckoutRecoveryService] [39m[31mCheckoutRecoveryService: Redis connect failed in production — refusing to boot: ECONNREFUSED unset-env[39m
2026-10-04T02:42:15.4956750Z [31m[Nest] 3681  - [39m10/04/2026, 2:42:15 AM [31m  ERROR[39m [38;5;3m[CheckoutRecoveryService] [39m[31mCheckoutRecoveryService: REDIS_URL is required in staging — refusing to boot. The in-memory single-use guard is single-process and unsafe across the Fly cluster.[39m
2026-10-04T02:42:15.6408337Z [31m[Nest] 3681  - [39m10/04/2026, 2:42:15 AM [31m  ERROR[39m [38;5;3m[CheckoutRecoveryService] [39m[31mCheckoutRecoveryService: Redis connect failed in production — refusing to boot: ECONNREFUSED staging[39m
2026-10-04T02:42:15.8587284Z [31m[Nest] 3681  - [39m10/04/2026, 2:42:15 AM [31m  ERROR[39m [38;5;3m[CheckoutRecoveryService] [39m[31mCheckoutRecoveryService: REDIS_URL is required in production — refusing to boot. The in-memory single-use guard is single-process and unsafe across the Fly cluster.[39m
2026-10-04T02:42:15.8646477Z [31m[Nest] 3681  - [39m10/04/2026, 2:42:15 AM [31m  ERROR[39m [38;5;3m[CheckoutRecoveryService] [39m[31mCheckoutRecoveryService: REDIS_URL is required in production — refusing to boot. The in-memory single-use guard is single-process and unsafe across the Fly cluster.[39m
2026-10-04T02:42:15.8676580Z [31m[Nest] 3681  - [39m10/04/2026, 2:42:15 AM [31m  ERROR[39m [38;5;3m[CheckoutRecoveryService] [39m[31mCheckoutRecoveryService: REDIS_URL is required in staging — refusing to boot. The in-memory single-use guard is single-process and unsafe across the Fly cluster.[39m
2026-10-04T02:42:15.8683164Z [31m[Nest] 3681  - [39m10/04/2026, 2:42:15 AM [31m  ERROR[39m [38;5;3m[CheckoutRecoveryService] [39m[31mCheckoutRecoveryService: REDIS_URL is required in <unset> — refusing to boot. The in-memory single-use guard is single-process and unsafe across the Fly cluster.[39m
2026-10-04T02:42:15.8975873Z PASS test/checkout-recovery.service.spec.ts
2026-10-04T02:42:15.9572492Z [33m[Nest] 3681  - [39m10/04/2026, 2:42:15 AM [33m   WARN[39m [38;5;3m[CheckoutRecoveryService] [39m[33mCheckoutRecoveryService: Redis unavailable in development, falling back to in-memory (dev/test only): ECONNREFUSED 127.0.0.1:6379[39m
2026-10-04T02:42:15.9616066Z [32m[Nest] 3681  - [39m10/04/2026, 2:42:15 AM [32m    LOG[39m [38;5;3m[CheckoutRecoveryService] [39m[32mCheckoutRecoveryService: REDIS_URL unset — using in-memory single-use guard (single-process, dev/test only)[39m
2026-10-04T02:42:15.9619051Z [32m[Nest] 3681  - [39m10/04/2026, 2:42:15 AM [32m    LOG[39m [38;5;3m[CheckoutRecoveryService] [39m[32mCheckoutRecoveryService: Redis client quit() OK[39m
2026-10-04T02:42:15.9645974Z [33m[Nest] 3681  - [39m10/04/2026, 2:42:15 AM [33m   WARN[39m [38;5;3m[CheckoutRecoveryService] [39m[33mCheckoutRecoveryService: Redis quit() failed or timed out, forcing disconnect: broker hung[39m
2026-10-04T02:42:15.9676067Z [33m[Nest] 3681  - [39m10/04/2026, 2:42:17 AM [33m   WARN[39m [38;5;3m[CheckoutRecoveryService] [39m[33mCheckoutRecoveryService: Redis quit() failed or timed out, forcing disconnect: quit-timeout[39m
2026-10-04T02:42:16.4687544Z PASS test/ci/fly-env-manifest.spec.ts
2026-10-04T02:42:16.6611420Z [31m[Nest] 3681  - [39m10/04/2026, 2:42:16 AM [31m  ERROR[39m [38;5;3m[CoachWelcomeService] [39m[31mcoach-welcome job=id_337 failed permanently (Error)[39m
2026-10-04T02:42:16.6688357Z [31m[Nest] 3681  - [39m10/04/2026, 2:42:16 AM [31m  ERROR[39m [38;5;3m[CoachWelcomeService] [39m[31mcoach-welcome job=id_357 failed permanently (Error)[39m
2026-10-04T02:42:16.6952015Z PASS test/engagement/coach-welcome.service.spec.ts
2026-10-04T02:42:16.7115794Z [32m[Nest] 3681  - [39m10/04/2026, 2:42:16 AM [32m    LOG[39m [38;5;3m[CoachWelcomeService] [39m[32mcoach-welcome erasure sweep removed 1 row(s)[39m
2026-10-04T02:42:16.7118479Z [33m[Nest] 3681  - [39m10/04/2026, 2:42:16 AM [33m   WARN[39m [38;5;3m[CoachWelcomeService] [39m[33mcoach-welcome erasure sweep failed (Error); retrying next tick[39m
2026-10-04T02:42:16.7121053Z [32m[Nest] 3681  - [39m10/04/2026, 2:42:16 AM [32m    LOG[39m [38;5;3m[CoachWelcomeService] [39m[32mcoach-welcome job=id_268 cancelled reason=client_deleted[39m
2026-10-04T02:42:16.7123815Z [32m[Nest] 3681  - [39m10/04/2026, 2:42:16 AM [32m    LOG[39m [38;5;3m[CoachWelcomeService] [39m[32mcoach-welcome job=id_273 cancelled reason=client_deleted[39m
2026-10-04T02:42:16.7126159Z [32m[Nest] 3681  - [39m10/04/2026, 2:42:16 AM [32m    LOG[39m [38;5;3m[CoachWelcomeService] [39m[32mcoach-welcome job=id_278 cancelled reason=client_deleted[39m
2026-10-04T02:42:16.7128355Z [32m[Nest] 3681  - [39m10/04/2026, 2:42:16 AM [32m    LOG[39m [38;5;3m[CoachWelcomeService] [39m[32mcoach-welcome job=id_283 cancelled reason=detached[39m
2026-10-04T02:42:16.7130589Z [32m[Nest] 3681  - [39m10/04/2026, 2:42:16 AM [32m    LOG[39m [38;5;3m[CoachWelcomeService] [39m[32mcoach-welcome job=id_288 cancelled reason=detached[39m
2026-10-04T02:42:16.7133284Z [32m[Nest] 3681  - [39m10/04/2026, 2:42:16 AM [32m    LOG[39m [38;5;3m[CoachWelcomeService] [39m[32mcoach-welcome job=id_293 cancelled reason=blocked[39m
2026-10-04T02:42:16.7135918Z [32m[Nest] 3681  - [39m10/04/2026, 2:42:16 AM [32m    LOG[39m [38;5;3m[CoachWelcomeService] [39m[32mcoach-welcome job=id_298 cancelled reason=blocked[39m
2026-10-04T02:42:16.7138365Z [32m[Nest] 3681  - [39m10/04/2026, 2:42:16 AM [32m    LOG[39m [38;5;3m[CoachWelcomeService] [39m[32mcoach-welcome job=id_303 cancelled reason=coach_disabled[39m
2026-10-04T02:42:16.7140655Z [32m[Nest] 3681  - [39m10/04/2026, 2:42:16 AM [32m    LOG[39m [38;5;3m[CoachWelcomeService] [39m[32mcoach-welcome job=id_308 cancelled reason=expired[39m
2026-10-04T02:42:16.7143086Z [33m[Nest] 3681  - [39m10/04/2026, 2:42:16 AM [33m   WARN[39m [38;5;3m[CoachWelcomeService] [39m[33mcoach-welcome job=id_313 attempt 1 failed (Error); retrying[39m
2026-10-04T02:42:16.7156346Z [33m[Nest] 3681  - [39m10/04/2026, 2:42:16 AM [33m   WARN[39m [38;5;3m[CoachWelcomeService] [39m[33mcoach-welcome job=id_319 attempt 1 failed (Error); retrying[39m
2026-10-04T02:42:16.7158897Z [33m[Nest] 3681  - [39m10/04/2026, 2:42:16 AM [33m   WARN[39m [38;5;3m[CoachWelcomeService] [39m[33mcoach-welcome job=id_337 attempt 1 failed (Error); retrying[39m
2026-10-04T02:42:16.7161400Z [33m[Nest] 3681  - [39m10/04/2026, 2:42:16 AM [33m   WARN[39m [38;5;3m[CoachWelcomeService] [39m[33mcoach-welcome job=id_337 attempt 2 failed (Error); retrying[39m
2026-10-04T02:42:16.7164138Z [33m[Nest] 3681  - [39m10/04/2026, 2:42:16 AM [33m   WARN[39m [38;5;3m[CoachWelcomeService] [39m[33mcoach-welcome job=id_337 attempt 3 failed (Error); retrying[39m
2026-10-04T02:42:16.7166637Z [33m[Nest] 3681  - [39m10/04/2026, 2:42:16 AM [33m   WARN[39m [38;5;3m[CoachWelcomeService] [39m[33mcoach-welcome job=id_337 attempt 4 failed (Error); retrying[39m
2026-10-04T02:42:16.7169063Z [32m[Nest] 3681  - [39m10/04/2026, 2:42:16 AM [32m    LOG[39m [38;5;3m[CoachWelcomeService] [39m[32mcoach-welcome job=id_352 cancelled reason=blocked[39m
2026-10-04T02:42:16.7171510Z [33m[Nest] 3681  - [39m10/04/2026, 2:42:16 AM [33m   WARN[39m [38;5;3m[CoachWelcomeService] [39m[33mcoach-welcome job=id_357 attempt 1 failed (Error); retrying[39m
2026-10-04T02:42:16.7174263Z [33m[Nest] 3681  - [39m10/04/2026, 2:42:16 AM [33m   WARN[39m [38;5;3m[CoachWelcomeService] [39m[33mcoach-welcome job=id_357 attempt 2 failed (Error); retrying[39m
2026-10-04T02:42:16.7176747Z [33m[Nest] 3681  - [39m10/04/2026, 2:42:16 AM [33m   WARN[39m [38;5;3m[CoachWelcomeService] [39m[33mcoach-welcome job=id_357 attempt 3 failed (Error); retrying[39m
2026-10-04T02:42:16.7179348Z [33m[Nest] 3681  - [39m10/04/2026, 2:42:16 AM [33m   WARN[39m [38;5;3m[CoachWelcomeService] [39m[33mcoach-welcome job=id_357 attempt 4 failed (Error); retrying[39m
2026-10-04T02:42:16.7181818Z [32m[Nest] 3681  - [39m10/04/2026, 2:42:16 AM [32m    LOG[39m [38;5;3m[CoachWelcomeService] [39m[32mcoach-welcome erasure sweep removed 1 row(s)[39m
2026-10-04T02:42:16.7184307Z [32m[Nest] 3681  - [39m10/04/2026, 2:42:16 AM [32m    LOG[39m [38;5;3m[CoachWelcomeService] [39m[32mcoach-welcome erasure sweep removed 1 row(s)[39m
2026-10-04T02:42:16.7186742Z [33m[Nest] 3681  - [39m10/04/2026, 2:42:16 AM [33m   WARN[39m [38;5;3m[CoachWelcomeService] [39m[33mcoach-welcome erasure sweep failed (Error); retrying next tick[39m
2026-10-04T02:42:16.7189350Z [33m[Nest] 3681  - [39m10/04/2026, 2:42:16 AM [33m   WARN[39m [38;5;3m[CoachWelcomeService] [39m[33mcoach-welcome erasure sweep failed (Error); retrying next tick[39m
2026-10-04T02:42:16.7191925Z [33m[Nest] 3681  - [39m10/04/2026, 2:42:16 AM [33m   WARN[39m [38;5;3m[CoachWelcomeService] [39m[33mcoach-welcome erasure sweep failed (Error); retrying next tick[39m
2026-10-04T02:42:16.7194934Z [32m[Nest] 3681  - [39m10/04/2026, 2:42:16 AM [32m    LOG[39m [38;5;3m[CoachWelcomeService] [39m[32mcoach-welcome job=id_395 cancelled reason=coach_disabled[39m
2026-10-04T02:42:16.7197532Z [33m[Nest] 3681  - [39m10/04/2026, 2:42:16 AM [33m   WARN[39m [38;5;3m[CoachWelcomeService] [39m[33mcoach-welcome job=id_395 lease reclaimed by another worker; stopping[39m
2026-10-04T02:42:16.7200067Z [32m[Nest] 3681  - [39m10/04/2026, 2:42:16 AM [32m    LOG[39m [38;5;3m[CoachWelcomeService] [39m[32mcoach-welcome job=id_400 cancelled reason=coach_disabled[39m
2026-10-04T02:42:16.7202649Z [33m[Nest] 3681  - [39m10/04/2026, 2:42:16 AM [33m   WARN[39m [38;5;3m[CoachWelcomeService] [39m[33mcoach-welcome job=id_400 lease reclaimed by another worker; stopping[39m
2026-10-04T02:42:16.7205560Z [33m[Nest] 3681  - [39m10/04/2026, 2:42:16 AM [33m   WARN[39m [38;5;3m[CoachWelcomeService] [39m[33mcoach-welcome job=id_405 lease reclaimed by another worker; stopping[39m
2026-10-04T02:42:16.7208537Z [33m[Nest] 3681  - [39m10/04/2026, 2:42:16 AM [33m   WARN[39m [38;5;3m[CoachWelcomeService] [39m[33mcoach-welcome job=id_411 lease reclaimed by another worker; stopping[39m
2026-10-04T02:42:16.7211136Z [33m[Nest] 3681  - [39m10/04/2026, 2:42:16 AM [33m   WARN[39m [38;5;3m[CoachWelcomeService] [39m[33mcoach-welcome job=id_417 lease reclaimed by another worker; stopping[39m
2026-10-04T02:42:16.7213956Z [33m[Nest] 3681  - [39m10/04/2026, 2:42:16 AM [33m   WARN[39m [38;5;3m[CoachWelcomeService] [39m[33mcoach-welcome job=id_429 attempt 1 failed (Error); retrying[39m
2026-10-04T02:42:16.7216472Z [33m[Nest] 3681  - [39m10/04/2026, 2:42:16 AM [33m   WARN[39m [38;5;3m[CoachWelcomeService] [39m[33mcoach-welcome job=id_429 attempt 2 failed (Error); retrying[39m
2026-10-04T02:42:17.0378316Z PASS test/checkout-webhook-handler.spec.ts
2026-10-04T02:42:17.1278062Z [33m[Nest] 3682  - [39m10/04/2026, 2:42:17 AM [33m   WARN[39m [38;5;3m[CheckoutWebhookHandlerService] [39m[33minvoice.paid resync skipped for sub=sub_inv_skip: outer tx held without a prefetched subscription (no Stripe HTTP in tx)[39m
2026-10-04T02:42:17.2776864Z [31m[Nest] 3681  - [39m10/04/2026, 2:42:17 AM [31m  ERROR[39m [38;5;3m[AuthService] [39m[31mGOOGLE_CLIENT_ID(S) not configured — recent-auth google branch unavailable[39m
2026-10-04T02:42:17.3686474Z [33m[Nest] 3681  - [39m10/04/2026, 2:42:17 AM [33m   WARN[39m [38;5;3m[AuthService] [39m[33mrecent-auth google token verify failed for user=u-1: signature verification failed[39m
2026-10-04T02:42:17.3705940Z [33m[Nest] 3681  - [39m10/04/2026, 2:42:17 AM [33m   WARN[39m [38;5;3m[AuthService] [39m[33mrecent-auth google token verify failed for user=u-1: unexpected "iss" claim value (expected accounts.google.com)[39m
2026-10-04T02:42:18.0255204Z [33m[Nest] 3682  - [39m10/04/2026, 2:42:17 AM [33m   WARN[39m [38;5;3m[InviteCodesService] [39m[33mattach refused: user=coach-x role=coach tried to redeem a client invite code (not a student)[39m
2026-10-04T02:42:18.0275844Z [33m[Nest] 3682  - [39m10/04/2026, 2:42:17 AM [33m   WARN[39m [38;5;3m[InviteCodesService] [39m[33mattach refused: user=sub-x role=sub_coach tried to redeem a client invite code (not a student)[39m
2026-10-04T02:42:18.0285593Z [33m[Nest] 3682  - [39m10/04/2026, 2:42:17 AM [33m   WARN[39m [38;5;3m[InviteCodesService] [39m[33mattach refused: user=coach-a role=coach tried to redeem a client invite code (not a student)[39m
2026-10-04T02:42:18.0315449Z [95m[Nest] 3682  - [39m10/04/2026, 2:42:17 AM [95m  DEBUG[39m [38;5;3m[InviteCodesService] [39m[95mattach race resolved as no-op: user=stu-1 coach=coach-a[39m
2026-10-04T02:42:18.0345328Z [95m[Nest] 3682  - [39m10/04/2026, 2:42:17 AM [95m  DEBUG[39m [38;5;3m[InviteCodesService] [39m[95mattach no-op: user=stu-1 already attached to coach=coach-a[39m
2026-10-04T02:42:18.0365592Z [33m[Nest] 3682  - [39m10/04/2026, 2:42:17 AM [33m   WARN[39m [38;5;3m[InviteCodesService] [39m[33mattach refused: user=stu-1 already attached to a different coach (re-parent is not a side effect of code entry)[39m
2026-10-04T02:42:18.0376209Z [33m[Nest] 3682  - [39m10/04/2026, 2:42:17 AM [33m   WARN[39m [38;5;3m[InviteCodesService] [39m[33mattach refused: user=own-1 role=owner tried to redeem a client invite code (not a student)[39m
2026-10-04T02:42:18.0405776Z [33m[Nest] 3682  - [39m10/04/2026, 2:42:17 AM [33m   WARN[39m [38;5;3m[AuthService] [39m[33msignupWithCode invite_code attach failed for user=u-1 code=coach_not_accepting_clients: Coach is not currently accepting clients[39m
2026-10-04T02:42:18.0435886Z [33m[Nest] 3682  - [39m10/04/2026, 2:42:17 AM [33m   WARN[39m [38;5;3m[AuthService] [39m[33mgoogleAuth invite_code attach failed for user=u-1 code=already_attached_to_different_coach: You are already attached to a different coach[39m
2026-10-04T02:42:18.0486093Z [33m[Nest] 3682  - [39m10/04/2026, 2:42:17 AM [33m   WARN[39m [38;5;3m[AuthService] [39m[33mappleAuth invite_code attach failed for user=u-1 code=already_attached_to_different_coach: You are already attached to a different coach[39m
2026-10-04T02:42:18.3374994Z PASS test/invite-attach-reliability.spec.ts
2026-10-04T02:42:18.3404621Z (node:3682) [JEST-01] DeprecationWarning: 'now' property was accessed on [Function] after it was soft deleted
2026-10-04T02:42:18.3420301Z   Jest deletes objects that were set on the global scope between test files to reduce memory leaks.
2026-10-04T02:42:18.3494656Z   Currently it only "soft" deletes them and emits this warning if those objects were accessed after their deletion.
2026-10-04T02:42:18.3554600Z   In future versions of Jest, this behavior will change to "on", which will likely fail tests.
2026-10-04T02:42:18.3614447Z   You can change the behavior in your test configuration now to reduce memory usage.
2026-10-04T02:42:18.3674551Z (Use `node --trace-deprecation ...` to show where the warning was created)
2026-10-04T02:42:19.3858070Z [31m[Nest] 3682  - [39m10/04/2026, 2:42:19 AM [31m  ERROR[39m [38;5;3m[AiApprovalService] [39m[31mMaterialisation failed for draft d-coach-3 (capability=draft.coach_message): downstream messaging failure[39m
2026-10-04T02:42:19.4786444Z [95m[Nest] 3682  - [39m10/04/2026, 2:42:19 AM [95m  DEBUG[39m [38;5;3m[AiApprovalService] [39m[95mNo materialiser registered for capability=draft.workout_program; proceeding with status flip only.[39m
2026-10-04T02:42:19.5126614Z [31m[Nest] 3682  - [39m10/04/2026, 2:42:19 AM [31m  ERROR[39m [38;5;3m[AiApprovalService] [39m[31mMaterialisation failed for draft 11111111-1111-1111-1111-000000000001 (capability=draft.coach_message): expo push provider 503[39m
2026-10-04T02:42:19.5216272Z [31m[Nest] 3682  - [39m10/04/2026, 2:42:19 AM [31m  ERROR[39m [38;5;3m[AiApprovalService] [39m[31mMaterialisation failed for draft 11111111-1111-1111-1111-000000000001 (capability=draft.coach_message): expo push provider 503[39m
2026-10-04T02:42:19.6856079Z [33m[Nest] 3682  - [39m10/04/2026, 2:42:19 AM [33m   WARN[39m [38;5;3m[CoachMessageMaterializer] [39m[33mCoachMessageMaterializer: race-loser poll budget exhausted for draft 11111111-1111-1111-1111-000000000002; surfacing racing state.[39m
2026-10-04T02:42:20.1745031Z PASS test/ai-approval-materialiser-integration.spec.ts
2026-10-04T02:42:21.7848093Z PASS test/community/safety/community-ugc-round2.spec.ts
2026-10-04T02:42:21.8649621Z [33m[Nest] 3682  - [39m10/04/2026, 2:42:21 AM [33m   WARN[39m [38;5;3m[CommunityVoiceService] [39m[33mvoice note bf654452-2d89-4166-8407-86a0e4db7c25: recording removal not yet verified; erasure recorded and retried by VoiceErasureService[39m
2026-10-04T02:42:21.8685091Z [32m[Nest] 3682  - [39m10/04/2026, 2:42:21 AM [32m    LOG[39m [38;5;3m[VoiceErasureService] [39m[32mvoice erasure retry: completed=1 pending=0[39m
2026-10-04T02:42:21.8688804Z [33m[Nest] 3682  - [39m10/04/2026, 2:42:21 AM [33m   WARN[39m [38;5;3m[CommunityModerationService] [39m[33mvoice erasure cc232468-e6bf-4fda-a9cf-e497db5e1042 (object) not yet verified after 1 attempt(s): storage_remove_failed; retry scheduled[39m
2026-10-04T02:42:21.8693269Z [33m[Nest] 3682  - [39m10/04/2026, 2:42:21 AM [33m   WARN[39m [38;5;3m[CommunityModerationService] [39m[33mmoderation c66d6da9-65d5-45df-8d29-a70b91fd5fa7: voice recording removal not yet verified; erasure recorded and retried[39m
2026-10-04T02:42:21.8696594Z [32m[Nest] 3682  - [39m10/04/2026, 2:42:21 AM [32m    LOG[39m [38;5;3m[VoiceErasureService] [39m[32mvoice erasure retry: completed=1 pending=0[39m
2026-10-04T02:42:21.8699873Z [33m[Nest] 3682  - [39m10/04/2026, 2:42:21 AM [33m   WARN[39m [38;5;3m[CommunityVoiceService] [39m[33mvoice note dd0f27f4-4118-4f62-9637-437c69530daa: recording removal not yet verified; erasure recorded and retried by VoiceErasureService[39m
2026-10-04T02:42:21.8704183Z [33m[Nest] 3682  - [39m10/04/2026, 2:42:21 AM [33m   WARN[39m [38;5;3m[CommunityVoiceService] [39m[33mvoice note 178d004d-678e-4f22-b0b1-bda30cef84d3: recording removal not yet verified; erasure recorded and retried by VoiceErasureService[39m
2026-10-04T02:42:21.8707595Z [32m[Nest] 3682  - [39m10/04/2026, 2:42:21 AM [32m    LOG[39m [38;5;3m[VoiceErasureService] [39m[32mvoice erasure retry: completed=1 pending=0[39m
2026-10-04T02:42:22.5209470Z [31m[Nest] 3681  - [39m10/04/2026, 2:42:22 AM [31m  ERROR[39m [38;5;3m[AuthService] [39m[31mRECENT_AUTH_SECRET is not configured or shorter than 32 characters — recent-auth token issue blocked[39m
2026-10-04T02:42:22.5383304Z PASS test/auth-recent-auth-token.spec.ts (5.821 s)
2026-10-04T02:42:22.6176001Z [33m[Nest] 3681  - [39m10/04/2026, 2:42:33 AM [33m   WARN[39m [38;5;3m[AuthService] [39m[33mrecent-auth supabase timeout: AUTH_TIMEOUT:signInWithPassword[39m
2026-10-04T02:42:22.6205497Z [33m[Nest] 3681  - [39m10/04/2026, 2:42:33 AM [33m   WARN[39m [38;5;3m[AuthService] [39m[33mrecent-auth supabase timeout: AUTH_TIMEOUT:signInWithIdToken[39m
2026-10-04T02:42:22.8154914Z PASS test/account-deletion/lifecycle-races.spec.ts
2026-10-04T02:42:23.5475663Z PASS test/coach-media.service.spec.ts
2026-10-04T02:42:23.6050481Z [33m[Nest] 3682  - [39m10/04/2026, 2:42:23 AM [33m   WARN[39m [38;5;3m[CoachMediaService] [39m[33mTenant mismatch on buyer signed-URL: grant grant-1 purchase.coach=coach-2 asset.coach=coach-1[39m
2026-10-04T02:42:24.8602802Z [31m[Nest] 3682  - [39m10/04/2026, 2:42:24 AM [31m  ERROR[39m [38;5;3m[ProgramLibraryService] [39m[31mbulkAssign: master=master-1 client=c1 reference=60d6ee71-9200-4b97-89ed-9935036bbe95 failed: db down[39m
2026-10-04T02:42:24.8984792Z PASS test/mwb-program-library.service.spec.ts
2026-10-04T02:42:25.6288899Z [95m[Nest] 3682  - [39m10/04/2026, 2:42:25 AM [95m  DEBUG[39m [38;5;3m[AiTriageService] [39m[95mtriage generated coach=c0000000-0000-4000-8000-000000000001 items=2 model=test-model prompt=community-inbox-triage-v1[39m
2026-10-04T02:42:25.6312355Z [95m[Nest] 3682  - [39m10/04/2026, 2:42:25 AM [95m  DEBUG[39m [38;5;3m[AiTriageService] [39m[95mtriage generated coach=c0000000-0000-4000-8000-000000000001 items=1 model=test-model prompt=community-inbox-triage-v1[39m
2026-10-04T02:42:25.6316204Z [95m[Nest] 3682  - [39m10/04/2026, 2:42:25 AM [95m  DEBUG[39m [38;5;3m[AiTriageService] [39m[95mtriage generated coach=c0000000-0000-4000-8000-000000000001 items=1 model=test-model prompt=community-inbox-triage-v1[39m
2026-10-04T02:42:25.6344282Z [33m[Nest] 3682  - [39m10/04/2026, 2:42:25 AM [33m   WARN[39m [38;5;3m[AiTriageService] [39m[33mtriage LLM failed/timed out coach=c0000000-0000-4000-8000-000000000001: provider down[39m
2026-10-04T02:42:25.6347927Z [95m[Nest] 3682  - [39m10/04/2026, 2:42:25 AM [95m  DEBUG[39m [38;5;3m[AiTriageService] [39m[95mtriage generated coach=c0000000-0000-4000-8000-000000000001 items=0 model=test-model prompt=community-inbox-triage-v1[39m
2026-10-04T02:42:25.6351494Z [33m[Nest] 3682  - [39m10/04/2026, 2:42:25 AM [33m   WARN[39m [38;5;3m[AiTriageService] [39m[33mtriage output invalid after repair coach=c0000000-0000-4000-8000-000000000001 — triage unavailable[39m
2026-10-04T02:42:25.6355248Z [33m[Nest] 3682  - [39m10/04/2026, 2:42:25 AM [33m   WARN[39m [38;5;3m[AiTriageService] [39m[33mtriage repair failed coach=c0000000-0000-4000-8000-000000000001: timeout[39m
2026-10-04T02:42:25.6360676Z [33m[Nest] 3682  - [39m10/04/2026, 2:42:25 AM [33m   WARN[39m [38;5;3m[AiTriageService] [39m[33mtriage LLM failed/timed out coach=c0000000-0000-4000-8000-000000000001: AI help is turned off for this request because of a problem on our side. Your account and privacy settings are fine. Contact support at Bradleyapple1031@gmail.com and include the reference shown with this message so we can fix it.[39m
2026-10-04T02:42:25.6365739Z [95m[Nest] 3682  - [39m10/04/2026, 2:42:25 AM [95m  DEBUG[39m [38;5;3m[AiTriageService] [39m[95mtriage generated coach=c0000000-0000-4000-8000-000000000001 items=1 model=test-model prompt=community-inbox-triage-v1[39m
2026-10-04T02:42:25.6368815Z [95m[Nest] 3682  - [39m10/04/2026, 2:42:25 AM [95m  DEBUG[39m [38;5;3m[AiTriageService] [39m[95mtriage cache HIT coach=c0000000-0000-4000-8000-000000000001[39m
2026-10-04T02:42:25.6372361Z [95m[Nest] 3682  - [39m10/04/2026, 2:42:25 AM [95m  DEBUG[39m [38;5;3m[AiTriageService] [39m[95mtriage generated coach=c0000000-0000-4000-8000-000000000001 items=1 model=test-model prompt=community-inbox-triage-v1[39m
2026-10-04T02:42:25.6376267Z [95m[Nest] 3682  - [39m10/04/2026, 2:42:25 AM [95m  DEBUG[39m [38;5;3m[AiTriageService] [39m[95mtriage generated coach=c0000000-0000-4000-8000-000000000001 items=1 model=test-model prompt=community-inbox-triage-v1[39m
2026-10-04T02:42:25.6390101Z [95m[Nest] 3682  - [39m10/04/2026, 2:42:25 AM [95m  DEBUG[39m [38;5;3m[AiTriageService] [39m[95mtriage generated coach=c0000000-0000-4000-8000-000000000001 items=1 model=test-model prompt=community-inbox-triage-v1[39m
2026-10-04T02:42:25.6506704Z PASS test/common/pilot-coach-allowlist.bootstrap.spec.ts
2026-10-04T02:42:25.6554630Z PASS test/community/ai-triage/ai-triage.service.spec.ts
2026-10-04T02:42:25.7357660Z [33m[Nest] 3682  - [39m10/04/2026, 2:42:25 AM [33m   WARN[39m [38;5;3m[AiTriageService] [39m[33mtriage output invalid after repair coach=c0000000-0000-4000-8000-000000000001 — triage unavailable[39m
2026-10-04T02:42:25.7385891Z [33m[Nest] 3682  - [39m10/04/2026, 2:42:25 AM [33m   WARN[39m [38;5;3m[AiTriageService] [39m[33mtriage output invalid after repair coach=c0000000-0000-4000-8000-000000000001 — triage unavailable[39m
2026-10-04T02:42:25.7415918Z [95m[Nest] 3682  - [39m10/04/2026, 2:42:25 AM [95m  DEBUG[39m [38;5;3m[AiTriageService] [39m[95mtriage generated coach=c0000000-0000-4000-8000-000000000001 items=2 model=test-model prompt=community-inbox-triage-v1[39m
2026-10-04T02:42:25.7441182Z [95m[Nest] 3682  - [39m10/04/2026, 2:42:25 AM [95m  DEBUG[39m [38;5;3m[AiTriageService] [39m[95mtriage generated coach=c0000000-0000-4000-8000-000000000001 items=2 model=test-model prompt=community-inbox-triage-v1[39m
2026-10-04T02:42:25.7445179Z [95m[Nest] 3682  - [39m10/04/2026, 2:42:25 AM [95m  DEBUG[39m [38;5;3m[AiTriageService] [39m[95mtriage generated coach=c0000000-0000-4000-8000-000000000001 items=1 model=test-model prompt=community-inbox-triage-v1[39m
2026-10-04T02:42:25.7448803Z [95m[Nest] 3682  - [39m10/04/2026, 2:42:25 AM [95m  DEBUG[39m [38;5;3m[AiTriageService] [39m[95mtriage generated coach=c0000000-0000-4000-8000-000000000001 items=2 model=test-model prompt=community-inbox-triage-v1[39m
2026-10-04T02:42:25.7452352Z [95m[Nest] 3682  - [39m10/04/2026, 2:42:25 AM [95m  DEBUG[39m [38;5;3m[AiTriageService] [39m[95mtriage generated coach=c0000000-0000-4000-8000-000000000001 items=1 model=test-model prompt=community-inbox-triage-v1[39m
2026-10-04T02:42:25.7456101Z [32m[Nest] 3682  - [39m10/04/2026, 2:42:25 AM [32m    LOG[39m [38;5;3m[AiTriageService] [39m[32mtriage consent changed before send coach=c0000000-0000-4000-8000-000000000001; re-filtering once[39m
2026-10-04T02:42:25.7459900Z [95m[Nest] 3682  - [39m10/04/2026, 2:42:25 AM [95m  DEBUG[39m [38;5;3m[AiTriageService] [39m[95mtriage generated coach=c0000000-0000-4000-8000-000000000001 items=1 model=test-model prompt=community-inbox-triage-v1[39m
2026-10-04T02:42:25.7463222Z [32m[Nest] 3682  - [39m10/04/2026, 2:42:25 AM [32m    LOG[39m [38;5;3m[AiTriageService] [39m[32mtriage consent changed before send coach=c0000000-0000-4000-8000-000000000001; re-filtering once[39m
2026-10-04T02:42:25.7467341Z [33m[Nest] 3682  - [39m10/04/2026, 2:42:25 AM [33m   WARN[39m [38;5;3m[AiTriageService] [39m[33mtriage LLM failed/timed out coach=c0000000-0000-4000-8000-000000000001: This client hasn't allowed AI help yet. They can turn it on in their app under Settings > Privacy.[39m
2026-10-04T02:42:25.7470530Z [33m[Nest] 3682  - [39m10/04/2026, 2:42:25 AM [33m   WARN[39m [38;5;3m[AiEgressService] [39m[33mai_egress.consent_read_failed (treated as no grant)[39m
2026-10-04T02:42:26.3600476Z PASS test/landing-pages.service.spec.ts
2026-10-04T02:42:26.3680295Z PASS test/e2e-saas-smoke.spec.ts
2026-10-04T02:42:26.4246460Z [33m[Nest] 3681  - [39m10/04/2026, 2:42:26 AM [33m   WARN[39m [38;5;3m[InviteCodesService] [39m[33mattach refused: user=owner-1 role=owner tried to redeem a client invite code (not a student)[39m
2026-10-04T02:42:26.4266012Z [33m[Nest] 3681  - [39m10/04/2026, 2:42:26 AM [33m   WARN[39m [38;5;3m[ClientAIContextService] [39m[33mbuildFresh called for unknown userId=ghost[39m
2026-10-04T02:42:26.4295748Z [33m[Nest] 3681  - [39m10/04/2026, 2:42:26 AM [33m   WARN[39m [38;5;3m[SubscriptionGuard] [39m[33m[enforce] coach=c state=past_due reason=past_due_grace_expired route=unknown unknown[39m
2026-10-04T02:42:26.4351842Z [33m[Nest] 3681  - [39m10/04/2026, 2:42:26 AM [33m   WARN[39m [38;5;3m[SubscriptionGuard] [39m[33m[enforce] coach=c state=free reason=tier_too_low route=unknown unknown[39m
2026-10-04T02:42:27.1051934Z PASS test/churn-intervention.service.spec.ts
2026-10-04T02:42:27.1349241Z [33m[Nest] 3682  - [39m10/04/2026, 2:42:27 AM [33m   WARN[39m [38;5;3m[ChurnInterventionService] [39m[33mChurn draft generation failed coach=c1 client=u1: Internal Anthropic-specific error mentioning ANTHROPIC_API_KEY[39m
2026-10-04T02:42:27.1395971Z [32m[Nest] 3682  - [39m10/04/2026, 2:42:27 AM [32m    LOG[39m [38;5;3m[AiEgressService] [39m[32mai_egress.refused surface=coach.churn_draft reason=no_live_grant clients=1 missing=1[39m
2026-10-04T02:42:27.1425705Z [32m[Nest] 3682  - [39m10/04/2026, 2:42:27 AM [32m    LOG[39m [38;5;3m[AiEgressService] [39m[32mai_egress.refused surface=coach.churn_draft reason=no_live_grant clients=1 missing=1[39m
2026-10-04T02:42:27.1428450Z [33m[Nest] 3682  - [39m10/04/2026, 2:42:27 AM [33m   WARN[39m [38;5;3m[ChurnInterventionService] [39m[33mChurn draft generation failed coach=c1 client=u1: ai_egress_refused[39m
2026-10-04T02:42:27.1430868Z [33m[Nest] 3682  - [39m10/04/2026, 2:42:27 AM [33m   WARN[39m [38;5;3m[AiEgressService] [39m[33mai_egress.consent_read_failed (treated as no grant)[39m
2026-10-04T02:42:27.1433510Z [32m[Nest] 3682  - [39m10/04/2026, 2:42:27 AM [32m    LOG[39m [38;5;3m[AiEgressService] [39m[32mai_egress.refused surface=coach.churn_draft reason=no_live_grant clients=1 missing=1[39m
2026-10-04T02:42:27.1955089Z PASS test/scout/reconciliation/facts.service.coverage.spec.ts
2026-10-04T02:42:27.7525954Z [32m[Nest] 3682  - [39m10/04/2026, 2:42:27 AM [32m    LOG[39m [38;5;3m[CoachAIBudgetService] [39mObject(6) {
2026-10-04T02:42:27.7564594Z   event: [32m'COACH_AI_FREE_GRANT'[39m,
2026-10-04T02:42:27.7594298Z   coachId: [32m'coach-1'[39m,
2026-10-04T02:42:27.7624190Z   displayedCents: [33m5000[39m,
2026-10-04T02:42:27.7654265Z   actorOwnerId: [32m'owner-9'[39m,
2026-10-04T02:42:27.7674361Z   reason: [32m'goodwill'[39m,
2026-10-04T02:42:27.7675118Z   purchaseId: [32m'p_1'[39m
2026-10-04T02:42:27.7675708Z }
2026-10-04T02:42:27.7677103Z [32m[Nest] 3682  - [39m10/04/2026, 2:42:27 AM [32m    LOG[39m [38;5;3m[CoachAIBudgetService] [39m[32mfree credit grant[39m
2026-10-04T02:42:27.7679341Z [33m[Nest] 3682  - [39m10/04/2026, 2:42:27 AM [33m   WARN[39m [38;5;3m[CoachAiCreditPackService] [39mObject(5) {
2026-10-04T02:42:27.7680646Z   event: [32m'COACH_AI_PACK_AMOUNT_TOTAL_DIVERGENCE'[39m,
2026-10-04T02:42:27.7681532Z   stripeEventId: [32m'evt_tax_1'[39m,
2026-10-04T02:42:27.7682301Z   stripeSessionId: [32m'cs_tax'[39m,
2026-10-04T02:42:27.7683048Z   ccppPaidCents: [33m2500[39m,
2026-10-04T02:42:27.7683972Z   stripeAmountTotal: [33m2706[39m
2026-10-04T02:42:27.7684571Z }
2026-10-04T02:42:27.7686638Z [33m[Nest] 3682  - [39m10/04/2026, 2:42:27 AM [33m   WARN[39m [38;5;3m[CoachAiCreditPackService] [39m[33mStripe amount_total differs from pre-recorded paid_cents; crediting face-value tier amount[39m
2026-10-04T02:42:27.7688955Z [33m[Nest] 3682  - [39m10/04/2026, 2:42:27 AM [33m   WARN[39m [38;5;3m[CoachAiCreditPackService] [39mObject(3) {
2026-10-04T02:42:27.7690228Z   event: [32m'COACH_AI_PACK_WEBHOOK_NO_PENDING_ROW'[39m,
2026-10-04T02:42:27.7691343Z   stripeEventId: [32m'evt_stray'[39m,
2026-10-04T02:42:27.7692125Z   stripeSessionId: [32m'cs_stray'[39m
2026-10-04T02:42:27.7692713Z }
2026-10-04T02:42:27.7694659Z [33m[Nest] 3682  - [39m10/04/2026, 2:42:27 AM [33m   WARN[39m [38;5;3m[CoachAiCreditPackService] [39m[33mpack webhook arrived without matching pending purchase row[39m
2026-10-04T02:42:27.7696785Z [33m[Nest] 3682  - [39m10/04/2026, 2:42:27 AM [33m   WARN[39m [38;5;3m[CoachAIBudgetService] [39mObject(8) {
2026-10-04T02:42:27.7697953Z   event: [32m'COACH_AI_BUDGET_RACE_OVERSHOOT'[39m,
2026-10-04T02:42:27.7698785Z   coachId: [32m'coach-rolled'[39m,
2026-10-04T02:42:27.7699525Z   capability: [32m'client_chat'[39m,
2026-10-04T02:42:27.7700208Z   contextId: [1mnull[22m,
2026-10-04T02:42:27.7700891Z   actualCostCents: [33m10[39m,
2026-10-04T02:42:27.7701585Z   ceilingCents: [33m4000[39m,
2026-10-04T02:42:27.7702263Z   actualUsedCents: [33m0[39m,
2026-10-04T02:42:27.7703042Z   periodEnd: [32m'2026-10-04T02:41:27.729Z'[39m
2026-10-04T02:42:27.7703868Z }
2026-10-04T02:42:27.7705561Z [33m[Nest] 3682  - [39m10/04/2026, 2:42:27 AM [33m   WARN[39m [38;5;3m[CoachAIBudgetService] [39m[33mbudget race overshoot — charge could not be absorbed[39m
2026-10-04T02:42:27.7707551Z [32m[Nest] 3682  - [39m10/04/2026, 2:42:27 AM [32m    LOG[39m [38;5;3m[CoachAIBudgetService] [39mObject(4) {
2026-10-04T02:42:27.7708694Z   event: [32m'SUB_COACH_HEAD_REATTRIBUTED'[39m,
2026-10-04T02:42:27.7709491Z   subCoachId: [32m'sub-1'[39m,
2026-10-04T02:42:27.7710220Z   oldHeadCoachId: [32m'head-A'[39m,
2026-10-04T02:42:27.7710961Z   newHeadCoachId: [32m'head-B'[39m
2026-10-04T02:42:27.7711553Z }
2026-10-04T02:42:27.7713093Z [32m[Nest] 3682  - [39m10/04/2026, 2:42:27 AM [32m    LOG[39m [38;5;3m[CoachAIBudgetService] [39m[32msub-coach head-coach attribution changed[39m
2026-10-04T02:42:27.7770396Z PASS test/ai-credits-round1-fixes.spec.ts
2026-10-04T02:42:28.1000971Z PASS test/ai-execution-stream2.spec.ts
2026-10-04T02:42:28.1289576Z [33m[Nest] 3681  - [39m10/04/2026, 2:42:28 AM [33m   WARN[39m [38;5;3m[AssignWorkoutMaterializer] [39mObject(5) {
2026-10-04T02:42:28.1291097Z   event: [32m'AI_MATERIALISER_ROLE_REJECTED'[39m,
2026-10-04T02:42:28.1292326Z   capability: [32m'draft.assign_workout'[39m,
2026-10-04T02:42:28.1293359Z   draftId: [32m'55555555-5555-5555-5555-555555555555'[39m,
2026-10-04T02:42:28.1294792Z   requesterId: [32m'11111111-1111-1111-1111-111111111111'[39m,
2026-10-04T02:42:28.1295807Z   requesterRole: [32m'client'[39m
2026-10-04T02:42:28.1296525Z }
2026-10-04T02:42:28.1298609Z [33m[Nest] 3681  - [39m10/04/2026, 2:42:28 AM [33m   WARN[39m [38;5;3m[AssignWorkoutMaterializer] [39m[33mmaterialiser refused: draft requester is not coach/owner at approval time[39m
2026-10-04T02:42:28.1301941Z [33m[Nest] 3681  - [39m10/04/2026, 2:42:28 AM [33m   WARN[39m [38;5;3m[AssignWorkoutMaterializer] [39m[33mAssignWorkoutMaterializer: payload validation failed for draft 55555555-5555-5555-5555-555555555555: [
2026-10-04T02:42:28.1304081Z   {
2026-10-04T02:42:28.1305113Z     "origin": "string",
2026-10-04T02:42:28.1305829Z     "code": "invalid_format",
2026-10-04T02:42:28.1306466Z     "format": "guid",
2026-10-04T02:42:28.1307415Z     "pattern": "/^([0-9a-fA-F]{8}-[0-9a-fA-F]{4}-[0-9a-fA-F]{4}-[0-9a-fA-F]{4}-[0-9a-fA-F]{12})$/",
2026-10-04T02:42:28.1308347Z     "path": [
2026-10-04T02:42:28.1308913Z       "workoutPlanId"
2026-10-04T02:42:28.1309492Z     ],
2026-10-04T02:42:28.1310111Z     "message": "workoutPlanId must be a UUID"
2026-10-04T02:42:28.1310848Z   }
2026-10-04T02:42:28.1311481Z ][39m
2026-10-04T02:42:28.1312881Z [33m[Nest] 3681  - [39m10/04/2026, 2:42:28 AM [33m   WARN[39m [38;5;3m[AssignMealPlanMaterializer] [39mObject(5) {
2026-10-04T02:42:28.1314518Z   event: [32m'AI_MATERIALISER_ROLE_REJECTED'[39m,
2026-10-04T02:42:28.1315620Z   capability: [32m'draft.assign_meal_plan'[39m,
2026-10-04T02:42:28.1316738Z   draftId: [32m'55555555-5555-5555-5555-555555555555'[39m,
2026-10-04T02:42:28.1318095Z   requesterId: [32m'11111111-1111-1111-1111-111111111111'[39m,
2026-10-04T02:42:28.1319135Z   requesterRole: [32m'client'[39m
2026-10-04T02:42:28.1319837Z }
2026-10-04T02:42:28.1321836Z [33m[Nest] 3681  - [39m10/04/2026, 2:42:28 AM [33m   WARN[39m [38;5;3m[AssignMealPlanMaterializer] [39m[33mmaterialiser refused: draft requester is not coach/owner at approval time[39m
2026-10-04T02:42:28.1324540Z [33m[Nest] 3681  - [39m10/04/2026, 2:42:28 AM [33m   WARN[39m [38;5;3m[SendNotificationMaterializer] [39mObject(5) {
2026-10-04T02:42:28.1325967Z   event: [32m'AI_MATERIALISER_ROLE_REJECTED'[39m,
2026-10-04T02:42:28.1326918Z   capability: [32m'draft.send_notification'[39m,
2026-10-04T02:42:28.1327973Z   draftId: [32m'55555555-5555-5555-5555-555555555555'[39m,
2026-10-04T02:42:28.1329006Z   requesterId: [32m'11111111-1111-1111-1111-111111111111'[39m,
2026-10-04T02:42:28.1330021Z   requesterRole: [32m'client'[39m
2026-10-04T02:42:28.1330709Z }
2026-10-04T02:42:28.1332771Z [33m[Nest] 3681  - [39m10/04/2026, 2:42:28 AM [33m   WARN[39m [38;5;3m[SendNotificationMaterializer] [39m[33mmaterialiser refused: draft requester is not coach/owner at approval time[39m
2026-10-04T02:42:28.1335447Z [33m[Nest] 3681  - [39m10/04/2026, 2:42:28 AM [33m   WARN[39m [38;5;3m[AiGatewayService] [39mObject(6) {
2026-10-04T02:42:28.1336690Z   event: [32m'AI_GATEWAY_DRAFT_ROLE_REJECTED'[39m,
2026-10-04T02:42:28.1337628Z   capability: [32m'draft.coach_message'[39m,
2026-10-04T02:42:28.1338393Z   requesterId: [32m'u-1'[39m,
2026-10-04T02:42:28.1339083Z   requesterRole: [32m'client'[39m,
2026-10-04T02:42:28.1339896Z   subjectUserId: [1mnull[22m,
2026-10-04T02:42:28.1340650Z   ip: [1mnull[22m
2026-10-04T02:42:28.1341215Z }
2026-10-04T02:42:28.1343081Z [33m[Nest] 3681  - [39m10/04/2026, 2:42:28 AM [33m   WARN[39m [38;5;3m[AiGatewayService] [39m[33mdraft capability draft.coach_message refused for role=client[39m
2026-10-04T02:42:28.1345520Z [33m[Nest] 3681  - [39m10/04/2026, 2:42:28 AM [33m   WARN[39m [38;5;3m[AiGatewayService] [39mObject(6) {
2026-10-04T02:42:28.1346892Z   event: [32m'AI_GATEWAY_DRAFT_ROLE_REJECTED'[39m,
2026-10-04T02:42:28.1347953Z   capability: [32m'draft.assign_workout'[39m,
2026-10-04T02:42:28.1348860Z   requesterId: [32m'u-1'[39m,
2026-10-04T02:42:28.1349619Z   requesterRole: [32m'client'[39m,
2026-10-04T02:42:28.1350371Z   subjectUserId: [1mnull[22m,
2026-10-04T02:42:28.1351122Z   ip: [1mnull[22m
2026-10-04T02:42:28.1351739Z }
2026-10-04T02:42:28.1353885Z [33m[Nest] 3681  - [39m10/04/2026, 2:42:28 AM [33m   WARN[39m [38;5;3m[AiGatewayService] [39m[33mdraft capability draft.assign_workout refused for role=client[39m
2026-10-04T02:42:28.1356114Z [33m[Nest] 3681  - [39m10/04/2026, 2:42:28 AM [33m   WARN[39m [38;5;3m[AiGatewayService] [39mObject(6) {
2026-10-04T02:42:28.1357433Z   event: [32m'AI_GATEWAY_DRAFT_ROLE_REJECTED'[39m,
2026-10-04T02:42:28.1358516Z   capability: [32m'draft.assign_meal_plan'[39m,
2026-10-04T02:42:28.1359403Z   requesterId: [32m'u-1'[39m,
2026-10-04T02:42:28.1360351Z   requesterRole: [32m'client'[39m,
2026-10-04T02:42:28.1361173Z   subjectUserId: [1mnull[22m,
2026-10-04T02:42:28.1361857Z   ip: [1mnull[22m
2026-10-04T02:42:28.1362397Z }
2026-10-04T02:42:28.1364622Z [33m[Nest] 3681  - [39m10/04/2026, 2:42:28 AM [33m   WARN[39m [38;5;3m[AiGatewayService] [39m[33mdraft capability draft.assign_meal_plan refused for role=client[39m
2026-10-04T02:42:28.1366773Z [33m[Nest] 3681  - [39m10/04/2026, 2:42:28 AM [33m   WARN[39m [38;5;3m[AiGatewayService] [39mObject(6) {
2026-10-04T02:42:28.1368003Z   event: [32m'AI_GATEWAY_DRAFT_ROLE_REJECTED'[39m,
2026-10-04T02:42:28.1368959Z   capability: [32m'draft.send_notification'[39m,
2026-10-04T02:42:28.1369813Z   requesterId: [32m'u-1'[39m,
2026-10-04T02:42:28.1370585Z   requesterRole: [32m'client'[39m,
2026-10-04T02:42:28.1371386Z   subjectUserId: [1mnull[22m,
2026-10-04T02:42:28.1372377Z   ip: [1mnull[22m
2026-10-04T02:42:28.1372923Z }
2026-10-04T02:42:28.1374837Z [33m[Nest] 3681  - [39m10/04/2026, 2:42:28 AM [33m   WARN[39m [38;5;3m[AiGatewayService] [39m[33mdraft capability draft.send_notification refused for role=client[39m
2026-10-04T02:42:28.1377036Z [33m[Nest] 3681  - [39m10/04/2026, 2:42:28 AM [33m   WARN[39m [38;5;3m[AiGatewayService] [39mObject(6) {
2026-10-04T02:42:28.1378395Z   event: [32m'AI_GATEWAY_DRAFT_ROLE_REJECTED'[39m,
2026-10-04T02:42:28.1379376Z   capability: [32m'draft.create_workout_plan'[39m,
2026-10-04T02:42:28.1380257Z   requesterId: [32m'u-1'[39m,
2026-10-04T02:42:28.1381117Z   requesterRole: [32m'client'[39m,
2026-10-04T02:42:28.1382003Z   subjectUserId: [1mnull[22m,
2026-10-04T02:42:28.1382706Z   ip: [1mnull[22m
2026-10-04T02:42:28.1383254Z }
2026-10-04T02:42:28.1385449Z [33m[Nest] 3681  - [39m10/04/2026, 2:42:28 AM [33m   WARN[39m [38;5;3m[AiGatewayService] [39m[33mdraft capability draft.create_workout_plan refused for role=client[39m
2026-10-04T02:42:28.1399692Z [33m[Nest] 3681  - [39m10/04/2026, 2:42:28 AM [33m   WARN[39m [38;5;3m[AiGatewayService] [39mObject(6) {
2026-10-04T02:42:28.1401117Z   event: [32m'AI_GATEWAY_DRAFT_ROLE_REJECTED'[39m,
2026-10-04T02:42:28.1402137Z   capability: [32m'draft.edit_workout_plan'[39m,
2026-10-04T02:42:28.1403008Z   requesterId: [32m'u-1'[39m,
2026-10-04T02:42:28.1404039Z   requesterRole: [32m'client'[39m,
2026-10-04T02:42:28.1404858Z   subjectUserId: [1mnull[22m,
2026-10-04T02:42:28.1405537Z   ip: [1mnull[22m
2026-10-04T02:42:28.1406076Z }
2026-10-04T02:42:28.1407915Z [33m[Nest] 3681  - [39m10/04/2026, 2:42:28 AM [33m   WARN[39m [38;5;3m[AiGatewayService] [39m[33mdraft capability draft.edit_workout_plan refused for role=client[39m
2026-10-04T02:42:28.1410009Z [33m[Nest] 3681  - [39m10/04/2026, 2:42:28 AM [33m   WARN[39m [38;5;3m[AiGatewayService] [39mObject(6) {
2026-10-04T02:42:28.1411366Z   event: [32m'AI_GATEWAY_DRAFT_ROLE_REJECTED'[39m,
2026-10-04T02:42:28.1412333Z   capability: [32m'draft.assign_workout'[39m,
2026-10-04T02:42:28.1413286Z   requesterId: [32m'u-1'[39m,
2026-10-04T02:42:28.1414406Z   requesterRole: [32m'student'[39m,
2026-10-04T02:42:28.1415302Z   subjectUserId: [1mnull[22m,
2026-10-04T02:42:28.1416085Z   ip: [1mnull[22m
2026-10-04T02:42:28.1416699Z }
2026-10-04T02:42:28.1418583Z [33m[Nest] 3681  - [39m10/04/2026, 2:42:28 AM [33m   WARN[39m [38;5;3m[AiGatewayService] [39m[33mdraft capability draft.assign_workout refused for role=student[39m
2026-10-04T02:42:28.1420811Z [33m[Nest] 3681  - [39m10/04/2026, 2:42:28 AM [33m   WARN[39m [38;5;3m[AiGatewayService] [39mObject(6) {
2026-10-04T02:42:28.1422181Z   event: [32m'AI_GATEWAY_DRAFT_ROLE_REJECTED'[39m,
2026-10-04T02:42:28.1423226Z   capability: [32m'draft.assign_workout'[39m,
2026-10-04T02:42:28.1424367Z   requesterId: [32m'u-1'[39m,
2026-10-04T02:42:28.1425109Z   requesterRole: [32m'staff'[39m,
2026-10-04T02:42:28.1425930Z   subjectUserId: [1mnull[22m,
2026-10-04T02:42:28.1426691Z   ip: [1mnull[22m
2026-10-04T02:42:28.1427267Z }
2026-10-04T02:42:28.1455801Z [33m[Nest] 3681  - [39m10/04/2026, 2:42:28 AM [33m   WARN[39m [38;5;3m[AiGatewayService] [39m[33mdraft capability draft.assign_workout refused for role=staff[39m
2026-10-04T02:42:28.1490763Z [33m[Nest] 3681  - [39m10/04/2026, 2:42:28 AM [33m   WARN[39m [38;5;3m[AiGatewayService] [39mObject(6) {
2026-10-04T02:42:28.1492111Z   event: [32m'AI_GATEWAY_DRAFT_ROLE_REJECTED'[39m,
2026-10-04T02:42:28.1493994Z   capability: [32m'draft.assign_workout'[39m,
2026-10-04T02:42:28.1494994Z   requesterId: [32m'u-1'[39m,
2026-10-04T02:42:28.1526783Z   requesterRole: [32m'guest'[39m,
2026-10-04T02:42:28.1528071Z   subjectUserId: [1mnull[22m,
2026-10-04T02:42:28.1529006Z   ip: [1mnull[22m
2026-10-04T02:42:28.1595926Z }
2026-10-04T02:42:28.1645455Z [33m[Nest] 3681  - [39m10/04/2026, 2:42:28 AM [33m   WARN[39m [38;5;3m[AiGatewayService] [39m[33mdraft capability draft.assign_workout refused for role=guest[39m
2026-10-04T02:42:28.1654913Z [33m[Nest] 3681  - [39m10/04/2026, 2:42:28 AM [33m   WARN[39m [38;5;3m[AiGatewayService] [39mObject(6) {
2026-10-04T02:42:28.1656059Z   event: [32m'AI_GATEWAY_DRAFT_ROLE_REJECTED'[39m,
2026-10-04T02:42:28.1656861Z   capability: [32m'draft.assign_workout'[39m,
2026-10-04T02:42:28.1657571Z   requesterId: [32m'u-1'[39m,
2026-10-04T02:42:28.1658227Z   requesterRole: [32m'anonymous'[39m,
2026-10-04T02:42:28.1658876Z   subjectUserId: [1mnull[22m,
2026-10-04T02:42:28.1659413Z   ip: [1mnull[22m
2026-10-04T02:42:28.1659815Z }
2026-10-04T02:42:28.1661544Z [33m[Nest] 3681  - [39m10/04/2026, 2:42:28 AM [33m   WARN[39m [38;5;3m[AiGatewayService] [39m[33mdraft capability draft.assign_workout refused for role=anonymous[39m
2026-10-04T02:42:28.5819765Z PASS test/scout/induction/verify.spec.ts
2026-10-04T02:42:29.5931203Z PASS test/community/challenges/community-challenges.service.spec.ts
2026-10-04T02:42:31.0889782Z PASS test/recipes-tenant-visibility.spec.ts
2026-10-04T02:42:31.8115033Z PASS test/mwb-5-create-workout-plan.materialiser.spec.ts
2026-10-04T02:42:31.8145528Z [33m[Nest] 3682  - [39m10/04/2026, 2:42:31 AM [33m   WARN[39m [38;5;3m[CreateWorkoutPlanMaterializer] [39mObject(5) {
2026-10-04T02:42:31.8154665Z   event: [32m'AI_LIVE_CREATE_SCOPE_REJECTED'[39m,
2026-10-04T02:42:31.8204561Z   capability: [32m'draft.create_workout_plan'[39m,
2026-10-04T02:42:31.8224559Z   draftId: [32m'draft-create-1'[39m,
2026-10-04T02:42:31.8264518Z   requesterId: [32m'00000000-0000-0000-0000-0000000000c1'[39m,
2026-10-04T02:42:31.8291596Z   targetClientId: [32m'00000000-0000-0000-0000-0000000000a1'[39m
2026-10-04T02:42:31.8318044Z }
2026-10-04T02:42:31.8319929Z [33m[Nest] 3682  - [39m10/04/2026, 2:42:31 AM [33m   WARN[39m [38;5;3m[CreateWorkoutPlanMaterializer] [39m[33mcreate_workout_plan refused: requester lacks canAccessClient[39m
2026-10-04T02:42:31.8322805Z [33m[Nest] 3682  - [39m10/04/2026, 2:42:31 AM [33m   WARN[39m [38;5;3m[CreateWorkoutPlanMaterializer] [39m[33mCreateWorkoutPlanMaterializer: payload validation failed for draft draft-create-1: [
2026-10-04T02:42:31.8328198Z   {
2026-10-04T02:42:31.8328741Z     "expected": "string",
2026-10-04T02:42:31.8404317Z     "code": "invalid_type",
2026-10-04T02:42:31.8434453Z     "path": [
2026-10-04T02:42:31.8444134Z       "target_client_id"
2026-10-04T02:42:31.8455653Z     ],
2026-10-04T02:42:31.8456250Z     "message": "target_client_id must be a UUID"
2026-10-04T02:42:31.8456958Z   }
2026-10-04T02:42:31.8457610Z ][39m
2026-10-04T02:42:32.4635382Z [32m[Nest] 3682  - [39m10/04/2026, 2:42:32 AM [32m    LOG[39m [38;5;3m[WearableSamplesService] [39mObject(9) {
2026-10-04T02:42:32.4698291Z   event: [32m'wearable_samples_query'[39m,
2026-10-04T02:42:32.4734740Z   user_id: [32m'11111111-1111-1111-1111-111111111111'[39m,
2026-10-04T02:42:32.4744448Z   bucket: [32m'HEALTH_FITNESS'[39m,
2026-10-04T02:42:32.4764332Z   metric: [32m'STEPS'[39m,
2026-10-04T02:42:32.4764880Z   window_days: [33m7[39m,
2026-10-04T02:42:32.4765462Z   granularity: [32m'raw'[39m,
2026-10-04T02:42:32.4766022Z   preferred_only: [33mtrue[39m,
2026-10-04T02:42:32.4766999Z   sample_count: [33m2[39m,
2026-10-04T02:42:32.4767513Z   duration_ms: [33m1[39m
2026-10-04T02:42:32.4767904Z }
2026-10-04T02:42:32.4768992Z [32m[Nest] 3682  - [39m10/04/2026, 2:42:32 AM [32m    LOG[39m [38;5;3m[WearableSamplesService] [39mObject(9) {
2026-10-04T02:42:32.4770009Z   event: [32m'wearable_samples_query'[39m,
2026-10-04T02:42:32.4770752Z   user_id: [32m'11111111-1111-1111-1111-111111111111'[39m,
2026-10-04T02:42:32.4771429Z   bucket: [32m'HEALTH_FITNESS'[39m,
2026-10-04T02:42:32.4771959Z   metric: [32m'STEPS'[39m,
2026-10-04T02:42:32.4772443Z   window_days: [33m7[39m,
2026-10-04T02:42:32.4772958Z   granularity: [32m'raw'[39m,
2026-10-04T02:42:32.4773506Z   preferred_only: [33mtrue[39m,
2026-10-04T02:42:32.4774274Z   sample_count: [33m0[39m,
2026-10-04T02:42:32.4774752Z   duration_ms: [33m1[39m
2026-10-04T02:42:32.4775398Z }
2026-10-04T02:42:32.4776487Z [32m[Nest] 3682  - [39m10/04/2026, 2:42:32 AM [32m    LOG[39m [38;5;3m[WearableSamplesService] [39mObject(9) {
2026-10-04T02:42:32.4777489Z   event: [32m'wearable_samples_query'[39m,
2026-10-04T02:42:32.4778238Z   user_id: [32m'11111111-1111-1111-1111-111111111111'[39m,
2026-10-04T02:42:32.4778921Z   bucket: [32m'HEALTH_FITNESS'[39m,
2026-10-04T02:42:32.4779450Z   metric: [32m'STEPS'[39m,
2026-10-04T02:42:32.4779923Z   window_days: [33m7[39m,
2026-10-04T02:42:32.4780441Z   granularity: [32m'raw'[39m,
2026-10-04T02:42:32.4780978Z   preferred_only: [33mtrue[39m,
2026-10-04T02:42:32.4781479Z   sample_count: [33m0[39m,
2026-10-04T02:42:32.4781942Z   duration_ms: [33m1[39m
2026-10-04T02:42:32.4782322Z }
2026-10-04T02:42:32.4783378Z [32m[Nest] 3682  - [39m10/04/2026, 2:42:32 AM [32m    LOG[39m [38;5;3m[WearableSamplesService] [39mObject(9) {
2026-10-04T02:42:32.4784561Z   event: [32m'wearable_samples_query'[39m,
2026-10-04T02:42:32.4785303Z   user_id: [32m'11111111-1111-1111-1111-111111111111'[39m,
2026-10-04T02:42:32.4785957Z   bucket: [32m'HEALTH_FITNESS'[39m,
2026-10-04T02:42:32.4786496Z   metric: [32m'STEPS'[39m,
2026-10-04T02:42:32.4786971Z   window_days: [33m7[39m,
2026-10-04T02:42:32.4787483Z   granularity: [32m'raw'[39m,
2026-10-04T02:42:32.4788000Z   preferred_only: [33mtrue[39m,
2026-10-04T02:42:32.4788511Z   sample_count: [33m0[39m,
2026-10-04T02:42:32.4794901Z   duration_ms: [33m0[39m
2026-10-04T02:42:32.4824229Z }
2026-10-04T02:42:32.4825446Z [32m[Nest] 3682  - [39m10/04/2026, 2:42:32 AM [32m    LOG[39m [38;5;3m[WearableSamplesService] [39mObject(9) {
2026-10-04T02:42:32.4826520Z   event: [32m'wearable_samples_query'[39m,
2026-10-04T02:42:32.4827330Z   user_id: [32m'11111111-1111-1111-1111-111111111111'[39m,
2026-10-04T02:42:32.4828043Z   bucket: [32m'HEALTH_FITNESS'[39m,
2026-10-04T02:42:32.4828603Z   metric: [32m'STEPS'[39m,
2026-10-04T02:42:32.4829108Z   window_days: [33m7[39m,
2026-10-04T02:42:32.4829668Z   granularity: [32m'raw'[39m,
2026-10-04T02:42:32.4830246Z   preferred_only: [33mtrue[39m,
2026-10-04T02:42:32.4830783Z   sample_count: [33m0[39m,
2026-10-04T02:42:32.4831311Z   duration_ms: [33m1[39m
2026-10-04T02:42:32.4831718Z }
2026-10-04T02:42:32.4832752Z [32m[Nest] 3682  - [39m10/04/2026, 2:42:32 AM [32m    LOG[39m [38;5;3m[WearableSamplesService] [39mObject(9) {
2026-10-04T02:42:32.4833950Z   event: [32m'wearable_samples_query'[39m,
2026-10-04T02:42:32.4834733Z   user_id: [32m'11111111-1111-1111-1111-111111111111'[39m,
2026-10-04T02:42:32.4835429Z   bucket: [32m'HEALTH_FITNESS'[39m,
2026-10-04T02:42:32.4835957Z   metric: [32m'STEPS'[39m,
2026-10-04T02:42:32.4836442Z   window_days: [33m7[39m,
2026-10-04T02:42:32.4836967Z   granularity: [32m'raw'[39m,
2026-10-04T02:42:32.4837504Z   preferred_only: [33mtrue[39m,
2026-10-04T02:42:32.4838019Z   sample_count: [33m1[39m,
2026-10-04T02:42:32.4838527Z   duration_ms: [33m0[39m
2026-10-04T02:42:32.4838914Z }
2026-10-04T02:42:32.4839969Z [32m[Nest] 3682  - [39m10/04/2026, 2:42:32 AM [32m    LOG[39m [38;5;3m[WearableSamplesService] [39mObject(9) {
2026-10-04T02:42:32.4841313Z   event: [32m'wearable_samples_query'[39m,
2026-10-04T02:42:32.4842133Z   user_id: [32m'11111111-1111-1111-1111-111111111111'[39m,
2026-10-04T02:42:32.4842853Z   bucket: [32m'HEALTH_FITNESS'[39m,
2026-10-04T02:42:32.4843425Z   metric: [32m'STEPS'[39m,
2026-10-04T02:42:32.4844207Z   window_days: [33m7[39m,
2026-10-04T02:42:32.4844763Z   granularity: [32m'raw'[39m,
2026-10-04T02:42:32.4845330Z   preferred_only: [33mfalse[39m,
2026-10-04T02:42:32.4845882Z   sample_count: [33m2[39m,
2026-10-04T02:42:32.4846394Z   duration_ms: [33m0[39m
2026-10-04T02:42:32.4846772Z }
2026-10-04T02:42:32.4847848Z [32m[Nest] 3682  - [39m10/04/2026, 2:42:32 AM [32m    LOG[39m [38;5;3m[WearableSamplesService] [39mObject(9) {
2026-10-04T02:42:32.4848886Z   event: [32m'wearable_samples_query'[39m,
2026-10-04T02:42:32.4849652Z   user_id: [32m'11111111-1111-1111-1111-111111111111'[39m,
2026-10-04T02:42:32.4850694Z   bucket: [32m'HEALTH_FITNESS'[39m,
2026-10-04T02:42:32.4851251Z   metric: [32m'STEPS'[39m,
2026-10-04T02:42:32.4851756Z   window_days: [33m7[39m,
2026-10-04T02:42:32.4852283Z   granularity: [32m'day'[39m,
2026-10-04T02:42:32.4852821Z   preferred_only: [33mfalse[39m,
2026-10-04T02:42:32.4853341Z   sample_count: [33m2[39m,
2026-10-04T02:42:32.4884316Z   duration_ms: [33m1[39m
2026-10-04T02:42:32.4884752Z }
2026-10-04T02:42:32.4885873Z [32m[Nest] 3682  - [39m10/04/2026, 2:42:32 AM [32m    LOG[39m [38;5;3m[WearableSamplesService] [39mObject(9) {
2026-10-04T02:42:32.4886948Z   event: [32m'wearable_samples_query'[39m,
2026-10-04T02:42:32.4887721Z   user_id: [32m'11111111-1111-1111-1111-111111111111'[39m,
2026-10-04T02:42:32.4888433Z   bucket: [32m'HEALTH_FITNESS'[39m,
2026-10-04T02:42:32.4889000Z   metric: [32m'STEPS'[39m,
2026-10-04T02:42:32.4889509Z   window_days: [33m7[39m,
2026-10-04T02:42:32.4890044Z   granularity: [32m'day'[39m,
2026-10-04T02:42:32.4890639Z   preferred_only: [33mtrue[39m,
2026-10-04T02:42:32.4891182Z   sample_count: [33m2[39m,
2026-10-04T02:42:32.4891695Z   duration_ms: [33m1[39m
2026-10-04T02:42:32.4892087Z }
2026-10-04T02:42:32.4893227Z [32m[Nest] 3682  - [39m10/04/2026, 2:42:32 AM [32m    LOG[39m [38;5;3m[WearableSamplesService] [39mObject(9) {
2026-10-04T02:42:32.4894515Z   event: [32m'wearable_samples_query'[39m,
2026-10-04T02:42:32.4895272Z   user_id: [32m'22222222-2222-2222-2222-222222222222'[39m,
2026-10-04T02:42:32.4895932Z   bucket: [32m'HEALTH_FITNESS'[39m,
2026-10-04T02:42:32.4896476Z   metric: [32m'STEPS'[39m,
2026-10-04T02:42:32.4896949Z   window_days: [33m7[39m,
2026-10-04T02:42:32.4897473Z   granularity: [32m'raw'[39m,
2026-10-04T02:42:32.4898016Z   preferred_only: [33mtrue[39m,
2026-10-04T02:42:32.4898607Z   sample_count: [33m0[39m,
2026-10-04T02:42:32.4899107Z   duration_ms: [33m1[39m
2026-10-04T02:42:32.4899494Z }
2026-10-04T02:42:32.5069316Z [31m[Nest] 3682  - [39m10/04/2026, 2:42:32 AM [31m  ERROR[39m [38;5;3m[WearableSamplesService] [39mObject(2) {
2026-10-04T02:42:32.5074753Z   event: [32m'wearable_metric_def_map_drift'[39m,
2026-10-04T02:42:32.5075561Z   mismatches: [
2026-10-04T02:42:32.5076705Z     [32m'bucket: RESTING_HEART_RATE_BPM seeded HEALTH_FITNESS but map has SLEEP_RECOVERY'[39m
2026-10-04T02:42:32.5077685Z   ]
2026-10-04T02:42:32.5078169Z }
2026-10-04T02:42:32.5079437Z [31m[Nest] 3682  - [39m10/04/2026, 2:42:32 AM [31m  ERROR[39m [38;5;3m[WearableSamplesService] [39mObject(2) {
2026-10-04T02:42:32.5080769Z   event: [32m'wearable_metric_def_bootstrap_failed'[39m,
2026-10-04T02:42:32.5082625Z   reason: [32m'WearableMetricDef map drift detected (seed is source of truth): bucket: RESTING_HEART_RATE_BPM seeded HEALTH_FITNESS but map has SLEEP_RECOVERY'[39m
2026-10-04T02:42:32.5084459Z }
2026-10-04T02:42:32.5142468Z [31m[Nest] 3682  - [39m10/04/2026, 2:42:32 AM [31m  ERROR[39m [38;5;3m[WearableSamplesService] [39mObject(1) {
2026-10-04T02:42:32.5145709Z   event: [32m'wearable_metric_def_bootstrap_empty'[39m
2026-10-04T02:42:32.5146560Z }
2026-10-04T02:42:32.5148283Z [31m[Nest] 3682  - [39m10/04/2026, 2:42:32 AM [31m  ERROR[39m [38;5;3m[WearableSamplesService] [39mObject(2) {
2026-10-04T02:42:32.5150428Z   event: [32m'wearable_metric_def_bootstrap_failed'[39m,
2026-10-04T02:42:32.5152035Z   reason: [32m'WearableMetricDef seed missing'[39m
2026-10-04T02:42:32.5152790Z }
2026-10-04T02:42:32.5160610Z [31m[Nest] 3682  - [39m10/04/2026, 2:42:32 AM [31m  ERROR[39m [38;5;3m[WearableSamplesService] [39mObject(2) {
2026-10-04T02:42:32.5163166Z   event: [32m'wearable_metric_def_bootstrap_failed'[39m,
2026-10-04T02:42:32.5165094Z   reason: [32m'Unique constraint failed'[39m
2026-10-04T02:42:32.5165821Z }
2026-10-04T02:42:32.5173001Z [31m[Nest] 3682  - [39m10/04/2026, 2:42:32 AM [31m  ERROR[39m [38;5;3m[WearableSamplesService] [39mObject(2) {
2026-10-04T02:42:32.5176261Z   event: [32m'wearable_metric_def_map_drift'[39m,
2026-10-04T02:42:32.5177364Z   mismatches: [
2026-10-04T02:42:32.5178509Z     [32m'bucket: RESTING_HEART_RATE_BPM seeded HEALTH_FITNESS but map has SLEEP_RECOVERY'[39m
2026-10-04T02:42:32.5180180Z   ]
2026-10-04T02:42:32.5180688Z }
2026-10-04T02:42:32.5182019Z [31m[Nest] 3682  - [39m10/04/2026, 2:42:32 AM [31m  ERROR[39m [38;5;3m[WearableSamplesService] [39mObject(2) {
2026-10-04T02:42:32.5183403Z   event: [32m'wearable_metric_def_bootstrap_failed'[39m,
2026-10-04T02:42:32.5185556Z   reason: [32m'WearableMetricDef map drift detected (seed is source of truth): bucket: RESTING_HEART_RATE_BPM seeded HEALTH_FITNESS but map has SLEEP_RECOVERY'[39m
2026-10-04T02:42:32.5186948Z }
2026-10-04T02:42:32.5230158Z PASS test/wearables/wearable-samples.service.spec.ts
2026-10-04T02:42:32.5778373Z [32m[Nest] 3682  - [39m10/04/2026, 2:42:32 AM [32m    LOG[39m [38;5;3m[WearableSamplesService] [39mObject(9) {
2026-10-04T02:42:32.5794911Z   event: [32m'wearable_samples_query'[39m,
2026-10-04T02:42:32.5795984Z   user_id: [32m'11111111-1111-1111-1111-111111111111'[39m,
2026-10-04T02:42:32.5796926Z   bucket: [32m'HEALTH_FITNESS'[39m,
2026-10-04T02:42:32.5797717Z   metric: [32m'STEPS'[39m,
2026-10-04T02:42:32.5798508Z   window_days: [33m7[39m,
2026-10-04T02:42:32.5799261Z   granularity: [32m'raw'[39m,
2026-10-04T02:42:32.5800035Z   preferred_only: [33mtrue[39m,
2026-10-04T02:42:32.5800766Z   sample_count: [33m1[39m,
2026-10-04T02:42:32.5801468Z   duration_ms: [33m2[39m
2026-10-04T02:42:32.5802023Z }
2026-10-04T02:42:32.5803171Z [32m[Nest] 3682  - [39m10/04/2026, 2:42:32 AM [32m    LOG[39m [38;5;3m[WearableSamplesService] [39mObject(9) {
2026-10-04T02:42:32.5804518Z   event: [32m'wearable_samples_query'[39m,
2026-10-04T02:42:32.5805226Z   user_id: [32m'11111111-1111-1111-1111-111111111111'[39m,
2026-10-04T02:42:32.5805846Z   bucket: [32m'HEALTH_FITNESS'[39m,
2026-10-04T02:42:32.5806362Z   metric: [32m'STEPS'[39m,
2026-10-04T02:42:32.5806833Z   window_days: [33m7[39m,
2026-10-04T02:42:32.5807346Z   granularity: [32m'day'[39m,
2026-10-04T02:42:32.5807869Z   preferred_only: [33mtrue[39m,
2026-10-04T02:42:32.5808374Z   sample_count: [33m1[39m,
2026-10-04T02:42:32.5808847Z   duration_ms: [33m1[39m
2026-10-04T02:42:32.5809245Z }
2026-10-04T02:42:32.5810156Z [32m[Nest] 3682  - [39m10/04/2026, 2:42:32 AM [32m    LOG[39m [38;5;3m[WearableSamplesService] [39mObject(9) {
2026-10-04T02:42:32.5811028Z   event: [32m'wearable_samples_query'[39m,
2026-10-04T02:42:32.5811694Z   user_id: [32m'11111111-1111-1111-1111-111111111111'[39m,
2026-10-04T02:42:32.5812302Z   bucket: [32m'HEALTH_FITNESS'[39m,
2026-10-04T02:42:32.5812853Z   metric: [32m'TRAINING_LOAD'[39m,
2026-10-04T02:42:32.5813357Z   window_days: [33m7[39m,
2026-10-04T02:42:32.5814080Z   granularity: [32m'day'[39m,
2026-10-04T02:42:32.5814606Z   preferred_only: [33mtrue[39m,
2026-10-04T02:42:32.5815103Z   sample_count: [33m1[39m,
2026-10-04T02:42:32.5815571Z   duration_ms: [33m1[39m
2026-10-04T02:42:32.5815972Z }
2026-10-04T02:42:32.5816882Z [32m[Nest] 3682  - [39m10/04/2026, 2:42:32 AM [32m    LOG[39m [38;5;3m[WearableSamplesService] [39mObject(9) {
2026-10-04T02:42:32.5818107Z   event: [32m'wearable_samples_query'[39m,
2026-10-04T02:42:32.5818814Z   user_id: [32m'11111111-1111-1111-1111-111111111111'[39m,
2026-10-04T02:42:32.5819438Z   bucket: [32m'HEALTH_FITNESS'[39m,
2026-10-04T02:42:32.5820007Z   metric: [32m'BODY_WEIGHT_KG'[39m,
2026-10-04T02:42:32.5820520Z   window_days: [33m7[39m,
2026-10-04T02:42:32.5821032Z   granularity: [32m'day'[39m,
2026-10-04T02:42:32.5821564Z   preferred_only: [33mtrue[39m,
2026-10-04T02:42:32.5822059Z   sample_count: [33m1[39m,
2026-10-04T02:42:32.5822537Z   duration_ms: [33m3[39m
2026-10-04T02:42:32.5822940Z }
2026-10-04T02:42:32.5824221Z [32m[Nest] 3682  - [39m10/04/2026, 2:42:32 AM [32m    LOG[39m [38;5;3m[WearableSamplesService] [39mObject(9) {
2026-10-04T02:42:32.5825327Z   event: [32m'wearable_samples_query'[39m,
2026-10-04T02:42:32.5826167Z   user_id: [32m'11111111-1111-1111-1111-111111111111'[39m,
2026-10-04T02:42:32.5827186Z   bucket: [32m'HEALTH_FITNESS'[39m,
2026-10-04T02:42:32.5827829Z   metric: [32m'HEART_RATE_BPM'[39m,
2026-10-04T02:42:32.5828424Z   window_days: [33m7[39m,
2026-10-04T02:42:32.5829007Z   granularity: [32m'day'[39m,
2026-10-04T02:42:32.5829610Z   preferred_only: [33mtrue[39m,
2026-10-04T02:42:32.5830186Z   sample_count: [33m1[39m,
2026-10-04T02:42:32.5830724Z   duration_ms: [33m0[39m
2026-10-04T02:42:32.5831175Z }
2026-10-04T02:42:32.5832329Z [32m[Nest] 3682  - [39m10/04/2026, 2:42:32 AM [32m    LOG[39m [38;5;3m[WearableSamplesService] [39mObject(9) {
2026-10-04T02:42:32.5833414Z   event: [32m'wearable_samples_query'[39m,
2026-10-04T02:42:32.5834614Z   user_id: [32m'11111111-1111-1111-1111-111111111111'[39m,
2026-10-04T02:42:32.5835351Z   bucket: [32m'SLEEP_RECOVERY'[39m,
2026-10-04T02:42:32.5835954Z   metric: [32m'HRV_MS'[39m,
2026-10-04T02:42:32.5836493Z   window_days: [33m7[39m,
2026-10-04T02:42:32.5837052Z   granularity: [32m'raw'[39m,
2026-10-04T02:42:32.5837625Z   preferred_only: [33mtrue[39m,
2026-10-04T02:42:32.5838190Z   sample_count: [33m1[39m,
2026-10-04T02:42:32.5838715Z   duration_ms: [33m1[39m
2026-10-04T02:42:32.5839158Z }
2026-10-04T02:42:32.5840231Z [32m[Nest] 3682  - [39m10/04/2026, 2:42:32 AM [32m    LOG[39m [38;5;3m[WearableSamplesService] [39mObject(9) {
2026-10-04T02:42:32.5841209Z   event: [32m'wearable_samples_query'[39m,
2026-10-04T02:42:32.5841964Z   user_id: [32m'11111111-1111-1111-1111-111111111111'[39m,
2026-10-04T02:42:32.5842698Z   bucket: [32m'SLEEP_RECOVERY'[39m,
2026-10-04T02:42:32.5843304Z   metric: [32m'HRV_MS'[39m,
2026-10-04T02:42:32.5844065Z   window_days: [33m7[39m,
2026-10-04T02:42:32.5844662Z   granularity: [32m'raw'[39m,
2026-10-04T02:42:32.5845248Z   preferred_only: [33mtrue[39m,
2026-10-04T02:42:32.5845847Z   sample_count: [33m1[39m,
2026-10-04T02:42:32.5846395Z   duration_ms: [33m0[39m
2026-10-04T02:42:32.5846817Z }
2026-10-04T02:42:32.5847842Z [32m[Nest] 3682  - [39m10/04/2026, 2:42:32 AM [32m    LOG[39m [38;5;3m[WearableSamplesService] [39mObject(2) {
2026-10-04T02:42:32.5848978Z   event: [32m'wearable_metric_def_bootstrap_ok'[39m,
2026-10-04T02:42:32.5849659Z   metric_count: [33m2[39m
2026-10-04T02:42:32.5850148Z }
2026-10-04T02:42:32.5851263Z [33m[Nest] 3682  - [39m10/04/2026, 2:42:32 AM [33m   WARN[39m [38;5;3m[WearableSamplesService] [39mObject(2) {
2026-10-04T02:42:32.5852472Z   event: [32m'wearable_metric_def_bootstrap_skipped'[39m,
2026-10-04T02:42:32.5853356Z   reason: [32m"Can't reach database server"[39m
2026-10-04T02:42:32.5864105Z }
2026-10-04T02:42:32.5879443Z [33m[Nest] 3682  - [39m10/04/2026, 2:42:32 AM [33m   WARN[39m [38;5;3m[WearableSamplesService] [39mObject(2) {
2026-10-04T02:42:32.5880730Z   event: [32m'wearable_metric_def_bootstrap_skipped'[39m,
2026-10-04T02:42:32.5881698Z   reason: [32m'Server has closed the connection'[39m
2026-10-04T02:42:32.5882392Z }
2026-10-04T02:42:33.2971401Z PASS test/community/events/community-events.service.spec.ts
2026-10-04T02:42:34.6577760Z PASS test/ai-consent/ai-consent.service.spec.ts
2026-10-04T02:42:35.0625168Z PASS test/nudge-v1-detectors.spec.ts
2026-10-04T02:42:35.8666586Z [31m[Nest] 3682  - [39m10/04/2026, 2:42:35 AM [31m  ERROR[39m [38;5;3m[GuestCheckoutService] [39m[31mmintRecurringForGuest: subscription sub_broken returned without expanded payment_intent — refusing to surface broken client_secret[39m
2026-10-04T02:42:35.9727066Z PASS test/pr14-guest-recurring-lp-attribution.spec.ts
2026-10-04T02:42:36.4993903Z PASS test/prod-readiness/redactor.spec.ts
2026-10-04T02:42:37.3707339Z [33m[Nest] 3682  - [39m10/04/2026, 2:42:37 AM [33m   WARN[39m [38;5;3m[CommunityModerationService] [39m[33mvoice erasure 72dce75d-4c87-42e7-8bc1-bbf9d1b30f9d (object) not yet verified after 1 attempt(s): storage_error: storage.objectGone is not a function; retry scheduled[39m
2026-10-04T02:42:37.3756411Z [33m[Nest] 3682  - [39m10/04/2026, 2:42:37 AM [33m   WARN[39m [38;5;3m[CommunityModerationService] [39m[33mmoderation 821289ed-98a0-4abb-adf2-b3f19ad82005: voice recording removal not yet verified; erasure recorded and retried[39m
2026-10-04T02:42:37.3760861Z [33m[Nest] 3682  - [39m10/04/2026, 2:42:37 AM [33m   WARN[39m [38;5;3m[CommunityModerationService] [39m[33mvoice erasure bcfb5c9f-69c2-4219-aabd-93cf67b64cbc (object) not yet verified after 1 attempt(s): storage_error: storage.objectGone is not a function; retry scheduled[39m
2026-10-04T02:42:37.3765067Z [33m[Nest] 3682  - [39m10/04/2026, 2:42:37 AM [33m   WARN[39m [38;5;3m[CommunityModerationService] [39m[33mmoderation 4714dcb7-96d4-43ff-8d7c-c3f89ae9ee14: voice recording removal not yet verified; erasure recorded and retried[39m
2026-10-04T02:42:37.3768817Z [33m[Nest] 3682  - [39m10/04/2026, 2:42:37 AM [33m   WARN[39m [38;5;3m[CommunityVoiceService] [39m[33mvoice note 496b59b0-623e-49a7-94dd-b35a13535201: recording removal not yet verified; erasure recorded and retried by VoiceErasureService[39m
2026-10-04T02:42:37.3841566Z PASS test/community/safety/community-voice-wins-safety.spec.ts
2026-10-04T02:42:37.8187981Z PASS test/sub-coach-invite-accept.spec.ts
2026-10-04T02:42:38.1868693Z PASS test/landing-pages.renderer-v2.spec.ts
2026-10-04T02:42:38.8637928Z PASS test/scout/reconstruct/conformance-alpha.e2e.spec.ts
2026-10-04T02:42:38.8795974Z [32m[Nest] 3682  - [39m10/04/2026, 2:42:38 AM [32m    LOG[39m [38;5;3m[ScoutReconstructService] [39m[32mscout.reconstruct completed {"intent_id":"intent-conformance-1","coach_id":"coach-conformance","staged":6,"reconstructed":6,"skipped":0,"failed":0}[39m
2026-10-04T02:42:38.8826594Z [32m[Nest] 3682  - [39m10/04/2026, 2:42:38 AM [32m    LOG[39m [38;5;3m[ScoutReconstructService] [39m[32mscout.reconstruct completed {"intent_id":"intent-conformance-1","coach_id":"coach-conformance","staged":6,"reconstructed":6,"skipped":0,"failed":0}[39m
2026-10-04T02:42:38.8855652Z [32m[Nest] 3682  - [39m10/04/2026, 2:42:38 AM [32m    LOG[39m [38;5;3m[ScoutReconstructService] [39m[32mscout.reconstruct completed {"intent_id":"intent-conformance-1","coach_id":"coach-conformance","staged":6,"reconstructed":6,"skipped":0,"failed":0}[39m
2026-10-04T02:42:38.8876967Z [32m[Nest] 3682  - [39m10/04/2026, 2:42:38 AM [32m    LOG[39m [38;5;3m[ScoutReconstructService] [39m[32mscout.reconstruct completed {"intent_id":"intent-conformance-1","coach_id":"coach-conformance","staged":6,"reconstructed":6,"skipped":0,"failed":0}[39m
2026-10-04T02:42:38.8880980Z [32m[Nest] 3682  - [39m10/04/2026, 2:42:38 AM [32m    LOG[39m [38;5;3m[ScoutReconstructService] [39m[32mscout.reconstruct completed {"intent_id":"intent-conformance-1","coach_id":"coach-conformance","staged":6,"reconstructed":6,"skipped":0,"failed":0}[39m
2026-10-04T02:42:38.8885336Z [32m[Nest] 3682  - [39m10/04/2026, 2:42:38 AM [32m    LOG[39m [38;5;3m[ScoutReconstructService] [39m[32mscout.reconstruct completed {"intent_id":"intent-conformance-1","coach_id":"coach-conformance","staged":3,"reconstructed":3,"skipped":0,"failed":0}[39m
2026-10-04T02:42:38.8889714Z [32m[Nest] 3682  - [39m10/04/2026, 2:42:38 AM [32m    LOG[39m [38;5;3m[ScoutReconstructService] [39m[32mscout.reconstruct completed {"intent_id":"intent-conformance-1","coach_id":"coach-conformance","staged":3,"reconstructed":3,"skipped":0,"failed":0}[39m
2026-10-04T02:42:38.8893872Z [32m[Nest] 3682  - [39m10/04/2026, 2:42:38 AM [32m    LOG[39m [38;5;3m[ScoutReconstructService] [39m[32mscout.reconstruct completed {"intent_id":"intent-conformance-1","coach_id":"coach-a","staged":6,"reconstructed":6,"skipped":0,"failed":0}[39m
2026-10-04T02:42:38.8897574Z [32m[Nest] 3682  - [39m10/04/2026, 2:42:38 AM [32m    LOG[39m [38;5;3m[ScoutReconstructService] [39m[32mscout.reconstruct completed {"intent_id":"intent-conformance-1","coach_id":"coach-b","staged":6,"reconstructed":6,"skipped":0,"failed":0}[39m
2026-10-04T02:42:38.8901558Z [33m[Nest] 3682  - [39m10/04/2026, 2:42:38 AM [33m   WARN[39m [38;5;3m[ScoutReconstructService] [39m[33mscout.reconstruct completed with failures {"intent_id":"intent-adversarial","coach_id":"coach-conformance","staged":2,"reconstructed":0,"skipped":1,"failed":1}[39m
2026-10-04T02:42:39.9691470Z PASS test/mwb-3-lock-token.spec.ts (11.863 s)
2026-10-04T02:42:39.9816666Z   ● Console
2026-10-04T02:42:39.9821024Z 
2026-10-04T02:42:39.9821465Z     console.warn
2026-10-04T02:42:39.9822919Z       [mwb3-lock-token] MWB3_TEST_DATABASE_URL not set — sub-coach authorization + lock-enforcement live suite skipped.
2026-10-04T02:42:39.9824163Z 
2026-10-04T02:42:39.9824891Z     [0m [90m 338 |[39m [36mif[39m ([33m![39m[33mTEST_DB_URL[39m) {
2026-10-04T02:42:39.9826005Z      [90m 339 |[39m   [90m// eslint-disable-next-line no-console[39m
2026-10-04T02:42:39.9827109Z     [31m[1m>[22m[39m[90m 340 |[39m   console[33m.[39mwarn(
2026-10-04T02:42:39.9828050Z      [90m     |[39m           [31m[1m^[22m[39m
2026-10-04T02:42:39.9829344Z      [90m 341 |[39m     [32m'[mwb3-lock-token] MWB3_TEST_DATABASE_URL not set — sub-coach '[39m [33m+[39m
2026-10-04T02:42:39.9831037Z      [90m 342 |[39m       [32m'authorization + lock-enforcement live suite skipped.'[39m[33m,[39m
2026-10-04T02:42:39.9832112Z      [90m 343 |[39m   )[33m;[39m[0m
2026-10-04T02:42:39.9832594Z 
2026-10-04T02:42:39.9833118Z       at Object.<anonymous> (test/mwb-3-lock-token.spec.ts:340:11)
2026-10-04T02:42:39.9833977Z 
2026-10-04T02:42:40.0291128Z [33m[Nest] 3681  - [39m10/04/2026, 2:42:39 AM [33m   WARN[39m [38;5;3m[AnalyticsService] [39m[33mPOSTHOG_KEY not set — analytics are disabled (no-op mode).[39m
2026-10-04T02:42:40.0294695Z [33m[Nest] 3681  - [39m10/04/2026, 2:42:39 AM [33m   WARN[39m [38;5;3m[AnalyticsService] [39m[33mPOSTHOG_KEY not set — analytics are disabled (no-op mode).[39m
2026-10-04T02:42:40.0297563Z [33m[Nest] 3681  - [39m10/04/2026, 2:42:39 AM [33m   WARN[39m [38;5;3m[AnalyticsService] [39m[33mPOSTHOG_KEY not set — analytics are disabled (no-op mode).[39m
2026-10-04T02:42:40.0300986Z [33m[Nest] 3682  - [39m10/04/2026, 2:42:39 AM [33m   WARN[39m [38;5;3m[LoginThrottleResetService] [39m[33mlogin throttle lock check unavailable (fail closed): throttler storage backend does not support isBlocked[39m
2026-10-04T02:42:40.0304888Z [33m[Nest] 3682  - [39m10/04/2026, 2:42:39 AM [33m   WARN[39m [38;5;3m[LoginThrottleResetService] [39m[33mlogin throttle lock check unavailable (fail closed): throttler storage backend does not support isBlocked[39m
2026-10-04T02:42:40.0308484Z [33m[Nest] 3682  - [39m10/04/2026, 2:42:39 AM [33m   WARN[39m [38;5;3m[LoginThrottleResetService] [39m[33mlogin throttle lock check unavailable (fail closed): throttler storage backend does not support isBlocked[39m
2026-10-04T02:42:40.0336957Z [33m[Nest] 3682  - [39m10/04/2026, 2:42:39 AM [33m   WARN[39m [38;5;3m[LoginThrottleResetService] [39m[33mlogin throttle lock check unavailable (fail closed): throttler storage backend does not support isBlocked[39m
2026-10-04T02:42:40.2986597Z PASS test/prod-readiness/reporter.spec.ts
2026-10-04T02:42:40.3214577Z PASS test/login-account-lock.spec.ts
2026-10-04T02:42:40.7284745Z PASS test/prod-readiness/operator-keys-generator.spec.ts
2026-10-04T02:42:41.2025163Z PASS test/prod-readiness/provider-wiring-stripe-mux-sendgrid.spec.ts
2026-10-04T02:42:41.2661886Z PASS test/prod-readiness/registry-loader.spec.ts
2026-10-04T02:42:42.1386314Z [32m[Nest] 3681  - [39m10/04/2026, 2:42:42 AM [32m    LOG[39m [38;5;3m[PurchaseFanoutService] [39m[32mcancelPendingForPurchase: canceled 2 drop(s) for purchase=pur-1 reason=refund[39m
2026-10-04T02:42:42.1415869Z [32m[Nest] 3681  - [39m10/04/2026, 2:42:42 AM [32m    LOG[39m [38;5;3m[PurchaseFanoutService] [39m[32mcancelPendingForPurchase: canceled 2 drop(s) for purchase=pur-1 reason=dispute[39m
2026-10-04T02:42:42.1566028Z [95m[Nest] 3681  - [39m10/04/2026, 2:42:42 AM [95m  DEBUG[39m [38;5;3m[PurchaseFanoutService] [39m[95mcancelPendingForPurchase: no pending/due drops for purchase=pur-1 (replay or never-entitled) reason=dispute[39m
2026-10-04T02:42:42.1685905Z [32m[Nest] 3681  - [39m10/04/2026, 2:42:42 AM [32m    LOG[39m [38;5;3m[PurchaseFanoutService] [39m[32mcancelPendingForPurchase: canceled 1 drop(s) for purchase=pur-1 reason=refund[39m
2026-10-04T02:42:42.1744375Z PASS test/cancel-pending-on-refund.spec.ts
2026-10-04T02:42:42.1775958Z [33m[Nest] 3681  - [39m10/04/2026, 2:42:42 AM [33m   WARN[39m [38;5;3m[PurchaseFanoutService] [39m[33mcancelPendingForPurchase: no scheduledDrop client available (purchase=pur-1, reason=refund) — skipping[39m
2026-10-04T02:42:42.1865768Z [32m[Nest] 3681  - [39m10/04/2026, 2:42:42 AM [32m    LOG[39m [38;5;3m[PurchaseFanoutService] [39m[32mcancelPendingForPurchase: canceled 2 drop(s) for purchase=pur-1 reason=refund[39m
2026-10-04T02:42:42.1925805Z [32m[Nest] 3681  - [39m10/04/2026, 2:42:42 AM [32m    LOG[39m [38;5;3m[PurchaseFanoutService] [39m[32mcancelPendingForPurchase: canceled 2 drop(s) for purchase=pur-target reason=subscription_canceled[39m
2026-10-04T02:42:42.1935634Z [32m[Nest] 3681  - [39m10/04/2026, 2:42:42 AM [32m    LOG[39m [38;5;3m[PurchaseFanoutService] [39m[32mcancelPendingForPurchase: canceled 1 drop(s) for purchase=pur-1 reason=subscription_canceled[39m
2026-10-04T02:42:42.2046005Z [32m[Nest] 3681  - [39m10/04/2026, 2:42:42 AM [32m    LOG[39m [38;5;3m[PurchaseFanoutService] [39m[32mcancelPendingForPurchase: canceled 1 drop(s) for purchase=pur-1 reason=payment_failed[39m
2026-10-04T02:42:42.2115684Z [32m[Nest] 3681  - [39m10/04/2026, 2:42:42 AM [32m    LOG[39m [38;5;3m[PurchaseFanoutService] [39m[32mcancelPendingForPurchase: canceled 2 drop(s) for purchase=pur-target reason=dispute[39m
2026-10-04T02:42:42.2225687Z [32m[Nest] 3681  - [39m10/04/2026, 2:42:42 AM [32m    LOG[39m [38;5;3m[PurchaseFanoutService] [39m[32mcancelPendingForPurchase: canceled 1 drop(s) for purchase=pur-1 reason=refund[39m
2026-10-04T02:42:42.2696357Z [32m[Nest] 3681  - [39m10/04/2026, 2:42:42 AM [32m    LOG[39m [38;5;3m[PurchaseFanoutService] [39m[32mcancelPendingForPurchase: canceled 1 drop(s) for purchase=pur-1 reason=refund[39m
2026-10-04T02:42:43.9474718Z PASS test/bloodwork.service.spec.ts
2026-10-04T02:42:43.9566174Z [33m[Nest] 3681  - [39m10/04/2026, 2:42:43 AM [33m   WARN[39m [38;5;3m[KmsService] [39m[33mKMS not configured — secrets will be persisted with a PLAINTEXT: prefix. Set KMS_MASTER_KEY before production.[39m
2026-10-04T02:42:45.4939368Z PASS test/wearables/samples-ingest.spec.ts
2026-10-04T02:42:46.5183970Z PASS test/roman/roman-streaming.spec.ts
2026-10-04T02:42:46.6024862Z [32m[Nest] 3681  - [39m10/04/2026, 2:42:46 AM [32m    LOG[39m [38;5;3m[AiEgressService] [39m[32mai_egress.refused surface=roman.chat reason=no_live_grant clients=1 missing=1[39m
2026-10-04T02:42:46.6027785Z [32m[Nest] 3681  - [39m10/04/2026, 2:42:46 AM [32m    LOG[39m [38;5;3m[AiEgressService] [39m[32mai_egress.refused surface=roman.chat reason=no_live_grant clients=1 missing=1[39m
2026-10-04T02:42:46.6056244Z [32m[Nest] 3681  - [39m10/04/2026, 2:42:46 AM [32m    LOG[39m [38;5;3m[AiEgressService] [39m[32mai_egress.refused surface=roman.chat reason=no_live_grant clients=1 missing=1[39m
2026-10-04T02:42:46.6097650Z [33m[Nest] 3681  - [39m10/04/2026, 2:42:46 AM [33m   WARN[39m [38;5;3m[AiEgressService] [39m[33mai_egress.consent_read_failed (treated as no grant)[39m
2026-10-04T02:42:46.6125515Z [32m[Nest] 3681  - [39m10/04/2026, 2:42:46 AM [32m    LOG[39m [38;5;3m[AiEgressService] [39m[32mai_egress.refused surface=roman.chat reason=no_live_grant clients=1 missing=1[39m
2026-10-04T02:42:47.0674798Z PASS test/purchase-fanout-rollback-retry.spec.ts
2026-10-04T02:42:47.6438377Z [31m[Nest] 3681  - [39m10/04/2026, 2:42:47 AM [31m  ERROR[39m [38;5;3m[ExtensionPairService] [39m[31mpair init: exhausted code-mint attempts[39m
2026-10-04T02:42:47.7307520Z [31m[Nest] 3681  - [39m10/04/2026, 2:42:47 AM [31m  ERROR[39m [38;5;3m[ExtensionPairService] [39m[31mpair init: exhausted code-mint attempts[39m
2026-10-04T02:42:47.7564939Z PASS src/extension-pair/__tests__/extension-pair.service.spec.ts
2026-10-04T02:42:48.2055696Z PASS test/utils/g2-s11-db-guard.spec.ts
2026-10-04T02:42:54.6320652Z PASS test/contracts/importer-contract.spec.ts (74.026 s)
2026-10-04T02:42:55.3904802Z PASS test/prod-readiness/env-registration.spec.ts (14.115 s)
2026-10-04T02:42:55.5108422Z [32m[Nest] 3688  - [39m10/04/2026, 2:42:55 AM [32m    LOG[39m [38;5;3m[DripTriggerService] [39m[32mDripTrigger on_completion: buyer=buyer-A asset=workout_plan/plan-A flipped=1 drops=d-next[39m
2026-10-04T02:42:55.5111548Z [32m[Nest] 3688  - [39m10/04/2026, 2:42:55 AM [32m    LOG[39m [38;5;3m[DripTriggerService] [39m[32mDripTrigger on_completion: buyer=buyer-A asset=workout_plan/plan-A flipped=1 drops=d-target[39m
2026-10-04T02:42:55.5114975Z [32m[Nest] 3688  - [39m10/04/2026, 2:42:55 AM [32m    LOG[39m [38;5;3m[DripTriggerService] [39m[32mDripTrigger on_completion: buyer=buyer-A asset=workout_plan/plan-A flipped=1 drops=d-target[39m
2026-10-04T02:42:55.5118173Z [32m[Nest] 3688  - [39m10/04/2026, 2:42:55 AM [32m    LOG[39m [38;5;3m[DripTriggerService] [39m[32mDripTrigger on_completion: buyer=buyer-A asset=workout_plan/plan-A flipped=1 drops=d-A-next[39m
2026-10-04T02:42:55.5121219Z [32m[Nest] 3688  - [39m10/04/2026, 2:42:55 AM [32m    LOG[39m [38;5;3m[DripTriggerService] [39m[32mDripTrigger on_milestone: buyer=buyer-A key=build_week_complete flipped=1 drops=d-1[39m
2026-10-04T02:42:55.5124391Z [32m[Nest] 3688  - [39m10/04/2026, 2:42:55 AM [32m    LOG[39m [38;5;3m[DripTriggerService] [39m[32mDripTrigger on_milestone: buyer=buyer-A key=k1 flipped=1 drops=d-1[39m
2026-10-04T02:42:55.5127188Z [32m[Nest] 3688  - [39m10/04/2026, 2:42:55 AM [32m    LOG[39m [38;5;3m[DripTriggerService] [39m[32mDripTrigger on_milestone: buyer=buyer-A key=k1 flipped=1 drops=d-A[39m
2026-10-04T02:42:55.5129969Z [33m[Nest] 3688  - [39m10/04/2026, 2:42:55 AM [33m   WARN[39m [38;5;3m[MilestoneService] [39m[33mMilestoneService.emit threw despite trigger guard for buyer=buyer-A key=k1: boom[39m
2026-10-04T02:42:55.5132742Z [33m[Nest] 3688  - [39m10/04/2026, 2:42:55 AM [33m   WARN[39m [38;5;3m[MilestoneService] [39m[33mMilestoneService.emit ignored: buyerUserId= milestoneKey=k1[39m
2026-10-04T02:42:55.5135757Z [33m[Nest] 3688  - [39m10/04/2026, 2:42:55 AM [33m   WARN[39m [38;5;3m[MilestoneService] [39m[33mMilestoneService.emit ignored: buyerUserId=buyer-A milestoneKey=[39m
2026-10-04T02:42:55.5141194Z [33m[Nest] 3688  - [39m10/04/2026, 2:42:55 AM [33m   WARN[39m [38;5;3m[DripTriggerService] [39m[33mDripTrigger on_completion failed for buyer=buyer-A asset=workout_plan/plan-A: db down[39m
2026-10-04T02:42:55.5512006Z PASS test/drip-trigger.service.spec.ts
2026-10-04T02:42:55.6365966Z [33m[Nest] 3688  - [39m10/04/2026, 2:42:55 AM [33m   WARN[39m [38;5;3m[DripTriggerService] [39m[33mDripTrigger on_milestone failed for buyer=buyer-A key=k1: db down[39m
2026-10-04T02:42:56.1119491Z PASS test/engagement/workout-reminder.service.spec.ts
2026-10-04T02:42:56.1416530Z [32m[Nest] 3682  - [39m10/04/2026, 2:42:56 AM [32m    LOG[39m [38;5;3m[WorkoutReminderService] [39m[32mworkout-reminders erasure sweep removed 1 row(s)[39m
2026-10-04T02:42:56.1475398Z [32m[Nest] 3682  - [39m10/04/2026, 2:42:56 AM [32m    LOG[39m [38;5;3m[WorkoutReminderService] [39m[32mworkout-reminders erasure sweep removed 1 row(s)[39m
2026-10-04T02:42:56.1515436Z [33m[Nest] 3682  - [39m10/04/2026, 2:42:56 AM [33m   WARN[39m [38;5;3m[WorkoutReminderService] [39m[33mworkout-reminders erasure sweep failed (Error); retrying next tick[39m
2026-10-04T02:42:56.1531875Z [33m[Nest] 3682  - [39m10/04/2026, 2:42:56 AM [33m   WARN[39m [38;5;3m[WorkoutReminderService] [39m[33mworkout-reminders erasure sweep failed (Error); retrying next tick[39m
2026-10-04T02:42:56.1535722Z [32m[Nest] 3682  - [39m10/04/2026, 2:42:56 AM [32m    LOG[39m [38;5;3m[WorkoutReminderService] [39m[32mworkout-reminders erasure sweep removed 1 row(s)[39m
2026-10-04T02:42:56.7145484Z PASS test/nudge-v1-engine.spec.ts
2026-10-04T02:42:56.7655210Z [32m[Nest] 3682  - [39m10/04/2026, 2:42:56 AM [32m    LOG[39m [38;5;3m[NudgeEngineService] [39m[32mnudge.decision user=user-1 trigger=missed_checkin status=sent channels=inapp,push[39m
2026-10-04T02:42:56.7658822Z [32m[Nest] 3682  - [39m10/04/2026, 2:42:56 AM [32m    LOG[39m [38;5;3m[NudgeEngineService] [39m[32mnudge.decision user=user-1 trigger=missed_checkin status=suppressed_muted channels=none[39m
2026-10-04T02:42:56.7662405Z [32m[Nest] 3682  - [39m10/04/2026, 2:42:56 AM [32m    LOG[39m [38;5;3m[NudgeEngineService] [39m[32mnudge.decision user=user-1 trigger=missed_checkin status=suppressed_opt_out channels=none[39m
2026-10-04T02:42:56.7666151Z [32m[Nest] 3682  - [39m10/04/2026, 2:42:56 AM [32m    LOG[39m [38;5;3m[NudgeEngineService] [39m[32mnudge.decision user=user-1 trigger=missed_checkin status=sent channels=inapp,push[39m
2026-10-04T02:42:56.7669469Z [32m[Nest] 3682  - [39m10/04/2026, 2:42:56 AM [32m    LOG[39m [38;5;3m[NudgeEngineService] [39m[32mnudge.decision user=user-2 trigger=streak_broken status=suppressed_opt_out channels=none[39m
2026-10-04T02:42:56.7675636Z [32m[Nest] 3682  - [39m10/04/2026, 2:42:56 AM [32m    LOG[39m [38;5;3m[NudgeEngineService] [39m[32mnudge.decision user=user-1 trigger=missed_checkin status=sent channels=inapp,push[39m
2026-10-04T02:42:56.7678807Z [32m[Nest] 3682  - [39m10/04/2026, 2:42:56 AM [32m    LOG[39m [38;5;3m[NudgeEngineService] [39m[32mnudge.decision user=user-1 trigger=streak_broken status=suppressed_cap channels=none[39m
2026-10-04T02:42:56.7681930Z [32m[Nest] 3682  - [39m10/04/2026, 2:42:56 AM [32m    LOG[39m [38;5;3m[NudgeEngineService] [39m[32mnudge.decision user=user-1 trigger=inactive status=sent channels=inapp,push[39m
2026-10-04T02:42:56.7686150Z [95m[Nest] 3682  - [39m10/04/2026, 2:42:56 AM [95m  DEBUG[39m [38;5;3m[NudgeEngineService] [39m[95mnudge.decision user=user-1 trigger=missed_checkin status=deferred until=2026-05-08T15:00:00.000Z[39m
2026-10-04T02:42:56.7689546Z [95m[Nest] 3682  - [39m10/04/2026, 2:42:56 AM [95m  DEBUG[39m [38;5;3m[NudgeEngineService] [39m[95mnudge.decision user=user-1 trigger=missed_checkin status=deferred until=2026-05-08T15:00:00.000Z[39m
2026-10-04T02:42:56.7692653Z [32m[Nest] 3682  - [39m10/04/2026, 2:42:56 AM [32m    LOG[39m [38;5;3m[NudgeEngineService] [39m[32mnudge.decision user=user-1 trigger=missed_checkin status=sent channels=inapp,push[39m
2026-10-04T02:42:56.7696037Z [95m[Nest] 3682  - [39m10/04/2026, 2:42:56 AM [95m  DEBUG[39m [38;5;3m[NudgeEngineService] [39m[95mnudge.decision user=user-1 trigger=missed_checkin status=suppressed_dedupe[39m
2026-10-04T02:42:56.7699190Z [32m[Nest] 3682  - [39m10/04/2026, 2:42:56 AM [32m    LOG[39m [38;5;3m[NudgeEngineService] [39m[32mnudge.decision user=user-1 trigger=missed_checkin status=suppressed_muted channels=none[39m
2026-10-04T02:42:56.7702749Z [32m[Nest] 3682  - [39m10/04/2026, 2:42:56 AM [32m    LOG[39m [38;5;3m[NudgeEngineService] [39m[32mnudge.decision user=user-1 trigger=missed_checkin status=suppressed_muted channels=none[39m
2026-10-04T02:42:56.7706519Z [32m[Nest] 3682  - [39m10/04/2026, 2:42:56 AM [32m    LOG[39m [38;5;3m[NudgeEngineService] [39m[32mnudge.decision user=user-1 trigger=missed_checkin status=suppressed_muted channels=none[39m
2026-10-04T02:42:56.7709642Z [32m[Nest] 3682  - [39m10/04/2026, 2:42:56 AM [32m    LOG[39m [38;5;3m[NudgeEngineService] [39m[32mnudge.decision user=u trigger=onboarding_abandoned status=sent channels=inapp,push[39m
2026-10-04T02:42:56.7713028Z [95m[Nest] 3682  - [39m10/04/2026, 2:42:56 AM [95m  DEBUG[39m [38;5;3m[NudgeEngineService] [39m[95mnudge.cap_bucket conflict user=user-1 bucket=2026-05-07T00:00:00.000Z — sibling tick already holds slot[39m
2026-10-04T02:42:56.7719390Z [32m[Nest] 3682  - [39m10/04/2026, 2:42:56 AM [32m    LOG[39m [38;5;3m[NudgeEngineService] [39m[32mnudge.decision user=user-1 trigger=streak_broken status=suppressed_cap channels=none[39m
2026-10-04T02:42:56.7722840Z [32m[Nest] 3682  - [39m10/04/2026, 2:42:56 AM [32m    LOG[39m [38;5;3m[NudgeEngineService] [39m[32mnudge.decision user=user-1 trigger=missed_checkin status=sent channels=inapp,push[39m
2026-10-04T02:42:56.7726324Z [32m[Nest] 3682  - [39m10/04/2026, 2:42:56 AM [32m    LOG[39m [38;5;3m[NudgeEngineService] [39m[32mnudge.decision user=user-1 trigger=missed_checkin status=suppressed_muted channels=none[39m
2026-10-04T02:42:56.7729680Z [95m[Nest] 3682  - [39m10/04/2026, 2:42:56 AM [95m  DEBUG[39m [38;5;3m[NudgeEngineService] [39m[95mnudge.decision user=user-1 trigger=missed_checkin status=deferred until=2026-05-08T15:00:00.000Z[39m
2026-10-04T02:42:56.7732726Z [32m[Nest] 3682  - [39m10/04/2026, 2:42:56 AM [32m    LOG[39m [38;5;3m[NudgeEngineService] [39m[32mnudge.decision user=user-1 trigger=missed_checkin status=sent channels=inapp,push[39m
2026-10-04T02:42:56.7736425Z [95m[Nest] 3682  - [39m10/04/2026, 2:42:56 AM [95m  DEBUG[39m [38;5;3m[NudgeEngineService] [39m[95mnudge.decision user=user-1 trigger=missed_checkin status=deferred until=2026-05-08T15:00:00.000Z[39m
2026-10-04T02:42:56.7739715Z [32m[Nest] 3682  - [39m10/04/2026, 2:42:56 AM [32m    LOG[39m [38;5;3m[NudgeEngineService] [39m[32mnudge.decision user=user-1 trigger=missed_checkin status=suppressed_opt_out channels=none[39m
2026-10-04T02:42:56.7743027Z [95m[Nest] 3682  - [39m10/04/2026, 2:42:56 AM [95m  DEBUG[39m [38;5;3m[NudgeEngineService] [39m[95mnudge.decision user=user-1 trigger=missed_checkin status=deferred until=2026-05-08T15:00:00.000Z[39m
2026-10-04T02:42:56.7746576Z [32m[Nest] 3682  - [39m10/04/2026, 2:42:56 AM [32m    LOG[39m [38;5;3m[NudgeEngineService] [39m[32mnudge.decision user=user-1 trigger=missed_checkin status=sent channels=inapp,push[39m
2026-10-04T02:42:56.8835115Z PASS test/purchase-fanout-real-body.spec.ts
2026-10-04T02:42:56.9718456Z [33m[Nest] 3688  - [39m10/04/2026, 2:42:56 AM [33m   WARN[39m [38;5;3m[PurchaseFanoutService] [39m[33mdrip alert dispatch failed drop=drop-1: push_provider_blew_up[39m
2026-10-04T02:42:56.9721586Z [95m[Nest] 3688  - [39m10/04/2026, 2:42:56 AM [95m  DEBUG[39m [38;5;3m[PurchaseFanoutService] [39m[95mfanout: package=pkg-1 has no contents — purchase=pur-1[39m
2026-10-04T02:42:57.1701813Z PASS test/landing-pages.lead-sync.spec.ts
2026-10-04T02:42:57.2251399Z [33m[Nest] 3682  - [39m10/04/2026, 2:42:57 AM [33m   WARN[39m [38;5;3m[LeadSyncProcessor] [39m[33mcoach c1 hit per-coach rate limit; deferring lead lead-x[39m
2026-10-04T02:42:57.2254854Z [33m[Nest] 3682  - [39m10/04/2026, 2:42:57 AM [33m   WARN[39m [38;5;3m[KmsService] [39m[33mKMS not configured — secrets will be persisted with a PLAINTEXT: prefix. Set KMS_MASTER_KEY before production.[39m
2026-10-04T02:42:57.2261544Z [33m[Nest] 3682  - [39m10/04/2026, 2:42:57 AM [33m   WARN[39m [38;5;3m[KmsService] [39m[33mKMS not configured — secrets will be persisted with a PLAINTEXT: prefix. Set KMS_MASTER_KEY before production.[39m
2026-10-04T02:42:57.6361796Z [31m[Nest] 3682  - [39m10/04/2026, 2:42:57 AM [31m  ERROR[39m [38;5;3m[CoachMediaMuxWebhookController] [39m[31mMux webhook received without rawBody. Verify rawBody:true is wired in main.ts.[39m
2026-10-04T02:42:57.6719335Z PASS test/coach-media-mux-webhook.spec.ts
2026-10-04T02:42:57.7606693Z [33m[Nest] 3682  - [39m10/04/2026, 2:42:57 AM [33m   WARN[39m [38;5;3m[CoachMediaMuxWebhookController] [39m[33mMux errored event for asset mux-asset-99 arrived after terminal state ready; preserving playback id[39m
2026-10-04T02:42:58.3620745Z PASS test/scout/orchestration/reconstruct-run.spec.ts
2026-10-04T02:42:58.4145947Z [33m[Nest] 3688  - [39m10/04/2026, 2:42:58 AM [33m   WARN[39m [38;5;3m[ScoutReconstructService] [39m[33mscout.reconstruct run pass stopped or degraded {"intent_id":"3f2b9c1e-4d5a-4b6c-8d7e-9f0a1b2c3d4e","coach_id":"coach-A","epoch":1,"stopped":null,"families":[{"token":"people","family":"clients","staged":3,"reconstructed":1,"skipped":1,"failed":1,"stopped":null},{"token":"notes","family":null,"staged":1,"reconstructed":0,"skipped":1,"failed":0,"stopped":null}],"unmapped_families":["notes"]}[39m
2026-10-04T02:42:58.4177064Z [33m[Nest] 3688  - [39m10/04/2026, 2:42:58 AM [33m   WARN[39m [38;5;3m[ScoutReconstructService] [39m[33mscout.reconstruct run pass stopped or degraded {"intent_id":"3f2b9c1e-4d5a-4b6c-8d7e-9f0a1b2c3d4e","coach_id":"coach-A","epoch":1,"stopped":"gate_closed","families":[],"unmapped_families":[]}[39m
2026-10-04T02:42:58.4184486Z [32m[Nest] 3688  - [39m10/04/2026, 2:42:58 AM [32m    LOG[39m [38;5;3m[ScoutReconstructService] [39m[32mscout.reconstruct run pass completed {"intent_id":"3f2b9c1e-4d5a-4b6c-8d7e-9f0a1b2c3d4e","coach_id":"coach-A","epoch":1,"stopped":null,"families":[{"token":"people","family":"clients","staged":1,"reconstructed":1,"skipped":0,"failed":0,"stopped":null},{"token":"blocks","family":"programs","staged":1,"reconstructed":0,"skipped":1,"failed":0,"stopped":null},{"token":"notes","family":null,"staged":1,"reconstructed":0,"skipped":1,"failed":0,"stopped":null}],"unmapped_families":["notes"]}[39m
2026-10-04T02:42:58.4190482Z [33m[Nest] 3688  - [39m10/04/2026, 2:42:58 AM [33m   WARN[39m [38;5;3m[ScoutReconstructService] [39m[33mscout.reconstruct completed with failures {"intent_id":"3f2b9c1e-4d5a-4b6c-8d7e-9f0a1b2c3d4e","coach_id":"coach-A","staged":3,"reconstructed":1,"skipped":1,"failed":1}[39m
2026-10-04T02:42:58.4195105Z [33m[Nest] 3688  - [39m10/04/2026, 2:42:58 AM [33m   WARN[39m [38;5;3m[ScoutReconstructService] [39m[33mscout.reconstruct run pass stopped or degraded {"intent_id":"3f2b9c1e-4d5a-4b6c-8d7e-9f0a1b2c3d4e","coach_id":"coach-A","epoch":1,"stopped":"gate_closed","families":[],"unmapped_families":["notes"]}[39m
2026-10-04T02:42:58.4199772Z [33m[Nest] 3688  - [39m10/04/2026, 2:42:58 AM [33m   WARN[39m [38;5;3m[ScoutReconstructService] [39m[33mscout.reconstruct run pass stopped or degraded {"intent_id":"3f2b9c1e-4d5a-4b6c-8d7e-9f0a1b2c3d4e","coach_id":"coach-A","epoch":1,"stopped":"gate_closed","families":[],"unmapped_families":[]}[39m
2026-10-04T02:42:58.4219062Z [32m[Nest] 3688  - [39m10/04/2026, 2:42:58 AM [32m    LOG[39m [38;5;3m[ScoutReconstructService] [39m[32mscout.reconstruct run pass completed {"intent_id":"3f2b9c1e-4d5a-4b6c-8d7e-9f0a1b2c3d4e","coach_id":"coach-A","epoch":1,"stopped":null,"families":[{"token":"people","family":"clients","staged":1,"reconstructed":1,"skipped":0,"failed":0,"stopped":null},{"token":"blocks","family":"programs","staged":1,"reconstructed":1,"skipped":0,"failed":0,"stopped":null},{"token":"routines","family":"workouts","staged":1,"reconstructed":1,"skipped":0,"failed":0,"stopped":null},{"token":"log","family":"client_history","staged":1,"reconstructed":1,"skipped":0,"failed":0,"stopped":null},{"token":"notes","family":null,"staged":1,"reconstructed":0,"skipped":1,"failed":0,"stopped":null}],"unmapped_families":["notes"]}[39m
2026-10-04T02:42:58.4226426Z [33m[Nest] 3688  - [39m10/04/2026, 2:42:58 AM [33m   WARN[39m [38;5;3m[ScoutReconstructService] [39m[33mscout.reconstruct rejected oversized intent {"intent_id":"3f2b9c1e-4d5a-4b6c-8d7e-9f0a1b2c3d4e","coach_id":"coach-A","staged":10001,"max":10000}[39m
2026-10-04T02:42:58.4231291Z [33m[Nest] 3688  - [39m10/04/2026, 2:42:58 AM [33m   WARN[39m [38;5;3m[ScoutReconstructService] [39m[33mscout.reconstruct run pass stopped or degraded {"intent_id":"3f2b9c1e-4d5a-4b6c-8d7e-9f0a1b2c3d4e","coach_id":"coach-A","epoch":1,"stopped":null,"families":[{"token":"blocks","family":"programs","staged":10001,"reconstructed":0,"skipped":0,"failed":0,"stopped":"over_ceiling"},{"token":"routines","family":"workouts","staged":1,"reconstructed":1,"skipped":0,"failed":0,"stopped":null}],"unmapped_families":[]}[39m
2026-10-04T02:42:58.4240761Z [33m[Nest] 3688  - [39m10/04/2026, 2:42:58 AM [33m   WARN[39m [38;5;3m[ScoutReconstructService] [39m[33mscout.reconstruct run pass stopped or degraded {"intent_id":"3f2b9c1e-4d5a-4b6c-8d7e-9f0a1b2c3d4e","coach_id":"coach-A","epoch":1,"stopped":null,"families":[{"token":"routines","family":"workouts","staged":1,"reconstructed":1,"skipped":0,"failed":0,"stopped":null},{"token":"blocks","family":null,"staged":1,"reconstructed":0,"skipped":0,"failed":0,"stopped":"provenance_conflict"}],"unmapped_families":["blocks"]}[39m
2026-10-04T02:42:58.4251320Z [33m[Nest] 3688  - [39m10/04/2026, 2:42:58 AM [33m   WARN[39m [38;5;3m[ScoutReconstructService] [39m[33mscout.reconstruct run pass stopped or degraded {"intent_id":"3f2b9c1e-4d5a-4b6c-8d7e-9f0a1b2c3d4e","coach_id":"coach-A","epoch":1,"stopped":null,"families":[{"token":"blocks","family":"programs","staged":1,"reconstructed":0,"skipped":0,"failed":0,"stopped":"provenance_conflict"},{"token":"routines","family":"workouts","staged":1,"reconstructed":1,"skipped":0,"failed":0,"stopped":null}],"unmapped_families":[]}[39m
2026-10-04T02:42:58.4255855Z [32m[Nest] 3688  - [39m10/04/2026, 2:42:58 AM [32m    LOG[39m [38;5;3m[ScoutReconstructService] [39m[32mscout.reconstruct run pass completed {"intent_id":"3f2b9c1e-4d5a-4b6c-8d7e-9f0a1b2c3d4e","coach_id":"coach-A","epoch":1,"stopped":null,"families":[{"token":"people","family":"clients","staged":1,"reconstructed":1,"skipped":0,"failed":0,"stopped":null},{"token":"notes","family":null,"staged":1,"reconstructed":0,"skipped":1,"failed":0,"stopped":null}],"unmapped_families":["notes"]}[39m
2026-10-04T02:42:58.4259301Z [32m[Nest] 3688  - [39m10/04/2026, 2:42:58 AM [32m    LOG[39m [38;5;3m[ScoutReconstructService] [39m[32mscout.reconstruct run pass completed {"intent_id":"3f2b9c1e-4d5a-4b6c-8d7e-9f0a1b2c3d4e","coach_id":"coach-A","epoch":1,"stopped":null,"families":[{"token":"people","family":"clients","staged":1,"reconstructed":1,"skipped":0,"failed":0,"stopped":null}],"unmapped_families":[]}[39m
2026-10-04T02:42:59.2842548Z PASS test/community/safety/community-safety-flow.spec.ts
2026-10-04T02:42:59.7568480Z PASS test/ci/release-evidence-gate.spec.ts (11.545 s)
2026-10-04T02:42:59.7975998Z PASS test/community/classroom/community-classroom.service.spec.ts
2026-10-04T02:42:59.8230954Z PASS test/scout/reconstruct/mapping-spec.equivalence.spec.ts
2026-10-04T02:43:00.6605012Z PASS test/stripe-webhook.spec.ts
2026-10-04T02:43:00.7035904Z [33m[Nest] 3682  - [39m10/04/2026, 2:43:00 AM [33m   WARN[39m [38;5;3m[BillingService] [39m[33mSubscription sub_x for unknown customer cus_UNKNOWN[39m
2026-10-04T02:43:00.7066375Z [33m[Nest] 3682  - [39m10/04/2026, 2:43:00 AM [33m   WARN[39m [38;5;3m[BillingService] [39m[33mtransfer.failed event=evt_tf_1 transfer=tr_stripe_1 coach=coach-HC amount_cents=5000 reason=account_closed: Destination account is closed[39m
2026-10-04T02:43:00.7096263Z [33m[Nest] 3682  - [39m10/04/2026, 2:43:00 AM [33m   WARN[39m [38;5;3m[BillingService] [39m[33mtransfer.failed event=evt_tf_dup transfer=tr_stripe_1 coach=coach-HC amount_cents=5000 reason=account_closed: Destination account is closed[39m
2026-10-04T02:43:00.7126649Z [33m[Nest] 3682  - [39m10/04/2026, 2:43:00 AM [33m   WARN[39m [38;5;3m[BillingService] [39m[33mtransfer.failed event=evt_tf_replay transfer=tr_stripe_1 coach=coach-HC amount_cents=5000 reason=account_closed: Destination account is closed[39m
2026-10-04T02:43:00.7185740Z [33m[Nest] 3682  - [39m10/04/2026, 2:43:00 AM [33m   WARN[39m [38;5;3m[BillingService] [39m[33mtransfer.failed event=evt_tf_orphan transfer=tr_stripe_1: no matching ConnectTransfer row[39m
2026-10-04T02:43:00.7189375Z [33m[Nest] 3681  - [39m10/04/2026, 2:43:00 AM [33m   WARN[39m [38;5;3m[DataExportService] [39m[33mDATA_EXPORT_TOKEN_SECRET is not set — using the insecure default. Set DATA_EXPORT_TOKEN_SECRET before going to production.[39m
2026-10-04T02:43:00.9179458Z [33m[Nest] 3681  - [39m10/04/2026, 2:43:00 AM [33m   WARN[39m [38;5;3m[DataExportService] [39m[33mDATA_EXPORT_TOKEN_SECRET is not set — using the insecure default. Set DATA_EXPORT_TOKEN_SECRET before going to production.[39m
2026-10-04T02:43:00.9213157Z [33m[Nest] 3681  - [39m10/04/2026, 2:43:00 AM [33m   WARN[39m [38;5;3m[DataExportService] [39m[33mDATA_EXPORT_TOKEN_SECRET is not set — using the insecure default. Set DATA_EXPORT_TOKEN_SECRET before going to production.[39m
2026-10-04T02:43:00.9223019Z [33m[Nest] 3681  - [39m10/04/2026, 2:43:00 AM [33m   WARN[39m [38;5;3m[DataExportService] [39m[33mDATA_EXPORT_TOKEN_SECRET is not set — using the insecure default. Set DATA_EXPORT_TOKEN_SECRET before going to production.[39m
2026-10-04T02:43:00.9255944Z [33m[Nest] 3681  - [39m10/04/2026, 2:43:00 AM [33m   WARN[39m [38;5;3m[DataExportService] [39m[33mDATA_EXPORT_TOKEN_SECRET is not set — using the insecure default. Set DATA_EXPORT_TOKEN_SECRET before going to production.[39m
2026-10-04T02:43:00.9285795Z [33m[Nest] 3681  - [39m10/04/2026, 2:43:00 AM [33m   WARN[39m [38;5;3m[DataExportService] [39m[33mDATA_EXPORT_TOKEN_SECRET is not set — using the insecure default. Set DATA_EXPORT_TOKEN_SECRET before going to production.[39m
2026-10-04T02:43:00.9315379Z [33m[Nest] 3681  - [39m10/04/2026, 2:43:00 AM [33m   WARN[39m [38;5;3m[DataExportService] [39m[33mDATA_EXPORT_TOKEN_SECRET is not set — using the insecure default. Set DATA_EXPORT_TOKEN_SECRET before going to production.[39m
2026-10-04T02:43:00.9319131Z [33m[Nest] 3681  - [39m10/04/2026, 2:43:00 AM [33m   WARN[39m [38;5;3m[DataExportService] [39m[33mDATA_EXPORT_TOKEN_SECRET is not set — using the insecure default. Set DATA_EXPORT_TOKEN_SECRET before going to production.[39m
2026-10-04T02:43:00.9345701Z [33m[Nest] 3681  - [39m10/04/2026, 2:43:00 AM [33m   WARN[39m [38;5;3m[DataExportService] [39m[33mDATA_EXPORT_TOKEN_SECRET is not set — using the insecure default. Set DATA_EXPORT_TOKEN_SECRET before going to production.[39m
2026-10-04T02:43:00.9396190Z [33m[Nest] 3681  - [39m10/04/2026, 2:43:00 AM [33m   WARN[39m [38;5;3m[DataExportService] [39m[33mDATA_EXPORT_TOKEN_SECRET is not set — using the insecure default. Set DATA_EXPORT_TOKEN_SECRET before going to production.[39m
2026-10-04T02:43:00.9422459Z [33m[Nest] 3681  - [39m10/04/2026, 2:43:00 AM [33m   WARN[39m [38;5;3m[DataExportService] [39m[33mDATA_EXPORT_TOKEN_SECRET is not set — using the insecure default. Set DATA_EXPORT_TOKEN_SECRET before going to production.[39m
2026-10-04T02:43:00.9426513Z [33m[Nest] 3681  - [39m10/04/2026, 2:43:00 AM [33m   WARN[39m [38;5;3m[DataExportService] [39m[33mDATA_EXPORT_TOKEN_SECRET is not set — using the insecure default. Set DATA_EXPORT_TOKEN_SECRET before going to production.[39m
2026-10-04T02:43:00.9429698Z [33m[Nest] 3681  - [39m10/04/2026, 2:43:00 AM [33m   WARN[39m [38;5;3m[DataExportService] [39m[33mDATA_EXPORT_TOKEN_SECRET is not set — using the insecure default. Set DATA_EXPORT_TOKEN_SECRET before going to production.[39m
2026-10-04T02:43:00.9432892Z [33m[Nest] 3681  - [39m10/04/2026, 2:43:00 AM [33m   WARN[39m [38;5;3m[DataExportService] [39m[33mDATA_EXPORT_TOKEN_SECRET is not set — using the insecure default. Set DATA_EXPORT_TOKEN_SECRET before going to production.[39m
2026-10-04T02:43:00.9436490Z [33m[Nest] 3681  - [39m10/04/2026, 2:43:00 AM [33m   WARN[39m [38;5;3m[DataExportService] [39m[33mDATA_EXPORT_TOKEN_SECRET is not set — using the insecure default. Set DATA_EXPORT_TOKEN_SECRET before going to production.[39m
2026-10-04T02:43:00.9634555Z PASS test/data-export-archive-cleanup.spec.ts
2026-10-04T02:43:01.0206556Z [33m[Nest] 3681  - [39m10/04/2026, 2:43:00 AM [33m   WARN[39m [38;5;3m[DataExportService] [39m[33mDATA_EXPORT_TOKEN_SECRET is not set — using the insecure default. Set DATA_EXPORT_TOKEN_SECRET before going to production.[39m
2026-10-04T02:43:01.0236123Z [33m[Nest] 3681  - [39m10/04/2026, 2:43:00 AM [33m   WARN[39m [38;5;3m[DataExportService] [39m[33mDATA_EXPORT_TOKEN_SECRET is not set — using the insecure default. Set DATA_EXPORT_TOKEN_SECRET before going to production.[39m
2026-10-04T02:43:01.0276896Z [33m[Nest] 3688  - [39m10/04/2026, 2:43:00 AM [33m   WARN[39m [38;5;3m[MessagingService] [39m[33mED.6 conversation-review stamp failed for coach=coach-A client=client-1: boom[39m
2026-10-04T02:43:01.1188597Z PASS test/messaging.service.spec.ts
2026-10-04T02:43:01.5625119Z PASS test/scout/reconstruct/native/native-writers.spec.ts
2026-10-04T02:43:01.8755996Z PASS test/audit-phase10.spec.ts
2026-10-04T02:43:02.1081174Z PASS test/prod-readiness/learning-ledger.spec.ts
2026-10-04T02:43:02.3082310Z PASS test/wearables/connectors/whoop/whoop.connector.spec.ts
2026-10-04T02:43:02.3609577Z [32m[Nest] 3688  - [39m10/04/2026, 2:43:02 AM [32m    LOG[39m [38;5;3m[ProviderHttpClient] [39m[32m[whoop.exchangeCode] attempt 1/4 succeeded (status=200)[39m
2026-10-04T02:43:02.3636069Z [32m[Nest] 3688  - [39m10/04/2026, 2:43:02 AM [32m    LOG[39m [38;5;3m[ProviderHttpClient] [39m[32m[whoop.refresh] attempt 1/4 succeeded (status=200)[39m
2026-10-04T02:43:02.3645987Z [32m[Nest] 3688  - [39m10/04/2026, 2:43:02 AM [32m    LOG[39m [38;5;3m[ProviderHttpClient] [39m[32m[whoop.refresh] attempt 1/4 succeeded (status=200)[39m
2026-10-04T02:43:02.3648606Z [32m[Nest] 3688  - [39m10/04/2026, 2:43:02 AM [32m    LOG[39m [38;5;3m[ProviderHttpClient] [39m[32m[whoop.refresh] attempt 1/4 succeeded (status=200)[39m
2026-10-04T02:43:02.3651483Z [32m[Nest] 3688  - [39m10/04/2026, 2:43:02 AM [32m    LOG[39m [38;5;3m[ProviderHttpClient] [39m[32m[whoop.backfill.recovery] attempt 1/4 succeeded (status=200)[39m
2026-10-04T02:43:02.3654423Z [32m[Nest] 3688  - [39m10/04/2026, 2:43:02 AM [32m    LOG[39m [38;5;3m[ProviderHttpClient] [39m[32m[whoop.backfill.cycle] attempt 1/4 succeeded (status=200)[39m
2026-10-04T02:43:02.3657193Z [32m[Nest] 3688  - [39m10/04/2026, 2:43:02 AM [32m    LOG[39m [38;5;3m[ProviderHttpClient] [39m[32m[whoop.backfill.sleep] attempt 1/4 succeeded (status=200)[39m
2026-10-04T02:43:02.3659802Z [32m[Nest] 3688  - [39m10/04/2026, 2:43:02 AM [32m    LOG[39m [38;5;3m[ProviderHttpClient] [39m[32m[whoop.backfill.workout] attempt 1/4 succeeded (status=200)[39m
2026-10-04T02:43:02.3662617Z [32m[Nest] 3688  - [39m10/04/2026, 2:43:02 AM [32m    LOG[39m [38;5;3m[ProviderHttpClient] [39m[32m[whoop.backfill.recovery] attempt 1/4 succeeded (status=200)[39m
2026-10-04T02:43:02.3665707Z [32m[Nest] 3688  - [39m10/04/2026, 2:43:02 AM [32m    LOG[39m [38;5;3m[ProviderHttpClient] [39m[32m[whoop.refresh] attempt 1/4 succeeded (status=200)[39m
2026-10-04T02:43:02.3668429Z [32m[Nest] 3688  - [39m10/04/2026, 2:43:02 AM [32m    LOG[39m [38;5;3m[ProviderHttpClient] [39m[32m[whoop.backfill.recovery] attempt 1/4 succeeded (status=200)[39m
2026-10-04T02:43:02.3671190Z [32m[Nest] 3688  - [39m10/04/2026, 2:43:02 AM [32m    LOG[39m [38;5;3m[ProviderHttpClient] [39m[32m[whoop.backfill.cycle] attempt 1/4 succeeded (status=200)[39m
2026-10-04T02:43:02.3674388Z [32m[Nest] 3688  - [39m10/04/2026, 2:43:02 AM [32m    LOG[39m [38;5;3m[ProviderHttpClient] [39m[32m[whoop.backfill.sleep] attempt 1/4 succeeded (status=200)[39m
2026-10-04T02:43:02.3677176Z [32m[Nest] 3688  - [39m10/04/2026, 2:43:02 AM [32m    LOG[39m [38;5;3m[ProviderHttpClient] [39m[32m[whoop.backfill.workout] attempt 1/4 succeeded (status=200)[39m
2026-10-04T02:43:02.3680186Z [32m[Nest] 3688  - [39m10/04/2026, 2:43:02 AM [32m    LOG[39m [38;5;3m[ProviderHttpClient] [39m[32m[whoop.refresh] attempt 1/4 succeeded (status=200)[39m
2026-10-04T02:43:02.3682938Z [32m[Nest] 3688  - [39m10/04/2026, 2:43:02 AM [32m    LOG[39m [38;5;3m[ProviderHttpClient] [39m[32m[whoop.backfill.recovery] attempt 1/4 succeeded (status=200)[39m
2026-10-04T02:43:02.3685904Z [32m[Nest] 3688  - [39m10/04/2026, 2:43:02 AM [32m    LOG[39m [38;5;3m[ProviderHttpClient] [39m[32m[whoop.backfill.cycle] attempt 1/4 succeeded (status=200)[39m
2026-10-04T02:43:02.3688628Z [32m[Nest] 3688  - [39m10/04/2026, 2:43:02 AM [32m    LOG[39m [38;5;3m[ProviderHttpClient] [39m[32m[whoop.backfill.sleep] attempt 1/4 succeeded (status=200)[39m
2026-10-04T02:43:02.3691424Z [32m[Nest] 3688  - [39m10/04/2026, 2:43:02 AM [32m    LOG[39m [38;5;3m[ProviderHttpClient] [39m[32m[whoop.backfill.workout] attempt 1/4 succeeded (status=200)[39m
2026-10-04T02:43:02.5413980Z PASS test/mwb-5-edit-workout-plan.materialiser.spec.ts
2026-10-04T02:43:02.5775180Z [31m[Nest] 3688  - [39m10/04/2026, 2:43:02 AM [31m  ERROR[39m [38;5;3m[GdprScrubService] [39m[31mGDPR scrub failed for user=u-old: simulated tx failure for first candidate[39m
2026-10-04T02:43:02.5815323Z [33m[Nest] 3681  - [39m10/04/2026, 2:43:02 AM [33m   WARN[39m [38;5;3m[EditWorkoutPlanMaterializer] [39mObject(5) {
2026-10-04T02:43:02.5844302Z   event: [32m'AI_LIVE_CREATE_SCOPE_REJECTED'[39m,
2026-10-04T02:43:02.5845342Z   capability: [32m'draft.edit_workout_plan'[39m,
2026-10-04T02:43:02.5846413Z   planId: [32m'33333333-3333-3333-3333-333333333333'[39m,
2026-10-04T02:43:02.5847463Z   requesterId: [32m'00000000-0000-0000-0000-0000000000c1'[39m,
2026-10-04T02:43:02.5848483Z   clientId: [32m'00000000-0000-0000-0000-0000000000a1'[39m
2026-10-04T02:43:02.5849239Z }
2026-10-04T02:43:02.5851093Z [33m[Nest] 3681  - [39m10/04/2026, 2:43:02 AM [33m   WARN[39m [38;5;3m[EditWorkoutPlanMaterializer] [39m[33medit_workout_plan refused: requester lacks canAccessClient[39m
2026-10-04T02:43:02.5854154Z [32m[Nest] 3688  - [39m10/04/2026, 2:43:02 AM [32m    LOG[39m [38;5;3m[GdprScrubService] [39m[32mGDPR scrub dry-run: 2 candidate(s) past cutoff 2026-03-29T12:00:00.000Z[39m
2026-10-04T02:43:02.5856621Z [32m[Nest] 3688  - [39m10/04/2026, 2:43:02 AM [32m    LOG[39m [38;5;3m[GdprScrubService] [39m[32mGDPR scrub: scrubbed 2 of 2 candidate(s); errors=0[39m
2026-10-04T02:43:02.5858917Z [32m[Nest] 3688  - [39m10/04/2026, 2:43:02 AM [32m    LOG[39m [38;5;3m[GdprScrubService] [39m[32mGDPR scrub: scrubbed 2 of 2 candidate(s); errors=0[39m
2026-10-04T02:43:02.5861182Z [32m[Nest] 3688  - [39m10/04/2026, 2:43:02 AM [32m    LOG[39m [38;5;3m[GdprScrubService] [39m[32mGDPR scrub: scrubbed 2 of 2 candidate(s); errors=0[39m
2026-10-04T02:43:02.5863431Z [32m[Nest] 3688  - [39m10/04/2026, 2:43:02 AM [32m    LOG[39m [38;5;3m[GdprScrubService] [39m[32mGDPR scrub: scrubbed 1 of 2 candidate(s); errors=1[39m
2026-10-04T02:43:02.5890589Z [32m[Nest] 3688  - [39m10/04/2026, 2:43:02 AM [32m    LOG[39m [38;5;3m[GdprScrubService] [39m[32mGDPR scrub dry-run: 1 candidate(s) past cutoff 2026-03-29T12:00:00.000Z[39m
2026-10-04T02:43:02.5944331Z PASS test/gdpr-scrub.service.spec.ts
2026-10-04T02:43:02.6856045Z [32m[Nest] 3688  - [39m10/04/2026, 2:43:02 AM [32m    LOG[39m [38;5;3m[GdprScrubService] [39m[32mGDPR scrub dry-run: 2 candidate(s) past cutoff 2026-03-29T12:00:00.000Z[39m
2026-10-04T02:43:02.6885515Z [32m[Nest] 3688  - [39m10/04/2026, 2:43:02 AM [32m    LOG[39m [38;5;3m[GdprScrubService] [39m[32mGDPR scrub: scrubbed 2 of 2 candidate(s); errors=0[39m
2026-10-04T02:43:02.6945268Z [32m[Nest] 3688  - [39m10/04/2026, 2:43:02 AM [32m    LOG[39m [38;5;3m[GdprScrubService] [39m[32mGDPR scrub: scrubbed 2 of 2 candidate(s); errors=0[39m
2026-10-04T02:43:03.0869138Z PASS test/dependency-compatibility.spec.ts
2026-10-04T02:43:03.9849663Z PASS test/wearables/preferences.controller.spec.ts
2026-10-04T02:43:04.3485032Z PASS test/coach-effectiveness.service.spec.ts
2026-10-04T02:43:05.0742232Z PASS test/scout/induction/observation.service.spec.ts
2026-10-04T02:43:05.6000978Z PASS test/prod-readiness/stub-scanner.spec.ts
2026-10-04T02:43:06.7579377Z PASS test/dunning-v2-lockout-allowlist-route-table.spec.ts
2026-10-04T02:43:06.9039513Z PASS test/roles-enforced.spec.ts
2026-10-04T02:43:07.7253110Z PASS test/federation.service.spec.ts
2026-10-04T02:43:09.5324615Z PASS test/clone-program.spec.ts
2026-10-04T02:43:10.1188698Z PASS test/landing-pages.crm-adapters.spec.ts
2026-10-04T02:43:10.3959886Z PASS test/account-deletion/erasure-manifest-coverage.spec.ts
2026-10-04T02:43:11.1424896Z PASS test/landing-pages.public.controller.spec.ts
2026-10-04T02:43:11.6030273Z PASS test/booking-reminder.job.spec.ts
2026-10-04T02:43:11.6199199Z [32m[Nest] 3681  - [39m10/04/2026, 2:43:11 AM [32m    LOG[39m [38;5;3m[SessionReminderJob] [39m[32mreminder sweep kind=booking_reminder_1h scanned=1 dispatched=2 skipped=0[39m
2026-10-04T02:43:11.6225973Z [32m[Nest] 3681  - [39m10/04/2026, 2:43:11 AM [32m    LOG[39m [38;5;3m[SessionReminderJob] [39m[32mreminder sweep kind=booking_reminder_1h scanned=1 dispatched=2 skipped=0[39m
2026-10-04T02:43:11.6236046Z [32m[Nest] 3681  - [39m10/04/2026, 2:43:11 AM [32m    LOG[39m [38;5;3m[SessionReminderJob] [39m[32mreminder sweep kind=booking_reminder_1h scanned=1 dispatched=0 skipped=2[39m
2026-10-04T02:43:11.6255509Z [32m[Nest] 3681  - [39m10/04/2026, 2:43:11 AM [32m    LOG[39m [38;5;3m[SessionReminderJob] [39m[32mreminder sweep kind=booking_reminder_1h scanned=1 dispatched=1 skipped=0[39m
2026-10-04T02:43:11.6257505Z [32m[Nest] 3681  - [39m10/04/2026, 2:43:11 AM [32m    LOG[39m [38;5;3m[SessionReminderJob] [39m[32mreminder sweep kind=booking_reminder_24h scanned=1 dispatched=2 skipped=0[39m
2026-10-04T02:43:11.6259452Z [32m[Nest] 3681  - [39m10/04/2026, 2:43:11 AM [32m    LOG[39m [38;5;3m[SessionReminderJob] [39m[32mreminder sweep kind=booking_reminder_24h scanned=1 dispatched=1 skipped=1[39m
2026-10-04T02:43:11.6261369Z [95m[Nest] 3681  - [39m10/04/2026, 2:43:11 AM [95m  DEBUG[39m [38;5;3m[SessionReminderJob] [39m[95m1h reminder cron skipped — set BOOKING_REMINDERS_ENABLED=on to enable[39m
2026-10-04T02:43:11.6263268Z [95m[Nest] 3681  - [39m10/04/2026, 2:43:11 AM [95m  DEBUG[39m [38;5;3m[SessionReminderJob] [39m[95m24h reminder cron skipped — set BOOKING_REMINDERS_ENABLED=on to enable[39m
2026-10-04T02:43:11.6265405Z [95m[Nest] 3681  - [39m10/04/2026, 2:43:11 AM [95m  DEBUG[39m [38;5;3m[SessionReminderJob] [39m[95m1h reminder cron skipped — set BOOKING_REMINDERS_ENABLED=on to enable[39m
2026-10-04T02:43:11.6267298Z [95m[Nest] 3681  - [39m10/04/2026, 2:43:11 AM [95m  DEBUG[39m [38;5;3m[SessionReminderJob] [39m[95m24h reminder cron skipped — set BOOKING_REMINDERS_ENABLED=on to enable[39m
2026-10-04T02:43:11.6269212Z [95m[Nest] 3681  - [39m10/04/2026, 2:43:11 AM [95m  DEBUG[39m [38;5;3m[SessionReminderJob] [39m[95m1h reminder cron skipped — set BOOKING_REMINDERS_ENABLED=on to enable[39m
2026-10-04T02:43:11.6271089Z [95m[Nest] 3681  - [39m10/04/2026, 2:43:11 AM [95m  DEBUG[39m [38;5;3m[SessionReminderJob] [39m[95m24h reminder cron skipped — set BOOKING_REMINDERS_ENABLED=on to enable[39m
2026-10-04T02:43:11.6272933Z [95m[Nest] 3681  - [39m10/04/2026, 2:43:11 AM [95m  DEBUG[39m [38;5;3m[SessionReminderJob] [39m[95m1h reminder cron skipped — set BOOKING_REMINDERS_ENABLED=on to enable[39m
2026-10-04T02:43:11.6275020Z [95m[Nest] 3681  - [39m10/04/2026, 2:43:11 AM [95m  DEBUG[39m [38;5;3m[SessionReminderJob] [39m[95m24h reminder cron skipped — set BOOKING_REMINDERS_ENABLED=on to enable[39m
2026-10-04T02:43:11.6276890Z [95m[Nest] 3681  - [39m10/04/2026, 2:43:11 AM [95m  DEBUG[39m [38;5;3m[SessionReminderJob] [39m[95m1h reminder cron skipped — set BOOKING_REMINDERS_ENABLED=on to enable[39m
2026-10-04T02:43:11.6279053Z [95m[Nest] 3681  - [39m10/04/2026, 2:43:11 AM [95m  DEBUG[39m [38;5;3m[SessionReminderJob] [39m[95m24h reminder cron skipped — set BOOKING_REMINDERS_ENABLED=on to enable[39m
2026-10-04T02:43:11.6280928Z [95m[Nest] 3681  - [39m10/04/2026, 2:43:11 AM [95m  DEBUG[39m [38;5;3m[SessionReminderJob] [39m[95m1h reminder cron skipped — set BOOKING_REMINDERS_ENABLED=on to enable[39m
2026-10-04T02:43:11.6282837Z [95m[Nest] 3681  - [39m10/04/2026, 2:43:11 AM [95m  DEBUG[39m [38;5;3m[SessionReminderJob] [39m[95m24h reminder cron skipped — set BOOKING_REMINDERS_ENABLED=on to enable[39m
2026-10-04T02:43:11.6285062Z [95m[Nest] 3681  - [39m10/04/2026, 2:43:11 AM [95m  DEBUG[39m [38;5;3m[SessionReminderJob] [39m[95m1h reminder cron skipped — set BOOKING_REMINDERS_ENABLED=on to enable[39m
2026-10-04T02:43:11.6287420Z [95m[Nest] 3681  - [39m10/04/2026, 2:43:11 AM [95m  DEBUG[39m [38;5;3m[SessionReminderJob] [39m[95m24h reminder cron skipped — set BOOKING_REMINDERS_ENABLED=on to enable[39m
2026-10-04T02:43:11.6290094Z [32m[Nest] 3681  - [39m10/04/2026, 2:43:11 AM [32m    LOG[39m [38;5;3m[SessionReminderJob] [39m[32mreminder sweep kind=booking_reminder_1h scanned=1 dispatched=2 skipped=0[39m
2026-10-04T02:43:11.6292440Z [32m[Nest] 3681  - [39m10/04/2026, 2:43:11 AM [32m    LOG[39m [38;5;3m[SessionReminderJob] [39m[32mreminder sweep kind=booking_reminder_24h scanned=1 dispatched=2 skipped=0[39m
2026-10-04T02:43:11.6294940Z [32m[Nest] 3681  - [39m10/04/2026, 2:43:11 AM [32m    LOG[39m [38;5;3m[SessionReminderJob] [39m[32mreminder sweep kind=booking_reminder_24h scanned=1 dispatched=0 skipped=2[39m
2026-10-04T02:43:11.6297266Z [32m[Nest] 3681  - [39m10/04/2026, 5:43:11 AM [32m    LOG[39m [38;5;3m[SessionReminderJob] [39m[32mreminder sweep kind=booking_reminder_24h scanned=1 dispatched=2 skipped=0[39m
2026-10-04T02:43:11.6299525Z [32m[Nest] 3681  - [39m10/04/2026, 2:43:11 AM [32m    LOG[39m [38;5;3m[SessionReminderJob] [39m[32mreminder sweep kind=booking_reminder_24h scanned=1 dispatched=2 skipped=0[39m
2026-10-04T02:43:11.6301840Z [32m[Nest] 3681  - [39m10/04/2026, 2:43:11 AM [32m    LOG[39m [38;5;3m[SessionReminderJob] [39m[32mreminder sweep kind=booking_reminder_24h scanned=1 dispatched=2 skipped=0[39m
2026-10-04T02:43:11.6304222Z [32m[Nest] 3681  - [39m10/04/2026, 2:43:11 AM [32m    LOG[39m [38;5;3m[SessionReminderJob] [39m[32mreminder sweep kind=booking_reminder_24h scanned=1 dispatched=0 skipped=2[39m
2026-10-04T02:43:11.6306482Z [32m[Nest] 3681  - [39m10/04/2026, 2:43:11 AM [32m    LOG[39m [38;5;3m[SessionReminderJob] [39m[32mreminder sweep kind=booking_reminder_1h scanned=1 dispatched=0 skipped=2[39m
2026-10-04T02:43:11.6308898Z [33m[Nest] 3681  - [39m10/04/2026, 2:43:11 AM [33m   WARN[39m [38;5;3m[SessionReminderJob] [39m[33mreminder claim failed: session=sess-dberr user=client-1 kind=booking_reminder_1h err=Error[39m
2026-10-04T02:43:11.6311455Z [33m[Nest] 3681  - [39m10/04/2026, 2:43:11 AM [33m   WARN[39m [38;5;3m[SessionReminderJob] [39m[33mreminder claim failed: session=sess-dberr user=coach-1 kind=booking_reminder_1h err=Error[39m
2026-10-04T02:43:11.6314158Z [32m[Nest] 3681  - [39m10/04/2026, 2:43:11 AM [32m    LOG[39m [38;5;3m[SessionReminderJob] [39m[32mreminder sweep kind=booking_reminder_1h scanned=1 dispatched=0 skipped=2[39m
2026-10-04T02:43:11.8716822Z PASS test/scout/reconstruct/native/person-writer.spec.ts
2026-10-04T02:43:12.2457958Z PASS test/v1-coach.service.spec.ts
2026-10-04T02:43:12.7910990Z PASS test/coach-home-daily-rings.controller.spec.ts
2026-10-04T02:43:12.8616305Z [33m[Nest] 3681  - [39m10/04/2026, 2:43:12 AM [33m   WARN[39m [38;5;3m[AnalyticsService] [39m[33mPOSTHOG_KEY not set — analytics are disabled (no-op mode).[39m
2026-10-04T02:43:12.8619753Z [33m[Nest] 3681  - [39m10/04/2026, 2:43:12 AM [33m   WARN[39m [38;5;3m[AnalyticsService] [39m[33mPOSTHOG_KEY not set — analytics are disabled (no-op mode).[39m
2026-10-04T02:43:12.8622863Z [33m[Nest] 3681  - [39m10/04/2026, 2:43:12 AM [33m   WARN[39m [38;5;3m[AnalyticsService] [39m[33mPOSTHOG_KEY not set — analytics are disabled (no-op mode).[39m
2026-10-04T02:43:13.0791887Z PASS test/custom-domain.service.spec.ts
2026-10-04T02:43:13.1682099Z [33m[Nest] 3681  - [39m10/04/2026, 2:43:13 AM [33m   WARN[39m [38;5;3m[CustomDomainService] [39m[33mverify(): custom_domain swapped during DNS window for page page-1 (verified=verified.example.com); refusing to stamp verified_at.[39m
2026-10-04T02:43:13.7666762Z [31m[Nest] 3681  - [39m10/04/2026, 2:43:13 AM [31m  ERROR[39m [38;5;3m[RomanService] [39m[31mroman.delete_failed session=s_today stage=read: DatabaseRequestError: Database request failed (P2024)[39m
2026-10-04T02:43:13.7767803Z [31m[Nest] 3681  - [39m10/04/2026, 2:43:13 AM [31m  ERROR[39m [38;5;3m[RomanService] [39m[31mroman.delete_failed session=s_today stage=erase: DatabaseRequestError: Database request failed (P2024)[39m
2026-10-04T02:43:13.7865490Z [31m[Nest] 3681  - [39m10/04/2026, 2:43:13 AM [31m  ERROR[39m [38;5;3m[RomanService] [39m[31mroman.delete_all_failed stage=read erased_before=0: DatabaseRequestError: Database request failed (P2024)[39m
2026-10-04T02:43:13.7958009Z [31m[Nest] 3681  - [39m10/04/2026, 2:43:13 AM [31m  ERROR[39m [38;5;3m[RomanService] [39m[31mroman.delete_all_failed stage=read erased_before=1: DatabaseRequestError: Database request failed (P2024)[39m
2026-10-04T02:43:13.7995949Z [31m[Nest] 3681  - [39m10/04/2026, 2:43:13 AM [31m  ERROR[39m [38;5;3m[RomanService] [39m[31mroman.delete_all_failed session=s_today erased_before=0: DatabaseRequestError: Database request failed (P2024)[39m
2026-10-04T02:43:13.8050498Z [31m[Nest] 3681  - [39m10/04/2026, 2:43:13 AM [31m  ERROR[39m [38;5;3m[RomanService] [39m[31mroman.delete_all_failed stage=count erased_before=50: DatabaseRequestError: Database request failed (P2024)[39m
2026-10-04T02:43:13.8329415Z PASS test/roman/roman-chats.controller.spec.ts
2026-10-04T02:43:14.4709989Z PASS test/mwb-3-autosave.controller.spec.ts (11.866 s)
2026-10-04T02:43:14.4759588Z   ● Console
2026-10-04T02:43:14.4764203Z 
2026-10-04T02:43:14.4764673Z     console.warn
2026-10-04T02:43:14.4766106Z       [mwb3-autosave.controller] MWB3_TEST_DATABASE_URL not set — live authorization + conflict suite skipped.
2026-10-04T02:43:14.4767828Z 
2026-10-04T02:43:14.4768598Z     [0m [90m 217 |[39m [36mif[39m ([33m![39m[33mTEST_DB_URL[39m) {
2026-10-04T02:43:14.4769767Z      [90m 218 |[39m   [90m// eslint-disable-next-line no-console[39m
2026-10-04T02:43:14.4770819Z     [31m[1m>[22m[39m[90m 219 |[39m   console[33m.[39mwarn(
2026-10-04T02:43:14.4771827Z      [90m     |[39m           [31m[1m^[22m[39m
2026-10-04T02:43:14.4773174Z      [90m 220 |[39m     [32m'[mwb3-autosave.controller] MWB3_TEST_DATABASE_URL not set — live '[39m [33m+[39m
2026-10-04T02:43:14.4775013Z      [90m 221 |[39m       [32m'authorization + conflict suite skipped.'[39m[33m,[39m
2026-10-04T02:43:14.4776132Z      [90m 222 |[39m   )[33m;[39m[0m
2026-10-04T02:43:14.4777402Z 
2026-10-04T02:43:14.4778100Z       at Object.<anonymous> (test/mwb-3-autosave.controller.spec.ts:219:11)
2026-10-04T02:43:14.4778833Z 
2026-10-04T02:43:14.5337745Z PASS src/community/voice/__tests__/community-voice.service.spec.ts
2026-10-04T02:43:14.5491028Z [33m[Nest] 3681  - [39m10/04/2026, 2:43:14 AM [33m   WARN[39m [38;5;3m[CommunityVoiceService] [39m[33mvoice publish refused: storage key shape[39m
2026-10-04T02:43:14.5495252Z [33m[Nest] 3681  - [39m10/04/2026, 2:43:14 AM [33m   WARN[39m [38;5;3m[CommunityVoiceService] [39m[33mvoice note 44444444-4444-4444-4444-444444444444: recording removal not yet verified; erasure recorded and retried by VoiceErasureService[39m
2026-10-04T02:43:15.2508052Z PASS test/admin-controller-hygiene.spec.ts
2026-10-04T02:43:15.2874881Z [33m[Nest] 3681  - [39m10/04/2026, 2:43:15 AM [33m   WARN[39m [38;5;3m[SubCoachScopeService] [39m[33msub-coach scope: user=buyer has role=coach and coach_id=seller but no membership relation (TeamSubCoachAssignment / SubCoachAssignment); treating as head coach of own roster, NOT as a sub-coach[39m
2026-10-04T02:43:15.2879301Z [33m[Nest] 3681  - [39m10/04/2026, 2:43:15 AM [33m   WARN[39m [38;5;3m[SubCoachScopeService] [39m[33msub-coach scope: user=tagged has role=coach and coach_id=seller but no membership relation (TeamSubCoachAssignment / SubCoachAssignment); treating as head coach of own roster, NOT as a sub-coach[39m
2026-10-04T02:43:15.2882865Z [33m[Nest] 3681  - [39m10/04/2026, 2:43:15 AM [33m   WARN[39m [38;5;3m[SubCoachScopeService] [39m[33msub-coach scope: user=buyer has role=coach and coach_id=seller but no membership relation (TeamSubCoachAssignment / SubCoachAssignment); treating as head coach of own roster, NOT as a sub-coach[39m
2026-10-04T02:43:15.2886665Z [33m[Nest] 3681  - [39m10/04/2026, 2:43:15 AM [33m   WARN[39m [38;5;3m[SubCoachScopeService] [39m[33msub-coach scope: user=buyer has role=coach and coach_id=seller but no membership relation (TeamSubCoachAssignment / SubCoachAssignment); treating as head coach of own roster, NOT as a sub-coach[39m
2026-10-04T02:43:15.2890484Z [33m[Nest] 3681  - [39m10/04/2026, 2:43:15 AM [33m   WARN[39m [38;5;3m[SubCoachScopeService] [39m[33msub-coach scope: user=tagged has role=coach and coach_id=seller but no membership relation (TeamSubCoachAssignment / SubCoachAssignment); treating as head coach of own roster, NOT as a sub-coach[39m
2026-10-04T02:43:15.2894204Z [33m[Nest] 3681  - [39m10/04/2026, 2:43:15 AM [33m   WARN[39m [38;5;3m[SubCoachScopeService] [39m[33msub-coach scope: user=buyer has role=coach and coach_id=seller but no membership relation (TeamSubCoachAssignment / SubCoachAssignment); treating as head coach of own roster, NOT as a sub-coach[39m
2026-10-04T02:43:15.2897732Z [33m[Nest] 3681  - [39m10/04/2026, 2:43:15 AM [33m   WARN[39m [38;5;3m[SubCoachScopeService] [39m[33msub-coach scope: user=tagged has role=coach and coach_id=seller but no membership relation (TeamSubCoachAssignment / SubCoachAssignment); treating as head coach of own roster, NOT as a sub-coach[39m
2026-10-04T02:43:15.2901377Z [33m[Nest] 3681  - [39m10/04/2026, 2:43:15 AM [33m   WARN[39m [38;5;3m[SubCoachScopeService] [39m[33msub-coach scope: user=team-coach has role=coach and coach_id=head but no membership relation (TeamSubCoachAssignment / SubCoachAssignment); treating as head coach of own roster, NOT as a sub-coach[39m
2026-10-04T02:43:15.2905184Z [33m[Nest] 3681  - [39m10/04/2026, 2:43:15 AM [33m   WARN[39m [38;5;3m[SubCoachScopeService] [39m[33msub-coach scope: user=buyer has role=coach and coach_id=seller but no membership relation (TeamSubCoachAssignment / SubCoachAssignment); treating as head coach of own roster, NOT as a sub-coach[39m
2026-10-04T02:43:15.2908787Z [33m[Nest] 3681  - [39m10/04/2026, 2:43:15 AM [33m   WARN[39m [38;5;3m[SubCoachScopeService] [39m[33msub-coach scope: user=tagged has role=coach and coach_id=seller but no membership relation (TeamSubCoachAssignment / SubCoachAssignment); treating as head coach of own roster, NOT as a sub-coach[39m
2026-10-04T02:43:15.2912377Z [33m[Nest] 3681  - [39m10/04/2026, 2:43:15 AM [33m   WARN[39m [38;5;3m[SubCoachScopeService] [39m[33msub-coach scope: user=buyer has role=coach and coach_id=seller but no membership relation (TeamSubCoachAssignment / SubCoachAssignment); treating as head coach of own roster, NOT as a sub-coach[39m
2026-10-04T02:43:15.2916298Z [33m[Nest] 3681  - [39m10/04/2026, 2:43:15 AM [33m   WARN[39m [38;5;3m[SubCoachScopeService] [39m[33msub-coach scope: user=tagged has role=coach and coach_id=seller but no membership relation (TeamSubCoachAssignment / SubCoachAssignment); treating as head coach of own roster, NOT as a sub-coach[39m
2026-10-04T02:43:15.2920473Z [33m[Nest] 3681  - [39m10/04/2026, 2:43:15 AM [33m   WARN[39m [38;5;3m[SubCoachScopeService] [39m[33msub-coach scope: user=team-coach has role=coach and coach_id=head but no membership relation (TeamSubCoachAssignment / SubCoachAssignment); treating as head coach of own roster, NOT as a sub-coach[39m
2026-10-04T02:43:15.2927095Z [33m[Nest] 3681  - [39m10/04/2026, 2:43:15 AM [33m   WARN[39m [38;5;3m[SubCoachScopeService] [39m[33msub-coach scope: user=tagged has role=coach and coach_id=seller but no membership relation (TeamSubCoachAssignment / SubCoachAssignment); treating as head coach of own roster, NOT as a sub-coach[39m
2026-10-04T02:43:15.2931617Z [33m[Nest] 3681  - [39m10/04/2026, 2:43:15 AM [33m   WARN[39m [38;5;3m[SubCoachScopeService] [39m[33msub-coach scope: user=buyer has role=coach and coach_id=seller but no membership relation (TeamSubCoachAssignment / SubCoachAssignment); treating as head coach of own roster, NOT as a sub-coach[39m
2026-10-04T02:43:15.2949419Z [33m[Nest] 3681  - [39m10/04/2026, 2:43:15 AM [33m   WARN[39m [38;5;3m[SubCoachScopeService] [39m[33msub-coach scope: user=buyer has role=coach and coach_id=seller but no membership relation (TeamSubCoachAssignment / SubCoachAssignment); treating as head coach of own roster, NOT as a sub-coach[39m
2026-10-04T02:43:15.2954487Z [33m[Nest] 3681  - [39m10/04/2026, 2:43:15 AM [33m   WARN[39m [38;5;3m[SubCoachScopeService] [39m[33msub-coach scope: user=tagged has role=coach and coach_id=seller but no membership relation (TeamSubCoachAssignment / SubCoachAssignment); treating as head coach of own roster, NOT as a sub-coach[39m
2026-10-04T02:43:15.2959178Z [33m[Nest] 3681  - [39m10/04/2026, 2:43:15 AM [33m   WARN[39m [38;5;3m[SubCoachScopeService] [39m[33msub-coach scope: user=tagged has role=coach and coach_id=seller but no membership relation (TeamSubCoachAssignment / SubCoachAssignment); treating as head coach of own roster, NOT as a sub-coach[39m
2026-10-04T02:43:15.2963200Z [33m[Nest] 3681  - [39m10/04/2026, 2:43:15 AM [33m   WARN[39m [38;5;3m[InviteCodesService] [39m[33mattach refused: user=client already attached to a different coach (re-parent is not a side effect of code entry)[39m
2026-10-04T02:43:15.2966440Z [95m[Nest] 3681  - [39m10/04/2026, 2:43:15 AM [95m  DEBUG[39m [38;5;3m[InviteCodesService] [39m[95mattach no-op: user=client already attached to coach=head-B[39m
2026-10-04T02:43:15.2994756Z PASS test/onboarding-audit-regressions.spec.ts
2026-10-04T02:43:18.0158569Z PASS test/scout/s10/s10-unseen.e2e.spec.ts
2026-10-04T02:43:18.7862152Z PASS test/roman/roman.controller.spec.ts
2026-10-04T02:43:19.0984142Z PASS src/talent-marketplace/__tests__/apply.service.spec.ts
2026-10-04T02:43:19.6365947Z PASS test/auth-apple.spec.ts
2026-10-04T02:43:19.6905729Z [33m[Nest] 3681  - [39m10/04/2026, 2:43:19 AM [33m   WARN[39m [38;5;3m[AuthService] [39m[33mapple token verify failed: signature mismatch[39m
2026-10-04T02:43:19.6909643Z [33m[Nest] 3681  - [39m10/04/2026, 2:43:19 AM [33m   WARN[39m [38;5;3m[AuthService] [39m[33mappleAuth: no raw_nonce provided — token replay protection not active for this sign-in[39m
2026-10-04T02:43:19.6912146Z [33m[Nest] 3681  - [39m10/04/2026, 2:43:19 AM [33m   WARN[39m [38;5;3m[AuthService] [39m[33mappleAuth: no raw_nonce provided — token replay protection not active for this sign-in[39m
2026-10-04T02:43:19.6913878Z [33m[Nest] 3681  - [39m10/04/2026, 2:43:19 AM [33m   WARN[39m [38;5;3m[AuthService] [39m[33msupabase signInWithIdToken(apple) failed: invalid token[39m
2026-10-04T02:43:19.6915446Z [33m[Nest] 3681  - [39m10/04/2026, 2:43:19 AM [33m   WARN[39m [38;5;3m[AuthService] [39m[33mappleAuth: no raw_nonce provided — token replay protection not active for this sign-in[39m
2026-10-04T02:43:19.6916893Z [33m[Nest] 3681  - [39m10/04/2026, 2:43:19 AM [33m   WARN[39m [38;5;3m[AuthService] [39m[33mappleAuth: no raw_nonce provided — token replay protection not active for this sign-in[39m
2026-10-04T02:43:19.6918634Z [33m[Nest] 3681  - [39m10/04/2026, 2:43:19 AM [33m   WARN[39m [38;5;3m[AuthService] [39m[33mappleAuth: no raw_nonce provided — token replay protection not active for this sign-in[39m
2026-10-04T02:43:19.6921504Z [33m[Nest] 3681  - [39m10/04/2026, 2:43:19 AM [33m   WARN[39m [38;5;3m[AuthService] [39m[33mappleAuth: no raw_nonce provided — token replay protection not active for this sign-in[39m
2026-10-04T02:43:19.6924367Z [33m[Nest] 3681  - [39m10/04/2026, 2:43:19 AM [33m   WARN[39m [38;5;3m[AuthService] [39m[33mappleAuth: no raw_nonce provided — token replay protection not active for this sign-in[39m
2026-10-04T02:43:19.6927071Z [33m[Nest] 3681  - [39m10/04/2026, 2:43:19 AM [33m   WARN[39m [38;5;3m[AuthService] [39m[33mappleAuth invite_code attach failed for user=local-1 code=attach_failed: not found[39m
2026-10-04T02:43:20.3010542Z PASS test/ci/audit-gate.spec.ts
2026-10-04T02:43:21.7546692Z PASS test/prod-readiness/fly-env-classifier.spec.ts
2026-10-04T02:43:22.2046925Z PASS src/talent-marketplace/__tests__/admin-applications.service.spec.ts
2026-10-04T02:43:22.3127785Z PASS test/ci/dependency-audit.spec.ts
2026-10-04T02:43:22.9314882Z PASS test/scout/reconstruct/mapping-spec.spec.ts
2026-10-04T02:43:23.1338309Z PASS test/ci/r75-gate.spec.ts (16.366 s)
2026-10-04T02:43:25.0032963Z PASS test/meal-plans-dedup.spec.ts
2026-10-04T02:43:25.2710038Z PASS test/wearables/connector-registry.spec.ts
2026-10-04T02:43:25.6420978Z PASS src/talent-marketplace/__tests__/public-listing.service.spec.ts
2026-10-04T02:43:26.0789566Z [31m[Nest] 3681  - [39m10/04/2026, 2:43:26 AM [31m  ERROR[39m [38;5;3m[InviteCodesService] [39m[31mpreviewCode failed (prisma:P2024): connection pool timeout[39m
2026-10-04T02:43:26.0807118Z [31m[Nest] 3681  - [39m10/04/2026, 2:43:26 AM [31m  ERROR[39m [38;5;3m[InviteCodesService] [39m[31mpreviewCode failed (unknown): boom[39m
2026-10-04T02:43:26.1130329Z PASS test/invite-codes.service.spec.ts
2026-10-04T02:43:26.1186696Z [33m[Nest] 3681  - [39m10/04/2026, 2:43:26 AM [33m   WARN[39m [38;5;3m[InviteCodesService] [39m[33minvite code collision on GP-AHUEZ2, retrying[39m
2026-10-04T02:43:26.1189051Z [33m[Nest] 3681  - [39m10/04/2026, 2:43:26 AM [33m   WARN[39m [38;5;3m[InviteCodesService] [39m[33minvite code collision on GP-ZDQPCT, retrying[39m
2026-10-04T02:43:26.1191773Z [33m[Nest] 3681  - [39m10/04/2026, 2:43:26 AM [33m   WARN[39m [38;5;3m[InviteCodesService] [39m[33mattach refused: user=owner-1 role=owner tried to redeem a client invite code (not a student)[39m
2026-10-04T02:43:26.1413252Z PASS test/scout/induction/test-only-exclusion.spec.ts
2026-10-04T02:43:26.4740849Z PASS test/dunning-v2-service.spec.ts
2026-10-04T02:43:26.6468627Z [32m[Nest] 3688  - [39m10/04/2026, 2:43:26 AM [32m    LOG[39m [38;5;3m[TalentConnectWebhookService] [39m[32maccount.updated evt_acct_1 processed acct=acct_123 onboarded=true[39m
2026-10-04T02:43:26.6472290Z [32m[Nest] 3688  - [39m10/04/2026, 2:43:26 AM [32m    LOG[39m [38;5;3m[TalentConnectWebhookService] [39m[32maccount.updated evt_acct_1 processed acct=acct_123 onboarded=false[39m
2026-10-04T02:43:26.6475662Z [32m[Nest] 3688  - [39m10/04/2026, 2:43:26 AM [32m    LOG[39m [38;5;3m[TalentConnectWebhookService] [39m[32maccount.updated evt_acct_1 processed acct=acct_123 onboarded=true[39m
2026-10-04T02:43:26.6478668Z [33m[Nest] 3688  - [39m10/04/2026, 2:43:26 AM [33m   WARN[39m [38;5;3m[TalentConnectWebhookService] [39m[33maccount.updated evt_acct_1 missing account id in payload[39m
2026-10-04T02:43:26.7380523Z PASS test/talent-connect-webhook.spec.ts
2026-10-04T02:43:26.8084789Z [31m[Nest] 3681  - [39m10/04/2026, 2:43:26 AM [31m  ERROR[39m [38;5;3m[TeamModeService] [39m[31mStripe seat removal failed for assignment=asn-1: stripe_unavailable[39m
2026-10-04T02:43:26.8257252Z PASS test/team-mode-service.spec.ts
2026-10-04T02:43:27.2584145Z PASS src/talent-marketplace/__tests__/admin-moderation.service.spec.ts
2026-10-04T02:43:27.7344281Z PASS test/scheduling.service.spec.ts
2026-10-04T02:43:28.2144531Z PASS test/rate-limit.spec.ts
2026-10-04T02:43:28.2445811Z [33m[Nest] 3682  - [39m10/04/2026, 2:43:28 AM [33m   WARN[39m [38;5;3m[ThrottlerExceptionFilter] [39mObject(7) {
2026-10-04T02:43:28.2504174Z   message: [32m'throttler.rejected'[39m,
2026-10-04T02:43:28.2533977Z   userId: [1mnull[22m,
2026-10-04T02:43:28.2564304Z   ip: [32m'203.0.113.1'[39m,
2026-10-04T02:43:28.2624055Z   path: [32m'[unmatched]'[39m,
2026-10-04T02:43:28.2683987Z   method: [32m'POST'[39m,
2026-10-04T02:43:28.2734709Z   limit: [32m'enforced'[39m,
2026-10-04T02:43:28.2803950Z   ttl: [33m3600[39m
2026-10-04T02:43:28.2833865Z }
2026-10-04T02:43:28.2864615Z [33m[Nest] 3682  - [39m10/04/2026, 2:43:28 AM [33m   WARN[39m [38;5;3m[ThrottlerExceptionFilter] [39mObject(7) {
2026-10-04T02:43:28.2924079Z   message: [32m'throttler.rejected'[39m,
2026-10-04T02:43:28.2924905Z   userId: [1mnull[22m,
2026-10-04T02:43:28.2954048Z   ip: [32m'203.0.113.1'[39m,
2026-10-04T02:43:28.2983994Z   path: [32m'[unmatched]'[39m,
2026-10-04T02:43:28.3004235Z   method: [32m'GET'[39m,
2026-10-04T02:43:28.3014106Z   limit: [32m'enforced'[39m,
2026-10-04T02:43:28.3034249Z   ttl: [33m3600[39m
2026-10-04T02:43:28.3073864Z }
2026-10-04T02:43:28.3075669Z [32m[Nest] 3682  - [39m10/04/2026, 2:43:28 AM [32m    LOG[39m [38;5;3m[ThrottlerConfig] [39m[32mREDIS_URL not set -- using in-memory throttler tracker. Limits do NOT cross Fly machines.[39m
2026-10-04T02:43:28.3105324Z [32m[Nest] 3682  - [39m10/04/2026, 2:43:28 AM [32m    LOG[39m [38;5;3m[ThrottlerConfig] [39m[32mREDIS_URL not set -- using in-memory throttler tracker. Limits do NOT cross Fly machines.[39m
2026-10-04T02:43:28.3125441Z [32m[Nest] 3682  - [39m10/04/2026, 2:43:28 AM [32m    LOG[39m [38;5;3m[ThrottlerConfig] [39m[32mREDIS_URL not set -- using in-memory throttler tracker. Limits do NOT cross Fly machines.[39m
2026-10-04T02:43:29.2474300Z PASS test/packages-pricing-http.spec.ts
2026-10-04T02:43:29.4306134Z PASS test/auth/extension-auth.spec.ts
2026-10-04T02:43:29.4430085Z [33m[Nest] 3682  - [39m10/04/2026, 2:43:29 AM [33m   WARN[39m [38;5;3m[AuthService] [39m[33mextension refresh rejected: token expired[39m
2026-10-04T02:43:29.4432773Z [33m[Nest] 3682  - [39m10/04/2026, 2:43:29 AM [33m   WARN[39m [38;5;3m[AuthService] [39m[33mextension refresh rejected: no session returned[39m
2026-10-04T02:43:29.4436390Z [32m[Nest] 3681  - [39m10/04/2026, 2:43:29 AM [32m    LOG[39m [38;5;3m[ScoutReconstructService] [39m[32mscout.reconstruct completed {"intent_id":"intent-1","coach_id":"coach-1","staged":3,"reconstructed":3,"skipped":0,"failed":0}[39m
2026-10-04T02:43:29.4440246Z [32m[Nest] 3681  - [39m10/04/2026, 2:43:29 AM [32m    LOG[39m [38;5;3m[ScoutReconstructService] [39m[32mscout.reconstruct completed {"intent_id":"intent-1","coach_id":"coach-1","staged":2,"reconstructed":2,"skipped":0,"failed":0}[39m
2026-10-04T02:43:29.4444286Z [32m[Nest] 3681  - [39m10/04/2026, 2:43:29 AM [32m    LOG[39m [38;5;3m[ScoutReconstructService] [39m[32mscout.reconstruct completed {"intent_id":"intent-1","coach_id":"coach-1","staged":2,"reconstructed":2,"skipped":0,"failed":0}[39m
2026-10-04T02:43:29.4448091Z [32m[Nest] 3681  - [39m10/04/2026, 2:43:29 AM [32m    LOG[39m [38;5;3m[ScoutReconstructService] [39m[32mscout.reconstruct completed {"intent_id":"intent-1","coach_id":"coach-1","staged":1,"reconstructed":1,"skipped":0,"failed":0}[39m
2026-10-04T02:43:29.4451891Z [32m[Nest] 3681  - [39m10/04/2026, 2:43:29 AM [32m    LOG[39m [38;5;3m[ScoutReconstructService] [39m[32mscout.reconstruct completed {"intent_id":"intent-1","coach_id":"coach-1","staged":2,"reconstructed":1,"skipped":1,"failed":0}[39m
2026-10-04T02:43:29.4455833Z [33m[Nest] 3681  - [39m10/04/2026, 2:43:29 AM [33m   WARN[39m [38;5;3m[ScoutReconstructService] [39m[33mscout.reconstruct completed with failures {"intent_id":"intent-1","coach_id":"coach-1","staged":3,"reconstructed":2,"skipped":0,"failed":1}[39m
2026-10-04T02:43:29.4459731Z [32m[Nest] 3681  - [39m10/04/2026, 2:43:29 AM [32m    LOG[39m [38;5;3m[ScoutReconstructService] [39m[32mscout.reconstruct completed {"intent_id":"intent-1","coach_id":"coach-1","staged":1,"reconstructed":1,"skipped":0,"failed":0}[39m
2026-10-04T02:43:29.5187694Z PASS test/scout/reconstruct/scout-reconstruct.families.spec.ts
2026-10-04T02:43:29.5537261Z [32m[Nest] 3681  - [39m10/04/2026, 2:43:29 AM [32m    LOG[39m [38;5;3m[ScoutReconstructService] [39m[32mscout.reconstruct completed {"intent_id":"intent-1","coach_id":"coach-1","staged":1,"reconstructed":1,"skipped":0,"failed":0}[39m
2026-10-04T02:43:29.5566478Z [32m[Nest] 3681  - [39m10/04/2026, 2:43:29 AM [32m    LOG[39m [38;5;3m[ScoutReconstructService] [39m[32mscout.reconstruct completed {"intent_id":"intent-1","coach_id":"coach-7","staged":1,"reconstructed":1,"skipped":0,"failed":0}[39m
2026-10-04T02:43:29.5586501Z [32m[Nest] 3681  - [39m10/04/2026, 2:43:29 AM [32m    LOG[39m [38;5;3m[ScoutReconstructService] [39m[32mscout.reconstruct completed {"intent_id":"intent-1","coach_id":"coach-1","staged":3,"reconstructed":3,"skipped":0,"failed":0}[39m
2026-10-04T02:43:29.5590537Z [32m[Nest] 3681  - [39m10/04/2026, 2:43:29 AM [32m    LOG[39m [38;5;3m[ScoutReconstructService] [39m[32mscout.reconstruct completed {"intent_id":"intent-1","coach_id":"coach-1","staged":2,"reconstructed":2,"skipped":0,"failed":0}[39m
2026-10-04T02:43:29.5594614Z [32m[Nest] 3681  - [39m10/04/2026, 2:43:29 AM [32m    LOG[39m [38;5;3m[ScoutReconstructService] [39m[32mscout.reconstruct completed {"intent_id":"intent-1","coach_id":"coach-1","staged":2,"reconstructed":2,"skipped":0,"failed":0}[39m
2026-10-04T02:43:29.5598414Z [32m[Nest] 3681  - [39m10/04/2026, 2:43:29 AM [32m    LOG[39m [38;5;3m[ScoutReconstructService] [39m[32mscout.reconstruct completed {"intent_id":"intent-1","coach_id":"coach-1","staged":1,"reconstructed":1,"skipped":0,"failed":0}[39m
2026-10-04T02:43:29.5602210Z [32m[Nest] 3681  - [39m10/04/2026, 2:43:29 AM [32m    LOG[39m [38;5;3m[ScoutReconstructService] [39m[32mscout.reconstruct completed {"intent_id":"intent-1","coach_id":"coach-1","staged":2,"reconstructed":1,"skipped":1,"failed":0}[39m
2026-10-04T02:43:29.5606411Z [33m[Nest] 3681  - [39m10/04/2026, 2:43:29 AM [33m   WARN[39m [38;5;3m[ScoutReconstructService] [39m[33mscout.reconstruct completed with failures {"intent_id":"intent-1","coach_id":"coach-1","staged":3,"reconstructed":2,"skipped":0,"failed":1}[39m
2026-10-04T02:43:29.5610312Z [32m[Nest] 3681  - [39m10/04/2026, 2:43:29 AM [32m    LOG[39m [38;5;3m[ScoutReconstructService] [39m[32mscout.reconstruct completed {"intent_id":"intent-1","coach_id":"coach-1","staged":1,"reconstructed":1,"skipped":0,"failed":0}[39m
2026-10-04T02:43:29.5614341Z [32m[Nest] 3681  - [39m10/04/2026, 2:43:29 AM [32m    LOG[39m [38;5;3m[ScoutReconstructService] [39m[32mscout.reconstruct completed {"intent_id":"intent-1","coach_id":"coach-1","staged":1,"reconstructed":1,"skipped":0,"failed":0}[39m
2026-10-04T02:43:29.5618110Z [32m[Nest] 3681  - [39m10/04/2026, 2:43:29 AM [32m    LOG[39m [38;5;3m[ScoutReconstructService] [39m[32mscout.reconstruct completed {"intent_id":"intent-1","coach_id":"coach-7","staged":1,"reconstructed":1,"skipped":0,"failed":0}[39m
2026-10-04T02:43:29.5621917Z [32m[Nest] 3681  - [39m10/04/2026, 2:43:29 AM [32m    LOG[39m [38;5;3m[ScoutReconstructService] [39m[32mscout.reconstruct completed {"intent_id":"intent-1","coach_id":"coach-1","staged":2,"reconstructed":2,"skipped":0,"failed":0}[39m
2026-10-04T02:43:29.5626056Z [32m[Nest] 3681  - [39m10/04/2026, 2:43:29 AM [32m    LOG[39m [38;5;3m[ScoutReconstructService] [39m[32mscout.reconstruct completed {"intent_id":"intent-1","coach_id":"coach-1","staged":2,"reconstructed":2,"skipped":0,"failed":0}[39m
2026-10-04T02:43:29.5629695Z [32m[Nest] 3681  - [39m10/04/2026, 2:43:29 AM [32m    LOG[39m [38;5;3m[ScoutReconstructService] [39m[32mscout.reconstruct completed {"intent_id":"intent-1","coach_id":"coach-1","staged":1,"reconstructed":1,"skipped":0,"failed":0}[39m
2026-10-04T02:43:30.0178457Z PASS src/talent-marketplace/__tests__/specialty-alerts.spec.ts
2026-10-04T02:43:30.0986227Z PASS test/invite-grant-authorization.spec.ts
2026-10-04T02:43:30.1046283Z PASS test/scout/scout-diagnostics-boundary.spec.ts
2026-10-04T02:43:30.6336521Z PASS test/check-ins.service.spec.ts
2026-10-04T02:43:30.8679739Z PASS test/community/ack/community-v2-2-ack.e2e.spec.ts
2026-10-04T02:43:30.9690713Z PASS test/scout/scout-cursor.spec.ts
2026-10-04T02:43:31.2405467Z PASS test/common/pilot-coach-allowlist.spec.ts
2026-10-04T02:43:31.3126848Z [33m[Nest] 3682  - [39m10/04/2026, 2:43:31 AM [33m   WARN[39m [38;5;3m[PilotCoachAllowlistGuard] [39m[33mFEATURE_SCOUT_PILOT_COACH_IDS ignored: entry position(s) 1 are not UUIDs. The pilot allowlist is treated as EMPTY (no coach is admitted).[39m
2026-10-04T02:43:31.3156474Z [33m[Nest] 3682  - [39m10/04/2026, 2:43:31 AM [33m   WARN[39m [38;5;3m[PilotCoachAllowlistGuard] [39m[33mFEATURE_SCOUT_PILOT_COACH_IDS ignored: entry position(s) 2 are not UUIDs. The pilot allowlist is treated as EMPTY (no coach is admitted).[39m
2026-10-04T02:43:31.4095250Z PASS test/community/safety/community-ugc-round6.spec.ts
2026-10-04T02:43:31.5048412Z [33m[Nest] 3681  - [39m10/04/2026, 2:43:31 AM [33m   WARN[39m [38;5;3m[VoiceUploadProvider] [39m[33mvoice erasure check inconclusive: status=none code=400 message=Bad request[39m
2026-10-04T02:43:31.5052395Z [33m[Nest] 3681  - [39m10/04/2026, 2:43:31 AM [33m   WARN[39m [38;5;3m[VoiceUploadProvider] [39m[33mvoice erasure check inconclusive: status=none code=400 message=Bad request[39m
2026-10-04T02:43:31.5056326Z [33m[Nest] 3681  - [39m10/04/2026, 2:43:31 AM [33m   WARN[39m [38;5;3m[VoiceErasureService] [39m[33mvoice erasure b498e156-bfb1-437b-8fe9-fc1dc39f4844 (object) not yet verified after 2 attempt(s): storage_remove_failed; retry scheduled[39m
2026-10-04T02:43:31.5085389Z [32m[Nest] 3681  - [39m10/04/2026, 2:43:31 AM [32m    LOG[39m [38;5;3m[VoiceErasureService] [39m[32mvoice erasure retry: completed=0 pending=1[39m
2026-10-04T02:43:31.6557172Z [31m[Nest] 3688  - [39m10/04/2026, 2:43:31 AM [31m  ERROR[39m [38;5;3m[AiGatewayService] [39m[31mAI audit write failed for capability=chat.client_self: audit table down[39m
2026-10-04T02:43:31.7204718Z PASS src/talent-marketplace/__tests__/applicant-tracking.service.spec.ts
2026-10-04T02:43:31.7522415Z [33m[Nest] 3681  - [39m10/04/2026, 2:43:31 AM [33m   WARN[39m [38;5;3m[ApplicantTrackingService] [39m[33mStage idempotency replay response was malformed[39m
2026-10-04T02:43:31.7535700Z [32m[Nest] 3688  - [39m10/04/2026, 2:43:31 AM [32m    LOG[39m [38;5;3m[AiEgressService] [39m[32mai_egress.refused surface=gateway reason=no_live_grant clients=1 missing=1[39m
2026-10-04T02:43:31.7536853Z PASS test/ai-gateway.service.spec.ts
2026-10-04T02:43:31.7555929Z [32m[Nest] 3688  - [39m10/04/2026, 2:43:31 AM [32m    LOG[39m [38;5;3m[AiEgressService] [39m[32mai_egress.refused surface=gateway reason=no_live_grant clients=1 missing=1[39m
2026-10-04T02:43:31.7558800Z [33m[Nest] 3688  - [39m10/04/2026, 2:43:31 AM [33m   WARN[39m [38;5;3m[AiEgressService] [39m[33mai_egress.consent_read_failed (treated as no grant)[39m
2026-10-04T02:43:31.7561485Z [32m[Nest] 3688  - [39m10/04/2026, 2:43:31 AM [32m    LOG[39m [38;5;3m[AiEgressService] [39m[32mai_egress.refused surface=gateway reason=no_live_grant clients=1 missing=1[39m
2026-10-04T02:43:31.7564688Z [32m[Nest] 3688  - [39m10/04/2026, 2:43:31 AM [32m    LOG[39m [38;5;3m[AiEgressService] [39m[32mai_egress.refused surface=gateway reason=no_live_grant clients=1 missing=1[39m
2026-10-04T02:43:31.7567597Z [32m[Nest] 3688  - [39m10/04/2026, 2:43:31 AM [32m    LOG[39m [38;5;3m[AiEgressService] [39m[32mai_egress.refused surface=gateway reason=no_live_grant clients=1 missing=1[39m
2026-10-04T02:43:31.9434916Z PASS test/scout/scout-ingest.service.spec.ts
2026-10-04T02:43:32.4209303Z PASS test/scout/lifecycle/s11b-settle-redrive.spec.ts
2026-10-04T02:43:32.9596485Z PASS test/ci/schema-parity-gate.spec.ts
2026-10-04T02:43:33.9189235Z PASS test/checkout-webhook-fee-split.spec.ts
2026-10-04T02:43:34.0046951Z [32m[Nest] 3682  - [39m10/04/2026, 2:43:33 AM [32m    LOG[39m [38;5;3m[DunningService] [39m[32m{"event":"dunning.attempt_scheduled","purchase_id":"p1","dunning_state_id":"d-1","step_index":0,"scheduled_for":"2026-10-04T02:43:33.901Z","kind":"soft"}[39m
2026-10-04T02:43:34.0105960Z [32m[Nest] 3682  - [39m10/04/2026, 2:43:33 AM [32m    LOG[39m [38;5;3m[DunningService] [39m[32m{"event":"dunning.attempt_scheduled","purchase_id":"p1","dunning_state_id":"d-1","step_index":1,"scheduled_for":"2026-10-07T02:43:33.901Z","kind":"urgent"}[39m
2026-10-04T02:43:34.0196038Z [32m[Nest] 3682  - [39m10/04/2026, 2:43:33 AM [32m    LOG[39m [38;5;3m[DunningService] [39m[32m{"event":"dunning.attempt_scheduled","purchase_id":"p1","dunning_state_id":"d-1","step_index":2,"scheduled_for":"2026-10-11T02:43:33.901Z","kind":"final"}[39m
2026-10-04T02:43:34.0226098Z [32m[Nest] 3682  - [39m10/04/2026, 2:43:33 AM [32m    LOG[39m [38;5;3m[DunningService] [39m[32m{"event":"dunning.attempt_scheduled","purchase_id":"p1","dunning_state_id":"d-1","step_index":3,"scheduled_for":"2026-10-18T02:43:33.901Z","kind":"cancelled"}[39m
2026-10-04T02:43:34.0255637Z [32m[Nest] 3682  - [39m10/04/2026, 2:43:33 AM [32m    LOG[39m [38;5;3m[DunningService] [39m[32m{"event":"dunning.opened","purchase_id":"p1","dunning_state_id":"d-1","invoice_id":"in_1","amount_cents":9900,"attempt_number":1}[39m
2026-10-04T02:43:34.0315204Z [32m[Nest] 3682  - [39m10/04/2026, 2:43:33 AM [32m    LOG[39m [38;5;3m[DunningService] [39m[32m{"event":"dunning.recovered","purchase_id":"p1","dunning_state_id":"d1"}[39m
2026-10-04T02:43:34.3457107Z PASS test/scout/orchestration/settle-hook.spec.ts
2026-10-04T02:43:34.6634964Z PASS test/restore-schema-declared-objects-migration.spec.ts
2026-10-04T02:43:34.9158859Z PASS test/landing-pages.public.service.spec.ts
2026-10-04T02:43:34.9965945Z [33m[Nest] 3682  - [39m10/04/2026, 2:43:34 AM [33m   WARN[39m [38;5;3m[LandingPagePublicService] [39m[33mlead-sync enqueue failed for lead-1: Error: redis down[39m
2026-10-04T02:43:35.0054508Z PASS test/throttler-isolation.spec.ts
2026-10-04T02:43:35.2469623Z PASS test/account-deletion/manifest-fk-order.spec.ts
2026-10-04T02:43:35.3655039Z PASS test/scout/reconstruct/mapping-spec.third-source.spec.ts
2026-10-04T02:43:35.4566395Z [32m[Nest] 3681  - [39m10/04/2026, 2:43:35 AM [32m    LOG[39m [38;5;3m[ScoutReconstructService] [39m[32mscout.reconstruct completed {"intent_id":"intent-1","coach_id":"coach-1","staged":3,"reconstructed":2,"skipped":1,"failed":0}[39m
2026-10-04T02:43:35.4571942Z [32m[Nest] 3681  - [39m10/04/2026, 2:43:35 AM [32m    LOG[39m [38;5;3m[ScoutReconstructService] [39m[32mscout.reconstruct completed {"intent_id":"intent-1","coach_id":"coach-1","staged":1,"reconstructed":1,"skipped":0,"failed":0}[39m
2026-10-04T02:43:35.4575896Z [32m[Nest] 3681  - [39m10/04/2026, 2:43:35 AM [32m    LOG[39m [38;5;3m[ScoutReconstructService] [39m[32mscout.reconstruct completed {"intent_id":"intent-1","coach_id":"coach-1","staged":3,"reconstructed":2,"skipped":1,"failed":0}[39m
2026-10-04T02:43:35.4579166Z [33m[Nest] 3688  - [39m10/04/2026, 2:43:35 AM [33m   WARN[39m [38;5;3m[VoiceUploadProvider] [39m[33mvoice erasure check inconclusive: status=400 code=400 message=Bad request[39m
2026-10-04T02:43:35.4582081Z [33m[Nest] 3688  - [39m10/04/2026, 2:43:35 AM [33m   WARN[39m [38;5;3m[VoiceUploadProvider] [39m[33mvoice erasure check inconclusive: status=400 code=404 message=Bucket not found[39m
2026-10-04T02:43:35.4585270Z [33m[Nest] 3688  - [39m10/04/2026, 2:43:35 AM [33m   WARN[39m [38;5;3m[VoiceUploadProvider] [39m[33mvoice erasure check inconclusive: status=400 code=403 message=invalid signature[39m
2026-10-04T02:43:35.4588303Z [33m[Nest] 3688  - [39m10/04/2026, 2:43:35 AM [33m   WARN[39m [38;5;3m[VoiceUploadProvider] [39m[33mvoice erasure check inconclusive: status=401 code=401 message=Invalid Compact JWS[39m
2026-10-04T02:43:35.5577289Z [33m[Nest] 3688  - [39m10/04/2026, 2:43:35 AM [33m   WARN[39m [38;5;3m[VoiceUploadProvider] [39m[33mvoice erasure check inconclusive: status=403 code=403 message=new row violates row-level security policy[39m
2026-10-04T02:43:35.5607773Z [33m[Nest] 3688  - [39m10/04/2026, 2:43:35 AM [33m   WARN[39m [38;5;3m[VoiceUploadProvider] [39m[33mvoice erasure check inconclusive: status=500 code=500 message=Internal Server Error[39m
2026-10-04T02:43:35.5656562Z [33m[Nest] 3688  - [39m10/04/2026, 2:43:35 AM [33m   WARN[39m [38;5;3m[VoiceUploadProvider] [39m[33mvoice erasure check inconclusive: status=503 code=503 message=HTTP 503 error[39m
2026-10-04T02:43:35.5668136Z [33m[Nest] 3688  - [39m10/04/2026, 2:43:35 AM [33m   WARN[39m [38;5;3m[VoiceUploadProvider] [39m[33mvoice erasure check inconclusive: status=404 code=404 message=HTTP 404 error[39m
2026-10-04T02:43:35.5678738Z [33m[Nest] 3688  - [39m10/04/2026, 2:43:35 AM [33m   WARN[39m [38;5;3m[VoiceUploadProvider] [39m[33mvoice erasure check inconclusive: status=404 code=404 message=Not found[39m
2026-10-04T02:43:35.5682638Z [33m[Nest] 3688  - [39m10/04/2026, 2:43:35 AM [33m   WARN[39m [38;5;3m[VoiceUploadProvider] [39m[33mvoice erasure check inconclusive: status=none code=none message=fetch failed[39m
2026-10-04T02:43:35.5686750Z [33m[Nest] 3688  - [39m10/04/2026, 2:43:35 AM [33m   WARN[39m [38;5;3m[VoiceUploadProvider] [39m[33mvoice erasure check inconclusive: status=400 code=400 message=Bad request[39m
2026-10-04T02:43:35.5689795Z [33m[Nest] 3688  - [39m10/04/2026, 2:43:35 AM [33m   WARN[39m [38;5;3m[VoiceUploadProvider] [39m[33mvoice erasure check inconclusive: status=400 code=404 message=Bucket not found[39m
2026-10-04T02:43:35.5692882Z [33m[Nest] 3688  - [39m10/04/2026, 2:43:35 AM [33m   WARN[39m [38;5;3m[VoiceUploadProvider] [39m[33mvoice erasure check inconclusive: status=400 code=403 message=invalid signature[39m
2026-10-04T02:43:35.5696174Z [33m[Nest] 3688  - [39m10/04/2026, 2:43:35 AM [33m   WARN[39m [38;5;3m[VoiceUploadProvider] [39m[33mvoice erasure check inconclusive: status=401 code=401 message=Invalid Compact JWS[39m
2026-10-04T02:43:35.5699212Z [33m[Nest] 3688  - [39m10/04/2026, 2:43:35 AM [33m   WARN[39m [38;5;3m[VoiceUploadProvider] [39m[33mvoice erasure check inconclusive: status=403 code=403 message=new row violates row-level security policy[39m
2026-10-04T02:43:35.5702529Z [33m[Nest] 3688  - [39m10/04/2026, 2:43:35 AM [33m   WARN[39m [38;5;3m[VoiceUploadProvider] [39m[33mvoice erasure check inconclusive: status=500 code=500 message=Internal Server Error[39m
2026-10-04T02:43:35.5707153Z [33m[Nest] 3688  - [39m10/04/2026, 2:43:35 AM [33m   WARN[39m [38;5;3m[VoiceUploadProvider] [39m[33mvoice erasure check inconclusive: status=503 code=503 message=HTTP 503 error[39m
2026-10-04T02:43:35.5710826Z [33m[Nest] 3688  - [39m10/04/2026, 2:43:35 AM [33m   WARN[39m [38;5;3m[VoiceUploadProvider] [39m[33mvoice erasure check inconclusive: status=404 code=404 message=HTTP 404 error[39m
2026-10-04T02:43:35.5714007Z [33m[Nest] 3688  - [39m10/04/2026, 2:43:35 AM [33m   WARN[39m [38;5;3m[VoiceUploadProvider] [39m[33mvoice erasure check inconclusive: status=404 code=404 message=Not found[39m
2026-10-04T02:43:35.5716974Z [33m[Nest] 3688  - [39m10/04/2026, 2:43:35 AM [33m   WARN[39m [38;5;3m[VoiceUploadProvider] [39m[33mvoice erasure check inconclusive: status=none code=none message=fetch failed[39m
2026-10-04T02:43:35.5719853Z [33m[Nest] 3688  - [39m10/04/2026, 2:43:35 AM [33m   WARN[39m [38;5;3m[VoiceUploadProvider] [39m[33mvoice erasure bucket check failed: Bucket not found[39m
2026-10-04T02:43:35.5722570Z [33m[Nest] 3688  - [39m10/04/2026, 2:43:35 AM [33m   WARN[39m [38;5;3m[VoiceUploadProvider] [39m[33mvoice erasure bucket check failed: Internal Server Error[39m
2026-10-04T02:43:35.5725516Z [33m[Nest] 3688  - [39m10/04/2026, 2:43:35 AM [33m   WARN[39m [38;5;3m[VoiceUploadProvider] [39m[33mvoice erasure bucket check failed: fetch failed[39m
2026-10-04T02:43:35.6179152Z PASS src/community/voice/__tests__/voice-erasure-verification.spec.ts
2026-10-04T02:43:35.6738103Z [33m[Nest] 3688  - [39m10/04/2026, 2:43:35 AM [33m   WARN[39m [38;5;3m[VoiceUploadProvider] [39m[33mvoice erasure bucket check failed: Bucket not found[39m
2026-10-04T02:43:35.6755870Z [33m[Nest] 3688  - [39m10/04/2026, 2:43:35 AM [33m   WARN[39m [38;5;3m[VoiceUploadProvider] [39m[33mvoice erasure check inconclusive: status=none code=none message=fetch failed[39m
2026-10-04T02:43:35.6763159Z [33m[Nest] 3688  - [39m10/04/2026, 2:43:35 AM [33m   WARN[39m [38;5;3m[VoiceUploadProvider] [39m[33mvoice erasure check inconclusive: status=400 code=400 message=Bad request[39m
2026-10-04T02:43:35.6766956Z [33m[Nest] 3688  - [39m10/04/2026, 2:43:35 AM [33m   WARN[39m [38;5;3m[VoiceErasureService] [39m[33mvoice erasure 181297ce-50c8-44cc-8e17-0e96421938de (object) not yet verified after 2 attempt(s): storage_check_unavailable; retry scheduled[39m
2026-10-04T02:43:35.6770201Z [32m[Nest] 3688  - [39m10/04/2026, 2:43:35 AM [32m    LOG[39m [38;5;3m[VoiceErasureService] [39m[32mvoice erasure retry: completed=0 pending=1[39m
2026-10-04T02:43:35.6772640Z [33m[Nest] 3688  - [39m10/04/2026, 2:43:35 AM [33m   WARN[39m [38;5;3m[VoiceUploadProvider] [39m[33mvoice erasure bucket check failed: Bucket not found[39m
2026-10-04T02:43:35.6776240Z [33m[Nest] 3688  - [39m10/04/2026, 2:43:35 AM [33m   WARN[39m [38;5;3m[VoiceErasureService] [39m[33mvoice erasure 181297ce-50c8-44cc-8e17-0e96421938de (object) not yet verified after 3 attempt(s): storage_check_unavailable; retry scheduled[39m
2026-10-04T02:43:35.6779226Z [32m[Nest] 3688  - [39m10/04/2026, 2:43:35 AM [32m    LOG[39m [38;5;3m[VoiceErasureService] [39m[32mvoice erasure retry: completed=0 pending=1[39m
2026-10-04T02:43:35.6781628Z [32m[Nest] 3688  - [39m10/04/2026, 2:43:35 AM [32m    LOG[39m [38;5;3m[VoiceErasureService] [39m[32mvoice erasure retry: completed=1 pending=0[39m
2026-10-04T02:43:35.6784349Z [33m[Nest] 3688  - [39m10/04/2026, 2:43:35 AM [33m   WARN[39m [38;5;3m[VoiceUploadProvider] [39m[33mvoice erasure bucket check failed: Bucket not found[39m
2026-10-04T02:43:35.6786845Z [32m[Nest] 3688  - [39m10/04/2026, 2:43:35 AM [32m    LOG[39m [38;5;3m[VoiceErasureService] [39m[32mvoice erasure retry: completed=1 pending=0[39m
2026-10-04T02:43:35.9954528Z PASS test/leaderboard.service.spec.ts
2026-10-04T02:43:36.0063807Z PASS test/coach-brief.controller.spec.ts
2026-10-04T02:43:36.9885426Z PASS test/landing-pages.e2e.spec.ts
2026-10-04T02:43:37.2172609Z PASS test/auth-become-coach.spec.ts
2026-10-04T02:43:38.3896048Z [31m[Nest] 3688  - [39m10/04/2026, 2:43:38 AM [31m  ERROR[39m [38;5;3m[ProviderHttpClient] [39m[31m[garmin.refresh] attempt 1/4 permanent failure (status=401)[39m
2026-10-04T02:43:38.4176073Z [32m[Nest] 3688  - [39m10/04/2026, 2:43:38 AM [32m    LOG[39m [38;5;3m[ProviderHttpClient] [39m[32m[garmin.exchangeCode] attempt 1/4 succeeded (status=200)[39m
2026-10-04T02:43:38.4255705Z [32m[Nest] 3688  - [39m10/04/2026, 2:43:38 AM [32m    LOG[39m [38;5;3m[ProviderHttpClient] [39m[32m[garmin.exchangeCode] attempt 1/4 succeeded (status=200)[39m
2026-10-04T02:43:38.4275464Z [32m[Nest] 3688  - [39m10/04/2026, 2:43:38 AM [32m    LOG[39m [38;5;3m[ProviderHttpClient] [39m[32m[garmin.refresh] attempt 1/4 succeeded (status=200)[39m
2026-10-04T02:43:38.4856197Z [31m[Nest] 3688  - [39m10/04/2026, 2:43:38 AM [31m  ERROR[39m [38;5;3m[ProviderHttpClient] [39m[31m[garmin.backfill.dailies] exhausted 4 attempts (lastStatus=503)[39m
2026-10-04T02:43:38.4895701Z [31m[Nest] 3688  - [39m10/04/2026, 2:43:38 AM [31m  ERROR[39m [38;5;3m[ProviderHttpClient] [39m[31m[garmin.backfill.sleeps] exhausted 4 attempts (lastStatus=503)[39m
2026-10-04T02:43:38.4955712Z [31m[Nest] 3688  - [39m10/04/2026, 2:43:38 AM [31m  ERROR[39m [38;5;3m[ProviderHttpClient] [39m[31m[garmin.backfill.hrv] exhausted 4 attempts (lastStatus=503)[39m
2026-10-04T02:43:38.5005689Z [31m[Nest] 3688  - [39m10/04/2026, 2:43:38 AM [31m  ERROR[39m [38;5;3m[ProviderHttpClient] [39m[31m[garmin.backfill.activities] exhausted 4 attempts (lastStatus=503)[39m
2026-10-04T02:43:38.5065852Z [31m[Nest] 3688  - [39m10/04/2026, 2:43:38 AM [31m  ERROR[39m [38;5;3m[ProviderHttpClient] [39m[31m[garmin.backfill.bodyComps] exhausted 4 attempts (lastStatus=503)[39m
2026-10-04T02:43:38.5094530Z [31m[Nest] 3688  - [39m10/04/2026, 2:43:38 AM [31m  ERROR[39m [38;5;3m[GarminConnector] [39m[31mgarmin.verifyWebhook: no GARMIN_PUSH_TOKEN configured — failing closed[39m
2026-10-04T02:43:38.5169768Z [32m[Nest] 3688  - [39m10/04/2026, 2:43:38 AM [32m    LOG[39m [38;5;3m[ProviderHttpClient] [39m[32m[garmin.backfill.dailies] attempt 1/4 succeeded (status=200)[39m
2026-10-04T02:43:38.5185520Z [32m[Nest] 3688  - [39m10/04/2026, 2:43:38 AM [32m    LOG[39m [38;5;3m[ProviderHttpClient] [39m[32m[garmin.backfill.sleeps] attempt 1/4 succeeded (status=200)[39m
2026-10-04T02:43:38.5215151Z [32m[Nest] 3688  - [39m10/04/2026, 2:43:38 AM [32m    LOG[39m [38;5;3m[ProviderHttpClient] [39m[32m[garmin.backfill.hrv] attempt 1/4 succeeded (status=200)[39m
2026-10-04T02:43:38.5262859Z [32m[Nest] 3688  - [39m10/04/2026, 2:43:38 AM [32m    LOG[39m [38;5;3m[ProviderHttpClient] [39m[32m[garmin.backfill.activities] attempt 1/4 succeeded (status=200)[39m
2026-10-04T02:43:38.5265618Z [32m[Nest] 3688  - [39m10/04/2026, 2:43:38 AM [32m    LOG[39m [38;5;3m[ProviderHttpClient] [39m[32m[garmin.backfill.bodyComps] attempt 1/4 succeeded (status=200)[39m
2026-10-04T02:43:38.5267969Z [32m[Nest] 3688  - [39m10/04/2026, 2:43:38 AM [32m    LOG[39m [38;5;3m[ProviderHttpClient] [39m[32m[garmin.backfill.dailies] attempt 1/4 succeeded (status=200)[39m
2026-10-04T02:43:38.5270185Z [32m[Nest] 3688  - [39m10/04/2026, 2:43:38 AM [32m    LOG[39m [38;5;3m[ProviderHttpClient] [39m[32m[garmin.backfill.sleeps] attempt 1/4 succeeded (status=200)[39m
2026-10-04T02:43:38.5272363Z [32m[Nest] 3688  - [39m10/04/2026, 2:43:38 AM [32m    LOG[39m [38;5;3m[ProviderHttpClient] [39m[32m[garmin.backfill.hrv] attempt 1/4 succeeded (status=200)[39m
2026-10-04T02:43:38.5274879Z [32m[Nest] 3688  - [39m10/04/2026, 2:43:38 AM [32m    LOG[39m [38;5;3m[ProviderHttpClient] [39m[32m[garmin.backfill.activities] attempt 1/4 succeeded (status=200)[39m
2026-10-04T02:43:38.5277131Z [32m[Nest] 3688  - [39m10/04/2026, 2:43:38 AM [32m    LOG[39m [38;5;3m[ProviderHttpClient] [39m[32m[garmin.backfill.bodyComps] attempt 1/4 succeeded (status=200)[39m
2026-10-04T02:43:38.5279373Z [32m[Nest] 3688  - [39m10/04/2026, 2:43:38 AM [32m    LOG[39m [38;5;3m[ProviderHttpClient] [39m[32m[garmin.backfill.dailies] attempt 1/4 succeeded (status=200)[39m
2026-10-04T02:43:38.5281611Z [32m[Nest] 3688  - [39m10/04/2026, 2:43:38 AM [32m    LOG[39m [38;5;3m[ProviderHttpClient] [39m[32m[garmin.backfill.sleeps] attempt 1/4 succeeded (status=200)[39m
2026-10-04T02:43:38.5283989Z [32m[Nest] 3688  - [39m10/04/2026, 2:43:38 AM [32m    LOG[39m [38;5;3m[ProviderHttpClient] [39m[32m[garmin.backfill.hrv] attempt 1/4 succeeded (status=200)[39m
2026-10-04T02:43:38.5286519Z [32m[Nest] 3688  - [39m10/04/2026, 2:43:38 AM [32m    LOG[39m [38;5;3m[ProviderHttpClient] [39m[32m[garmin.backfill.activities] attempt 1/4 succeeded (status=200)[39m
2026-10-04T02:43:38.5289123Z [32m[Nest] 3688  - [39m10/04/2026, 2:43:38 AM [32m    LOG[39m [38;5;3m[ProviderHttpClient] [39m[32m[garmin.backfill.bodyComps] attempt 1/4 succeeded (status=200)[39m
2026-10-04T02:43:38.5291823Z [33m[Nest] 3688  - [39m10/04/2026, 2:43:38 AM [33m   WARN[39m [38;5;3m[ProviderHttpClient] [39m[33m[garmin.backfill.dailies] attempt 1/4 transient failure (status=503)[39m
2026-10-04T02:43:38.5294695Z [95m[Nest] 3688  - [39m10/04/2026, 2:43:38 AM [95m  DEBUG[39m [38;5;3m[ProviderHttpClient] [39m[95m[garmin.backfill.dailies] backing off 250ms before retry[39m
2026-10-04T02:43:38.5297479Z [33m[Nest] 3688  - [39m10/04/2026, 2:43:38 AM [33m   WARN[39m [38;5;3m[ProviderHttpClient] [39m[33m[garmin.backfill.sleeps] attempt 1/4 transient failure (status=503)[39m
2026-10-04T02:43:38.5301017Z [95m[Nest] 3688  - [39m10/04/2026, 2:43:38 AM [95m  DEBUG[39m [38;5;3m[ProviderHttpClient] [39m[95m[garmin.backfill.sleeps] backing off 250ms before retry[39m
2026-10-04T02:43:38.5304076Z [33m[Nest] 3688  - [39m10/04/2026, 2:43:38 AM [33m   WARN[39m [38;5;3m[ProviderHttpClient] [39m[33m[garmin.backfill.hrv] attempt 1/4 transient failure (status=503)[39m
2026-10-04T02:43:38.5306597Z [95m[Nest] 3688  - [39m10/04/2026, 2:43:38 AM [95m  DEBUG[39m [38;5;3m[ProviderHttpClient] [39m[95m[garmin.backfill.hrv] backing off 250ms before retry[39m
2026-10-04T02:43:38.5309068Z [33m[Nest] 3688  - [39m10/04/2026, 2:43:38 AM [33m   WARN[39m [38;5;3m[ProviderHttpClient] [39m[33m[garmin.backfill.activities] attempt 1/4 transient failure (status=503)[39m
2026-10-04T02:43:38.5311513Z [95m[Nest] 3688  - [39m10/04/2026, 2:43:38 AM [95m  DEBUG[39m [38;5;3m[ProviderHttpClient] [39m[95m[garmin.backfill.activities] backing off 250ms before retry[39m
2026-10-04T02:43:38.5314238Z [33m[Nest] 3688  - [39m10/04/2026, 2:43:38 AM [33m   WARN[39m [38;5;3m[ProviderHttpClient] [39m[33m[garmin.backfill.bodyComps] attempt 1/4 transient failure (status=503)[39m
2026-10-04T02:43:38.5317017Z [95m[Nest] 3688  - [39m10/04/2026, 2:43:38 AM [95m  DEBUG[39m [38;5;3m[ProviderHttpClient] [39m[95m[garmin.backfill.bodyComps] backing off 250ms before retry[39m
2026-10-04T02:43:38.5319724Z [33m[Nest] 3688  - [39m10/04/2026, 2:43:38 AM [33m   WARN[39m [38;5;3m[ProviderHttpClient] [39m[33m[garmin.backfill.dailies] attempt 2/4 transient failure (status=503)[39m
2026-10-04T02:43:38.5322109Z [95m[Nest] 3688  - [39m10/04/2026, 2:43:38 AM [95m  DEBUG[39m [38;5;3m[ProviderHttpClient] [39m[95m[garmin.backfill.dailies] backing off 500ms before retry[39m
2026-10-04T02:43:38.5324752Z [33m[Nest] 3688  - [39m10/04/2026, 2:43:38 AM [33m   WARN[39m [38;5;3m[ProviderHttpClient] [39m[33m[garmin.backfill.sleeps] attempt 2/4 transient failure (status=503)[39m
2026-10-04T02:43:38.5327108Z [95m[Nest] 3688  - [39m10/04/2026, 2:43:38 AM [95m  DEBUG[39m [38;5;3m[ProviderHttpClient] [39m[95m[garmin.backfill.sleeps] backing off 500ms before retry[39m
2026-10-04T02:43:38.5329487Z [33m[Nest] 3688  - [39m10/04/2026, 2:43:38 AM [33m   WARN[39m [38;5;3m[ProviderHttpClient] [39m[33m[garmin.backfill.hrv] attempt 2/4 transient failure (status=503)[39m
2026-10-04T02:43:38.5331764Z [95m[Nest] 3688  - [39m10/04/2026, 2:43:38 AM [95m  DEBUG[39m [38;5;3m[ProviderHttpClient] [39m[95m[garmin.backfill.hrv] backing off 500ms before retry[39m
2026-10-04T02:43:38.5334364Z [33m[Nest] 3688  - [39m10/04/2026, 2:43:38 AM [33m   WARN[39m [38;5;3m[ProviderHttpClient] [39m[33m[garmin.backfill.activities] attempt 2/4 transient failure (status=503)[39m
2026-10-04T02:43:38.5336760Z [95m[Nest] 3688  - [39m10/04/2026, 2:43:38 AM [95m  DEBUG[39m [38;5;3m[ProviderHttpClient] [39m[95m[garmin.backfill.activities] backing off 500ms before retry[39m
2026-10-04T02:43:38.5339193Z [33m[Nest] 3688  - [39m10/04/2026, 2:43:38 AM [33m   WARN[39m [38;5;3m[ProviderHttpClient] [39m[33m[garmin.backfill.bodyComps] attempt 2/4 transient failure (status=503)[39m
2026-10-04T02:43:38.5341578Z [95m[Nest] 3688  - [39m10/04/2026, 2:43:38 AM [95m  DEBUG[39m [38;5;3m[ProviderHttpClient] [39m[95m[garmin.backfill.bodyComps] backing off 500ms before retry[39m
2026-10-04T02:43:38.5344068Z [33m[Nest] 3688  - [39m10/04/2026, 2:43:38 AM [33m   WARN[39m [38;5;3m[ProviderHttpClient] [39m[33m[garmin.backfill.dailies] attempt 3/4 transient failure (status=503)[39m
2026-10-04T02:43:38.5346546Z [95m[Nest] 3688  - [39m10/04/2026, 2:43:38 AM [95m  DEBUG[39m [38;5;3m[ProviderHttpClient] [39m[95m[garmin.backfill.dailies] backing off 1000ms before retry[39m
2026-10-04T02:43:38.5348919Z [33m[Nest] 3688  - [39m10/04/2026, 2:43:38 AM [33m   WARN[39m [38;5;3m[ProviderHttpClient] [39m[33m[garmin.backfill.sleeps] attempt 3/4 transient failure (status=503)[39m
2026-10-04T02:43:38.5351604Z [95m[Nest] 3688  - [39m10/04/2026, 2:43:38 AM [95m  DEBUG[39m [38;5;3m[ProviderHttpClient] [39m[95m[garmin.backfill.sleeps] backing off 1000ms before retry[39m
2026-10-04T02:43:38.5354067Z [33m[Nest] 3688  - [39m10/04/2026, 2:43:38 AM [33m   WARN[39m [38;5;3m[ProviderHttpClient] [39m[33m[garmin.backfill.hrv] attempt 3/4 transient failure (status=503)[39m
2026-10-04T02:43:38.5356225Z [95m[Nest] 3688  - [39m10/04/2026, 2:43:38 AM [95m  DEBUG[39m [38;5;3m[ProviderHttpClient] [39m[95m[garmin.backfill.hrv] backing off 1000ms before retry[39m
2026-10-04T02:43:38.5358517Z [33m[Nest] 3688  - [39m10/04/2026, 2:43:38 AM [33m   WARN[39m [38;5;3m[ProviderHttpClient] [39m[33m[garmin.backfill.activities] attempt 3/4 transient failure (status=503)[39m
2026-10-04T02:43:38.5360783Z [95m[Nest] 3688  - [39m10/04/2026, 2:43:38 AM [95m  DEBUG[39m [38;5;3m[ProviderHttpClient] [39m[95m[garmin.backfill.activities] backing off 1000ms before retry[39m
2026-10-04T02:43:38.5363095Z [33m[Nest] 3688  - [39m10/04/2026, 2:43:38 AM [33m   WARN[39m [38;5;3m[ProviderHttpClient] [39m[33m[garmin.backfill.bodyComps] attempt 3/4 transient failure (status=503)[39m
2026-10-04T02:43:38.5365552Z [95m[Nest] 3688  - [39m10/04/2026, 2:43:38 AM [95m  DEBUG[39m [38;5;3m[ProviderHttpClient] [39m[95m[garmin.backfill.bodyComps] backing off 1000ms before retry[39m
2026-10-04T02:43:38.5367837Z [33m[Nest] 3688  - [39m10/04/2026, 2:43:38 AM [33m   WARN[39m [38;5;3m[ProviderHttpClient] [39m[33m[garmin.backfill.dailies] attempt 4/4 transient failure (status=503)[39m
2026-10-04T02:43:38.5370152Z [33m[Nest] 3688  - [39m10/04/2026, 2:43:38 AM [33m   WARN[39m [38;5;3m[ProviderHttpClient] [39m[33m[garmin.backfill.sleeps] attempt 4/4 transient failure (status=503)[39m
2026-10-04T02:43:38.5372500Z [33m[Nest] 3688  - [39m10/04/2026, 2:43:38 AM [33m   WARN[39m [38;5;3m[ProviderHttpClient] [39m[33m[garmin.backfill.hrv] attempt 4/4 transient failure (status=503)[39m
2026-10-04T02:43:38.5375120Z [33m[Nest] 3688  - [39m10/04/2026, 2:43:38 AM [33m   WARN[39m [38;5;3m[ProviderHttpClient] [39m[33m[garmin.backfill.activities] attempt 4/4 transient failure (status=503)[39m
2026-10-04T02:43:38.5377492Z [33m[Nest] 3688  - [39m10/04/2026, 2:43:38 AM [33m   WARN[39m [38;5;3m[ProviderHttpClient] [39m[33m[garmin.backfill.bodyComps] attempt 4/4 transient failure (status=503)[39m
2026-10-04T02:43:38.6038873Z PASS test/wearables/connectors/garmin/garmin.connector.spec.ts
2026-10-04T02:43:39.3694887Z PASS src/notifications/__tests__/coach-first-payment.service.spec.ts
2026-10-04T02:43:39.8384641Z PASS test/client-ai-context.service.spec.ts
2026-10-04T02:43:39.9287357Z [33m[Nest] 3681  - [39m10/04/2026, 2:43:39 AM [33m   WARN[39m [38;5;3m[ClientAIContextService] [39m[33mbuildFresh called for unknown userId=ghost[39m
2026-10-04T02:43:39.9306759Z [33m[Nest] 3688  - [39m10/04/2026, 2:43:39 AM [33m   WARN[39m [38;5;3m[BillingService] [39m[33mpayment_intent.succeeded GuestCheckout fallback lookup failed for pi_saas: Cannot read properties of undefined (reading 'findUnique')[39m
2026-10-04T02:43:39.9335896Z [33m[Nest] 3688  - [39m10/04/2026, 2:43:39 AM [33m   WARN[39m [38;5;3m[BillingService] [39m[33mpreResolveReceiptUrl: lookup failed for pi=pi_guest: stripe down[39m
2026-10-04T02:43:39.9496317Z [31m[Nest] 3688  - [39m10/04/2026, 2:43:39 AM [31m  ERROR[39m [38;5;3m[BillingService] [39m[31mStripe event handler failed event=evt_boom type=customer.subscription.updated: checkout boom[39m
2026-10-04T02:43:39.9714811Z PASS test/billing-checkout-routing.spec.ts
2026-10-04T02:43:40.0380448Z [33m[Nest] 3688  - [39m10/04/2026, 2:43:39 AM [33m   WARN[39m [38;5;3m[BillingService] [39m[33mpreResolveReceiptUrl: lookup failed for pi=pi_guest: stripe down[39m
2026-10-04T02:43:40.3169334Z PASS src/regimes/__tests__/regimes.service.spec.ts
2026-10-04T02:43:40.3826037Z [32m[Nest] 3688  - [39m10/04/2026, 2:43:40 AM [32m    LOG[39m [38;5;3m[RegimesService] [39m[32mpromoteFromProgram: program=prog-1 promoted to regime by coach=coach-1[39m
2026-10-04T02:43:40.3829181Z [32m[Nest] 3688  - [39m10/04/2026, 2:43:40 AM [32m    LOG[39m [38;5;3m[RegimesService] [39m[32marchiveRegime: regime=reg-1 archived by coach=coach-1[39m
2026-10-04T02:43:40.5272981Z PASS test/purchase-fanout-tx-plumbing.spec.ts
2026-10-04T02:43:40.5415924Z [95m[Nest] 3681  - [39m10/04/2026, 2:43:40 AM [95m  DEBUG[39m [38;5;3m[PurchaseFanoutService] [39m[95mfanout: package=undefined has no contents — purchase=cp-3[39m
2026-10-04T02:43:41.1516956Z [33m[Nest] 3688  - [39m10/04/2026, 2:43:41 AM [33m   WARN[39m [38;5;3m[CommunityVoiceService] [39m[33mvoice publish refused: storage key shape[39m
2026-10-04T02:43:41.1526188Z [33m[Nest] 3688  - [39m10/04/2026, 2:43:41 AM [33m   WARN[39m [38;5;3m[CommunityVoiceService] [39m[33mvoice publish refused: storage key shape[39m
2026-10-04T02:43:41.1528792Z [33m[Nest] 3688  - [39m10/04/2026, 2:43:41 AM [33m   WARN[39m [38;5;3m[CommunityVoiceService] [39m[33mvoice publish refused: storage key shape[39m
2026-10-04T02:43:41.1531237Z [33m[Nest] 3688  - [39m10/04/2026, 2:43:41 AM [33m   WARN[39m [38;5;3m[CommunityVoiceService] [39m[33mvoice publish refused: storage key shape[39m
2026-10-04T02:43:41.1533902Z [33m[Nest] 3688  - [39m10/04/2026, 2:43:41 AM [33m   WARN[39m [38;5;3m[CommunityVoiceService] [39m[33mvoice publish refused: storage key shape[39m
2026-10-04T02:43:41.1536352Z [33m[Nest] 3688  - [39m10/04/2026, 2:43:41 AM [33m   WARN[39m [38;5;3m[CommunityVoiceService] [39m[33mvoice publish refused: storage key shape[39m
2026-10-04T02:43:41.1548314Z [33m[Nest] 3688  - [39m10/04/2026, 2:43:41 AM [33m   WARN[39m [38;5;3m[CommunityVoiceService] [39m[33mvoice publish refused: storage key shape[39m
2026-10-04T02:43:41.1550985Z [33m[Nest] 3688  - [39m10/04/2026, 2:43:41 AM [33m   WARN[39m [38;5;3m[CommunityVoiceService] [39m[33mvoice publish refused: storage key shape[39m
2026-10-04T02:43:41.1553477Z [33m[Nest] 3688  - [39m10/04/2026, 2:43:41 AM [33m   WARN[39m [38;5;3m[CommunityVoiceService] [39m[33mvoice publish refused: storage key shape[39m
2026-10-04T02:43:41.1556217Z [33m[Nest] 3688  - [39m10/04/2026, 2:43:41 AM [33m   WARN[39m [38;5;3m[CommunityVoiceService] [39m[33mvoice publish refused: storage key shape[39m
2026-10-04T02:43:41.1558665Z [33m[Nest] 3688  - [39m10/04/2026, 2:43:41 AM [33m   WARN[39m [38;5;3m[CommunityVoiceService] [39m[33mvoice publish refused: storage key shape[39m
2026-10-04T02:43:41.1630276Z [33m[Nest] 3688  - [39m10/04/2026, 2:43:41 AM [33m   WARN[39m [38;5;3m[VoiceUploadProvider] [39m[33mvoice signed-download refused: key failed the canonical check[39m
2026-10-04T02:43:41.1658486Z [33m[Nest] 3688  - [39m10/04/2026, 2:43:41 AM [33m   WARN[39m [38;5;3m[VoiceUploadProvider] [39m[33mvoice signed-download refused: key failed the canonical check[39m
2026-10-04T02:43:41.1665470Z [33m[Nest] 3688  - [39m10/04/2026, 2:43:41 AM [33m   WARN[39m [38;5;3m[VoiceUploadProvider] [39m[33mvoice signed-download refused: key failed the canonical check[39m
2026-10-04T02:43:41.1695452Z [33m[Nest] 3688  - [39m10/04/2026, 2:43:41 AM [33m   WARN[39m [38;5;3m[VoiceUploadProvider] [39m[33mvoice signed-download refused: key failed the canonical check[39m
2026-10-04T02:43:41.1754346Z [33m[Nest] 3688  - [39m10/04/2026, 2:43:41 AM [33m   WARN[39m [38;5;3m[VoiceUploadProvider] [39m[33mvoice signed-download refused: key failed the canonical check[39m
2026-10-04T02:43:41.1780245Z [33m[Nest] 3688  - [39m10/04/2026, 2:43:41 AM [33m   WARN[39m [38;5;3m[VoiceUploadProvider] [39m[33mvoice signed-download refused: key failed the canonical check[39m
2026-10-04T02:43:41.1783049Z [33m[Nest] 3688  - [39m10/04/2026, 2:43:41 AM [33m   WARN[39m [38;5;3m[VoiceUploadProvider] [39m[33mvoice signed-download refused: key failed the canonical check[39m
2026-10-04T02:43:41.1786078Z [33m[Nest] 3688  - [39m10/04/2026, 2:43:41 AM [33m   WARN[39m [38;5;3m[VoiceUploadProvider] [39m[33mvoice signed-download refused: key failed the canonical check[39m
2026-10-04T02:43:41.1789540Z [33m[Nest] 3688  - [39m10/04/2026, 2:43:41 AM [33m   WARN[39m [38;5;3m[VoiceUploadProvider] [39m[33mvoice signed-download refused: key failed the canonical check[39m
2026-10-04T02:43:41.1792326Z [33m[Nest] 3688  - [39m10/04/2026, 2:43:41 AM [33m   WARN[39m [38;5;3m[VoiceUploadProvider] [39m[33mvoice signed-download refused: key failed the canonical check[39m
2026-10-04T02:43:41.1795348Z [33m[Nest] 3688  - [39m10/04/2026, 2:43:41 AM [33m   WARN[39m [38;5;3m[VoiceUploadProvider] [39m[33mvoice signed-download refused: key failed the canonical check[39m
2026-10-04T02:43:41.1883178Z PASS src/community/voice/__tests__/voice-storage-key.spec.ts
2026-10-04T02:43:41.2790098Z [33m[Nest] 3688  - [39m10/04/2026, 2:43:41 AM [33m   WARN[39m [38;5;3m[VoiceUploadProvider] [39m[33mvoice signed-download refused: key failed the canonical check[39m
2026-10-04T02:43:41.6440012Z PASS src/community/ack/ack.service.spec.ts
2026-10-04T02:43:42.5054524Z PASS test/auth-apple-mobile-contract.spec.ts
2026-10-04T02:43:42.8980305Z PASS test/community/schema/community-schema.spec.ts
2026-10-04T02:43:43.4108762Z PASS test/common/feature-flag-not-found.bootstrap.spec.ts
2026-10-04T02:43:43.5652184Z PASS test/coach-ptm-risk-board.spec.ts
2026-10-04T02:43:43.7084734Z PASS test/profile-put-concurrency.spec.ts
2026-10-04T02:43:44.1455087Z PASS test/notification-emitters.spec.ts
2026-10-04T02:43:44.1758765Z [33m[Nest] 3688  - [39m10/04/2026, 2:43:44 AM [33m   WARN[39m [38;5;3m[MilestoneReachedEmitter] [39m[33mMilestoneReachedEmitter failed for user=user-1: DB down[39m
2026-10-04T02:43:44.3619922Z PASS src/community/wearable-prompts/__tests__/wearable-prompts.service.spec.ts
2026-10-04T02:43:44.3798123Z [32m[Nest] 3681  - [39m10/04/2026, 2:43:44 AM [32m    LOG[39m [38;5;3m[WearablePromptsService] [39mObject(5) {
2026-10-04T02:43:44.3803120Z   event: [32m'community_wearable_prompts_generated'[39m,
2026-10-04T02:43:44.3804474Z   workspace_id: [32m'11111111-1111-1111-1111-111111111111'[39m,
2026-10-04T02:43:44.3805700Z   coach_id: [32m'22222222-2222-2222-2222-222222222222'[39m,
2026-10-04T02:43:44.3806538Z   generated_count: [33m0[39m,
2026-10-04T02:43:44.3807184Z   skipped_count: [33m1[39m
2026-10-04T02:43:44.3807848Z }
2026-10-04T02:43:44.3809172Z [32m[Nest] 3681  - [39m10/04/2026, 2:43:44 AM [32m    LOG[39m [38;5;3m[WearablePromptsService] [39mObject(5) {
2026-10-04T02:43:44.3810394Z   event: [32m'community_wearable_prompts_generated'[39m,
2026-10-04T02:43:44.3811382Z   workspace_id: [32m'11111111-1111-1111-1111-111111111111'[39m,
2026-10-04T02:43:44.3812332Z   coach_id: [32m'22222222-2222-2222-2222-222222222222'[39m,
2026-10-04T02:43:44.3813107Z   generated_count: [33m0[39m,
2026-10-04T02:43:44.3813941Z   skipped_count: [33m1[39m
2026-10-04T02:43:44.3814490Z }
2026-10-04T02:43:44.3815675Z [32m[Nest] 3681  - [39m10/04/2026, 2:43:44 AM [32m    LOG[39m [38;5;3m[WearablePromptsService] [39mObject(5) {
2026-10-04T02:43:44.3816878Z   event: [32m'community_wearable_prompts_generated'[39m,
2026-10-04T02:43:44.3817863Z   workspace_id: [32m'11111111-1111-1111-1111-111111111111'[39m,
2026-10-04T02:43:44.3818806Z   coach_id: [32m'22222222-2222-2222-2222-222222222222'[39m,
2026-10-04T02:43:44.3819580Z   generated_count: [33m0[39m,
2026-10-04T02:43:44.3820199Z   skipped_count: [33m1[39m
2026-10-04T02:43:44.3820805Z }
2026-10-04T02:43:44.3822124Z [32m[Nest] 3681  - [39m10/04/2026, 2:43:44 AM [32m    LOG[39m [38;5;3m[WearablePromptsService] [39mObject(5) {
2026-10-04T02:43:44.3823132Z   event: [32m'community_wearable_prompts_generated'[39m,
2026-10-04T02:43:44.3824186Z   workspace_id: [32m'11111111-1111-1111-1111-111111111111'[39m,
2026-10-04T02:43:44.3825005Z   coach_id: [32m'22222222-2222-2222-2222-222222222222'[39m,
2026-10-04T02:43:44.3825692Z   generated_count: [33m0[39m,
2026-10-04T02:43:44.3826600Z   skipped_count: [33m1[39m
2026-10-04T02:43:44.3827677Z }
2026-10-04T02:43:44.3829155Z [32m[Nest] 3681  - [39m10/04/2026, 2:43:44 AM [32m    LOG[39m [38;5;3m[WearablePromptsService] [39mObject(5) {
2026-10-04T02:43:44.3830381Z   event: [32m'community_wearable_prompts_generated'[39m,
2026-10-04T02:43:44.3831383Z   workspace_id: [32m'11111111-1111-1111-1111-111111111111'[39m,
2026-10-04T02:43:44.3832364Z   coach_id: [32m'22222222-2222-2222-2222-222222222222'[39m,
2026-10-04T02:43:44.3833143Z   generated_count: [33m1[39m,
2026-10-04T02:43:44.3834174Z   skipped_count: [33m0[39m
2026-10-04T02:43:44.3834823Z }
2026-10-04T02:43:44.3836183Z [32m[Nest] 3681  - [39m10/04/2026, 2:43:44 AM [32m    LOG[39m [38;5;3m[WearablePromptsService] [39mObject(5) {
2026-10-04T02:43:44.3837514Z   event: [32m'community_wearable_prompts_generated'[39m,
2026-10-04T02:43:44.3838695Z   workspace_id: [32m'11111111-1111-1111-1111-111111111111'[39m,
2026-10-04T02:43:44.3839784Z   coach_id: [32m'22222222-2222-2222-2222-222222222222'[39m,
2026-10-04T02:43:44.3840686Z   generated_count: [33m1[39m,
2026-10-04T02:43:44.3841414Z   skipped_count: [33m0[39m
2026-10-04T02:43:44.3842007Z }
2026-10-04T02:43:44.3843332Z [32m[Nest] 3681  - [39m10/04/2026, 2:43:44 AM [32m    LOG[39m [38;5;3m[WearablePromptsService] [39mObject(5) {
2026-10-04T02:43:44.3844976Z   event: [32m'community_wearable_prompts_generated'[39m,
2026-10-04T02:43:44.3846101Z   workspace_id: [32m'11111111-1111-1111-1111-111111111111'[39m,
2026-10-04T02:43:44.3847193Z   coach_id: [32m'22222222-2222-2222-2222-222222222222'[39m,
2026-10-04T02:43:44.3848094Z   generated_count: [33m0[39m,
2026-10-04T02:43:44.3848810Z   skipped_count: [33m1[39m
2026-10-04T02:43:44.3849409Z }
2026-10-04T02:43:44.3850715Z [32m[Nest] 3681  - [39m10/04/2026, 2:43:44 AM [32m    LOG[39m [38;5;3m[WearablePromptsService] [39mObject(5) {
2026-10-04T02:43:44.3852074Z   event: [32m'community_wearable_prompts_generated'[39m,
2026-10-04T02:43:44.3853171Z   workspace_id: [32m'11111111-1111-1111-1111-111111111111'[39m,
2026-10-04T02:43:44.3854511Z   coach_id: [32m'22222222-2222-2222-2222-222222222222'[39m,
2026-10-04T02:43:44.3855433Z   generated_count: [33m1[39m,
2026-10-04T02:43:44.3856154Z   skipped_count: [33m0[39m
2026-10-04T02:43:44.3856735Z }
2026-10-04T02:43:44.5468574Z PASS test/secrets/secrets-dual-key.spec.ts
2026-10-04T02:43:44.7174869Z PASS test/wearables/samples-integration.spec.ts
2026-10-04T02:43:44.7802368Z [32m[Nest] 3681  - [39m10/04/2026, 2:43:44 AM [32m    LOG[39m [38;5;3m[WearableSamplesService] [39mObject(9) {
2026-10-04T02:43:44.7825047Z   event: [32m'wearable_samples_query'[39m,
2026-10-04T02:43:44.7852740Z   user_id: [32m'44444444-4444-4444-4444-444444444444'[39m,
2026-10-04T02:43:44.7865021Z   bucket: [32m'SLEEP_RECOVERY'[39m,
2026-10-04T02:43:44.7865892Z   metric: [32m'HRV_MS'[39m,
2026-10-04T02:43:44.7866874Z   window_days: [33m4[39m,
2026-10-04T02:43:44.7867737Z   granularity: [32m'day'[39m,
2026-10-04T02:43:44.7868646Z   preferred_only: [33mtrue[39m,
2026-10-04T02:43:44.7869507Z   sample_count: [33m2[39m,
2026-10-04T02:43:44.7870244Z   duration_ms: [33m17[39m
2026-10-04T02:43:44.7870927Z }
2026-10-04T02:43:44.7872339Z [32m[Nest] 3681  - [39m10/04/2026, 2:43:44 AM [32m    LOG[39m [38;5;3m[WearableSamplesService] [39mObject(9) {
2026-10-04T02:43:44.7873996Z   event: [32m'wearable_samples_query'[39m,
2026-10-04T02:43:44.7875110Z   user_id: [32m'44444444-4444-4444-4444-444444444444'[39m,
2026-10-04T02:43:44.7876145Z   bucket: [32m'SLEEP_RECOVERY'[39m,
2026-10-04T02:43:44.7877012Z   metric: [32m'HRV_MS'[39m,
2026-10-04T02:43:44.7877802Z   window_days: [33m4[39m,
2026-10-04T02:43:44.7878626Z   granularity: [32m'day'[39m,
2026-10-04T02:43:44.7879480Z   preferred_only: [33mtrue[39m,
2026-10-04T02:43:44.7880335Z   sample_count: [33m2[39m,
2026-10-04T02:43:44.7881128Z   duration_ms: [33m1[39m
2026-10-04T02:43:44.7881765Z }
2026-10-04T02:43:44.7883126Z [32m[Nest] 3681  - [39m10/04/2026, 2:43:44 AM [32m    LOG[39m [38;5;3m[WearableSamplesService] [39mObject(9) {
2026-10-04T02:43:44.7885210Z   event: [32m'wearable_samples_query'[39m,
2026-10-04T02:43:44.7886607Z   user_id: [32m'44444444-4444-4444-4444-444444444444'[39m,
2026-10-04T02:43:44.7887662Z   bucket: [32m'SLEEP_RECOVERY'[39m,
2026-10-04T02:43:44.7888546Z   metric: [32m'HRV_MS'[39m,
2026-10-04T02:43:44.7889365Z   window_days: [33m4[39m,
2026-10-04T02:43:44.7890223Z   granularity: [32m'day'[39m,
2026-10-04T02:43:44.7891084Z   preferred_only: [33mtrue[39m,
2026-10-04T02:43:44.7891946Z   sample_count: [33m2[39m,
2026-10-04T02:43:44.7892720Z   duration_ms: [33m1[39m
2026-10-04T02:43:44.7893318Z }
2026-10-04T02:43:44.7894969Z [32m[Nest] 3681  - [39m10/04/2026, 2:43:44 AM [32m    LOG[39m [38;5;3m[WearableSamplesService] [39mObject(9) {
2026-10-04T02:43:44.7896361Z   event: [32m'wearable_samples_query'[39m,
2026-10-04T02:43:44.7897449Z   user_id: [32m'44444444-4444-4444-4444-444444444444'[39m,
2026-10-04T02:43:44.7898480Z   bucket: [32m'SLEEP_RECOVERY'[39m,
2026-10-04T02:43:44.7899340Z   metric: [32m'HRV_MS'[39m,
2026-10-04T02:43:44.7900160Z   window_days: [33m4[39m,
2026-10-04T02:43:44.7900977Z   granularity: [32m'day'[39m,
2026-10-04T02:43:44.7901834Z   preferred_only: [33mfalse[39m,
2026-10-04T02:43:44.7902613Z   sample_count: [33m4[39m,
2026-10-04T02:43:44.7903412Z   duration_ms: [33m1[39m
2026-10-04T02:43:44.7904520Z }
2026-10-04T02:43:44.7905882Z [32m[Nest] 3681  - [39m10/04/2026, 2:43:44 AM [32m    LOG[39m [38;5;3m[WearableSamplesService] [39mObject(9) {
2026-10-04T02:43:44.7907232Z   event: [32m'wearable_samples_query'[39m,
2026-10-04T02:43:44.7908278Z   user_id: [32m'44444444-4444-4444-4444-444444444444'[39m,
2026-10-04T02:43:44.7909272Z   bucket: [32m'SLEEP_RECOVERY'[39m,
2026-10-04T02:43:44.7910093Z   metric: [32m'HRV_MS'[39m,
2026-10-04T02:43:44.7910870Z   window_days: [33m4[39m,
2026-10-04T02:43:44.7911696Z   granularity: [32m'raw'[39m,
2026-10-04T02:43:44.7912528Z   preferred_only: [33mtrue[39m,
2026-10-04T02:43:44.7913364Z   sample_count: [33m2[39m,
2026-10-04T02:43:44.7914437Z   duration_ms: [33m1[39m
2026-10-04T02:43:44.7915066Z }
2026-10-04T02:43:45.0814941Z PASS test/scout/reconstruct/native/native-families.spec.ts
2026-10-04T02:43:45.2066877Z [33m[Nest] 3681  - [39m10/04/2026, 2:43:45 AM [33m   WARN[39m [38;5;3m[FederationInboundService] [39m[33mFederation inbound: FINANCE_SERVICE_TOKEN (and _NEXT) are unset — rejecting with 503[39m
2026-10-04T02:43:45.2125739Z [32m[Nest] 3681  - [39m10/04/2026, 2:43:45 AM [32m    LOG[39m [38;5;3m[FederationInboundService] [39mObject(1) {
2026-10-04T02:43:45.2127270Z PASS test/federation-inbound.spec.ts
2026-10-04T02:43:45.2128305Z   event: [32m'federation.auth.next-secret-used'[39m
2026-10-04T02:43:45.2129056Z }
2026-10-04T02:43:45.2131176Z [33m[Nest] 3681  - [39m10/04/2026, 2:43:45 AM [33m   WARN[39m [38;5;3m[FederationInboundService] [39m[33mFederation inbound: FINANCE_SERVICE_TOKEN (and _NEXT) are unset — rejecting with 503[39m
2026-10-04T02:43:45.8056595Z [32m[Nest] 3681  - [39m10/04/2026, 2:43:45 AM [32m    LOG[39m [38;5;3m[AccountDeletionStorageService] [39m[32maccount deletion storage purge: supabase=4 mux=0 local=0[39m
2026-10-04T02:43:45.8076024Z [32m[Nest] 3681  - [39m10/04/2026, 2:43:45 AM [32m    LOG[39m [38;5;3m[AccountDeletionService] [39m[32maccount deletion finalized user=66666666-6666-4666-8666-666666666666 rows=2 objects=4 subscriptions=0[39m
2026-10-04T02:43:45.9191463Z PASS test/account-deletion.voice-erasure.spec.ts
2026-10-04T02:43:45.9510743Z [32m[Nest] 3681  - [39m10/04/2026, 2:43:45 AM [32m    LOG[39m [38;5;3m[AccountDeletionStorageService] [39m[32maccount deletion storage purge: supabase=4 mux=0 local=0[39m
2026-10-04T02:43:45.9546455Z [32m[Nest] 3681  - [39m10/04/2026, 2:43:45 AM [32m    LOG[39m [38;5;3m[AccountDeletionService] [39m[32maccount deletion finalized user=66666666-6666-4666-8666-666666666666 rows=2 objects=4 subscriptions=0[39m
2026-10-04T02:43:45.9557216Z [33m[Nest] 3681  - [39m10/04/2026, 2:43:45 AM [33m   WARN[39m [38;5;3m[AccountDeletionService] [39m[33mvoice erasure erasure-object-66666666-6666-4666-8666-666666666666/1700000000000-0123456789abcdef.m4a (object) not yet verified after 1 attempt(s): object_still_present; retry scheduled[39m
2026-10-04T02:43:45.9567637Z [33m[Nest] 3681  - [39m10/04/2026, 2:43:45 AM [33m   WARN[39m [38;5;3m[AccountDeletionService] [39m[33mvoice erasure erasure-object-66666666-6666-4666-8666-666666666666/1700000000001-0123456789abcdef-0123456789abcdef0123456789abcdef.m4a (object) not yet verified after 1 attempt(s): object_still_present; retry scheduled[39m
2026-10-04T02:43:45.9572370Z [33m[Nest] 3681  - [39m10/04/2026, 2:43:45 AM [33m   WARN[39m [38;5;3m[AccountDeletionService] [39m[33mvoice erasure erasure-owner_folder-66666666-6666-4666-8666-666666666666 (owner_folder) not yet verified after 1 attempt(s): folder_not_empty; retry scheduled[39m
2026-10-04T02:43:45.9576868Z [33m[Nest] 3681  - [39m10/04/2026, 2:43:45 AM [33m   WARN[39m [38;5;3m[AccountDeletionService] [39m[33maccount deletion: 3 voice erasure(s) for user=66666666-6666-4666-8666-666666666666 not yet verified; retried by VoiceErasureService[39m
2026-10-04T02:43:45.9580255Z [32m[Nest] 3681  - [39m10/04/2026, 2:43:45 AM [32m    LOG[39m [38;5;3m[AccountDeletionStorageService] [39m[32maccount deletion storage purge: supabase=4 mux=0 local=0[39m
2026-10-04T02:43:46.3595166Z PASS test/observability.spec.ts
2026-10-04T02:43:46.5281583Z PASS test/ai-consent/ai-consent.controller.spec.ts
2026-10-04T02:43:46.7584758Z PASS test/transformation-scorecard.spec.ts
2026-10-04T02:43:47.1604699Z PASS test/connect.service.spec.ts
2026-10-04T02:43:47.1832034Z [33m[Nest] 3688  - [39m10/04/2026, 2:43:47 AM [33m   WARN[39m [38;5;3m[ConnectService] [39m[33msyncFromStripe: no ConnectAccount mirror for acct_missing — ignoring webhook[39m
2026-10-04T02:43:47.3464782Z PASS src/scout/scout-ledger-backfill.spec.ts
2026-10-04T02:43:51.5476294Z PASS test/ci/fly-env-workflows.spec.ts
2026-10-04T02:43:51.7367962Z [31m[Nest] 3681  - [39m10/04/2026, 2:43:51 AM [31m  ERROR[39m [38;5;3m[AiEgressService] [39m[31mai_egress.blocked surface=coach_ai.health_probe reason=unbound_handle[39m
2026-10-04T02:43:51.7505282Z PASS test/ai-egress/ai-egress-guard.spec.ts
2026-10-04T02:43:51.9164181Z PASS test/google-calendar.service.spec.ts
2026-10-04T02:43:51.9876331Z [33m[Nest] 3682  - [39m10/04/2026, 2:43:51 AM [33m   WARN[39m [38;5;3m[GoogleCalendarService] [39m[33mGoogle refresh failed for connection=conn-1: invalid_grant[39m
2026-10-04T02:43:52.5084899Z PASS test/ci/branch-protection-checks.spec.ts
2026-10-04T02:43:53.3428197Z [33m[Nest] 3681  - [39m10/04/2026, 2:43:53 AM [33m   WARN[39m [38;5;3m[AiEgressService] [39m[33mai_egress.retry surface=roman.chat processor=anthropic status=500 next_attempt=2[39m
2026-10-04T02:43:53.3455716Z [32m[Nest] 3681  - [39m10/04/2026, 2:43:53 AM [32m    LOG[39m [38;5;3m[AiEgressService] [39m[32mai_egress.refused surface=roman.chat reason=no_live_grant clients=1 missing=1[39m
2026-10-04T02:43:53.3458773Z [33m[Nest] 3681  - [39m10/04/2026, 2:43:53 AM [33m   WARN[39m [38;5;3m[AiEgressService] [39m[33mai_egress.retry surface=roman.chat processor=anthropic status=500 next_attempt=2[39m
2026-10-04T02:43:53.3462913Z [32m[Nest] 3681  - [39m10/04/2026, 2:43:53 AM [32m    LOG[39m [38;5;3m[AiEgressService] [39m[32mai_egress.refused surface=roman.chat reason=no_live_grant clients=1 missing=1[39m
2026-10-04T02:43:53.3465786Z [33m[Nest] 3681  - [39m10/04/2026, 2:43:53 AM [33m   WARN[39m [38;5;3m[AiEgressService] [39m[33mai_egress.retry surface=roman.chat processor=anthropic status=429 next_attempt=2[39m
2026-10-04T02:43:53.3468484Z [32m[Nest] 3681  - [39m10/04/2026, 2:43:53 AM [32m    LOG[39m [38;5;3m[AiEgressService] [39m[32mai_egress.refused surface=roman.chat reason=no_live_grant clients=1 missing=1[39m
2026-10-04T02:43:53.3471347Z [33m[Nest] 3681  - [39m10/04/2026, 2:43:53 AM [33m   WARN[39m [38;5;3m[AiEgressService] [39m[33mai_egress.retry surface=roman.chat processor=anthropic status=429 next_attempt=2[39m
2026-10-04T02:43:53.3476842Z [32m[Nest] 3681  - [39m10/04/2026, 2:43:53 AM [32m    LOG[39m [38;5;3m[AiEgressService] [39m[32mai_egress.refused surface=roman.chat reason=no_live_grant clients=1 missing=1[39m
2026-10-04T02:43:53.3479727Z [33m[Nest] 3681  - [39m10/04/2026, 2:43:53 AM [33m   WARN[39m [38;5;3m[AiEgressService] [39m[33mai_egress.retry surface=roman.chat processor=anthropic status=none next_attempt=2[39m
2026-10-04T02:43:53.3482552Z [32m[Nest] 3681  - [39m10/04/2026, 2:43:53 AM [32m    LOG[39m [38;5;3m[AiEgressService] [39m[32mai_egress.refused surface=roman.chat reason=no_live_grant clients=1 missing=1[39m
2026-10-04T02:43:53.3485551Z [33m[Nest] 3681  - [39m10/04/2026, 2:43:53 AM [33m   WARN[39m [38;5;3m[AiEgressService] [39m[33mai_egress.retry surface=roman.chat processor=anthropic status=none next_attempt=2[39m
2026-10-04T02:43:53.3488438Z [32m[Nest] 3681  - [39m10/04/2026, 2:43:53 AM [32m    LOG[39m [38;5;3m[AiEgressService] [39m[32mai_egress.refused surface=roman.chat reason=no_live_grant clients=1 missing=1[39m
2026-10-04T02:43:53.3491102Z [33m[Nest] 3681  - [39m10/04/2026, 2:43:53 AM [33m   WARN[39m [38;5;3m[AiEgressService] [39m[33mai_egress.retry surface=roman.chat processor=anthropic status=500 next_attempt=2[39m
2026-10-04T02:43:53.3493933Z [32m[Nest] 3681  - [39m10/04/2026, 2:43:53 AM [32m    LOG[39m [38;5;3m[AiEgressService] [39m[32mai_egress.refused surface=roman.chat reason=no_live_grant clients=1 missing=1[39m
2026-10-04T02:43:53.3496588Z [33m[Nest] 3681  - [39m10/04/2026, 2:43:53 AM [33m   WARN[39m [38;5;3m[AiEgressService] [39m[33mai_egress.retry surface=roman.chat processor=anthropic status=500 next_attempt=2[39m
2026-10-04T02:43:53.3499655Z [33m[Nest] 3681  - [39m10/04/2026, 2:43:53 AM [33m   WARN[39m [38;5;3m[AiEgressService] [39m[33mai_egress.retry surface=roman.chat processor=anthropic status=429 next_attempt=2[39m
2026-10-04T02:43:53.3502307Z [33m[Nest] 3681  - [39m10/04/2026, 2:43:53 AM [33m   WARN[39m [38;5;3m[AiEgressService] [39m[33mai_egress.retry surface=roman.chat processor=anthropic status=500 next_attempt=2[39m
2026-10-04T02:43:53.3507463Z [33m[Nest] 3681  - [39m10/04/2026, 2:43:53 AM [33m   WARN[39m [38;5;3m[AiEgressService] [39m[33mai_egress.retry surface=roman.chat processor=anthropic status=500 next_attempt=3[39m
2026-10-04T02:43:53.3955441Z PASS test/ai-egress/ai-egress-retry.spec.ts
2026-10-04T02:43:53.4696486Z [33m[Nest] 3681  - [39m10/04/2026, 2:43:53 AM [33m   WARN[39m [38;5;3m[AiEgressService] [39m[33mai_egress.retry surface=first_win processor=perplexity status=500 next_attempt=2[39m
2026-10-04T02:43:53.4700256Z [33m[Nest] 3681  - [39m10/04/2026, 2:43:53 AM [33m   WARN[39m [38;5;3m[AiEgressService] [39m[33mai_egress.retry surface=first_win processor=perplexity status=500 next_attempt=2[39m
2026-10-04T02:43:53.4703403Z [33m[Nest] 3681  - [39m10/04/2026, 2:43:53 AM [33m   WARN[39m [38;5;3m[AiEgressService] [39m[33mai_egress.retry surface=first_win processor=perplexity status=500 next_attempt=3[39m
2026-10-04T02:43:53.7342581Z PASS test/mwb-5-workout-diff.applier.spec.ts
2026-10-04T02:43:54.0304164Z PASS test/module-graph.spec.ts (6.842 s)
2026-10-04T02:43:54.1165580Z PASS test/roman/roman-erasure.sweep.spec.ts
2026-10-04T02:43:54.3517638Z PASS test/scout/induction/manifest-registry.spec.ts
2026-10-04T02:43:54.4376498Z PASS test/coach-connect.service.spec.ts
2026-10-04T02:43:54.7521048Z PASS test/sub-coaches.service.spec.ts
2026-10-04T02:43:55.0074923Z PASS test/sub-coach-reassign.service.spec.ts
2026-10-04T02:43:55.4440435Z PASS test/ai/ai-gateway-hardening.spec.ts
2026-10-04T02:43:56.0784889Z PASS test/mwb-program-dispatcher-e2e.spec.ts
2026-10-04T02:43:56.6170961Z PASS test/consent.service.spec.ts
2026-10-04T02:43:57.0641728Z PASS test/scout/reconstruct/native/native-rules.spec.ts
2026-10-04T02:43:57.4198451Z [31m[Nest] 3688  - [39m10/04/2026, 2:43:57 AM [31m  ERROR[39m [38;5;3m[AdminPtmService] [39m[31mPTM recompute after outcome label failed (user=student-1): boom[39m
2026-10-04T02:43:57.4512010Z PASS test/admin-ptm.service.spec.ts
2026-10-04T02:43:57.4558893Z PASS test/transformation-scorecard-finance-columns.spec.ts
2026-10-04T02:43:57.5230743Z [31m[Nest] 3682  - [39m10/04/2026, 2:43:57 AM [31m  ERROR[39m [38;5;3m[WorkoutBuilderRevisionPruneCron] [39m[31mRevision prune failed for plan B: boom[39m
2026-10-04T02:43:57.5234735Z Error: boom
2026-10-04T02:43:57.5236389Z     at Object.<anonymous> (/home/runner/work/growth-project-backend/growth-project-backend/test/mwb-3-revision-prune.cron.spec.ts:81:30)
2026-10-04T02:43:57.5238776Z     at Promise.finally.completed (/home/runner/work/growth-project-backend/growth-project-backend/node_modules/jest-circus/build/jestAdapterInit.js:1561:28)
2026-10-04T02:43:57.5240364Z     at new Promise (<anonymous>)
2026-10-04T02:43:57.5241996Z     at callAsyncCircusFn (/home/runner/work/growth-project-backend/growth-project-backend/node_modules/jest-circus/build/jestAdapterInit.js:1501:10)
2026-10-04T02:43:57.5244716Z     at _callCircusTest (/home/runner/work/growth-project-backend/growth-project-backend/node_modules/jest-circus/build/jestAdapterInit.js:1011:40)
2026-10-04T02:43:57.5246435Z     at processTicksAndRejections (node:internal/process/task_queues:95:5)
2026-10-04T02:43:57.5248114Z     at _runTest (/home/runner/work/growth-project-backend/growth-project-backend/node_modules/jest-circus/build/jestAdapterInit.js:951:3)
2026-10-04T02:43:57.5250115Z     at /home/runner/work/growth-project-backend/growth-project-backend/node_modules/jest-circus/build/jestAdapterInit.js:853:7
2026-10-04T02:43:57.5252337Z     at _runTestsForDescribeBlock (/home/runner/work/growth-project-backend/growth-project-backend/node_modules/jest-circus/build/jestAdapterInit.js:866:11)
2026-10-04T02:43:57.5254985Z     at _runTestsForDescribeBlock (/home/runner/work/growth-project-backend/growth-project-backend/node_modules/jest-circus/build/jestAdapterInit.js:861:11)
2026-10-04T02:43:57.5258107Z     at run (/home/runner/work/growth-project-backend/growth-project-backend/node_modules/jest-circus/build/jestAdapterInit.js:765:3)
2026-10-04T02:43:57.5260442Z     at runAndTransformResultsToJestFormat (/home/runner/work/growth-project-backend/growth-project-backend/node_modules/jest-circus/build/jestAdapterInit.js:1993:21)
2026-10-04T02:43:57.5263461Z     at jestAdapter (/home/runner/work/growth-project-backend/growth-project-backend/node_modules/jest-circus/build/runner.js:111:19)
2026-10-04T02:43:57.5265858Z     at runTestInternal (/home/runner/work/growth-project-backend/growth-project-backend/node_modules/jest-runner/build/testWorker.js:276:16)
2026-10-04T02:43:57.5267935Z     at runTest (/home/runner/work/growth-project-backend/growth-project-backend/node_modules/jest-runner/build/testWorker.js:344:7)
2026-10-04T02:43:57.5270025Z     at Object.worker (/home/runner/work/growth-project-backend/growth-project-backend/node_modules/jest-runner/build/testWorker.js:498:12)
2026-10-04T02:43:57.5281859Z [31m[Nest] 3682  - [39m10/04/2026, 2:43:57 AM [31m  ERROR[39m [38;5;3m[WorkoutBuilderRevisionPruneCron] [39m[31mRevision prune sweep failed to enumerate plans: db down[39m
2026-10-04T02:43:57.5284400Z Error: db down
2026-10-04T02:43:57.5285916Z     at Object.<anonymous> (/home/runner/work/growth-project-backend/growth-project-backend/test/mwb-3-revision-prune.cron.spec.ts:103:28)
2026-10-04T02:43:57.5288237Z     at Promise.finally.completed (/home/runner/work/growth-project-backend/growth-project-backend/node_modules/jest-circus/build/jestAdapterInit.js:1561:28)
2026-10-04T02:43:57.5289775Z     at new Promise (<anonymous>)
2026-10-04T02:43:57.5291317Z     at callAsyncCircusFn (/home/runner/work/growth-project-backend/growth-project-backend/node_modules/jest-circus/build/jestAdapterInit.js:1501:10)
2026-10-04T02:43:57.5294619Z     at _callCircusTest (/home/runner/work/growth-project-backend/growth-project-backend/node_modules/jest-circus/build/jestAdapterInit.js:1011:40)
2026-10-04T02:43:57.5296770Z     at processTicksAndRejections (node:internal/process/task_queues:95:5)
2026-10-04T02:43:57.5298728Z     at _runTest (/home/runner/work/growth-project-backend/growth-project-backend/node_modules/jest-circus/build/jestAdapterInit.js:951:3)
2026-10-04T02:43:57.5300796Z     at /home/runner/work/growth-project-backend/growth-project-backend/node_modules/jest-circus/build/jestAdapterInit.js:853:7
2026-10-04T02:43:57.5302951Z     at _runTestsForDescribeBlock (/home/runner/work/growth-project-backend/growth-project-backend/node_modules/jest-circus/build/jestAdapterInit.js:866:11)
2026-10-04T02:43:57.5305574Z     at _runTestsForDescribeBlock (/home/runner/work/growth-project-backend/growth-project-backend/node_modules/jest-circus/build/jestAdapterInit.js:861:11)
2026-10-04T02:43:57.5307767Z     at run (/home/runner/work/growth-project-backend/growth-project-backend/node_modules/jest-circus/build/jestAdapterInit.js:765:3)
2026-10-04T02:43:57.5310065Z     at runAndTransformResultsToJestFormat (/home/runner/work/growth-project-backend/growth-project-backend/node_modules/jest-circus/build/jestAdapterInit.js:1993:21)
2026-10-04T02:43:57.5312364Z     at jestAdapter (/home/runner/work/growth-project-backend/growth-project-backend/node_modules/jest-circus/build/runner.js:111:19)
2026-10-04T02:43:57.5314640Z     at runTestInternal (/home/runner/work/growth-project-backend/growth-project-backend/node_modules/jest-runner/build/testWorker.js:276:16)
2026-10-04T02:43:57.5316714Z     at runTest (/home/runner/work/growth-project-backend/growth-project-backend/node_modules/jest-runner/build/testWorker.js:344:7)
2026-10-04T02:43:57.5318736Z     at Object.worker (/home/runner/work/growth-project-backend/growth-project-backend/node_modules/jest-runner/build/testWorker.js:498:12)
2026-10-04T02:43:57.5383718Z PASS test/mwb-3-revision-prune.cron.spec.ts
2026-10-04T02:43:57.5402779Z   ● Console
2026-10-04T02:43:57.5434468Z 
2026-10-04T02:43:57.5436384Z     console.warn
2026-10-04T02:43:57.5437510Z       [mwb3-revision-prune] MWB3_TEST_DATABASE_URL not set — live prune suite skipped.
2026-10-04T02:43:57.5438116Z 
2026-10-04T02:43:57.5438641Z     [0m [90m 39 |[39m [36mif[39m ([33m![39m[33mTEST_DB_URL[39m) {
2026-10-04T02:43:57.5439534Z      [90m 40 |[39m   [90m// eslint-disable-next-line no-console[39m
2026-10-04T02:43:57.5440394Z     [31m[1m>[22m[39m[90m 41 |[39m   console[33m.[39mwarn(
2026-10-04T02:43:57.5441100Z      [90m    |[39m           [31m[1m^[22m[39m
2026-10-04T02:43:57.5442277Z      [90m 42 |[39m     [32m'[mwb3-revision-prune] MWB3_TEST_DATABASE_URL not set — live prune suite '[39m [33m+[39m
2026-10-04T02:43:57.5456563Z      [90m 43 |[39m       [32m'skipped.'[39m[33m,[39m
2026-10-04T02:43:57.5457226Z      [90m 44 |[39m   )[33m;[39m[0m
2026-10-04T02:43:57.5457536Z 
2026-10-04T02:43:57.5457961Z       at Object.<anonymous> (test/mwb-3-revision-prune.cron.spec.ts:41:11)
2026-10-04T02:43:57.5458383Z 
2026-10-04T02:43:57.6043026Z [95m[Nest] 3682  - [39m10/04/2026, 2:43:57 AM [95m  DEBUG[39m [38;5;3m[WorkoutBuilderRevisionPruneCron] [39m[95mFEATURE_MWB_AUTOSAVE_UNDO off — revision prune skipped[39m
2026-10-04T02:43:57.6046843Z [32m[Nest] 3682  - [39m10/04/2026, 2:43:57 AM [32m    LOG[39m [38;5;3m[WorkoutBuilderRevisionPruneCron] [39m[32mStarting MWB-3 revision prune sweep[39m
2026-10-04T02:43:57.6049992Z [32m[Nest] 3682  - [39m10/04/2026, 2:43:57 AM [32m    LOG[39m [38;5;3m[WorkoutBuilderRevisionPruneCron] [39m[32mMWB-3 revision prune sweep complete: 2 plan(s) pruned, 8 revision(s) deleted[39m
2026-10-04T02:43:57.6053113Z [32m[Nest] 3682  - [39m10/04/2026, 2:43:57 AM [32m    LOG[39m [38;5;3m[WorkoutBuilderRevisionPruneCron] [39m[32mStarting MWB-3 revision prune sweep[39m
2026-10-04T02:43:57.8169002Z PASS test/assignable-asset-resolver-meal-plan.spec.ts
2026-10-04T02:43:58.0163808Z PASS src/notifications/__tests__/first-payment-webhook.integration.spec.ts
2026-10-04T02:43:58.0636775Z PASS test/billing-payout-failed.spec.ts
2026-10-04T02:43:58.1381634Z [33m[Nest] 3688  - [39m10/04/2026, 2:43:58 AM [33m   WARN[39m [38;5;3m[BillingService] [39m[33mpayout.failed event=evt_po_1 payout=po_123 account=acct_abc coach=coach-1 amount_cents=5000 reason=account_closed: The bank account has been closed.[39m
2026-10-04T02:43:58.1386602Z [33m[Nest] 3688  - [39m10/04/2026, 2:43:58 AM [33m   WARN[39m [38;5;3m[BillingService] [39m[33mpayout.canceled event=evt_po_c payout=po_123 account=acct_abc coach=coach-1 amount_cents=5000 reason=account_closed: The bank account has been closed.[39m
2026-10-04T02:43:58.1390921Z [33m[Nest] 3688  - [39m10/04/2026, 2:43:58 AM [33m   WARN[39m [38;5;3m[BillingService] [39m[33mpayout.failed event=evt_po_dup payout=po_123 account=acct_abc coach=coach-1 amount_cents=5000 reason=account_closed: The bank account has been closed.[39m
2026-10-04T02:43:58.1395199Z [33m[Nest] 3688  - [39m10/04/2026, 2:43:58 AM [33m   WARN[39m [38;5;3m[BillingService] [39m[33mpayout.failed event=evt_po_a payout=po_123 account=acct_abc coach=coach-1 amount_cents=5000 reason=account_closed: The bank account has been closed.[39m
2026-10-04T02:43:58.1399324Z [33m[Nest] 3688  - [39m10/04/2026, 2:43:58 AM [33m   WARN[39m [38;5;3m[BillingService] [39m[33mpayout.failed event=evt_po_null payout=po_123 account=acct_abc coach=coach-null amount_cents=5000 reason=account_closed: The bank account has been closed.[39m
2026-10-04T02:43:58.1403417Z [33m[Nest] 3688  - [39m10/04/2026, 2:43:58 AM [33m   WARN[39m [38;5;3m[BillingService] [39m[33mpayout.failed event=evt_po_z payout=po_123 account=acct_abc coach=coach-z amount_cents=5000 reason=account_closed: The bank account has been closed.[39m
2026-10-04T02:43:58.1407307Z [33m[Nest] 3688  - [39m10/04/2026, 2:43:58 AM [33m   WARN[39m [38;5;3m[BillingService] [39m[33mpayout.failed event=evt_po_nosnap payout=po_123 account=acct_abc: no matching PayoutSnapshot row[39m
2026-10-04T02:43:58.5977082Z PASS test/dunning-v2-lockout-guard.e2e.spec.ts
2026-10-04T02:43:58.6543038Z PASS test/scout/entities/scout-entities.contract.spec.ts
2026-10-04T02:43:59.0087698Z PASS test/timeline.service.spec.ts
2026-10-04T02:43:59.4005121Z PASS src/talent-marketplace/__tests__/job-hunter.service.spec.ts
2026-10-04T02:44:00.1116895Z PASS test/scout/g2-s9c-db-guard.spec.ts
2026-10-04T02:44:00.3824823Z PASS test/marketplace-idempotency.service.spec.ts
2026-10-04T02:44:01.3351505Z [33m[Nest] 3688  - [39m10/04/2026, 2:44:01 AM [33m   WARN[39m [38;5;3m[SubscriptionGuard] [39m[33m[enforce] coach=c state=none reason=missing_subscription route=unknown unknown[39m
2026-10-04T02:44:01.3354607Z [33m[Nest] 3688  - [39m10/04/2026, 2:44:01 AM [33m   WARN[39m [38;5;3m[SubscriptionGuard] [39m[33m[observe] coach=c state=none reason=missing_subscription route=unknown unknown[39m
2026-10-04T02:44:01.3357375Z [32m[Nest] 3682  - [39m10/04/2026, 2:44:01 AM [32m    LOG[39m [38;5;3m[AiEgressService] [39m[32mai_egress.refused surface=coach_ai.workout_program reason=no_live_grant clients=1 missing=1[39m
2026-10-04T02:44:01.3360071Z [33m[Nest] 3688  - [39m10/04/2026, 2:44:01 AM [33m   WARN[39m [38;5;3m[SubscriptionGuard] [39m[33m[enforce] coach=c state=canceled reason=canceled route=unknown unknown[39m
2026-10-04T02:44:01.3362790Z [32m[Nest] 3682  - [39m10/04/2026, 2:44:01 AM [32m    LOG[39m [38;5;3m[AiEgressService] [39m[32mai_egress.refused surface=coach_ai.workout_program reason=no_live_grant clients=1 missing=1[39m
2026-10-04T02:44:01.3365914Z [33m[Nest] 3688  - [39m10/04/2026, 2:44:01 AM [33m   WARN[39m [38;5;3m[SubscriptionGuard] [39m[33m[enforce] coach=c state=past_due reason=past_due_grace_expired route=unknown unknown[39m
2026-10-04T02:44:01.3368327Z [33m[Nest] 3682  - [39m10/04/2026, 2:44:01 AM [33m   WARN[39m [38;5;3m[AiEgressService] [39m[33mai_egress.consent_read_failed (treated as no grant)[39m
2026-10-04T02:44:01.3370918Z [32m[Nest] 3682  - [39m10/04/2026, 2:44:01 AM [32m    LOG[39m [38;5;3m[AiEgressService] [39m[32mai_egress.refused surface=coach_ai.workout_program reason=no_live_grant clients=1 missing=1[39m
2026-10-04T02:44:01.3374653Z [33m[Nest] 3688  - [39m10/04/2026, 2:44:01 AM [33m   WARN[39m [38;5;3m[SubscriptionGuard] [39m[33m[enforce] coach=c state=none reason=missing_subscription route=unknown unknown[39m
2026-10-04T02:44:01.3377222Z [33m[Nest] 3688  - [39m10/04/2026, 2:44:01 AM [33m   WARN[39m [38;5;3m[SubscriptionGuard] [39m[33m[enforce] coach=c state=pro reason=tier_too_low route=unknown unknown[39m
2026-10-04T02:44:01.3379837Z [32m[Nest] 3682  - [39m10/04/2026, 2:44:01 AM [32m    LOG[39m [38;5;3m[AiEgressService] [39m[32mai_egress.refused surface=coach_ai.meal_plan reason=no_live_grant clients=1 missing=1[39m
2026-10-04T02:44:01.3382528Z [32m[Nest] 3682  - [39m10/04/2026, 2:44:01 AM [32m    LOG[39m [38;5;3m[AiEgressService] [39m[32mai_egress.refused surface=coach_ai.meal_plan reason=no_live_grant clients=1 missing=1[39m
2026-10-04T02:44:01.3385170Z [33m[Nest] 3682  - [39m10/04/2026, 2:44:01 AM [33m   WARN[39m [38;5;3m[AiEgressService] [39m[33mai_egress.consent_read_failed (treated as no grant)[39m
2026-10-04T02:44:01.3387705Z [32m[Nest] 3682  - [39m10/04/2026, 2:44:01 AM [32m    LOG[39m [38;5;3m[AiEgressService] [39m[32mai_egress.refused surface=coach_ai.meal_plan reason=no_live_grant clients=1 missing=1[39m
2026-10-04T02:44:01.3460628Z PASS test/billing/subscription-guard.tier.spec.ts
2026-10-04T02:44:01.3794680Z PASS test/ai-egress/coach-ai-consent.spec.ts
2026-10-04T02:44:01.4393179Z [32m[Nest] 3682  - [39m10/04/2026, 2:44:01 AM [32m    LOG[39m [38;5;3m[AiEgressService] [39m[32mai_egress.refused surface=coach_ai.insight reason=no_live_grant clients=1 missing=1[39m
2026-10-04T02:44:01.4396819Z [32m[Nest] 3682  - [39m10/04/2026, 2:44:01 AM [32m    LOG[39m [38;5;3m[AiEgressService] [39m[32mai_egress.refused surface=coach_ai.insight reason=no_live_grant clients=1 missing=1[39m
2026-10-04T02:44:01.4399447Z [33m[Nest] 3682  - [39m10/04/2026, 2:44:01 AM [33m   WARN[39m [38;5;3m[AiEgressService] [39m[33mai_egress.consent_read_failed (treated as no grant)[39m
2026-10-04T02:44:01.4402247Z [32m[Nest] 3682  - [39m10/04/2026, 2:44:01 AM [32m    LOG[39m [38;5;3m[AiEgressService] [39m[32mai_egress.refused surface=coach_ai.insight reason=no_live_grant clients=1 missing=1[39m
2026-10-04T02:44:01.4405078Z [32m[Nest] 3682  - [39m10/04/2026, 2:44:01 AM [32m    LOG[39m [38;5;3m[coach-ai:weekly-insight] [39m[32mweekly digest starting — coaches=1[39m
2026-10-04T02:44:01.4407142Z [32m[Nest] 3682  - [39m10/04/2026, 2:44:01 AM [32m    LOG[39m [38;5;3m[coach-ai:weekly-insight] [39mObject(3) {
2026-10-04T02:44:01.4408519Z   event: [32m'WEEKLY_INSIGHT_SKIPPED_NO_AI_CONSENT'[39m,
2026-10-04T02:44:01.4409506Z   coachId: [32m'coach1'[39m,
2026-10-04T02:44:01.4410294Z   skipped: [33m1[39m
2026-10-04T02:44:01.4410893Z }
2026-10-04T02:44:01.4412740Z [32m[Nest] 3682  - [39m10/04/2026, 2:44:01 AM [32m    LOG[39m [38;5;3m[coach-ai:weekly-insight] [39m[32mcoach=coach1 skipped 1 client(s) without AI consent[39m
2026-10-04T02:44:01.4415202Z [32m[Nest] 3682  - [39m10/04/2026, 2:44:01 AM [32m    LOG[39m [38;5;3m[coach-ai:weekly-insight] [39mObject(3) {
2026-10-04T02:44:01.4416501Z   event: [32m'WEEKLY_INSIGHT_COMPLETE'[39m,
2026-10-04T02:44:01.4417350Z   total: [33m1[39m,
2026-10-04T02:44:01.4418081Z   skippedDormant: [33m0[39m
2026-10-04T02:44:01.4418736Z }
2026-10-04T02:44:01.4420498Z [32m[Nest] 3682  - [39m10/04/2026, 2:44:01 AM [32m    LOG[39m [38;5;3m[coach-ai:weekly-insight] [39m[32mweekly digest complete — total=1 skippedDormant=0[39m
2026-10-04T02:44:01.4422893Z [32m[Nest] 3682  - [39m10/04/2026, 2:44:01 AM [32m    LOG[39m [38;5;3m[coach-ai:weekly-insight] [39m[32mweekly digest starting — coaches=1[39m
2026-10-04T02:44:01.4425252Z [32m[Nest] 3682  - [39m10/04/2026, 2:44:01 AM [32m    LOG[39m [38;5;3m[coach-ai:weekly-insight] [39mObject(3) {
2026-10-04T02:44:01.4426553Z   event: [32m'WEEKLY_INSIGHT_COMPLETE'[39m,
2026-10-04T02:44:01.4427891Z   total: [33m1[39m,
2026-10-04T02:44:01.4428643Z   skippedDormant: [33m0[39m
2026-10-04T02:44:01.4429291Z }
2026-10-04T02:44:01.4431306Z [32m[Nest] 3682  - [39m10/04/2026, 2:44:01 AM [32m    LOG[39m [38;5;3m[coach-ai:weekly-insight] [39m[32mweekly digest complete — total=1 skippedDormant=0[39m
2026-10-04T02:44:01.4433981Z [32m[Nest] 3682  - [39m10/04/2026, 2:44:01 AM [32m    LOG[39m [38;5;3m[coach-ai:weekly-insight] [39m[32mweekly digest starting — coaches=1[39m
2026-10-04T02:44:01.4436396Z [33m[Nest] 3682  - [39m10/04/2026, 2:44:01 AM [33m   WARN[39m [38;5;3m[AiEgressService] [39m[33mai_egress.consent_read_failed (treated as no grant)[39m
2026-10-04T02:44:01.4450914Z [32m[Nest] 3682  - [39m10/04/2026, 2:44:01 AM [32m    LOG[39m [38;5;3m[coach-ai:weekly-insight] [39mObject(3) {
2026-10-04T02:44:01.4452366Z   event: [32m'WEEKLY_INSIGHT_SKIPPED_NO_AI_CONSENT'[39m,
2026-10-04T02:44:01.4453336Z   coachId: [32m'coach1'[39m,
2026-10-04T02:44:01.4454394Z   skipped: [33m3[39m
2026-10-04T02:44:01.4455030Z }
2026-10-04T02:44:01.4456800Z [32m[Nest] 3682  - [39m10/04/2026, 2:44:01 AM [32m    LOG[39m [38;5;3m[coach-ai:weekly-insight] [39m[32mcoach=coach1 skipped 3 client(s) without AI consent[39m
2026-10-04T02:44:01.4459018Z [32m[Nest] 3682  - [39m10/04/2026, 2:44:01 AM [32m    LOG[39m [38;5;3m[coach-ai:weekly-insight] [39mObject(3) {
2026-10-04T02:44:01.4460342Z   event: [32m'WEEKLY_INSIGHT_COMPLETE'[39m,
2026-10-04T02:44:01.4461197Z   total: [33m1[39m,
2026-10-04T02:44:01.4461932Z   skippedDormant: [33m0[39m
2026-10-04T02:44:01.4462576Z }
2026-10-04T02:44:01.4464578Z [32m[Nest] 3682  - [39m10/04/2026, 2:44:01 AM [32m    LOG[39m [38;5;3m[coach-ai:weekly-insight] [39m[32mweekly digest complete — total=1 skippedDormant=0[39m
2026-10-04T02:44:01.4466966Z [32m[Nest] 3682  - [39m10/04/2026, 2:44:01 AM [32m    LOG[39m [38;5;3m[coach-ai] [39m[32m[coach-ai] ready (model=claude-sonnet-4-6)[39m
2026-10-04T02:44:01.6053897Z [31m[Nest] 3688  - [39m10/04/2026, 2:44:01 AM [31m  ERROR[39m [38;5;3m[AiEgressService] [39m[31mai_egress.blocked surface=gateway reason=client_subject_without_ids[39m
2026-10-04T02:44:01.6067576Z [31m[Nest] 3688  - [39m10/04/2026, 2:44:01 AM [31m  ERROR[39m [38;5;3m[AiEgressService] [39m[31mai_egress.blocked surface=gateway reason=unknown_exemption[39m
2026-10-04T02:44:01.6111483Z [31m[Nest] 3688  - [39m10/04/2026, 2:44:01 AM [31m  ERROR[39m [38;5;3m[AiEgressService] [39m[31mai_egress.blocked surface=first_win processor=perplexity reason=processor_not_consented[39m
2026-10-04T02:44:01.6385335Z PASS test/ai-egress/ai-egress.service.spec.ts
2026-10-04T02:44:01.6614738Z PASS src/regimes/__tests__/partial-refund-decision.service.spec.ts
2026-10-04T02:44:01.6951612Z [32m[Nest] 3688  - [39m10/04/2026, 2:44:01 AM [32m    LOG[39m [38;5;3m[AiEgressService] [39m[32mai_egress.refused surface=coach.churn_draft reason=no_live_grant clients=1 missing=1[39m
2026-10-04T02:44:01.6954858Z [32m[Nest] 3688  - [39m10/04/2026, 2:44:01 AM [32m    LOG[39m [38;5;3m[AiEgressService] [39m[32mai_egress.refused surface=roman.chat reason=no_live_grant clients=1 missing=1[39m
2026-10-04T02:44:01.6957393Z [33m[Nest] 3688  - [39m10/04/2026, 2:44:01 AM [33m   WARN[39m [38;5;3m[AiEgressService] [39m[33mai_egress.consent_read_failed (treated as no grant)[39m
2026-10-04T02:44:01.6959918Z [32m[Nest] 3688  - [39m10/04/2026, 2:44:01 AM [32m    LOG[39m [38;5;3m[AiEgressService] [39m[32mai_egress.refused surface=coach.brief reason=no_live_grant clients=1 missing=1[39m
2026-10-04T02:44:01.6962558Z [32m[Nest] 3688  - [39m10/04/2026, 2:44:01 AM [32m    LOG[39m [38;5;3m[AiEgressService] [39m[32mai_egress.refused surface=coach.brief reason=no_live_grant clients=1 missing=1[39m
2026-10-04T02:44:01.6965444Z [32m[Nest] 3688  - [39m10/04/2026, 2:44:01 AM [32m    LOG[39m [38;5;3m[AiEgressService] [39m[32mai_egress.refused surface=gateway reason=no_live_grant clients=3 missing=1[39m
2026-10-04T02:44:01.6968290Z [32m[Nest] 3688  - [39m10/04/2026, 2:44:01 AM [32m    LOG[39m [38;5;3m[AiEgressService] [39m[32mai_egress.refused surface=roman.chat reason=no_live_grant clients=1 missing=1[39m
2026-10-04T02:44:01.6971403Z [32m[Nest] 3682  - [39m10/04/2026, 2:44:01 AM [32m    LOG[39m [38;5;3m[PartialRefundDecisionService] [39m[32monPartialRefund: pending decision created for purchase=cp-1 refund=re_123[39m
2026-10-04T02:44:01.6974199Z [33m[Nest] 3688  - [39m10/04/2026, 2:44:01 AM [33m   WARN[39m [38;5;3m[AiEgressService] [39m[33mai_egress.consent_read_failed (treated as no grant)[39m
2026-10-04T02:44:01.6976819Z [32m[Nest] 3682  - [39m10/04/2026, 2:44:01 AM [32m    LOG[39m [38;5;3m[PartialRefundDecisionService] [39m[32monPartialRefund: pending decision created for purchase=cp-1 refund=re_123[39m
2026-10-04T02:44:01.6979706Z [32m[Nest] 3682  - [39m10/04/2026, 2:44:01 AM [32m    LOG[39m [38;5;3m[PartialRefundDecisionService] [39m[32monPartialRefund: pending decision created for purchase=cp-1 refund=re_race[39m
2026-10-04T02:44:01.6982828Z [32m[Nest] 3682  - [39m10/04/2026, 2:44:01 AM [32m    LOG[39m [38;5;3m[PartialRefundDecisionService] [39m[32monPartialRefund: concurrent insert collapsed (P2002) for purchase=cp-1 refund=re_race[39m
2026-10-04T02:44:01.6986133Z [32m[Nest] 3682  - [39m10/04/2026, 2:44:01 AM [32m    LOG[39m [38;5;3m[PartialRefundDecisionService] [39m[32mdecide: refund=re_123 decision=keep_drops drops_canceled=0 by coach=coach-1[39m
2026-10-04T02:44:01.6989093Z [32m[Nest] 3682  - [39m10/04/2026, 2:44:01 AM [32m    LOG[39m [38;5;3m[PartialRefundDecisionService] [39m[32mdecide: refund=re_123 decision=unassign_drops drops_canceled=4 by coach=coach-1[39m
2026-10-04T02:44:02.0615076Z PASS test/scout/induction/parse.spec.ts
2026-10-04T02:44:02.2923079Z PASS test/ptm-heuristic.service.spec.ts
2026-10-04T02:44:02.7458933Z PASS test/scout/induction/observation.controller.spec.ts
2026-10-04T02:44:02.8305176Z PASS test/client-purchases-field-select.spec.ts
2026-10-04T02:44:02.9979357Z PASS test/scout/g2-s8g-db-guard.spec.ts
2026-10-04T02:44:03.2087837Z PASS test/booking-reminder-local-time.spec.ts
2026-10-04T02:44:03.2582187Z [32m[Nest] 3682  - [39m06/02/2026, 12:30:00 AM [32m    LOG[39m [38;5;3m[SessionReminderJob] [39m[32mreminder sweep kind=booking_reminder_24h scanned=1 dispatched=2 skipped=0[39m
2026-10-04T02:44:03.2585349Z [32m[Nest] 3682  - [39m06/02/2026, 11:30:00 PM [32m    LOG[39m [38;5;3m[SessionReminderJob] [39m[32mreminder sweep kind=booking_reminder_1h scanned=1 dispatched=2 skipped=0[39m
2026-10-04T02:44:03.2588033Z [32m[Nest] 3682  - [39m06/02/2026, 12:30:00 AM [32m    LOG[39m [38;5;3m[SessionReminderJob] [39m[32mreminder sweep kind=booking_reminder_24h scanned=1 dispatched=2 skipped=0[39m
2026-10-04T02:44:03.2590779Z [32m[Nest] 3682  - [39m06/02/2026, 12:30:00 AM [32m    LOG[39m [38;5;3m[SessionReminderJob] [39m[32mreminder sweep kind=booking_reminder_24h scanned=1 dispatched=2 skipped=0[39m
2026-10-04T02:44:03.2593890Z [32m[Nest] 3682  - [39m06/02/2026, 12:40:00 AM [32m    LOG[39m [38;5;3m[SessionReminderJob] [39m[32mreminder sweep kind=booking_reminder_24h scanned=1 dispatched=1 skipped=1[39m
2026-10-04T02:44:03.2596661Z [32m[Nest] 3682  - [39m06/02/2026, 12:40:00 AM [32m    LOG[39m [38;5;3m[SessionReminderJob] [39m[32mreminder sweep kind=booking_reminder_24h scanned=1 dispatched=1 skipped=1[39m
2026-10-04T02:44:03.2599426Z [32m[Nest] 3682  - [39m06/02/2026, 12:40:00 AM [32m    LOG[39m [38;5;3m[SessionReminderJob] [39m[32mreminder sweep kind=booking_reminder_24h scanned=1 dispatched=0 skipped=2[39m
2026-10-04T02:44:03.2602135Z [32m[Nest] 3682  - [39m06/02/2026, 12:30:00 AM [32m    LOG[39m [38;5;3m[SessionReminderJob] [39m[32mreminder sweep kind=booking_reminder_24h scanned=1 dispatched=2 skipped=0[39m
2026-10-04T02:44:03.2605142Z [32m[Nest] 3682  - [39m06/02/2026, 12:30:00 AM [32m    LOG[39m [38;5;3m[SessionReminderJob] [39m[32mreminder sweep kind=booking_reminder_24h scanned=1 dispatched=2 skipped=0[39m
2026-10-04T02:44:03.2608662Z [32m[Nest] 3682  - [39m06/02/2026, 12:30:00 AM [32m    LOG[39m [38;5;3m[SessionReminderJob] [39m[32mreminder sweep kind=booking_reminder_24h scanned=1 dispatched=2 skipped=0[39m
2026-10-04T02:44:03.3639497Z PASS test/coach-alerts-emitters.spec.ts
2026-10-04T02:44:03.4333047Z PASS test/purchase-split-handler.service.spec.ts
2026-10-04T02:44:03.5272243Z [33m[Nest] 3682  - [39m10/04/2026, 2:44:03 AM [33m   WARN[39m [38;5;3m[PurchaseSplitHandlerService] [39m[33mCannot transfer head-coach split for purchase=p-sub: head coach head-1 has no ConnectAccount[39m
2026-10-04T02:44:03.5275796Z [33m[Nest] 3682  - [39m10/04/2026, 2:44:03 AM [33m   WARN[39m [38;5;3m[PurchaseSplitHandlerService] [39m[33mCannot post split for purchase=p-solo: seller has no ConnectAccount[39m
2026-10-04T02:44:03.6821492Z PASS test/ptm-weighted.service.spec.ts
2026-10-04T02:44:03.7323778Z PASS test/community/cohorts/community-cohort-members.service.spec.ts
2026-10-04T02:44:04.1886104Z [31m[Nest] 3688  - [39m10/04/2026, 2:44:04 AM [31m  ERROR[39m [38;5;3m[StorefrontService] [39m[31mSTRIPE_PUBLISHABLE_KEY unset — public storefront cannot confirm payments.[39m
2026-10-04T02:44:04.1914249Z PASS test/stripe-api-timeout-r2.spec.ts (6.367 s)
2026-10-04T02:44:04.6365800Z [33m[Nest] 3682  - [39m10/04/2026, 2:44:04 AM [33m   WARN[39m [38;5;3m[BillingService] [39m[33mSubscription sub_guest_rec for unknown customer cus_g[39m
2026-10-04T02:44:04.6385238Z PASS test/pr14-guest-recurring-dispatcher-integration.spec.ts
2026-10-04T02:44:04.6387276Z [33m[Nest] 3682  - [39m10/04/2026, 2:44:04 AM [33m   WARN[39m [38;5;3m[BillingService] [39m[33mSubscription sub_guest_rec for unknown customer cus_g[39m
2026-10-04T02:44:04.6389884Z [33m[Nest] 3682  - [39m10/04/2026, 2:44:04 AM [33m   WARN[39m [38;5;3m[BillingService] [39m[33mSubscription sub_guest_rec for unknown customer cus_g[39m
2026-10-04T02:44:04.6675145Z PASS test/storefront.service.spec.ts
2026-10-04T02:44:04.7114635Z PASS test/coach-alerts.service.spec.ts
2026-10-04T02:44:05.0434859Z PASS test/gcal-b3-channel-tracking.spec.ts
2026-10-04T02:44:05.8075070Z PASS test/scout/reconstruct/conformance-alpha.mapper.spec.ts
2026-10-04T02:44:05.9525135Z PASS test/scout/scout-ingest.validation.integration.spec.ts
2026-10-04T02:44:06.2387364Z PASS test/reports.service.spec.ts
2026-10-04T02:44:06.3714893Z PASS test/contracts/contract-envelope.state-machine.spec.ts
2026-10-04T02:44:06.4536352Z [33m[Nest] 3688  - [39m10/04/2026, 2:44:06 AM [33m   WARN[39m [38;5;3m[ContractEnvelopeService] [39m[33mIgnoring illegal transition DECLINED → SIGNED for envelope env_1[39m
2026-10-04T02:44:06.6977417Z PASS test/account-deletion/storage-billing.spec.ts
2026-10-04T02:44:06.9580655Z [31m[Nest] 3682  - [39m10/04/2026, 2:44:06 AM [31m  ERROR[39m [38;5;3m[EmailService] [39m[31memail send failed template=coach-invites-client to=a@example.com: Resend 422: domain not verified[39m
2026-10-04T02:44:06.9620326Z PASS test/email.service.spec.ts
2026-10-04T02:44:07.0157974Z [32m[Nest] 3682  - [39m10/04/2026, 2:44:06 AM [32m    LOG[39m [38;5;3m[EmailService] [39m[32m[email:log] to=a@example.com template=coach-invites-client subject="C invited you to The Growth Project" key=invite:abc[39m
2026-10-04T02:44:07.0175953Z [32m[Nest] 3682  - [39m10/04/2026, 2:44:06 AM [32m    LOG[39m [38;5;3m[EmailService] [39m[32memail send skipped: idempotency hit key=invite:abc[39m
2026-10-04T02:44:07.0196184Z [32m[Nest] 3682  - [39m10/04/2026, 2:44:06 AM [32m    LOG[39m [38;5;3m[EmailService] [39m[32memail sent template=coach-invites-client to=a@example.com provider_id=msg_abc[39m
2026-10-04T02:44:07.4186361Z PASS test/reports.controller.spec.ts
2026-10-04T02:44:07.9575049Z PASS test/transformation-scorecard-pdf.spec.ts
2026-10-04T02:44:08.2512229Z [33m[Nest] 3688  - [39m10/04/2026, 2:44:08 AM [33m   WARN[39m [38;5;3m[ExtensionPairService] [39m[33msetup readiness read failed; readiness omitted (unknown)[39m
2026-10-04T02:44:08.2517135Z [33m[Nest] 3688  - [39m10/04/2026, 2:44:08 AM [33m   WARN[39m [38;5;3m[ExtensionPairService] [39m[33msetup readiness read failed; readiness omitted (unknown)[39m
2026-10-04T02:44:08.2519693Z [33m[Nest] 3688  - [39m10/04/2026, 2:44:08 AM [33m   WARN[39m [38;5;3m[ExtensionPairService] [39m[33msetup readiness read failed; readiness omitted (unknown)[39m
2026-10-04T02:44:08.2522256Z [33m[Nest] 3688  - [39m10/04/2026, 2:44:08 AM [33m   WARN[39m [38;5;3m[ExtensionPairService] [39m[33msetup readiness read failed; readiness omitted (unknown)[39m
2026-10-04T02:44:08.2525078Z [33m[Nest] 3688  - [39m10/04/2026, 2:44:08 AM [33m   WARN[39m [38;5;3m[ExtensionPairService] [39m[33msetup readiness read failed; readiness omitted (unknown)[39m
2026-10-04T02:44:08.2527760Z [33m[Nest] 3688  - [39m10/04/2026, 2:44:08 AM [33m   WARN[39m [38;5;3m[ExtensionPairService] [39m[33msetup readiness read failed; readiness omitted (unknown)[39m
2026-10-04T02:44:08.2530566Z [33m[Nest] 3688  - [39m10/04/2026, 2:44:08 AM [33m   WARN[39m [38;5;3m[ExtensionPairService] [39m[33msetup readiness read failed; readiness omitted (unknown)[39m
2026-10-04T02:44:08.2533235Z [33m[Nest] 3688  - [39m10/04/2026, 2:44:08 AM [33m   WARN[39m [38;5;3m[ExtensionPairService] [39m[33msetup readiness read failed; readiness omitted (unknown)[39m
2026-10-04T02:44:08.2536217Z [33m[Nest] 3688  - [39m10/04/2026, 2:44:08 AM [33m   WARN[39m [38;5;3m[ExtensionPairService] [39m[33msetup readiness read failed; readiness omitted (unknown)[39m
2026-10-04T02:44:08.2539040Z [33m[Nest] 3688  - [39m10/04/2026, 2:44:08 AM [33m   WARN[39m [38;5;3m[ExtensionPairService] [39m[33msetup readiness read failed; readiness omitted (unknown)[39m
2026-10-04T02:44:08.2565291Z PASS src/extension-pair/__tests__/durable-session.spec.ts
2026-10-04T02:44:09.2461894Z [33m[Nest] 3688  - [39m10/04/2026, 2:44:09 AM [33m   WARN[39m [38;5;3m[AnalyticsService] [39m[33mPOSTHOG_KEY not set — analytics are disabled (no-op mode).[39m
2026-10-04T02:44:09.2545523Z [33m[Nest] 3688  - [39m10/04/2026, 2:44:09 AM [33m   WARN[39m [38;5;3m[AnalyticsService] [39m[33mPOSTHOG_KEY not set — analytics are disabled (no-op mode).[39m
2026-10-04T02:44:09.2605491Z [33m[Nest] 3688  - [39m10/04/2026, 2:44:09 AM [33m   WARN[39m [38;5;3m[AnalyticsService] [39m[33mPOSTHOG_KEY not set — analytics are disabled (no-op mode).[39m
2026-10-04T02:44:09.2624572Z [33m[Nest] 3688  - [39m10/04/2026, 2:44:09 AM [33m   WARN[39m [38;5;3m[AnalyticsService] [39m[33mPOSTHOG_KEY not set — analytics are disabled (no-op mode).[39m
2026-10-04T02:44:09.2627237Z [33m[Nest] 3688  - [39m10/04/2026, 2:44:09 AM [33m   WARN[39m [38;5;3m[AnalyticsService] [39m[33mPOSTHOG_KEY not set — analytics are disabled (no-op mode).[39m
2026-10-04T02:44:09.2655526Z [33m[Nest] 3688  - [39m10/04/2026, 2:44:09 AM [33m   WARN[39m [38;5;3m[AnalyticsService] [39m[33mPOSTHOG_KEY not set — analytics are disabled (no-op mode).[39m
2026-10-04T02:44:09.2685687Z [33m[Nest] 3688  - [39m10/04/2026, 2:44:09 AM [33m   WARN[39m [38;5;3m[AnalyticsService] [39m[33mPOSTHOG_KEY not set — analytics are disabled (no-op mode).[39m
2026-10-04T02:44:09.3505962Z [33m[Nest] 3688  - [39m10/04/2026, 2:44:09 AM [33m   WARN[39m [38;5;3m[AnalyticsService] [39m[33mPOSTHOG_KEY not set — analytics are disabled (no-op mode).[39m
2026-10-04T02:44:09.3508525Z [33m[Nest] 3688  - [39m10/04/2026, 2:44:09 AM [33m   WARN[39m [38;5;3m[AnalyticsService] [39m[33mPOSTHOG_KEY not set — analytics are disabled (no-op mode).[39m
2026-10-04T02:44:09.3535296Z [33m[Nest] 3688  - [39m10/04/2026, 2:44:09 AM [33m   WARN[39m [38;5;3m[AnalyticsService] [39m[33mPOSTHOG_KEY not set — analytics are disabled (no-op mode).[39m
2026-10-04T02:44:09.3565609Z [33m[Nest] 3688  - [39m10/04/2026, 2:44:09 AM [33m   WARN[39m [38;5;3m[AnalyticsService] [39m[33mPOSTHOG_KEY not set — analytics are disabled (no-op mode).[39m
2026-10-04T02:44:09.3572408Z PASS test/mwb-autosave-owner-visibility.spec.ts
2026-10-04T02:44:09.3595710Z [33m[Nest] 3688  - [39m10/04/2026, 2:44:09 AM [33m   WARN[39m [38;5;3m[AnalyticsService] [39m[33mPOSTHOG_KEY not set — analytics are disabled (no-op mode).[39m
2026-10-04T02:44:09.3625279Z [33m[Nest] 3688  - [39m10/04/2026, 2:44:09 AM [33m   WARN[39m [38;5;3m[AnalyticsService] [39m[33mPOSTHOG_KEY not set — analytics are disabled (no-op mode).[39m
2026-10-04T02:44:09.3655714Z [31m[Nest] 3682  - [39m10/04/2026, 2:44:09 AM [31m  ERROR[39m [38;5;3m[RecentAuthGuard] [39m[31mRECENT_AUTH_SECRET is not configured or is shorter than 32 characters — sensitive action blocked[39m
2026-10-04T02:44:09.3658353Z [33m[Nest] 3688  - [39m10/04/2026, 2:44:09 AM [33m   WARN[39m [38;5;3m[AnalyticsService] [39m[33mPOSTHOG_KEY not set — analytics are disabled (no-op mode).[39m
2026-10-04T02:44:09.3685202Z [33m[Nest] 3688  - [39m10/04/2026, 2:44:09 AM [33m   WARN[39m [38;5;3m[AnalyticsService] [39m[33mPOSTHOG_KEY not set — analytics are disabled (no-op mode).[39m
2026-10-04T02:44:09.3715413Z [33m[Nest] 3688  - [39m10/04/2026, 2:44:09 AM [33m   WARN[39m [38;5;3m[AnalyticsService] [39m[33mPOSTHOG_KEY not set — analytics are disabled (no-op mode).[39m
2026-10-04T02:44:09.3725458Z [33m[Nest] 3688  - [39m10/04/2026, 2:44:09 AM [33m   WARN[39m [38;5;3m[AnalyticsService] [39m[33mPOSTHOG_KEY not set — analytics are disabled (no-op mode).[39m
2026-10-04T02:44:09.3746169Z [33m[Nest] 3688  - [39m10/04/2026, 2:44:09 AM [33m   WARN[39m [38;5;3m[AnalyticsService] [39m[33mPOSTHOG_KEY not set — analytics are disabled (no-op mode).[39m
2026-10-04T02:44:09.3908002Z PASS test/account-deletion/admin-force-delete-step-up.spec.ts
2026-10-04T02:44:10.3015054Z PASS test/roman-coach-reviewed-migration.spec.ts
2026-10-04T02:44:10.5143393Z PASS test/build-week-day1-consultation-copy.spec.ts
2026-10-04T02:44:10.8818234Z PASS test/data-export.service.spec.ts
2026-10-04T02:44:11.0369598Z PASS test/sub-coach-scope.service.spec.ts
2026-10-04T02:44:11.4201879Z PASS src/scout/scout.dto.spec.ts
2026-10-04T02:44:11.5751568Z [33m[Nest] 3682  - [39m10/04/2026, 2:44:11 AM [33m   WARN[39m [38;5;3m[FinanceAdminClient] [39m[33mFinance federation degraded path=/api/admin/federation/clients/by-email/a%40b.test reason=http_error[39m
2026-10-04T02:44:11.8175945Z PASS test/finance-admin.client.spec.ts
2026-10-04T02:44:11.8855137Z [33m[Nest] 3682  - [39m10/04/2026, 2:44:11 AM [33m   WARN[39m [38;5;3m[FinanceAdminClient] [39m[33mFinance federation degraded path=/api/admin/federation/clients/by-email/a%40b.test reason=timeout[39m
2026-10-04T02:44:11.8857834Z [33m[Nest] 3682  - [39m10/04/2026, 2:44:11 AM [33m   WARN[39m [38;5;3m[FinanceAdminClient] [39m[33mFinance federation degraded path=/api/admin/federation/users/search?q=q&limit=5 reason=malformed_response[39m
2026-10-04T02:44:11.8860456Z [33m[Nest] 3682  - [39m10/04/2026, 2:44:11 AM [33m   WARN[39m [38;5;3m[FinanceAdminClient] [39m[33mFinance federation degraded path=/api/admin/federation/users/search?q=q&limit=5 reason=malformed_response[39m
2026-10-04T02:44:11.8863158Z [33m[Nest] 3682  - [39m10/04/2026, 2:44:11 AM [33m   WARN[39m [38;5;3m[FinanceAdminClient] [39m[33mFinance federation degraded path=/api/admin/federation/clients/by-email/a%40b.test reason=malformed_response[39m
2026-10-04T02:44:11.9428649Z PASS test/analytics-instrumentation.spec.ts
2026-10-04T02:44:12.4350096Z PASS test/ai/coach-ai.controller.spec.ts
2026-10-04T02:44:12.6994944Z PASS test/assignable-asset-resolver-media.spec.ts
2026-10-04T02:44:12.7661894Z [33m[Nest] 3688  - [39m10/04/2026, 2:44:12 AM [33m   WARN[39m [38;5;3m[MediaAssetResolver] [39m[33mMediaAssetResolver: tenant mismatch — asset.coach_id=other-coach acting.tenantCoachId=coach-1[39m
2026-10-04T02:44:12.7665672Z [33m[Nest] 3688  - [39m10/04/2026, 2:44:12 AM [33m   WARN[39m [38;5;3m[MediaAssetResolver] [39m[33mMediaAssetResolver: asset asset-1 not ready (status=uploading); refusing grant[39m
2026-10-04T02:44:12.7668309Z [33m[Nest] 3688  - [39m10/04/2026, 2:44:12 AM [33m   WARN[39m [38;5;3m[MediaAssetResolver] [39m[33mMediaAssetResolver: asset asset-1 not ready (status=processing); refusing grant[39m
2026-10-04T02:44:12.7671580Z [33m[Nest] 3688  - [39m10/04/2026, 2:44:12 AM [33m   WARN[39m [38;5;3m[MediaAssetResolver] [39m[33mMediaAssetResolver: asset asset-1 not ready (status=errored); refusing grant[39m
2026-10-04T02:44:13.4129948Z PASS test/scout/scout-ingest.controller.spec.ts
2026-10-04T02:44:13.5635163Z PASS test/community/rls/community-rls.spec.ts
2026-10-04T02:44:16.6754928Z PASS test/onboarding-program-rules.spec.ts (10.858 s)
2026-10-04T02:44:17.0577786Z PASS test/ci/s10-core-diff-gate-sc2015.spec.ts
2026-10-04T02:44:17.0820885Z [33m[Nest] 3681  - [39m10/04/2026, 2:44:16 AM [33m   WARN[39m [38;5;3m[AnthropicAdapter] [39m[33m[anthropic] retryable error status=429 attempt=1 delay=250ms[39m
2026-10-04T02:44:17.3116669Z PASS test/build-week.service.spec.ts
2026-10-04T02:44:17.3442828Z [33m[Nest] 3681  - [39m10/04/2026, 2:44:17 AM [33m   WARN[39m [38;5;3m[AnthropicAdapter] [39m[33m[anthropic] retryable error status=503 attempt=1 delay=250ms[39m
2026-10-04T02:44:17.6004904Z [33m[Nest] 3681  - [39m10/04/2026, 2:44:17 AM [33m   WARN[39m [38;5;3m[AnthropicAdapter] [39m[33m[anthropic] retryable error status=503 attempt=2 delay=1000ms[39m
2026-10-04T02:44:17.6484417Z PASS test/observability/db-stats.spec.ts
2026-10-04T02:44:17.7202842Z [33m[Nest] 3688  - [39m10/04/2026, 2:44:17 AM [33m   WARN[39m [38;5;3m[DbStatsService] [39m[33mpg_stat_statements is not available; returning unavailable. Enable the extension (operator-attach).[39m
2026-10-04T02:44:17.7204909Z [33m[Nest] 3688  - [39m10/04/2026, 2:44:17 AM [33m   WARN[39m [38;5;3m[DbStatsService] [39m[33mpg_stat_statements is not available; returning unavailable. Enable the extension (operator-attach).[39m
2026-10-04T02:44:17.9963479Z PASS test/mwb-program-package-delivery.spec.ts
2026-10-04T02:44:18.2140183Z PASS test/common/feature-flag-not-found.spec.ts
2026-10-04T02:44:18.6140855Z [33m[Nest] 3681  - [39m10/04/2026, 2:44:18 AM [33m   WARN[39m [38;5;3m[AnthropicAdapter] [39m[33m[anthropic] retryable error status=503 attempt=3 delay=4000ms[39m
2026-10-04T02:44:20.9254895Z PASS test/wearables/wearables-module.integration.spec.ts
2026-10-04T02:44:21.5302556Z PASS test/scout/reconstruct/native/engine-handoff.spec.ts
2026-10-04T02:44:21.5989527Z [32m[Nest] 3688  - [39m10/04/2026, 2:44:21 AM [32m    LOG[39m [38;5;3m[ScoutReconstructService] [39m[32mscout.reconstruct completed {"intent_id":"intent-1","coach_id":"coach-a","staged":1,"reconstructed":1,"skipped":0,"failed":0}[39m
2026-10-04T02:44:21.5991519Z [32m[Nest] 3688  - [39m10/04/2026, 2:44:21 AM [32m    LOG[39m [38;5;3m[ScoutReconstructService] [39m[32mscout.reconstruct completed {"intent_id":"intent-1","coach_id":"coach-a","staged":1,"reconstructed":0,"skipped":1,"failed":0}[39m
2026-10-04T02:44:21.5993412Z [32m[Nest] 3688  - [39m10/04/2026, 2:44:21 AM [32m    LOG[39m [38;5;3m[ScoutReconstructService] [39m[32mscout.reconstruct completed {"intent_id":"intent-1","coach_id":"coach-a","staged":1,"reconstructed":1,"skipped":0,"failed":0}[39m
2026-10-04T02:44:21.5995717Z [32m[Nest] 3688  - [39m10/04/2026, 2:44:21 AM [32m    LOG[39m [38;5;3m[ScoutReconstructService] [39m[32mscout.reconstruct completed {"intent_id":"intent-1","coach_id":"coach-a","staged":1,"reconstructed":1,"skipped":0,"failed":0}[39m
2026-10-04T02:44:21.5999105Z [32m[Nest] 3688  - [39m10/04/2026, 2:44:21 AM [32m    LOG[39m [38;5;3m[ScoutReconstructService] [39m[32mscout.reconstruct completed {"intent_id":"intent-1","coach_id":"coach-a","staged":1,"reconstructed":1,"skipped":0,"failed":0}[39m
2026-10-04T02:44:21.6002504Z [32m[Nest] 3688  - [39m10/04/2026, 2:44:21 AM [32m    LOG[39m [38;5;3m[ScoutReconstructService] [39m[32mscout.reconstruct completed {"intent_id":"intent-1","coach_id":"coach-a","staged":1,"reconstructed":0,"skipped":1,"failed":0}[39m
2026-10-04T02:44:21.6006484Z [32m[Nest] 3688  - [39m10/04/2026, 2:44:21 AM [32m    LOG[39m [38;5;3m[ScoutReconstructService] [39m[32mscout.reconstruct completed {"intent_id":"intent-1","coach_id":"coach-a","staged":1,"reconstructed":1,"skipped":0,"failed":0}[39m
2026-10-04T02:44:21.6009278Z [32m[Nest] 3688  - [39m10/04/2026, 2:44:21 AM [32m    LOG[39m [38;5;3m[ScoutReconstructService] [39m[32mscout.reconstruct completed {"intent_id":"intent-1","coach_id":"coach-a","staged":2,"reconstructed":2,"skipped":0,"failed":0}[39m
2026-10-04T02:44:21.6011283Z [33m[Nest] 3688  - [39m10/04/2026, 2:44:21 AM [33m   WARN[39m [38;5;3m[ScoutReconstructService] [39m[33mscout.reconstruct completed with failures {"intent_id":"intent-1","coach_id":"coach-a","staged":1,"reconstructed":0,"skipped":0,"failed":1}[39m
2026-10-04T02:44:21.9894801Z PASS test/account-deletion/optional-tables-export-fence.spec.ts
2026-10-04T02:44:22.0300403Z [33m[Nest] 3688  - [39m10/04/2026, 2:44:21 AM [33m   WARN[39m [38;5;3m[DataExportService] [39m[33mDATA_EXPORT_TOKEN_SECRET is not set — using the insecure default. Set DATA_EXPORT_TOKEN_SECRET before going to production.[39m
2026-10-04T02:44:22.0304442Z [33m[Nest] 3688  - [39m10/04/2026, 2:44:21 AM [33m   WARN[39m [38;5;3m[DataExportService] [39m[33mDATA_EXPORT_TOKEN_SECRET is not set — using the insecure default. Set DATA_EXPORT_TOKEN_SECRET before going to production.[39m
2026-10-04T02:44:22.0307881Z [33m[Nest] 3688  - [39m10/04/2026, 2:44:21 AM [33m   WARN[39m [38;5;3m[DataExportService] [39m[33mDATA_EXPORT_TOKEN_SECRET is not set — using the insecure default. Set DATA_EXPORT_TOKEN_SECRET before going to production.[39m
2026-10-04T02:44:22.0311257Z [33m[Nest] 3688  - [39m10/04/2026, 2:44:21 AM [33m   WARN[39m [38;5;3m[DataExportService] [39m[33mDATA_EXPORT_TOKEN_SECRET is not set — using the insecure default. Set DATA_EXPORT_TOKEN_SECRET before going to production.[39m
2026-10-04T02:44:22.4891869Z PASS test/coach-payments-field-select.spec.ts
2026-10-04T02:44:22.6682816Z [31m[Nest] 3688  - [39m10/04/2026, 2:44:22 AM [31m  ERROR[39m [38;5;3m[GoogleMeetAdapter] [39m[31mGoogleMeetAdapter.createMeeting called but real implementation is not wired up; idempotencyKey=idem-1[39m
2026-10-04T02:44:22.6722793Z [31m[Nest] 3688  - [39m10/04/2026, 2:44:22 AM [31m  ERROR[39m [38;5;3m[ZoomVideoAdapter] [39m[31mZoomVideoAdapter.createMeeting called but real implementation is not wired up; idempotencyKey=idem-2[39m
2026-10-04T02:44:22.6745588Z [31m[Nest] 3688  - [39m10/04/2026, 2:44:22 AM [31m  ERROR[39m [38;5;3m[GoogleCalendarAdapter] [39m[31mGoogleCalendarAdapter.createEvent called but real implementation is not wired up; idempotencyKey=idem-3[39m
2026-10-04T02:44:22.7238080Z [33m[Nest] 3681  - [39m10/04/2026, 2:44:22 AM [33m   WARN[39m [38;5;3m[AnthropicAdapter] [39m[33m[anthropic] structured parse failed; attempting one repair: Unexpected token 'o', "not json at all" is not valid JSON[39m
2026-10-04T02:44:22.7240463Z [32m[Nest] 3681  - [39m10/04/2026, 2:44:22 AM [32m    LOG[39m [38;5;3m[AiEgressService] [39m[32mai_egress.refused surface=coach_ai.workout_program reason=no_live_grant clients=1 missing=1[39m
2026-10-04T02:44:22.7242136Z [33m[Nest] 3681  - [39m10/04/2026, 2:44:22 AM [33m   WARN[39m [38;5;3m[AnthropicAdapter] [39m[33m[anthropic] retryable error status=529 attempt=1 delay=250ms[39m
2026-10-04T02:44:22.7338141Z PASS test/qa-p0-launch-blockers.spec.ts
2026-10-04T02:44:22.9013935Z PASS test/ai/anthropic-adapter.spec.ts (6.213 s)
2026-10-04T02:44:22.9834649Z [32m[Nest] 3681  - [39m10/04/2026, 2:44:22 AM [32m    LOG[39m [38;5;3m[AiEgressService] [39m[32mai_egress.refused surface=coach_ai.workout_program reason=no_live_grant clients=1 missing=1[39m
2026-10-04T02:44:22.9837714Z [33m[Nest] 3681  - [39m10/04/2026, 2:44:22 AM [33m   WARN[39m [38;5;3m[AnthropicAdapter] [39m[33m[anthropic] structured parse failed; attempting one repair: Unexpected token 'o', "not json" is not valid JSON[39m
2026-10-04T02:44:22.9840891Z [32m[Nest] 3681  - [39m10/04/2026, 2:44:22 AM [32m    LOG[39m [38;5;3m[AiEgressService] [39m[32mai_egress.refused surface=coach_ai.workout_program reason=no_live_grant clients=1 missing=1[39m
2026-10-04T02:44:22.9846184Z [33m[Nest] 3681  - [39m10/04/2026, 2:44:22 AM [33m   WARN[39m [38;5;3m[AiEgressService] [39m[33mai_egress.consent_read_failed (treated as no grant)[39m
2026-10-04T02:44:22.9848937Z [32m[Nest] 3681  - [39m10/04/2026, 2:44:22 AM [32m    LOG[39m [38;5;3m[AiEgressService] [39m[32mai_egress.refused surface=coach_ai.workout_program reason=no_live_grant clients=1 missing=1[39m
2026-10-04T02:44:23.1274172Z PASS test/community/plan-context/plan-context.service.spec.ts
2026-10-04T02:44:23.2761511Z PASS test/purchase-fanout-coach-new-purchase.spec.ts
2026-10-04T02:44:23.3403065Z [95m[Nest] 3681  - [39m10/04/2026, 2:44:23 AM [95m  DEBUG[39m [38;5;3m[PurchaseFanoutService] [39m[95mfanout: package=pkg_1 has no contents — purchase=pur_1[39m
2026-10-04T02:44:23.3406420Z [95m[Nest] 3681  - [39m10/04/2026, 2:44:23 AM [95m  DEBUG[39m [38;5;3m[PurchaseFanoutService] [39m[95mfanout: package=pkg_1 has no contents — purchase=pur_1[39m
2026-10-04T02:44:23.3409648Z [95m[Nest] 3681  - [39m10/04/2026, 2:44:23 AM [95m  DEBUG[39m [38;5;3m[PurchaseFanoutService] [39m[95mfanout: package=pkg_1 has no contents — purchase=pur_1[39m
2026-10-04T02:44:23.3412332Z [95m[Nest] 3681  - [39m10/04/2026, 2:44:23 AM [95m  DEBUG[39m [38;5;3m[PurchaseFanoutService] [39m[95mcoach_new_purchase: marker already claimed for purchase=pur_1 (webhook replay)[39m
2026-10-04T02:44:23.3415833Z [95m[Nest] 3681  - [39m10/04/2026, 2:44:23 AM [95m  DEBUG[39m [38;5;3m[PurchaseFanoutService] [39m[95mfanout: package=pkg_1 has no contents — purchase=pur_1[39m
2026-10-04T02:44:23.3418257Z [95m[Nest] 3681  - [39m10/04/2026, 2:44:23 AM [95m  DEBUG[39m [38;5;3m[PurchaseFanoutService] [39m[95mfanout: package=pkg_1 has no contents — purchase=pur_1[39m
2026-10-04T02:44:23.3420629Z [95m[Nest] 3681  - [39m10/04/2026, 2:44:23 AM [95m  DEBUG[39m [38;5;3m[PurchaseFanoutService] [39m[95mfanout: package=pkg_1 has no contents — purchase=pur_1[39m
2026-10-04T02:44:23.4942052Z PASS test/team-mode-permissions.spec.ts
2026-10-04T02:44:24.2466256Z [32m[Nest] 3681  - [39m10/04/2026, 2:44:24 AM [32m    LOG[39m [38;5;3m[CoachBriefService] [39m[32mCoachBrief TTL prune: deleted 2 rows older than 2026-09-27 (retentionDays=7)[39m
2026-10-04T02:44:24.2469452Z [32m[Nest] 3681  - [39m10/04/2026, 2:44:24 AM [32m    LOG[39m [38;5;3m[CoachBriefService] [39m[32mCoachBrief TTL prune: deleted 0 rows older than 2026-09-27 (retentionDays=7)[39m
2026-10-04T02:44:24.2495549Z [32m[Nest] 3681  - [39m10/04/2026, 2:44:24 AM [32m    LOG[39m [38;5;3m[CoachBriefService] [39m[32mCoachBrief TTL prune: deleted 0 rows older than 2026-09-27 (retentionDays=7)[39m
2026-10-04T02:44:24.2526868Z [32m[Nest] 3681  - [39m10/04/2026, 2:44:24 AM [32m    LOG[39m [38;5;3m[CoachBriefService] [39m[32mCoachBrief TTL prune: deleted 1 rows older than 2026-09-04 (retentionDays=30)[39m
2026-10-04T02:44:24.3134963Z PASS test/coach-brief-ttl.spec.ts
2026-10-04T02:44:24.3499433Z [32m[Nest] 3681  - [39m10/04/2026, 2:44:24 AM [32m    LOG[39m [38;5;3m[CoachBriefService] [39m[32mCoachBrief TTL prune: deleted 3 rows older than 2026-09-20 (retentionDays=14)[39m
2026-10-04T02:44:24.3525646Z [32m[Nest] 3681  - [39m10/04/2026, 2:44:24 AM [32m    LOG[39m [38;5;3m[CoachBriefService] [39m[32mCoachBrief TTL prune: deleted 0 rows older than 2026-09-27 (retentionDays=7)[39m
2026-10-04T02:44:24.3585249Z [95m[Nest] 3681  - [39m10/04/2026, 2:44:24 AM [95m  DEBUG[39m [38;5;3m[CoachBriefScheduler] [39m[95mcoach brief TTL prune skipped — COACH_BRIEF_ENABLED=off[39m
2026-10-04T02:44:24.3587605Z [32m[Nest] 3681  - [39m10/04/2026, 2:44:24 AM [32m    LOG[39m [38;5;3m[CoachBriefService] [39m[32mCoachBrief TTL prune: deleted 0 rows older than 2026-09-27 (retentionDays=7)[39m
2026-10-04T02:44:25.3326863Z PASS test/contracts/importer-contract-extraction.spec.ts
2026-10-04T02:44:25.8178557Z PASS test/nudges.service.spec.ts
2026-10-04T02:44:26.0995444Z PASS test/payout-readiness.service.spec.ts
2026-10-04T02:44:26.2026377Z [33m[Nest] 3681  - [39m10/04/2026, 2:44:26 AM [33m   WARN[39m [38;5;3m[PayoutReadinessService] [39m[33mPayoutReadinessService refresh failed coach=coach-4: stripe down[39m
2026-10-04T02:44:26.5093918Z PASS test/scout/g2-s9-db-guard.spec.ts
2026-10-04T02:44:26.8794185Z PASS test/checkout-buyer-drops.spec.ts
2026-10-04T02:44:27.2295131Z PASS test/meal-plans.service.spec.ts
2026-10-04T02:44:27.6371911Z PASS test/notification-prefs.spec.ts
2026-10-04T02:44:27.8998703Z PASS test/entitlements.service.spec.ts
2026-10-04T02:44:28.2512893Z PASS src/notifications/__tests__/first-payment-throttle-rollback.integration.spec.ts
2026-10-04T02:44:28.8118039Z PASS test/sub-coach-idempotency.service.spec.ts
2026-10-04T02:44:29.1491973Z PASS test/booking-emitter.spec.ts
2026-10-04T02:44:29.2333454Z [33m[Nest] 3681  - [39m10/04/2026, 2:44:29 AM [33m   WARN[39m [38;5;3m[BookingEmitter] [39m[33mBookingEmitter booking_requested failed for user=coach-1: db down[39m
2026-10-04T02:44:29.7271906Z PASS test/stripe-webhook-fixtures.spec.ts
2026-10-04T02:44:30.1816241Z [31m[Nest] 3681  - [39m10/04/2026, 2:44:30 AM [31m  ERROR[39m [38;5;3m[Soc2EvidenceService] [39m[31mFailed to fetch audit log for snapshot: DB connection lost[39m
2026-10-04T02:44:30.1875291Z PASS test/soc2-evidence.spec.ts
2026-10-04T02:44:30.5565094Z PASS test/landing-pages.analytics.spec.ts
2026-10-04T02:44:30.9608663Z PASS test/messaging-voice.spec.ts
2026-10-04T02:44:31.9933939Z PASS test/ai-consent/ai-consent-dunning-lockout.e2e.spec.ts
2026-10-04T02:44:32.2276717Z PASS test/ci/r75-wiring.spec.ts (8.729 s)
2026-10-04T02:44:32.4605089Z PASS src/notifications/__tests__/first-payment-tx-rollback.integration.spec.ts
2026-10-04T02:44:32.8694747Z PASS test/scout/g2-s8c-db-guard.spec.ts
2026-10-04T02:44:33.1994871Z PASS test/slot-computer.spec.ts
2026-10-04T02:44:33.3184828Z PASS test/data-export-archive-inventory.spec.ts
2026-10-04T02:44:33.3546479Z [33m[Nest] 3688  - [39m10/04/2026, 2:44:33 AM [33m   WARN[39m [38;5;3m[DataExportService] [39m[33mDATA_EXPORT_TOKEN_SECRET is not set — using the insecure default. Set DATA_EXPORT_TOKEN_SECRET before going to production.[39m
2026-10-04T02:44:33.3606797Z [33m[Nest] 3688  - [39m10/04/2026, 2:44:33 AM [33m   WARN[39m [38;5;3m[DataExportService] [39m[33mDATA_EXPORT_TOKEN_SECRET is not set — using the insecure default. Set DATA_EXPORT_TOKEN_SECRET before going to production.[39m
2026-10-04T02:44:33.3609698Z [33m[Nest] 3688  - [39m10/04/2026, 2:44:33 AM [33m   WARN[39m [38;5;3m[DataExportService] [39m[33mDATA_EXPORT_TOKEN_SECRET is not set — using the insecure default. Set DATA_EXPORT_TOKEN_SECRET before going to production.[39m
2026-10-04T02:44:33.3612504Z [33m[Nest] 3688  - [39m10/04/2026, 2:44:33 AM [33m   WARN[39m [38;5;3m[DataExportService] [39m[33mDATA_EXPORT_TOKEN_SECRET is not set — using the insecure default. Set DATA_EXPORT_TOKEN_SECRET before going to production.[39m
2026-10-04T02:44:34.3735004Z PASS test/mobile-coach-billing.controller.spec.ts
2026-10-04T02:44:34.4440544Z PASS test/account-deletion/receipt-r2.spec.ts
2026-10-04T02:44:34.6481643Z PASS test/dunning-v2-copy.spec.ts
2026-10-04T02:44:34.9654881Z PASS test/mwb-program-deferred-delivery.spec.ts
2026-10-04T02:44:35.0255049Z PASS src/extension-pair/__tests__/durable-intent.spec.ts
2026-10-04T02:44:35.0336686Z [33m[Nest] 3681  - [39m10/04/2026, 2:44:34 AM [33m   WARN[39m [38;5;3m[ExtensionPairService] [39m[33msetup readiness read failed; readiness omitted (unknown)[39m
2026-10-04T02:44:35.0339954Z [32m[Nest] 3688  - [39m10/04/2026, 2:44:34 AM [32m    LOG[39m [38;5;3m[PurchaseFanoutService] [39m[32mPurchaseFanout: drop=drop-1 type=workout_program left pending for the drip dispatcher (program delivery runs in its own transaction)[39m
2026-10-04T02:44:35.2616157Z PASS src/community/wearable-prompts/__tests__/wearable-prompts.schema.spec.ts
2026-10-04T02:44:35.3987361Z PASS test/coach-onboarding.service.spec.ts
2026-10-04T02:44:35.8875081Z PASS test/wearables/wearable-samples.controller.spec.ts
2026-10-04T02:44:36.1085937Z {"timestamp":"2026-10-04T02:44:36.005Z","level":"log","context":"RoutesResolver","message":"DiagnosticController {/diagnostic-fixture}:"}
2026-10-04T02:44:36.1115165Z {"timestamp":"2026-10-04T02:44:36.010Z","level":"log","context":"RouterExplorer","message":"Mapped {/diagnostic-fixture/:id, GET} route"}
2026-10-04T02:44:36.1144965Z {"timestamp":"2026-10-04T02:44:36.014Z","level":"log","context":"NestApplication","message":"Nest application successfully started"}
2026-10-04T02:44:36.2842095Z PASS test/observability/orm-composed-http.spec.ts
2026-10-04T02:44:36.3315007Z PASS test/ptm-signal-hooks.spec.ts
2026-10-04T02:44:36.8255004Z PASS test/ai/client-ai-context-self-only.spec.ts
2026-10-04T02:44:36.9694961Z PASS test/owner-billing.controller.spec.ts
2026-10-04T02:44:37.0676232Z [33m[Nest] 3681  - [39m10/04/2026, 2:44:36 AM [33m   WARN[39m [38;5;3m[OwnerBillingController] [39m[33mstart-subscription Stripe error coach=coach-1 code=card_declined status=402[39m
2026-10-04T02:44:37.5794583Z PASS test/landing-pages.html.spec.ts
2026-10-04T02:44:38.2997030Z [31m[Nest] 3681  - [39m10/04/2026, 2:44:38 AM [31m  ERROR[39m [38;5;3m[ShareLinkService] [39m[31mFailed to mint unique share_token after 5 attempts for package pkg-1[39m
2026-10-04T02:44:38.4830004Z PASS test/share-link.service.spec.ts
2026-10-04T02:44:38.9035057Z PASS test/workout-program-controller-entitlement.spec.ts
2026-10-04T02:44:38.9272048Z PASS test/onboarding-clinic-programs.spec.ts
2026-10-04T02:44:38.9566457Z [33m[Nest] 3688  - [39m10/04/2026, 2:44:38 AM [33m   WARN[39m [38;5;3m[SubscriptionGuard] [39m[33m[enforce] coach=coach-1 state=none reason=missing_subscription route=POST /workout-programs/x/fork[39m
2026-10-04T02:44:38.9570440Z [33m[Nest] 3688  - [39m10/04/2026, 2:44:38 AM [33m   WARN[39m [38;5;3m[SubscriptionGuard] [39m[33m[enforce] coach=coach-1 state=none reason=missing_subscription route=POST /workout-programs/x/clone[39m
2026-10-04T02:44:38.9574351Z [33m[Nest] 3688  - [39m10/04/2026, 2:44:38 AM [33m   WARN[39m [38;5;3m[SubscriptionGuard] [39m[33m[enforce] coach=coach-1 state=none reason=missing_subscription route=POST /workout-programs/x/assignProgram[39m
2026-10-04T02:44:38.9577730Z [33m[Nest] 3688  - [39m10/04/2026, 2:44:38 AM [33m   WARN[39m [38;5;3m[SubscriptionGuard] [39m[33m[enforce] coach=coach-1 state=canceled reason=canceled route=POST /workout-programs/x/clone[39m
2026-10-04T02:44:39.4465332Z PASS src/talent-marketplace/public-listing.controller.spec.ts
2026-10-04T02:44:39.5160752Z PASS test/mwb-5-feature-flag-gating.spec.ts
2026-10-04T02:44:39.7103473Z PASS test/account.service.spec.ts
2026-10-04T02:44:39.9092442Z PASS test/subscription.guard.spec.ts
2026-10-04T02:44:39.9705727Z [33m[Nest] 3681  - [39m10/04/2026, 2:44:39 AM [33m   WARN[39m [38;5;3m[SubscriptionGuard] [39m[33m[enforce] coach=c state=past_due reason=past_due_grace_expired route=unknown unknown[39m
2026-10-04T02:44:39.9708911Z [33m[Nest] 3681  - [39m10/04/2026, 2:44:39 AM [33m   WARN[39m [38;5;3m[SubscriptionGuard] [39m[33m[enforce] coach=c state=free reason=tier_too_low route=unknown unknown[39m
2026-10-04T02:44:39.9711616Z [33m[Nest] 3681  - [39m10/04/2026, 2:44:39 AM [33m   WARN[39m [38;5;3m[SubscriptionGuard] [39m[33m[observe] coach=c state=free reason=tier_too_low route=unknown unknown[39m
2026-10-04T02:44:39.9714495Z [33m[Nest] 3681  - [39m10/04/2026, 2:44:39 AM [33m   WARN[39m [38;5;3m[SubscriptionGuard] [39m[33m[enforce] coach=c state=paused reason=paused route=unknown unknown[39m
2026-10-04T02:44:39.9717221Z [33m[Nest] 3681  - [39m10/04/2026, 2:44:39 AM [33m   WARN[39m [38;5;3m[SubscriptionGuard] [39m[33m[observe] coach=c state=canceled reason=canceled route=POST /v1/coach/me/clients[39m
2026-10-04T02:44:40.2454989Z PASS test/ai-coach-message-materialiser.spec.ts
2026-10-04T02:44:40.3480235Z [33m[Nest] 3688  - [39m10/04/2026, 2:44:40 AM [33m   WARN[39m [38;5;3m[CoachMessageMaterializer] [39m[33mCoachMessageMaterializer: payload validation failed for draft 11111111-1111-1111-1111-111111111111: [
2026-10-04T02:44:40.3494824Z   {
2026-10-04T02:44:40.3495475Z     "expected": "string",
2026-10-04T02:44:40.3496287Z     "code": "invalid_type",
2026-10-04T02:44:40.3497027Z     "path": [
2026-10-04T02:44:40.3497599Z       "clientId"
2026-10-04T02:44:40.3498187Z     ],
2026-10-04T02:44:40.3498860Z     "message": "clientId must be a UUID"
2026-10-04T02:44:40.3499603Z   },
2026-10-04T02:44:40.3500161Z   {
2026-10-04T02:44:40.3500725Z     "code": "unrecognized_keys",
2026-10-04T02:44:40.3501417Z     "keys": [
2026-10-04T02:44:40.3502038Z       "client"
2026-10-04T02:44:40.3502613Z     ],
2026-10-04T02:44:40.3503214Z     "path": [],
2026-10-04T02:44:40.3504227Z     "message": "Unrecognized key: \"client\""
2026-10-04T02:44:40.3505025Z   }
2026-10-04T02:44:40.3505738Z ][39m
2026-10-04T02:44:40.5815318Z PASS test/coach-billing.controller.spec.ts
2026-10-04T02:44:40.6206461Z PASS test/s-fee-first-published-backfill.spec.ts
2026-10-04T02:44:40.8453170Z PASS test/wearables/preferences.service.spec.ts
2026-10-04T02:44:41.0042971Z [31m[Nest] 3688  - [39m10/04/2026, 2:44:41 AM [31m  ERROR[39m [38;5;3m[TalentConnectAdapter] [39m[31mTalent Connect onboarding-link failed [4a5aa4fc-213b-4694-b64f-9f0204d34308] Error: stripe exploded with sk_[REDACTED] in the message[39m
2026-10-04T02:44:41.0399094Z [31m[Nest] 3688  - [39m10/04/2026, 2:44:41 AM [31m  ERROR[39m [38;5;3m[TalentConnectAdapter] [39m[31mTalent Connect onboarding-link unavailable [eb5f69dc-9572-4c71-bc93-8aadf157e9c0] ServiceUnavailableException: Stripe Connect is not configured on this environment.[39m
2026-10-04T02:44:41.0585807Z [31m[Nest] 3688  - [39m10/04/2026, 2:44:51 AM [31m  ERROR[39m [38;5;3m[TalentConnectAdapter] [39m[31mTalent Connect onboarding-link timed out after 10000ms[39m
2026-10-04T02:44:41.0913193Z [31m[Nest] 3688  - [39m10/04/2026, 2:44:41 AM [31m  ERROR[39m [38;5;3m[TalentConnectAdapter] [39m[31mTalent Connect status failed [ae140a9f-459c-4efe-88a4-c82575da10ef] Error: boom[39m
2026-10-04T02:44:41.0960046Z PASS test/talent-marketplace-connect-adapter.service.spec.ts
2026-10-04T02:44:42.4174905Z PASS test/community/classroom/community-classroom.e2e.spec.ts
2026-10-04T02:44:42.6356273Z PASS test/entitlement-guards-mounted.spec.ts
2026-10-04T02:44:43.3704789Z PASS test/c13-email-case-login.spec.ts
2026-10-04T02:44:43.7425240Z PASS test/scout/reconstruct/truecoach-entity.mapper.spec.ts
2026-10-04T02:44:43.9078656Z PASS test/auth/become-coach.free-tier.spec.ts
2026-10-04T02:44:44.1490875Z PASS test/packages-archive-guard.spec.ts
2026-10-04T02:44:44.2325207Z PASS test/community/cohorts/community-cohort-write.service.spec.ts
2026-10-04T02:44:44.3198492Z PASS test/scout/reconstruct/scout-reconstruct.migration.spec.ts
2026-10-04T02:44:44.6018000Z PASS test/team.service.spec.ts
2026-10-04T02:44:44.6952395Z PASS test/ci/r75-boundaries.spec.ts (32.87 s)
2026-10-04T02:44:44.7924921Z PASS test/team-revenue-sharing.spec.ts
2026-10-04T02:44:44.8876338Z [33m[Nest] 3688  - [39m10/04/2026, 2:44:44 AM [33m   WARN[39m [38;5;3m[TeamService] [39m[33mSOC2 audit write failed for revenue_sharing_changed: db down[39m
2026-10-04T02:44:45.2215367Z PASS src/extension-pair/__tests__/extension-pair-redeem-contract.spec.ts
2026-10-04T02:44:45.3507410Z PASS src/extension-pair/__tests__/readiness.spec.ts
2026-10-04T02:44:45.4386190Z [33m[Nest] 3681  - [39m10/04/2026, 2:44:45 AM [33m   WARN[39m [38;5;3m[ExtensionPairService] [39m[33msetup readiness read failed; readiness omitted (unknown)[39m
2026-10-04T02:44:45.4445356Z [33m[Nest] 3681  - [39m10/04/2026, 2:44:45 AM [33m   WARN[39m [38;5;3m[ExtensionPairService] [39m[33msetup readiness read failed; readiness omitted (unknown)[39m
2026-10-04T02:44:45.4475654Z [33m[Nest] 3681  - [39m10/04/2026, 2:44:45 AM [33m   WARN[39m [38;5;3m[ExtensionPairService] [39m[33msetup readiness read failed; readiness omitted (unknown)[39m
2026-10-04T02:44:45.4948102Z PASS test/admin-analytics.service.spec.ts
2026-10-04T02:44:45.9285069Z PASS test/webview-detect.middleware.spec.ts
2026-10-04T02:44:45.9844693Z PASS test/supabase-storage-provider.spec.ts
2026-10-04T02:44:46.0115811Z [95m[Nest] 3682  - [39m10/04/2026, 2:44:45 AM [95m  DEBUG[39m [38;5;3m[WebviewDetectMiddleware] [39m[95mwebview detected (Instagram) on /v1/packages/public/abc[39m
2026-10-04T02:44:46.0145337Z [95m[Nest] 3682  - [39m10/04/2026, 2:44:45 AM [95m  DEBUG[39m [38;5;3m[WebviewDetectMiddleware] [39m[95mwebview detected (Instagram) on /v1/packages/public/abc[39m
2026-10-04T02:44:46.0175281Z [95m[Nest] 3682  - [39m10/04/2026, 2:44:45 AM [95m  DEBUG[39m [38;5;3m[WebviewDetectMiddleware] [39m[95mwebview detected (Instagram) on /v1/packages/public/abc[39m
2026-10-04T02:44:46.0232523Z [33m[Nest] 3681  - [39m10/04/2026, 2:44:45 AM [33m   WARN[39m [38;5;3m[SupabaseStorageProvider] [39m[33mSupabase deleteObject(k) error: 404[39m
2026-10-04T02:44:46.2054288Z PASS test/roman/roman-sse-error-contract.spec.ts
2026-10-04T02:44:46.2664854Z PASS src/talent-marketplace/__tests__/public-listing.cursor.spec.ts
2026-10-04T02:44:46.7004669Z PASS test/ssrf-guard.spec.ts
2026-10-04T02:44:46.8784703Z PASS test/invite-landing.spec.ts
2026-10-04T02:44:46.9605025Z PASS test/scout/entities/scout-entities.rls.live.spec.ts
2026-10-04T02:44:47.7533112Z PASS test/mwb-sub-coach-day-access.spec.ts
2026-10-04T02:44:47.7553395Z PASS test/dunning-v2-lockout-guard.spec.ts
2026-10-04T02:44:47.8421390Z [33m[Nest] 3682  - [39m10/04/2026, 2:44:47 AM [33m   WARN[39m [38;5;3m[DunningLockoutGuard] [39m[33mDunningLockoutGuard lookup failed for user=u1: db down[39m
2026-10-04T02:44:48.0116052Z PASS test/digest.cron.spec.ts
2026-10-04T02:44:48.1700617Z PASS test/assignable-asset-resolver-workout.spec.ts
2026-10-04T02:44:48.2234828Z PASS test/community/voice/community-voice.e2e.spec.ts
2026-10-04T02:44:48.2904983Z PASS test/mwb-program-delivery.service.spec.ts
2026-10-04T02:44:48.3546795Z [32m[Nest] 3681  - [39m10/04/2026, 2:44:48 AM [32m    LOG[39m [38;5;3m[ProgramDeliveryService] [39m[32mdeliver: master=master-1 copy=4af6711a-3885-4236-87c3-8679626fb663 client=client-1 days=2 source=bulk_assign[39m
2026-10-04T02:44:48.4710235Z [31m[Nest] 3682  - [39m10/04/2026, 2:44:48 AM [31m  ERROR[39m [38;5;3m[PtmRecomputeService] [39m[31mPTM recompute failed (user=u-bad): synthetic per-user failure[39m
2026-10-04T02:44:48.4780364Z PASS test/ptm-recompute.service.spec.ts
2026-10-04T02:44:48.6220154Z PASS test/profile-lean-onboarding-contract.spec.ts
2026-10-04T02:44:48.9465423Z PASS src/talent-marketplace/anti-bot/__tests__/in-house-anti-bot.provider.spec.ts
2026-10-04T02:44:48.9673798Z PASS test/ci/r100-pathspec.spec.ts
2026-10-04T02:44:48.9828945Z PASS test/scout/entities/scout-entities.controller.spec.ts
2026-10-04T02:44:48.9936949Z [32m[Nest] 3688  - [39m10/04/2026, 2:44:48 AM [32m    LOG[39m [38;5;3m[InHouseAntiBotProvider] [39m[32mREDIS_URL unset — in-house anti-bot using in-memory counters[39m
2026-10-04T02:44:48.9956064Z [32m[Nest] 3688  - [39m10/04/2026, 2:44:48 AM [32m    LOG[39m [38;5;3m[InHouseAntiBotProvider] [39m[32mREDIS_URL unset — in-house anti-bot using in-memory counters[39m
2026-10-04T02:44:48.9958978Z [32m[Nest] 3688  - [39m10/04/2026, 2:44:48 AM [32m    LOG[39m [38;5;3m[InHouseAntiBotProvider] [39m[32mREDIS_URL unset — in-house anti-bot using in-memory counters[39m
2026-10-04T02:44:48.9962069Z [32m[Nest] 3688  - [39m10/04/2026, 2:44:48 AM [32m    LOG[39m [38;5;3m[InHouseAntiBotProvider] [39m[32mREDIS_URL unset — in-house anti-bot using in-memory counters[39m
2026-10-04T02:44:48.9965303Z [32m[Nest] 3688  - [39m10/04/2026, 2:44:48 AM [32m    LOG[39m [38;5;3m[InHouseAntiBotProvider] [39m[32mREDIS_URL unset — in-house anti-bot using in-memory counters[39m
2026-10-04T02:44:48.9968189Z [32m[Nest] 3688  - [39m10/04/2026, 2:44:48 AM [32m    LOG[39m [38;5;3m[InHouseAntiBotProvider] [39m[32mREDIS_URL unset — in-house anti-bot using in-memory counters[39m
2026-10-04T02:44:48.9971755Z [32m[Nest] 3688  - [39m10/04/2026, 2:44:48 AM [32m    LOG[39m [38;5;3m[InHouseAntiBotProvider] [39m[32mREDIS_URL unset — in-house anti-bot using in-memory counters[39m
2026-10-04T02:44:48.9974880Z [33m[Nest] 3688  - [39m10/04/2026, 2:44:48 AM [33m   WARN[39m [38;5;3m[InHouseAntiBotProvider] [39m[33manti-bot evaluate failed open: db down[39m
2026-10-04T02:44:49.3664235Z PASS test/thank-you.ssr.spec.ts
2026-10-04T02:44:49.3906142Z [32m[Nest] 3681  - [39m10/04/2026, 2:44:49 AM [32m    LOG[39m [38;5;3m[CheckoutIpRateLimiterService] [39m[32mCheckoutIpRateLimiterService: REDIS_URL unset — using in-memory limiter[39m
2026-10-04T02:44:49.3935844Z [32m[Nest] 3681  - [39m10/04/2026, 2:44:49 AM [32m    LOG[39m [38;5;3m[CheckoutIpRateLimiterService] [39m[32mCheckoutIpRateLimiterService: REDIS_URL unset — using in-memory limiter[39m
2026-10-04T02:44:49.3965746Z [32m[Nest] 3681  - [39m10/04/2026, 2:44:49 AM [32m    LOG[39m [38;5;3m[CheckoutIpRateLimiterService] [39m[32mCheckoutIpRateLimiterService: REDIS_URL unset — using in-memory limiter[39m
2026-10-04T02:44:49.3968681Z [32m[Nest] 3681  - [39m10/04/2026, 2:44:49 AM [32m    LOG[39m [38;5;3m[CheckoutIpRateLimiterService] [39m[32mCheckoutIpRateLimiterService: REDIS_URL unset — using in-memory limiter[39m
2026-10-04T02:44:49.4025440Z [32m[Nest] 3681  - [39m10/04/2026, 2:44:49 AM [32m    LOG[39m [38;5;3m[CheckoutIpRateLimiterService] [39m[32mCheckoutIpRateLimiterService: REDIS_URL unset — using in-memory limiter[39m
2026-10-04T02:44:49.4055439Z [32m[Nest] 3681  - [39m10/04/2026, 2:44:49 AM [32m    LOG[39m [38;5;3m[CheckoutIpRateLimiterService] [39m[32mCheckoutIpRateLimiterService: REDIS_URL unset — using in-memory limiter[39m
2026-10-04T02:44:49.4058125Z [32m[Nest] 3681  - [39m10/04/2026, 2:44:49 AM [32m    LOG[39m [38;5;3m[CheckoutIpRateLimiterService] [39m[32mCheckoutIpRateLimiterService: REDIS_URL unset — using in-memory limiter[39m
2026-10-04T02:44:49.4115514Z [32m[Nest] 3681  - [39m10/04/2026, 2:44:49 AM [32m    LOG[39m [38;5;3m[CheckoutIpRateLimiterService] [39m[32mCheckoutIpRateLimiterService: REDIS_URL unset — using in-memory limiter[39m
2026-10-04T02:44:49.4118181Z [32m[Nest] 3681  - [39m10/04/2026, 2:44:49 AM [32m    LOG[39m [38;5;3m[CheckoutIpRateLimiterService] [39m[32mCheckoutIpRateLimiterService: REDIS_URL unset — using in-memory limiter[39m
2026-10-04T02:44:49.4119616Z PASS test/checkout-rate-limiter.service.spec.ts
2026-10-04T02:44:49.4121519Z [32m[Nest] 3681  - [39m10/04/2026, 2:44:49 AM [32m    LOG[39m [38;5;3m[CheckoutIpRateLimiterService] [39m[32mCheckoutIpRateLimiterService: REDIS_URL unset — using in-memory limiter[39m
2026-10-04T02:44:49.4996085Z [32m[Nest] 3681  - [39m10/04/2026, 2:44:49 AM [32m    LOG[39m [38;5;3m[CheckoutIpRateLimiterService] [39m[32mCheckoutIpRateLimiterService: REDIS_URL unset — using in-memory limiter[39m
2026-10-04T02:44:50.1074656Z PASS test/community/community-v1-6-feature-flag.e2e.spec.ts
2026-10-04T02:44:50.8225978Z [31m[Nest] 3688  - [39m10/04/2026, 2:44:50 AM [31m  ERROR[39m [38;5;3m[AuthService] [39m[31mpair redeem: generateLink failed: no hashed_token[39m
2026-10-04T02:44:50.8315186Z [31m[Nest] 3688  - [39m10/04/2026, 2:44:50 AM [31m  ERROR[39m [38;5;3m[AuthService] [39m[31mpair redeem: verifyOtp failed: bad otp[39m
2026-10-04T02:44:50.8435198Z [31m[Nest] 3688  - [39m10/04/2026, 2:44:50 AM [31m  ERROR[39m [38;5;3m[AuthService] [39m[31mpair redeem: generateLink failed: supabase down[39m
2026-10-04T02:44:50.8734762Z PASS src/extension-pair/__tests__/auth-mint-extension-session.spec.ts
2026-10-04T02:44:51.3304926Z PASS test/profile-put-recompute.spec.ts
2026-10-04T02:44:51.7667026Z PASS test/transfer-orchestrator.service.spec.ts
2026-10-04T02:44:51.8564523Z [33m[Nest] 3682  - [39m10/04/2026, 2:44:51 AM [33m   WARN[39m [38;5;3m[TransferOrchestratorService] [39m[33mtransfer attempt failed purchase=p1 attempt=1: balance not available[39m
2026-10-04T02:44:51.8567935Z [33m[Nest] 3682  - [39m10/04/2026, 2:44:51 AM [33m   WARN[39m [38;5;3m[TransferOrchestratorService] [39m[33mtransfer attempt failed purchase=p1 attempt=1: boom[39m
2026-10-04T02:44:51.8659870Z PASS src/scout/scout.controller.spec.ts
2026-10-04T02:44:52.1979571Z PASS test/help-pages.spec.ts
2026-10-04T02:44:52.3739109Z PASS test/community/inbox/community-coach-inbox.service.spec.ts
2026-10-04T02:44:52.6944953Z PASS test/finance-federation.service.spec.ts
2026-10-04T02:44:52.8790313Z PASS test/engagement/workout-reminder.policy.spec.ts
2026-10-04T02:44:53.3535828Z PASS src/community/wearable-prompts/__tests__/wearable-prompts.clock.spec.ts
2026-10-04T02:44:53.3966481Z PASS test/scout/lifecycle/arbiter.spec.ts
2026-10-04T02:44:53.4125652Z [32m[Nest] 3688  - [39m06/14/2026, 12:00:00 AM [32m    LOG[39m [38;5;3m[WearablePromptsService] [39mObject(5) {
2026-10-04T02:44:53.4126924Z   event: [32m'community_wearable_prompts_generated'[39m,
2026-10-04T02:44:53.4127854Z   workspace_id: [32m'11111111-1111-1111-1111-111111111111'[39m,
2026-10-04T02:44:53.4128767Z   coach_id: [32m'22222222-2222-2222-2222-222222222222'[39m,
2026-10-04T02:44:53.4129465Z   generated_count: [33m1[39m,
2026-10-04T02:44:53.4130007Z   skipped_count: [33m0[39m
2026-10-04T02:44:53.4130433Z }
2026-10-04T02:44:53.4131545Z [32m[Nest] 3688  - [39m06/14/2026, 12:00:00 AM [32m    LOG[39m [38;5;3m[WearablePromptsService] [39mObject(5) {
2026-10-04T02:44:53.4132682Z   event: [32m'community_wearable_prompts_generated'[39m,
2026-10-04T02:44:53.4133855Z   workspace_id: [32m'11111111-1111-1111-1111-111111111111'[39m,
2026-10-04T02:44:53.4134769Z   coach_id: [32m'22222222-2222-2222-2222-222222222222'[39m,
2026-10-04T02:44:53.4135462Z   generated_count: [33m1[39m,
2026-10-04T02:44:53.4135993Z   skipped_count: [33m0[39m
2026-10-04T02:44:53.4136417Z }
2026-10-04T02:44:53.4137543Z [32m[Nest] 3688  - [39m06/14/2026, 11:00:00 PM [32m    LOG[39m [38;5;3m[WearablePromptsService] [39mObject(5) {
2026-10-04T02:44:53.4138606Z   event: [32m'community_wearable_prompts_generated'[39m,
2026-10-04T02:44:53.4139416Z   workspace_id: [32m'11111111-1111-1111-1111-111111111111'[39m,
2026-10-04T02:44:53.4140313Z   coach_id: [32m'22222222-2222-2222-2222-222222222222'[39m,
2026-10-04T02:44:53.4141041Z   generated_count: [33m0[39m,
2026-10-04T02:44:53.4141597Z   skipped_count: [33m1[39m
2026-10-04T02:44:53.4142040Z }
2026-10-04T02:44:53.4143194Z [32m[Nest] 3688  - [39m06/14/2026, 12:00:00 AM [32m    LOG[39m [38;5;3m[WearablePromptsService] [39mObject(5) {
2026-10-04T02:44:53.4144572Z   event: [32m'community_wearable_prompts_generated'[39m,
2026-10-04T02:44:53.4145429Z   workspace_id: [32m'11111111-1111-1111-1111-111111111111'[39m,
2026-10-04T02:44:53.4146253Z   coach_id: [32m'22222222-2222-2222-2222-222222222222'[39m,
2026-10-04T02:44:53.4146893Z   generated_count: [33m1[39m,
2026-10-04T02:44:53.4147392Z   skipped_count: [33m0[39m
2026-10-04T02:44:53.4147823Z }
2026-10-04T02:44:53.4148952Z [32m[Nest] 3688  - [39m06/15/2026, 12:00:00 AM [32m    LOG[39m [38;5;3m[WearablePromptsService] [39mObject(5) {
2026-10-04T02:44:53.4150104Z   event: [32m'community_wearable_prompts_generated'[39m,
2026-10-04T02:44:53.4151012Z   workspace_id: [32m'11111111-1111-1111-1111-111111111111'[39m,
2026-10-04T02:44:53.4151881Z   coach_id: [32m'22222222-2222-2222-2222-222222222222'[39m,
2026-10-04T02:44:53.4152562Z   generated_count: [33m1[39m,
2026-10-04T02:44:53.4153083Z   skipped_count: [33m0[39m
2026-10-04T02:44:53.4153496Z }
2026-10-04T02:44:53.9037115Z PASS test/billing/subscription-webhook.tier.spec.ts
2026-10-04T02:44:54.0144889Z PASS test/billing-audit.spec.ts
2026-10-04T02:44:54.0944956Z [33m[Nest] 3682  - [39m10/04/2026, 2:44:53 AM [33m   WARN[39m [38;5;3m[BillingService] [39m[33mSubscription sub_x for unknown customer cus_unknown[39m
2026-10-04T02:44:54.2215725Z PASS test/macro-calculator.spec.ts
2026-10-04T02:44:54.6161320Z [31m[Nest] 3682  - [39m10/04/2026, 2:44:54 AM [31m  ERROR[39m [38;5;3m[RecentAuthGuard] [39m[31mRECENT_AUTH_SECRET is not configured or is shorter than 32 characters — sensitive action blocked[39m
2026-10-04T02:44:54.7427618Z [31m[Nest] 3682  - [39m10/04/2026, 2:44:54 AM [31m  ERROR[39m [38;5;3m[RecentAuthGuard] [39m[31mRecentAuthGuard: nonce write failed for user=user-abc-123: connection timeout[39m
2026-10-04T02:44:54.7694650Z PASS test/recent-auth.guard.spec.ts
2026-10-04T02:44:54.8346075Z [33m[Nest] 3682  - [39m10/04/2026, 2:44:54 AM [33m   WARN[39m [38;5;3m[RecentAuthGuard] [39m[33mRecentAuthGuard: replay detected for user=user-abc-123 hmac_suffix=6fe45e7485eb21d8[39m
2026-10-04T02:44:54.8374395Z PASS test/scout/reconstruct/source-mapper-registry.spec.ts
2026-10-04T02:44:54.8435725Z [33m[Nest] 3682  - [39m10/04/2026, 2:44:54 AM [33m   WARN[39m [38;5;3m[RecentAuthGuard] [39m[33mRecentAuthGuard: replay detected for user=user-abc-123 hmac_suffix=6fe45e7485eb21d8[39m
2026-10-04T02:44:56.2809348Z PASS test/notifications.controller.spec.ts
2026-10-04T02:44:56.7044488Z PASS test/onboarding-consultation-answers.spec.ts
2026-10-04T02:44:57.3014999Z PASS test/auth-recent-auth-google-session.spec.ts
2026-10-04T02:44:57.5144850Z PASS src/roman/voice/__tests__/voice-policy.service.spec.ts
2026-10-04T02:44:57.8816962Z PASS test/engagement/welcome-message-idempotency.spec.ts
2026-10-04T02:44:58.5245068Z PASS test/workout-builder.controller-rbac.spec.ts
2026-10-04T02:44:58.8845819Z [32m[Nest] 3688  - [39m10/04/2026, 2:44:58 AM [32m    LOG[39m [38;5;3m[InviteCodesService] [39m[32mbulkInvite coach=coach-1 requested=2 created=2 rejected=0[39m
2026-10-04T02:44:58.8905432Z [32m[Nest] 3688  - [39m10/04/2026, 2:44:58 AM [32m    LOG[39m [38;5;3m[InviteCodesService] [39m[32mbulkInvite coach=coach-1 requested=1 created=1 rejected=0[39m
2026-10-04T02:44:58.8995547Z [32m[Nest] 3688  - [39m10/04/2026, 2:44:58 AM [32m    LOG[39m [38;5;3m[InviteCodesService] [39m[32mbulkInvite coach=coach-1 requested=3 created=1 rejected=2[39m
2026-10-04T02:44:58.9034315Z [32m[Nest] 3688  - [39m10/04/2026, 2:44:58 AM [32m    LOG[39m [38;5;3m[InviteCodesService] [39m[32mbulkInvite coach=coach-1 requested=2 created=2 rejected=0[39m
2026-10-04T02:44:58.9344630Z PASS test/invite-bulk-email.spec.ts
2026-10-04T02:44:58.9911415Z PASS test/ai-approval.service.spec.ts
2026-10-04T02:44:59.4620036Z PASS src/talent-marketplace/__tests__/job-listing.service.spec.ts
2026-10-04T02:44:59.7845990Z PASS src/talent-marketplace/__tests__/apply.controller.spec.ts
2026-10-04T02:45:00.1860407Z PASS test/split-ledger.service.spec.ts
2026-10-04T02:45:00.1866374Z PASS test/ai-credits-gateway-402.spec.ts
2026-10-04T02:45:00.4557661Z PASS test/fee-policy.service.spec.ts
2026-10-04T02:45:00.7330142Z PASS test/pr14-recurring-reconciler-branch.spec.ts
2026-10-04T02:45:00.8713297Z PASS test/timeline.controller.spec.ts
2026-10-04T02:45:00.9997642Z PASS test/onboarding-consent-copy.spec.ts
2026-10-04T02:45:01.0804896Z [33m[Nest] 3688  - [39m10/04/2026, 2:45:00 AM [33m   WARN[39m [38;5;3m[Onboarding] [39m[33mCONSULT_CONSENT_COPY_VERSIONS lists consult-consent-v2, which the server has no consent text for; those names are ignored[39m
2026-10-04T02:45:01.0811067Z [33m[Nest] 3688  - [39m10/04/2026, 2:45:00 AM [33m   WARN[39m [38;5;3m[Onboarding] [39m[33mCONSULT_CONSENT_COPY_VERSIONS lists consult-consent-v9, which the server has no consent text for; those names are ignored[39m
2026-10-04T02:45:01.3870838Z [31m[Nest] 3688  - [39m10/04/2026, 2:45:01 AM [31m  ERROR[39m [38;5;3m[GoogleCalendarWebhookController] [39m[31mGOOGLE_CALENDAR_WEBHOOK_TOKEN not set — rejecting webhook[39m
2026-10-04T02:45:01.3978375Z PASS test/google-calendar-webhook.controller.spec.ts
2026-10-04T02:45:01.4532511Z [32m[Nest] 3688  - [39m10/04/2026, 2:45:01 AM [32m    LOG[39m [38;5;3m[GoogleCalendarWebhookController] [39m[32mGoogleCalendar webhook sync handshake channel=ch-1[39m
2026-10-04T02:45:01.4572452Z [32m[Nest] 3688  - [39m10/04/2026, 2:45:01 AM [32m    LOG[39m [38;5;3m[GoogleCalendarWebhookController] [39m[32mGoogleCalendar webhook channel=ch-1 state=exists msg=42[39m
2026-10-04T02:45:01.4596329Z [95m[Nest] 3688  - [39m10/04/2026, 2:45:01 AM [95m  DEBUG[39m [38;5;3m[GoogleCalendarWebhookController] [39m[95mSync trigger is a no-op in v1 — channel=ch-1 state=exists[39m
2026-10-04T02:45:01.6806528Z PASS test/ptm-weighted-report.spec.ts
2026-10-04T02:45:02.0962620Z PASS test/support-email.guard.spec.ts
2026-10-04T02:45:02.1044099Z PASS test/cross-tenant-isolation.spec.ts
2026-10-04T02:45:02.7145216Z PASS test/account-deletion/recipe-erasure.spec.ts
2026-10-04T02:45:03.1478352Z PASS test/redis-throttler.spec.ts
2026-10-04T02:45:03.2274372Z [32m[Nest] 3688  - [39m10/04/2026, 2:45:03 AM [32m    LOG[39m [38;5;3m[ThrottlerConfig] [39m[32mREDIS_URL not set -- using in-memory throttler tracker. Limits do NOT cross Fly machines.[39m
2026-10-04T02:45:03.2315863Z [32m[Nest] 3688  - [39m10/04/2026, 2:45:03 AM [32m    LOG[39m [38;5;3m[ThrottlerConfig] [39m[32mREDIS_URL not set -- using in-memory throttler tracker. Limits do NOT cross Fly machines.[39m
2026-10-04T02:45:03.9089637Z PASS test/community/ai-triage/triage-cache.service.spec.ts
2026-10-04T02:45:04.3979516Z PASS test/account-deletion/apple-token-revocation.spec.ts
2026-10-04T02:45:04.4546714Z [33m[Nest] 3688  - [39m10/04/2026, 2:45:04 AM [33m   WARN[39m [38;5;3m[AppleTokenRevocationService] [39m[33mApple token revocation skipped for user=u1: Sign in with Apple key not configured[39m
2026-10-04T02:45:04.4565749Z [33m[Nest] 3688  - [39m10/04/2026, 2:45:04 AM [33m   WARN[39m [38;5;3m[AppleTokenRevocationService] [39m[33mApple token exchange failed for user=u1: HTTP 400[39m
2026-10-04T02:45:04.4568272Z [33m[Nest] 3688  - [39m10/04/2026, 2:45:04 AM [33m   WARN[39m [38;5;3m[AppleTokenRevocationService] [39m[33mApple token exchange error for user=u1: network down[39m
2026-10-04T02:45:04.4570593Z [33m[Nest] 3688  - [39m10/04/2026, 2:45:04 AM [33m   WARN[39m [38;5;3m[AppleTokenRevocationService] [39m[33mApple token revoke failed for user=u1: HTTP 500[39m
2026-10-04T02:45:04.4954897Z PASS test/google-oauth.service.spec.ts
2026-10-04T02:45:04.5686086Z [33m[Nest] 3682  - [39m10/04/2026, 2:45:04 AM [33m   WARN[39m [38;5;3m[KmsService] [39m[33mKMS not configured — secrets will be persisted with a PLAINTEXT: prefix. Set KMS_MASTER_KEY before production.[39m
2026-10-04T02:45:04.5688935Z [95m[Nest] 3682  - [39m10/04/2026, 2:45:04 AM [95m  DEBUG[39m [38;5;3m[GoogleOAuthService] [39m[95mNo CalendarConnection row yet for userId=u-1; refresh token kept in process stash for this run.[39m
2026-10-04T02:45:05.0424620Z PASS test/bloodwork-kms.spec.ts
2026-10-04T02:45:05.1306692Z [33m[Nest] 3682  - [39m10/04/2026, 2:45:05 AM [33m   WARN[39m [38;5;3m[KmsService] [39m[33mKMS not configured — secrets will be persisted with a PLAINTEXT: prefix. Set KMS_MASTER_KEY before production.[39m
2026-10-04T02:45:05.9980279Z PASS test/wearables/on-device-connection.spec.ts
2026-10-04T02:45:06.1746125Z PASS test/wearables/ingest-contract.spec.ts
2026-10-04T02:45:07.1975883Z PASS test/admin-console.service.spec.ts
2026-10-04T02:45:07.8394779Z PASS test/c13-fix-round.spec.ts
2026-10-04T02:45:07.9208168Z [33m[Nest] 3688  - [39m10/04/2026, 2:45:07 AM [33m   WARN[39m [38;5;3m[SubCoachScopeService] [39m[33msub-coach scope: user=free-coach-who-bought-a-package has role=coach and coach_id=head-coach but no membership relation (TeamSubCoachAssignment / SubCoachAssignment); treating as head coach of own roster, NOT as a sub-coach[39m
2026-10-04T02:45:07.9846151Z [31m[Nest] 3682  - [39m10/04/2026, 2:45:07 AM [31m  ERROR[39m [38;5;3m[WellKnownController] [39m[31mAPPLE_TEAM_ID unset in production — refusing to serve stub AASA. Set APPLE_TEAM_ID and redeploy.[39m
2026-10-04T02:45:08.0626432Z [31m[Nest] 3682  - [39m10/04/2026, 2:45:08 AM [31m  ERROR[39m [38;5;3m[WellKnownController] [39m[31mAPPLE_TEAM_ID unset in production — refusing to serve stub AASA. Set APPLE_TEAM_ID and redeploy.[39m
2026-10-04T02:45:08.1557579Z [31m[Nest] 3682  - [39m10/04/2026, 2:45:08 AM [31m  ERROR[39m [38;5;3m[WellKnownController] [39m[31mANDROID_CERT_SHA256_FINGERPRINTS unset in production — refusing to serve stub assetlinks.json. Set ANDROID_CERT_SHA256_FINGERPRINTS (or ANDROID_SHA256_FINGERPRINT) and redeploy.[39m
2026-10-04T02:45:08.1624497Z PASS test/well-known.controller.spec.ts
2026-10-04T02:45:08.4874865Z PASS test/observability/metrics-auth.spec.ts
2026-10-04T02:45:08.9275101Z PASS test/coach-alerts-push-delivery.spec.ts
2026-10-04T02:45:09.3527643Z PASS test/community/challenges/community-challenges-controller-guards.spec.ts
2026-10-04T02:45:09.5211593Z PASS test/availability-overrides.spec.ts
2026-10-04T02:45:09.5654665Z PASS test/observability/prom-metrics.spec.ts
2026-10-04T02:45:09.9025533Z PASS test/contracts/checkout-contract-gate.spec.ts
2026-10-04T02:45:10.0059030Z PASS test/wearables/maintenance/wearable-processed-event-prune.service.spec.ts
2026-10-04T02:45:10.3461890Z PASS src/community/search/__tests__/community-search.service.spec.ts
2026-10-04T02:45:10.3885977Z [32m[Nest] 3682  - [39m10/04/2026, 2:45:10 AM [32m    LOG[39m [38;5;3m[CommunitySearchService] [39mObject(7) {
2026-10-04T02:45:10.3887371Z   event: [32m'community_search_query'[39m,
2026-10-04T02:45:10.3934536Z   workspace_id: [32m'11111111-1111-1111-1111-111111111111'[39m,
2026-10-04T02:45:10.3949333Z   user_id: [32m'44444444-4444-4444-4444-444444444444'[39m,
2026-10-04T02:45:10.4001208Z   term_length: [33m5[39m,
2026-10-04T02:45:10.4012112Z   kind: [1mnull[22m,
2026-10-04T02:45:10.4012871Z   result_count: [33m1[39m,
2026-10-04T02:45:10.4013779Z   took_ms: [33m1[39m
2026-10-04T02:45:10.4014347Z }
2026-10-04T02:45:10.4015585Z [32m[Nest] 3682  - [39m10/04/2026, 2:45:10 AM [32m    LOG[39m [38;5;3m[CommunitySearchService] [39mObject(7) {
2026-10-04T02:45:10.4016773Z   event: [32m'community_search_query'[39m,
2026-10-04T02:45:10.4017760Z   workspace_id: [32m'11111111-1111-1111-1111-111111111111'[39m,
2026-10-04T02:45:10.4018806Z   user_id: [32m'44444444-4444-4444-4444-444444444444'[39m,
2026-10-04T02:45:10.4019594Z   term_length: [33m4[39m,
2026-10-04T02:45:10.4020229Z   kind: [1mnull[22m,
2026-10-04T02:45:10.4020834Z   result_count: [33m1[39m,
2026-10-04T02:45:10.4021459Z   took_ms: [33m1[39m
2026-10-04T02:45:10.4021995Z }
2026-10-04T02:45:10.4023243Z [32m[Nest] 3682  - [39m10/04/2026, 2:45:10 AM [32m    LOG[39m [38;5;3m[CommunitySearchService] [39mObject(7) {
2026-10-04T02:45:10.4024622Z   event: [32m'community_search_query'[39m,
2026-10-04T02:45:10.4025578Z   workspace_id: [32m'11111111-1111-1111-1111-111111111111'[39m,
2026-10-04T02:45:10.4026526Z   user_id: [32m'44444444-4444-4444-4444-444444444444'[39m,
2026-10-04T02:45:10.4027358Z   term_length: [33m4[39m,
2026-10-04T02:45:10.4028018Z   kind: [1mnull[22m,
2026-10-04T02:45:10.4028648Z   result_count: [33m0[39m,
2026-10-04T02:45:10.4029290Z   took_ms: [33m0[39m
2026-10-04T02:45:10.4029826Z }
2026-10-04T02:45:10.4031020Z [32m[Nest] 3682  - [39m10/04/2026, 2:45:10 AM [32m    LOG[39m [38;5;3m[CommunitySearchService] [39mObject(7) {
2026-10-04T02:45:10.4032164Z   event: [32m'community_search_query'[39m,
2026-10-04T02:45:10.4033137Z   workspace_id: [32m'11111111-1111-1111-1111-111111111111'[39m,
2026-10-04T02:45:10.4034359Z   user_id: [32m'44444444-4444-4444-4444-444444444444'[39m,
2026-10-04T02:45:10.4035144Z   term_length: [33m4[39m,
2026-10-04T02:45:10.4035777Z   kind: [1mnull[22m,
2026-10-04T02:45:10.4036409Z   result_count: [33m1[39m,
2026-10-04T02:45:10.4036967Z   took_ms: [33m1[39m
2026-10-04T02:45:10.4037410Z }
2026-10-04T02:45:10.4038389Z [32m[Nest] 3682  - [39m10/04/2026, 2:45:10 AM [32m    LOG[39m [38;5;3m[CommunitySearchService] [39mObject(7) {
2026-10-04T02:45:10.4039331Z   event: [32m'community_search_query'[39m,
2026-10-04T02:45:10.4040104Z   workspace_id: [32m'11111111-1111-1111-1111-111111111111'[39m,
2026-10-04T02:45:10.4040910Z   user_id: [32m'44444444-4444-4444-4444-444444444444'[39m,
2026-10-04T02:45:10.4041976Z   term_length: [33m14[39m,
2026-10-04T02:45:10.4042498Z   kind: [1mnull[22m,
2026-10-04T02:45:10.4043015Z   result_count: [33m1[39m,
2026-10-04T02:45:10.4043980Z   took_ms: [33m1[39m
2026-10-04T02:45:10.4044476Z }
2026-10-04T02:45:10.4177114Z PASS test/scout/g2-s8f-db-guard.spec.ts
2026-10-04T02:45:10.6517632Z PASS test/reconciliation.service.spec.ts
2026-10-04T02:45:10.7419767Z [33m[Nest] 3682  - [39m10/04/2026, 2:45:10 AM [33m   WARN[39m [38;5;3m[ReconciliationService] [39m[33mresolveChargeId failed pi=pi_dead: stripe down[39m
2026-10-04T02:45:10.8667283Z PASS test/observability/prom-metrics-extended.spec.ts
2026-10-04T02:45:11.0588693Z PASS test/kms.service.spec.ts
2026-10-04T02:45:11.1031373Z [33m[Nest] 3682  - [39m10/04/2026, 2:45:11 AM [33m   WARN[39m [38;5;3m[KmsService] [39m[33mKMS not configured — secrets will be persisted with a PLAINTEXT: prefix. Set KMS_MASTER_KEY before production.[39m
2026-10-04T02:45:11.1035269Z [33m[Nest] 3682  - [39m10/04/2026, 2:45:11 AM [33m   WARN[39m [38;5;3m[KmsService] [39m[33mKMS not configured — secrets will be persisted with a PLAINTEXT: prefix. Set KMS_MASTER_KEY before production.[39m
2026-10-04T02:45:11.1448603Z PASS test/notification-local-time.spec.ts
2026-10-04T02:45:11.2174483Z [33m[Nest] 3688  - [39m10/04/2026, 2:45:11 AM [33m   WARN[39m [38;5;3m[RecipientTimeZone] [39m[33mtime zone lookup failed for user=u; writing copy without a clock time: Error[39m
2026-10-04T02:45:11.3660408Z PASS test/sub-coach-invite-reissue.spec.ts
2026-10-04T02:45:11.9131363Z PASS test/engagement/engagement-flags.spec.ts
2026-10-04T02:45:12.2622337Z PASS test/wearables/wearables-throttle-isolation.spec.ts
2026-10-04T02:45:12.7484093Z PASS src/talent-marketplace/__tests__/apply.controller.http.spec.ts
2026-10-04T02:45:12.7896939Z PASS test/community/challenges/community-challenges-cross-surface.spec.ts
2026-10-04T02:45:13.6304681Z PASS test/notification-timezone-provenance.spec.ts
2026-10-04T02:45:13.7144919Z PASS test/scout/reconstruct/scout-reconstruct.controller.spec.ts
2026-10-04T02:45:13.9555071Z PASS test/seed-clinic-programs.spec.ts (24.529 s)
2026-10-04T02:45:15.2134777Z PASS test/gcal-watch-startup.spec.ts
2026-10-04T02:45:15.8023099Z PASS test/auth-recent-auth-google-session-deletion.spec.ts
2026-10-04T02:45:15.8635678Z [33m[Nest] 3682  - [39m10/04/2026, 2:45:15 AM [33m   WARN[39m [38;5;3m[RecentAuthGuard] [39m[33mRecentAuthGuard: replay detected for user=u-google hmac_suffix=7c23d8f0226e951e[39m
2026-10-04T02:45:16.8607743Z PASS test/admin-ptm.controller.spec.ts
2026-10-04T02:45:17.0345261Z PASS src/talent-marketplace/__tests__/admin-applications.controller.http.spec.ts
2026-10-04T02:45:17.3338658Z PASS test/nudge-v1-prefs-and-copy.spec.ts
2026-10-04T02:45:17.3447187Z PASS test/mux.service.spec.ts
2026-10-04T02:45:17.3956448Z PASS test/stripe-api.service.spec.ts
2026-10-04T02:45:17.9481942Z PASS test/auth.service.spec.ts
2026-10-04T02:45:18.0887405Z PASS src/extension-pair/__tests__/extension-pair.controller-wiring.spec.ts
2026-10-04T02:45:18.1530332Z PASS test/dns-verifier.spec.ts
2026-10-04T02:45:18.3343991Z PASS test/scout/reconstruct/scout-reconstructed-entity.migration.spec.ts
2026-10-04T02:45:18.5454846Z PASS test/roman/roman.prompts.spec.ts
2026-10-04T02:45:18.5613395Z [31m[Nest] 3688  - [39m10/04/2026, 2:45:18 AM [31m  ERROR[39m [38;5;3m[BillingService] [39m[31mStripe event handler failed event=evt_rb type=checkout.session.completed: rolled_back[39m
2026-10-04T02:45:18.6216537Z PASS test/billing-drip-alert-flush.spec.ts
2026-10-04T02:45:18.6573005Z [33m[Nest] 3688  - [39m10/04/2026, 2:45:18 AM [33m   WARN[39m [38;5;3m[BillingService] [39m[33mdrip alert flush failed purchase=cp-3: push provider down[39m
2026-10-04T02:45:18.6581308Z [33m[Nest] 3688  - [39m10/04/2026, 2:45:18 AM [33m   WARN[39m [38;5;3m[BillingService] [39m[33mtx-rollback observability: event=evt_rb type=checkout.session.completed purchase=cp-rollback — splits/workout-ledger/auto-message-markers committed outside the outer tx will be reconciled by Stripe retry + per-resolver stable-key idempotency; check SplitLedgerEntry, WorkoutBuilderIdempotencyKey (key=drip:workout:p=cp-rollback:c=*), DripResolverMarker(purpose=auto_message, purchase_id=cp-rollback) on persistent failure[39m
2026-10-04T02:45:18.7057623Z PASS test/engagement/welcome-settings.spec.ts
2026-10-04T02:45:19.0194019Z PASS test/first-win.controller.spec.ts
2026-10-04T02:45:19.2283751Z PASS test/scout/orchestration/family-plan.spec.ts
2026-10-04T02:45:19.4269210Z PASS test/exercise-catalog.service.spec.ts
2026-10-04T02:45:19.7025948Z PASS test/coach.service.spec.ts
2026-10-04T02:45:20.1404628Z PASS test/coach-empty-states.e2e.spec.ts
2026-10-04T02:45:20.5683462Z PASS test/scout/roster/scout-roster.controller.spec.ts
2026-10-04T02:45:20.9805223Z PASS src/talent-marketplace/__tests__/applicant-tracking.controller.spec.ts
2026-10-04T02:45:21.1776274Z PASS test/scout/g2-s7l-db-guard.spec.ts
2026-10-04T02:45:21.4035348Z PASS test/calendar-oauth-kms.spec.ts
2026-10-04T02:45:21.4942575Z [95m[Nest] 3688  - [39m10/04/2026, 2:45:21 AM [95m  DEBUG[39m [38;5;3m[GoogleOAuthService] [39m[95mNo CalendarConnection row yet for userId=user-2; refresh token kept in process stash for this run.[39m
2026-10-04T02:45:21.8964857Z PASS src/talent-marketplace/__tests__/admin-moderation.controller.spec.ts
2026-10-04T02:45:21.9927252Z PASS test/purchase-fanout-hooks.spec.ts
2026-10-04T02:45:22.0486335Z [95m[Nest] 3688  - [39m10/04/2026, 2:45:21 AM [95m  DEBUG[39m [38;5;3m[PurchaseFanoutService] [39m[95mfanout: skipping drop seed for purchase=cp-1 (no engine tables on tx)[39m
2026-10-04T02:45:22.0489472Z [95m[Nest] 3688  - [39m10/04/2026, 2:45:21 AM [95m  DEBUG[39m [38;5;3m[PurchaseFanoutService] [39m[95mfanout: skipping drop seed for purchase=cp-2 (no engine tables on tx)[39m
2026-10-04T02:45:22.0515533Z [95m[Nest] 3688  - [39m10/04/2026, 2:45:21 AM [95m  DEBUG[39m [38;5;3m[PurchaseFanoutService] [39m[95mfanout: skipping drop seed for purchase=cp-3 (no engine tables on tx)[39m
2026-10-04T02:45:22.0545480Z [95m[Nest] 3688  - [39m10/04/2026, 2:45:21 AM [95m  DEBUG[39m [38;5;3m[PurchaseFanoutService] [39m[95mfanout: skipping drop seed for purchase=cp-3 (no engine tables on tx)[39m
2026-10-04T02:45:22.7406046Z PASS test/landing-pages.controller.spec.ts
2026-10-04T02:45:23.2148631Z PASS test/scout/g2-s8b-db-guard.spec.ts
2026-10-04T02:45:24.1783236Z PASS src/talent-marketplace/__tests__/admin-moderation.controller.http.spec.ts
2026-10-04T02:45:24.5385765Z PASS src/community/challenges/__tests__/pagination.dto.spec.ts
2026-10-04T02:45:25.4304977Z PASS test/team-mode-tier-resolver.spec.ts
2026-10-04T02:45:26.0137657Z PASS test/cross-pillar.service.spec.ts
2026-10-04T02:45:26.9105318Z PASS test/sprint-b-pearson.spec.ts
2026-10-04T02:45:27.5272084Z PASS test/oauth-coach-signup-ceiling.spec.ts
2026-10-04T02:45:27.5393887Z [33m[Nest] 3688  - [39m10/04/2026, 2:45:27 AM [33m   WARN[39m [38;5;3m[LoginThrottleResetService] [39m[33moauth coach signup ceiling hit for oauth-coach-signup:ip:192.0.2.1 (6/5 per hour)[39m
2026-10-04T02:45:27.5399570Z [33m[Nest] 3688  - [39m10/04/2026, 2:45:27 AM [33m   WARN[39m [38;5;3m[LoginThrottleResetService] [39m[33moauth coach signup ceiling hit for oauth-coach-signup:ip:192.0.2.1 (6/5 per hour)[39m
2026-10-04T02:45:27.5402759Z [33m[Nest] 3688  - [39m10/04/2026, 2:45:27 AM [33m   WARN[39m [38;5;3m[LoginThrottleResetService] [39m[33moauth coach signup ceiling hit for oauth-coach-signup:ip:192.0.2.1 (6/5 per hour)[39m
2026-10-04T02:45:27.5406047Z [33m[Nest] 3688  - [39m10/04/2026, 2:45:27 AM [33m   WARN[39m [38;5;3m[LoginThrottleResetService] [39m[33moauth coach signup ceiling hit for oauth-coach-signup:ip:192.0.2.1 (6/5 per hour)[39m
2026-10-04T02:45:27.5409075Z [33m[Nest] 3688  - [39m10/04/2026, 2:45:27 AM [33m   WARN[39m [38;5;3m[LoginThrottleResetService] [39m[33moauth coach signup ceiling hit for oauth-coach-signup:ip:192.0.2.1 (6/5 per hour)[39m
2026-10-04T02:45:27.5412420Z [33m[Nest] 3688  - [39m10/04/2026, 2:45:27 AM [33m   WARN[39m [38;5;3m[LoginThrottleResetService] [39m[33moauth coach signup ceiling hit for oauth-coach-signup:ip:192.0.2.1 (6/5 per hour)[39m
2026-10-04T02:45:27.5416125Z [33m[Nest] 3688  - [39m10/04/2026, 2:45:27 AM [33m   WARN[39m [38;5;3m[LoginThrottleResetService] [39m[33moauth coach signup ceiling hit for oauth-coach-signup:ip:192.0.2.1 (6/5 per hour)[39m
2026-10-04T02:45:27.5419296Z [33m[Nest] 3688  - [39m10/04/2026, 2:45:27 AM [33m   WARN[39m [38;5;3m[LoginThrottleResetService] [39m[33moauth coach signup ceiling hit for oauth-coach-signup:ip:192.0.2.1 (6/5 per hour)[39m
2026-10-04T02:45:27.5422404Z [33m[Nest] 3688  - [39m10/04/2026, 2:45:27 AM [33m   WARN[39m [38;5;3m[LoginThrottleResetService] [39m[33moauth coach signup ceiling hit for oauth-coach-signup:ip:unknown (6/5 per hour)[39m
2026-10-04T02:45:27.5425920Z [33m[Nest] 3688  - [39m10/04/2026, 2:45:27 AM [33m   WARN[39m [38;5;3m[LoginThrottleResetService] [39m[33moauth coach signup ceiling hit for oauth-coach-signup:ip:198.51.100.9 (3/2 per hour)[39m
2026-10-04T02:45:27.5429502Z [33m[Nest] 3688  - [39m10/04/2026, 2:45:27 AM [33m   WARN[39m [38;5;3m[LoginThrottleResetService] [39m[33moauth coach signup ceiling unavailable for oauth-coach-signup:ip:203.0.113.5 (fail closed): Stream isn't writeable[39m
2026-10-04T02:45:27.5436606Z [33m[Nest] 3688  - [39m10/04/2026, 2:45:27 AM [33m   WARN[39m [38;5;3m[LoginThrottleResetService] [39m[33moauth coach signup ceiling hit for oauth-coach-signup:ip:203.0.113.83-1791081927421 (6/5 per hour)[39m
2026-10-04T02:45:27.5440046Z [33m[Nest] 3688  - [39m10/04/2026, 2:45:27 AM [33m   WARN[39m [38;5;3m[LoginThrottleResetService] [39m[33moauth coach signup ceiling hit for oauth-coach-signup:ip:203.0.113.83-1791081927421 (7/5 per hour)[39m
2026-10-04T02:45:27.5443464Z [33m[Nest] 3688  - [39m10/04/2026, 2:45:27 AM [33m   WARN[39m [38;5;3m[LoginThrottleResetService] [39m[33moauth coach signup ceiling hit for oauth-coach-signup:ip:203.0.113.83-1791081927421 (8/5 per hour)[39m
2026-10-04T02:45:27.5447174Z [33m[Nest] 3688  - [39m10/04/2026, 2:45:27 AM [33m   WARN[39m [38;5;3m[LoginThrottleResetService] [39m[33moauth coach signup ceiling hit for oauth-coach-signup:ip:203.0.113.83-1791081927421 (9/5 per hour)[39m
2026-10-04T02:45:27.5450588Z [33m[Nest] 3688  - [39m10/04/2026, 2:45:27 AM [33m   WARN[39m [38;5;3m[LoginThrottleResetService] [39m[33moauth coach signup ceiling hit for oauth-coach-signup:ip:203.0.113.83-1791081927421 (10/5 per hour)[39m
2026-10-04T02:45:27.5454298Z [33m[Nest] 3688  - [39m10/04/2026, 2:45:27 AM [33m   WARN[39m [38;5;3m[LoginThrottleResetService] [39m[33moauth coach signup ceiling hit for oauth-coach-signup:ip:203.0.113.83-1791081927421 (11/5 per hour)[39m
2026-10-04T02:45:27.5457711Z [33m[Nest] 3688  - [39m10/04/2026, 2:45:27 AM [33m   WARN[39m [38;5;3m[LoginThrottleResetService] [39m[33moauth coach signup ceiling hit for oauth-coach-signup:ip:203.0.113.83-1791081927421 (12/5 per hour)[39m
2026-10-04T02:45:27.9742475Z PASS test/team-mode-invite-attribution.spec.ts
2026-10-04T02:45:28.2230161Z PASS test/coach-consent-gating.spec.ts
2026-10-04T02:45:28.9498945Z PASS test/command-center.controller.spec.ts
2026-10-04T02:45:29.3812626Z PASS test/coach-onboarding.controller.spec.ts
2026-10-04T02:45:29.7300059Z PASS test/community/classroom/pinned-ordering.spec.ts
2026-10-04T02:45:30.6994809Z PASS test/select-role-canonical-attach.spec.ts
2026-10-04T02:45:31.0137469Z PASS test/community/realtime/community-realtime-channel-cleanup.spec.ts
2026-10-04T02:45:32.7932805Z PASS test/ci/r75-enforcement.spec.ts
2026-10-04T02:45:33.1294552Z PASS test/trust-pages.spec.ts
2026-10-04T02:45:33.9187496Z PASS test/invite-attach-idempotent-replay.spec.ts
2026-10-04T02:45:34.0641488Z PASS src/talent-marketplace/__tests__/job-posting-jsonld.spec.ts
2026-10-04T02:45:34.5624817Z PASS test/sub-coach-analytics.service.spec.ts
2026-10-04T02:45:34.8641024Z PASS test/mwb-2-sub-coach-scope.service.spec.ts
2026-10-04T02:45:35.1640851Z PASS src/talent-marketplace/anti-bot/__tests__/anti-bot.guard.spec.ts
2026-10-04T02:45:36.0885724Z PASS src/roman/voice/__tests__/voice-policy-paywall.integration.spec.ts
2026-10-04T02:45:37.5655191Z PASS test/account-deletion/engagement-tables-erasure.spec.ts
2026-10-04T02:45:38.2458950Z PASS test/workout-program-clone-to-client.controller.spec.ts
2026-10-04T02:45:38.7809994Z PASS test/lost-webhook-reconcile.service.spec.ts
2026-10-04T02:45:38.8475491Z [33m[Nest] 3688  - [39m10/04/2026, 2:45:38 AM [33m   WARN[39m [38;5;3m[LostWebhookReconcileService] [39m[33mlost-webhook-reconcile: bailing out on gc_test_1 after 6 attempts[39m
2026-10-04T02:45:38.8478898Z [33m[Nest] 3688  - [39m10/04/2026, 2:45:38 AM [33m   WARN[39m [38;5;3m[LostWebhookReconcileService] [39m[33mlost-webhook-reconcile: bailing out on gc_test_1 after 7 attempts[39m
2026-10-04T02:45:39.2265188Z PASS test/mux-webhook.spec.ts
2026-10-04T02:45:39.5549060Z PASS test/public-pages.spec.ts
2026-10-04T02:45:39.9164492Z PASS src/community/wearable-prompts/__tests__/prompt-generator.spec.ts
2026-10-04T02:45:40.5438404Z PASS src/extension-pair/__tests__/extension-pair.dto.spec.ts
2026-10-04T02:45:40.7993194Z {"timestamp":"2026-10-04T02:45:40.698Z","level":"log","context":"HTTP","request_id":"3d029afb76f1bd8bb981df59f1892484","message":"GET /healthz 200","method":"GET","path":"/healthz","status":200,"latency_ms":2}
2026-10-04T02:45:40.8223945Z PASS test/diagnostic-quiz-off.spec.ts (23.468 s)
2026-10-04T02:45:40.8640451Z PASS test/wearables/maintenance/wearable-processed-event-prune.scheduler.spec.ts
2026-10-04T02:45:41.2230245Z PASS test/prod-readiness/operator-keys-artifact.spec.ts (19.314 s)
2026-10-04T02:45:41.5674800Z PASS test/mwb-templates-feature.guard.spec.ts
2026-10-04T02:45:42.5474814Z PASS test/ai-credits-bankers-round.spec.ts
2026-10-04T02:45:43.4325154Z PASS src/talent-marketplace/__tests__/job-hunter.controller.spec.ts
2026-10-04T02:45:43.7160071Z PASS test/observability/db-stats-extended.spec.ts
2026-10-04T02:45:43.7257462Z PASS test/observability/sentry-config.spec.ts
2026-10-04T02:45:44.4316786Z PASS test/scout/g2-c-db-guard.spec.ts
2026-10-04T02:45:45.1294999Z PASS test/scout/scout-diagnostics-public-cause.spec.ts
2026-10-04T02:45:45.2114800Z PASS test/assignable-asset-resolver-auto-message.spec.ts
2026-10-04T02:45:46.1981511Z PASS src/community/ack/ack.controller.spec.ts
2026-10-04T02:45:46.2649105Z [32m[Nest] 3688  - [39m10/04/2026, 2:45:46 AM [32m    LOG[39m [38;5;3m[AckFeatureFlagGuard] [39m[32mack endpoint short-circuited reason=flag_off_disabled caller=cccccccc-0000-0000-0000-00000000000a[39m
2026-10-04T02:45:46.2666333Z [32m[Nest] 3688  - [39m10/04/2026, 2:45:46 AM [32m    LOG[39m [38;5;3m[AckFeatureFlagGuard] [39m[32mack endpoint short-circuited reason=flag_off_disabled caller=cccccccc-0000-0000-0000-00000000000a[39m
2026-10-04T02:45:46.2669494Z [32m[Nest] 3688  - [39m10/04/2026, 2:45:46 AM [32m    LOG[39m [38;5;3m[AckFeatureFlagGuard] [39m[32mack endpoint short-circuited reason=flag_off_disabled caller=cccccccc-0000-0000-0000-00000000000a[39m
2026-10-04T02:45:46.4014602Z PASS src/talent-marketplace/__tests__/specialty-alerts.controller.spec.ts
2026-10-04T02:45:46.9664980Z PASS test/community/realtime/broadcast-ping-contract.spec.ts
2026-10-04T02:45:47.0618566Z PASS test/mux-webhook-monotonic.spec.ts
2026-10-04T02:45:47.1029001Z [33m[Nest] 3688  - [39m10/04/2026, 2:45:46 AM [33m   WARN[39m [38;5;3m[MuxWebhookController] [39m[33mMux errored event for asset asset_ready arrived after terminal state; preserving playback id[39m
2026-10-04T02:45:47.1944900Z PASS test/partial-refund-decision-rls-migration.spec.ts
2026-10-04T02:45:47.5875081Z PASS src/community/wearable-prompts/__tests__/wearable-prompts.repository.spec.ts
2026-10-04T02:45:48.0880725Z PASS test/contracts/contract-provider.spec.ts
2026-10-04T02:45:48.7468767Z PASS test/scout/scout-diagnostics-public.spec.ts
2026-10-04T02:45:48.8376649Z PASS src/feature-flags/__tests__/feature-flags.controller.spec.ts
2026-10-04T02:45:49.1751027Z PASS src/talent-marketplace/__tests__/admin-applications.controller.spec.ts
2026-10-04T02:45:49.2249193Z PASS test/ptm-app-open-dedup.spec.ts
2026-10-04T02:45:49.5204927Z PASS test/ci/lockfile-relevance.spec.ts
2026-10-04T02:45:49.7796984Z PASS test/ai-egress/wearable-insights-consent.spec.ts
2026-10-04T02:45:49.8389680Z [95m[Nest] 3688  - [39m10/04/2026, 2:45:49 AM [95m  DEBUG[39m [38;5;3m[WearableInsightsService] [39m[95minsight cache HIT audience=coach user=clnt-2222-2222-2222-222222222222 bucket=SLEEP_RECOVERY[39m
2026-10-04T02:45:49.8393160Z [32m[Nest] 3688  - [39m10/04/2026, 2:45:49 AM [32m    LOG[39m [38;5;3m[AiEgressService] [39m[32mai_egress.refused surface=wearables.insight reason=no_live_grant clients=1 missing=1[39m
2026-10-04T02:45:49.8396675Z [32m[Nest] 3688  - [39m10/04/2026, 2:45:49 AM [32m    LOG[39m [38;5;3m[AiEgressService] [39m[32mai_egress.refused surface=wearables.insight reason=no_live_grant clients=1 missing=1[39m
2026-10-04T02:45:49.8425937Z [95m[Nest] 3688  - [39m10/04/2026, 2:45:49 AM [95m  DEBUG[39m [38;5;3m[WearableInsightsService] [39m[95minsight cache HIT audience=coach user=clnt-2222-2222-2222-222222222222 bucket=SLEEP_RECOVERY[39m
2026-10-04T02:45:49.8455840Z [32m[Nest] 3688  - [39m10/04/2026, 2:45:49 AM [32m    LOG[39m [38;5;3m[AiEgressService] [39m[32mai_egress.refused surface=wearables.insight reason=no_live_grant clients=1 missing=1[39m
2026-10-04T02:45:49.8485547Z [33m[Nest] 3688  - [39m10/04/2026, 2:45:49 AM [33m   WARN[39m [38;5;3m[AiEgressService] [39m[33mai_egress.consent_read_failed (treated as no grant)[39m
2026-10-04T02:45:49.8524645Z [32m[Nest] 3688  - [39m10/04/2026, 2:45:49 AM [32m    LOG[39m [38;5;3m[AiEgressService] [39m[32mai_egress.refused surface=wearables.insight reason=no_live_grant clients=1 missing=1[39m
2026-10-04T02:45:50.0165457Z PASS test/migration-backfill-parity-r2.spec.ts (9.182 s)
2026-10-04T02:45:50.0213960Z PASS test/invite-codes-redeemers.spec.ts
2026-10-04T02:45:50.0967851Z PASS test/scout/g2-nq1-db-guard.spec.ts
2026-10-04T02:45:50.2265839Z PASS test/guest-checkout-status-check.spec.ts
2026-10-04T02:45:50.3575247Z [31m[Nest] 3682  - [39m10/04/2026, 2:45:50 AM [31m  ERROR[39m [38;5;3m[PtmService] [39m[31mPTM signal write failed (user=user-1 type=message_sent): connection refused[39m
2026-10-04T02:45:50.3679310Z PASS test/scout/scout-ingest.idempotency.spec.ts
2026-10-04T02:45:50.3894724Z PASS test/ptm-service.spec.ts
2026-10-04T02:45:50.6029687Z PASS src/roman/voice/__tests__/voice-policy-integration.spec.ts
2026-10-04T02:45:50.8857157Z [31m[Nest] 3681  - [39m10/04/2026, 2:45:50 AM [31m  ERROR[39m [38;5;3m[GuestCheckoutPiiScrubService] [39m[31mGuestCheckoutPiiScrub: row gc-broken scrub failed: boom[39m
2026-10-04T02:45:50.9211097Z [31m[Nest] 3681  - [39m10/04/2026, 2:45:50 AM [31m  ERROR[39m [38;5;3m[GuestCheckoutPiiScrubService] [39m[31mGuestCheckoutPiiScrub tick crashed: GUEST_CHECKOUT_PII_SALT is required in production/staging. Refusing to run the scrub with a dev fallback.[39m
2026-10-04T02:45:50.9352099Z PASS test/guest-checkout-pii-scrub.service.spec.ts
2026-10-04T02:45:50.9814091Z PASS test/connect-webhook.spec.ts
2026-10-04T02:45:51.1109256Z PASS test/coach-brief-enabled.guard.spec.ts
2026-10-04T02:45:51.2701756Z PASS test/exercise-catalog-playback-authz.spec.ts
2026-10-04T02:45:51.3446616Z PASS src/talent-marketplace/__tests__/admin-review-cursor.spec.ts
2026-10-04T02:45:51.5687609Z PASS test/community/messages/community-messages-coach-reply.service.spec.ts
2026-10-04T02:45:51.8125798Z PASS test/scout/reconstruct/truecoach-clients.mapper.spec.ts
2026-10-04T02:45:51.9074667Z PASS test/auth/become-coach.tier.spec.ts
2026-10-04T02:45:52.1328397Z PASS test/team-mode-controller-tier-gate.spec.ts
2026-10-04T02:45:52.3914984Z PASS test/ai-guardrails.service.spec.ts
2026-10-04T02:45:52.4375897Z [32m[Nest] 3688  - [39m10/04/2026, 2:45:52 AM [32m    LOG[39m [38;5;3m[AIGuardrailsService] [39m[32mguardrails applied: calorie-floor[39m
2026-10-04T02:45:52.4415380Z [32m[Nest] 3688  - [39m10/04/2026, 2:45:52 AM [32m    LOG[39m [38;5;3m[AIGuardrailsService] [39m[32mguardrails applied: macro-correction[39m
2026-10-04T02:45:52.4475533Z [32m[Nest] 3688  - [39m10/04/2026, 2:45:52 AM [32m    LOG[39m [38;5;3m[AIGuardrailsService] [39m[32mguardrails applied: refer-to-coach[39m
2026-10-04T02:45:52.4505454Z [32m[Nest] 3688  - [39m10/04/2026, 2:45:52 AM [32m    LOG[39m [38;5;3m[AIGuardrailsService] [39m[32mguardrails applied: refer-to-coach[39m
2026-10-04T02:45:52.4535492Z [32m[Nest] 3688  - [39m10/04/2026, 2:45:52 AM [32m    LOG[39m [38;5;3m[AIGuardrailsService] [39m[32mguardrails applied: banned:unsafe-substance,banned:extreme-restriction[39m
2026-10-04T02:45:52.7078343Z PASS src/community/voice/__tests__/voice-upload-bucket-assertion.spec.ts
2026-10-04T02:45:52.7809125Z [33m[Nest] 3688  - [39m10/04/2026, 2:45:52 AM [33m   WARN[39m [38;5;3m[VoiceUploadProvider] [39m[33mvoice signed-download refused: key failed the canonical check[39m
2026-10-04T02:45:52.7812443Z [33m[Nest] 3688  - [39m10/04/2026, 2:45:52 AM [33m   WARN[39m [38;5;3m[VoiceUploadProvider] [39m[33mvoice signed-download refused: key failed the canonical check[39m
2026-10-04T02:45:52.7815449Z [33m[Nest] 3688  - [39m10/04/2026, 2:45:52 AM [33m   WARN[39m [38;5;3m[VoiceUploadProvider] [39m[33mvoice signed-download refused: key failed the canonical check[39m
2026-10-04T02:45:52.7818317Z [33m[Nest] 3688  - [39m10/04/2026, 2:45:52 AM [33m   WARN[39m [38;5;3m[VoiceUploadProvider] [39m[33mvoice signed-download refused: key failed the canonical check[39m
2026-10-04T02:45:52.9857085Z PASS test/ai/client-context.service.spec.ts
2026-10-04T02:45:53.0536026Z [33m[Nest] 3688  - [39m10/04/2026, 2:45:52 AM [33m   WARN[39m [38;5;3m[ClientContextService] [39m[33mbuild called for unknown clientId=unknown[39m
2026-10-04T02:45:53.5224626Z PASS test/dunning-v2-cadence.spec.ts
2026-10-04T02:45:54.7899296Z PASS src/talent-marketplace/__tests__/public-listing.controller.http.spec.ts
2026-10-04T02:45:55.1458225Z PASS test/observability/sentry-transaction-scrub.spec.ts
2026-10-04T02:45:55.2794779Z PASS test/scout/g2-r-ready-db-guard.spec.ts
2026-10-04T02:45:55.7894748Z PASS test/ai-consent/ai-consent-wiring.spec.ts
2026-10-04T02:45:56.0314922Z PASS test/community/events/community-event-state-machine.spec.ts
2026-10-04T02:45:57.3574883Z PASS src/community/voice/__tests__/voice-limits.spec.ts
2026-10-04T02:45:57.8070638Z PASS src/talent-marketplace/__tests__/apply-fit.spec.ts
2026-10-04T02:45:58.3824720Z PASS src/feature-flags/__tests__/feature-flags.service.spec.ts
2026-10-04T02:45:59.1199346Z PASS test/scout/lifecycle/run.controller.spec.ts
2026-10-04T02:45:59.3048114Z PASS test/recipe-private-by-default-migration.spec.ts
2026-10-04T02:45:59.3881416Z PASS test/scout/reconciliation/catalogue-parity.spec.ts
2026-10-04T02:45:59.7296477Z PASS test/dto-mass-assignment.spec.ts
2026-10-04T02:46:00.0661462Z PASS test/scout/g2-b-drain-db-guard.spec.ts
2026-10-04T02:46:00.0952887Z PASS test/observability/observability-wiring.spec.ts
2026-10-04T02:46:00.1826537Z [33m[Nest] 3681  - [39m10/04/2026, 2:46:00 AM [33m   WARN[39m [38;5;3m[DbStatsService] [39m[33mpg_stat_statements is not available; returning unavailable. Enable the extension (operator-attach).[39m
2026-10-04T02:46:00.7172776Z PASS test/drop-coach-direct-enabled.spec.ts
2026-10-04T02:46:01.0384906Z PASS test/diagnostic.controller.spec.ts
2026-10-04T02:46:01.5284788Z PASS test/scheduling-permissions.spec.ts
2026-10-04T02:46:02.4485435Z PASS test/auth.controller.spec.ts
2026-10-04T02:46:03.0334885Z PASS test/diagnostic.service.spec.ts
2026-10-04T02:46:03.6144962Z PASS test/scout/g2-pg17-db-guard.spec.ts
2026-10-04T02:46:03.6534639Z PASS test/real-meal-plans-guards.spec.ts
2026-10-04T02:46:04.4403262Z PASS test/scout/induction/digest.spec.ts
2026-10-04T02:46:04.5197539Z PASS test/c03-select-role-reparent.regression.spec.ts
2026-10-04T02:46:05.1946025Z [33m[Nest] 3682  - [39m10/04/2026, 2:46:05 AM [33m   WARN[39m [38;5;3m[AnalyticsService] [39m[33mPOSTHOG_KEY not set — analytics are disabled (no-op mode).[39m
2026-10-04T02:46:05.2035755Z [33m[Nest] 3682  - [39m10/04/2026, 2:46:05 AM [33m   WARN[39m [38;5;3m[AnalyticsService] [39m[33mPOSTHOG_KEY not set — analytics are disabled (no-op mode).[39m
2026-10-04T02:46:05.3104750Z PASS test/mwb-undo-head-fence.spec.ts
2026-10-04T02:46:05.3375885Z [33m[Nest] 3682  - [39m10/04/2026, 2:46:05 AM [33m   WARN[39m [38;5;3m[AnalyticsService] [39m[33mPOSTHOG_KEY not set — analytics are disabled (no-op mode).[39m
2026-10-04T02:46:07.8422479Z PASS test/roles.guard.spec.ts
2026-10-04T02:46:09.3735094Z PASS test/community/notifications/lockscreen-privacy.spec.ts
2026-10-04T02:46:09.7774816Z PASS test/community/classroom/community-classroom-release.spec.ts
2026-10-04T02:46:10.1864412Z PASS src/roman/voice/__tests__/voice-policy-lint-contract.spec.ts
2026-10-04T02:46:10.4362512Z PASS test/stripe-connect-api-phase6.spec.ts
2026-10-04T02:46:10.6525006Z PASS test/health-readiness-bounded.spec.ts (5.189 s)
2026-10-04T02:46:10.7465072Z PASS test/community/safety/community-safety-copy.spec.ts
2026-10-04T02:46:11.2077667Z PASS test/ltv-metrics.controller.spec.ts
2026-10-04T02:46:11.3965828Z [31m[Nest] 3682  - [39m10/04/2026, 2:46:11 AM [31m  ERROR[39m [38;5;3m[PracticeTypeService] [39m[31mPractice federation failed for coach user-1: timeout[39m
2026-10-04T02:46:11.4044910Z PASS test/sprint-a-practice-dual-write.spec.ts
2026-10-04T02:46:11.4762588Z [32m[Nest] 3682  - [39m10/04/2026, 2:46:11 AM [32m    LOG[39m [38;5;3m[PracticeTypeService] [39m[32mPractice federation: no finance coach for coach@example.com - fitness-only mirror[39m
2026-10-04T02:46:11.4785860Z [33m[Nest] 3681  - [39m10/04/2026, 2:46:11 AM [33m   WARN[39m [38;5;3m[AssignableAssetResolverRegistry] [39m[33mDuplicate AssignableAssetResolver registered for asset_type=meal_plan; first one wins.[39m
2026-10-04T02:46:11.4987974Z PASS test/assignable-asset-resolver-registry.spec.ts
2026-10-04T02:46:11.6294875Z PASS test/ai/coach-ai-prompts.spec.ts
2026-10-04T02:46:11.9723392Z PASS test/scout/scout-diagnostics.integrity.spec.ts
2026-10-04T02:46:12.2361393Z PASS test/voice-policy.service.spec.ts
2026-10-04T02:46:12.5375805Z PASS test/community/ai-triage/triage-output.schema.spec.ts
2026-10-04T02:46:12.5484738Z PASS test/scout/induction/s10c-wiring.spec.ts
2026-10-04T02:46:12.6886038Z PASS test/truecoach-golden-fixture.spec.ts
2026-10-04T02:46:12.8785584Z PASS src/regimes/__tests__/regime-revision-retention.service.spec.ts
2026-10-04T02:46:12.9107017Z [32m[Nest] 3681  - [39m10/04/2026, 2:46:12 AM [32m    LOG[39m [38;5;3m[RegimeRevisionRetentionService] [39m[32mevictForRegime: pruned 2 revision(s) for regime=reg-1 (kept latest 3)[39m
2026-10-04T02:46:12.9110731Z [32m[Nest] 3681  - [39m10/04/2026, 2:46:12 AM [32m    LOG[39m [38;5;3m[RegimeRevisionRetentionService] [39m[32mevictForRegime: pruned 2 revision(s) for regime=reg-1 (kept latest 1)[39m
2026-10-04T02:46:13.1374929Z PASS test/checkout-subscription-fee-rounding.spec.ts
2026-10-04T02:46:13.4295545Z PASS test/crm-redact.spec.ts
2026-10-04T02:46:13.8116926Z PASS test/health-readiness-public.spec.ts
2026-10-04T02:46:13.8701681Z [31m[Nest] 3682  - [39m10/04/2026, 2:46:13 AM [31m  ERROR[39m [38;5;3m[HelloSignWebhookController] [39m[31mHelloSign webhook received without rawBody. Verify rawBody:true is wired in main.ts.[39m
2026-10-04T02:46:13.8956736Z PASS test/contracts/hellosign-webhook.controller.spec.ts
2026-10-04T02:46:13.9903112Z [32m[Nest] 3682  - [39m10/04/2026, 2:46:13 AM [32m    LOG[39m [38;5;3m[HelloSignWebhookController] [39m[32mHelloSign webhook verified but FEATURE_CONTRACTS_ENABLED is OFF; acking without state change.[39m
2026-10-04T02:46:14.1190502Z PASS test/sprint-b-holistic-insights.service.spec.ts
2026-10-04T02:46:14.2616157Z PASS src/community/search/__tests__/search-indexer.spec.ts
2026-10-04T02:46:14.3009753Z [32m[Nest] 3682  - [39m10/04/2026, 2:46:14 AM [32m    LOG[39m [38;5;3m[SearchIndexerService] [39mObject(6) {
2026-10-04T02:46:14.3014785Z   event: [32m'community_search_indexed'[39m,
2026-10-04T02:46:14.3015494Z   workspace_id: [32m'ws-1'[39m,
2026-10-04T02:46:14.3016380Z   kind: [32m'post'[39m,
2026-10-04T02:46:14.3017050Z   target_id: [32m'target-1'[39m,
2026-10-04T02:46:14.3017635Z   created: [33mtrue[39m,
2026-10-04T02:46:14.3018217Z   excerpt_length: [33m24[39m
2026-10-04T02:46:14.3018706Z }
2026-10-04T02:46:14.3019696Z [32m[Nest] 3682  - [39m10/04/2026, 2:46:14 AM [32m    LOG[39m [38;5;3m[SearchIndexerService] [39mObject(6) {
2026-10-04T02:46:14.3020636Z   event: [32m'community_search_indexed'[39m,
2026-10-04T02:46:14.3021300Z   workspace_id: [32m'ws-1'[39m,
2026-10-04T02:46:14.3021883Z   kind: [32m'post'[39m,
2026-10-04T02:46:14.3022462Z   target_id: [32m'target-1'[39m,
2026-10-04T02:46:14.3023023Z   created: [33mfalse[39m,
2026-10-04T02:46:14.3023842Z   excerpt_length: [33m24[39m
2026-10-04T02:46:14.3024346Z }
2026-10-04T02:46:14.3025330Z [32m[Nest] 3682  - [39m10/04/2026, 2:46:14 AM [32m    LOG[39m [38;5;3m[SearchIndexerService] [39mObject(4) {
2026-10-04T02:46:14.3026297Z   event: [32m'community_search_removed'[39m,
2026-10-04T02:46:14.3026966Z   workspace_id: [32m'ws-1'[39m,
2026-10-04T02:46:14.3027536Z   kind: [32m'post'[39m,
2026-10-04T02:46:14.3028107Z   target_id: [32m'target-1'[39m
2026-10-04T02:46:14.3028594Z }
2026-10-04T02:46:14.3029550Z [32m[Nest] 3682  - [39m10/04/2026, 2:46:14 AM [32m    LOG[39m [38;5;3m[SearchIndexerService] [39mObject(6) {
2026-10-04T02:46:14.3030470Z   event: [32m'community_search_indexed'[39m,
2026-10-04T02:46:14.3031112Z   workspace_id: [32m'ws-1'[39m,
2026-10-04T02:46:14.3031719Z   kind: [32m'classroom_lesson'[39m,
2026-10-04T02:46:14.3032336Z   target_id: [32m'target-1'[39m,
2026-10-04T02:46:14.3032893Z   created: [33mtrue[39m,
2026-10-04T02:46:14.3033466Z   excerpt_length: [33m47[39m
2026-10-04T02:46:14.3034194Z }
2026-10-04T02:46:14.4514687Z PASS test/observability/metrics-auth-extended.spec.ts
2026-10-04T02:46:14.9110464Z PASS test/coach.service.sub-coach-scope.spec.ts
2026-10-04T02:46:15.7094557Z PASS test/community/events/community-events-flag.spec.ts
2026-10-04T02:46:16.0531378Z PASS src/community/wearable-prompts/__tests__/degraded-connector-fallback.spec.ts
2026-10-04T02:46:16.0992840Z [32m[Nest] 3682  - [39m10/04/2026, 2:46:15 AM [32m    LOG[39m [38;5;3m[DegradedConnectorFallbackService] [39mObject(5) {
2026-10-04T02:46:16.1024911Z   event: [32m'community_wearable_prompt_fallback'[39m,
2026-10-04T02:46:16.1041061Z   workspace_id: [32m'ws-1'[39m,
2026-10-04T02:46:16.1041730Z   coach_id: [32m'coach-1'[39m,
2026-10-04T02:46:16.1042305Z   client_id: [32m'client-1'[39m,
2026-10-04T02:46:16.1042820Z   reason: [32m'none'[39m
2026-10-04T02:46:16.1043225Z }
2026-10-04T02:46:16.1044606Z [32m[Nest] 3682  - [39m10/04/2026, 2:46:16 AM [32m    LOG[39m [38;5;3m[DegradedConnectorFallbackService] [39mObject(5) {
2026-10-04T02:46:16.1045720Z   event: [32m'community_wearable_prompt_fallback'[39m,
2026-10-04T02:46:16.1046462Z   workspace_id: [32m'ws-1'[39m,
2026-10-04T02:46:16.1047036Z   coach_id: [32m'coach-1'[39m,
2026-10-04T02:46:16.1047657Z   client_id: [32m'client-1'[39m,
2026-10-04T02:46:16.1074575Z   reason: [32m'expired'[39m
2026-10-04T02:46:16.1075036Z }
2026-10-04T02:46:16.1076212Z [32m[Nest] 3682  - [39m10/04/2026, 2:46:16 AM [32m    LOG[39m [38;5;3m[DegradedConnectorFallbackService] [39mObject(5) {
2026-10-04T02:46:16.1077344Z   event: [32m'community_wearable_prompt_fallback'[39m,
2026-10-04T02:46:16.1078077Z   workspace_id: [32m'ws-1'[39m,
2026-10-04T02:46:16.1078646Z   coach_id: [32m'coach-1'[39m,
2026-10-04T02:46:16.1079217Z   client_id: [32m'client-1'[39m,
2026-10-04T02:46:16.1079783Z   reason: [32m'disconnected'[39m
2026-10-04T02:46:16.1080203Z }
2026-10-04T02:46:16.1081361Z [32m[Nest] 3682  - [39m10/04/2026, 2:46:16 AM [32m    LOG[39m [38;5;3m[DegradedConnectorFallbackService] [39mObject(5) {
2026-10-04T02:46:16.1082494Z   event: [32m'community_wearable_prompt_fallback'[39m,
2026-10-04T02:46:16.1083768Z   workspace_id: [32m'ws-1'[39m,
2026-10-04T02:46:16.1084338Z   coach_id: [32m'coach-1'[39m,
2026-10-04T02:46:16.1085135Z   client_id: [32m'client-1'[39m,
2026-10-04T02:46:16.1085694Z   reason: [32m'error'[39m
2026-10-04T02:46:16.1086081Z }
2026-10-04T02:46:16.1087293Z [32m[Nest] 3682  - [39m10/04/2026, 2:46:16 AM [32m    LOG[39m [38;5;3m[DegradedConnectorFallbackService] [39mObject(5) {
2026-10-04T02:46:16.1088427Z   event: [32m'community_wearable_prompt_fallback'[39m,
2026-10-04T02:46:16.1089144Z   workspace_id: [32m'ws-1'[39m,
2026-10-04T02:46:16.1089691Z   coach_id: [32m'coach-1'[39m,
2026-10-04T02:46:16.1090253Z   client_id: [32m'client-1'[39m,
2026-10-04T02:46:16.1090857Z   reason: [32m'disconnected'[39m
2026-10-04T02:46:16.1091293Z }
2026-10-04T02:46:16.3841696Z PASS test/coach-archive-audit.spec.ts
2026-10-04T02:46:16.9136668Z PASS test/sub-coach-assignment.service.spec.ts
2026-10-04T02:46:16.9426597Z PASS test/openapi-spec.spec.ts (20.894 s)
2026-10-04T02:46:17.1371916Z PASS src/community/ack/sla.spec.ts
2026-10-04T02:46:17.2391164Z PASS test/community/realtime/no-pii-in-broadcast.spec.ts
2026-10-04T02:46:17.3737043Z PASS test/community/realtime/posthog-event-names.spec.ts
2026-10-04T02:46:17.5138735Z PASS test/messaging.dto.spec.ts
2026-10-04T02:46:17.9594797Z PASS test/observability/sentry-config-extended.spec.ts
2026-10-04T02:46:17.9974815Z PASS test/profile-dto-diet-cadence.spec.ts
2026-10-04T02:46:18.3692512Z PASS test/backfill-coach-subscriptions.spec.ts
2026-10-04T02:46:18.3764426Z   ● Console
2026-10-04T02:46:18.3764655Z 
2026-10-04T02:46:18.3764794Z     console.log
2026-10-04T02:46:18.3765518Z       [backfill-coach-subscriptions] grandfathered coach=coach-1 email=c1@example.com
2026-10-04T02:46:18.3766068Z 
2026-10-04T02:46:18.3766556Z       at backfillCoachSubscriptions (scripts/backfill-coach-subscriptions.ts:72:15)
2026-10-04T02:46:18.3767119Z 
2026-10-04T02:46:18.3767252Z     console.log
2026-10-04T02:46:18.3767902Z       [backfill-coach-subscriptions] grandfathered coach=coach-2 email=c2@example.com
2026-10-04T02:46:18.3768497Z 
2026-10-04T02:46:18.3768984Z       at backfillCoachSubscriptions (scripts/backfill-coach-subscriptions.ts:72:15)
2026-10-04T02:46:18.3769539Z 
2026-10-04T02:46:18.3769673Z     console.log
2026-10-04T02:46:18.3770330Z       [backfill-coach-subscriptions] grandfathered coach=coach-3 email=c3@example.com
2026-10-04T02:46:18.3770886Z 
2026-10-04T02:46:18.3771333Z       at backfillCoachSubscriptions (scripts/backfill-coach-subscriptions.ts:72:15)
2026-10-04T02:46:18.3771867Z 
2026-10-04T02:46:18.3771996Z     console.log
2026-10-04T02:46:18.3772641Z       [backfill-coach-subscriptions] grandfathered coach=coach-1 email=c1@example.com
2026-10-04T02:46:18.3773182Z 
2026-10-04T02:46:18.3773853Z       at backfillCoachSubscriptions (scripts/backfill-coach-subscriptions.ts:72:15)
2026-10-04T02:46:18.3774467Z 
2026-10-04T02:46:18.6965838Z PASS test/coach-my-effectiveness.controller.spec.ts
2026-10-04T02:46:18.7364905Z PASS test/sub-coach-capacity.service.spec.ts
2026-10-04T02:46:18.8527102Z PASS test/doctrine-cleanup.spec.ts
2026-10-04T02:46:19.1734786Z PASS src/extension-pair/__tests__/setup-recovery.spec.ts
2026-10-04T02:46:19.5794806Z PASS test/nudges.dto.spec.ts
2026-10-04T02:46:20.2196065Z [31m[Nest] 3688  - [39m10/04/2026, 2:46:20 AM [31m  ERROR[39m [38;5;3m[GuestCheckoutReconciliationService] [39m[31mreconcilePaidCheckout crashed for gc-broken: boom[39m
2026-10-04T02:46:20.2516241Z [31m[Nest] 3688  - [39m10/04/2026, 2:46:20 AM [31m  ERROR[39m [38;5;3m[GuestCheckoutReconciliationService] [39m[31mGuestCheckoutReconciliation tick crashed: prisma down[39m
2026-10-04T02:46:20.2584430Z PASS test/guest-checkout-reconciliation.service.spec.ts
2026-10-04T02:46:20.5702591Z PASS src/talent-marketplace/__tests__/application-cursor.spec.ts
2026-10-04T02:46:21.6334815Z PASS test/metrics.service.spec.ts
2026-10-04T02:46:21.6514616Z PASS test/auth-guard-deletion-lockout.spec.ts
2026-10-04T02:46:22.2085039Z PASS src/community/challenges/__tests__/pagination.controller.spec.ts
2026-10-04T02:46:22.7899503Z PASS test/data-export-controller-roles.spec.ts
2026-10-04T02:46:23.1575403Z PASS test/route-doc-drift.spec.ts
2026-10-04T02:46:23.1914665Z PASS test/food-query-parser.spec.ts
2026-10-04T02:46:23.4691483Z PASS test/admin-build-week.controller.spec.ts
2026-10-04T02:46:23.5229166Z PASS test/community/community-v3-4-throttle-metadata.spec.ts
2026-10-04T02:46:23.6137609Z PASS src/talent-marketplace/__tests__/hirer-verified.guard.spec.ts
2026-10-04T02:46:23.9973816Z PASS src/talent-marketplace/__tests__/pipeline-stage.spec.ts
2026-10-04T02:46:24.0004265Z PASS test/food.service.spec.ts
2026-10-04T02:46:24.3016810Z PASS test/phase-8-role-gates.spec.ts
2026-10-04T02:46:24.4995980Z PASS test/profile-dto-equipment-access.spec.ts
2026-10-04T02:46:24.5817692Z PASS src/community/wearable-prompts/__tests__/wearable-prompts.cooldown.spec.ts
2026-10-04T02:46:24.6815024Z PASS test/wearables/metric-bucket.map.spec.ts
2026-10-04T02:46:24.6865233Z PASS test/coach-timeline.spec.ts
2026-10-04T02:46:24.8813109Z PASS test/scheduling-providers.spec.ts
2026-10-04T02:46:24.9399715Z PASS test/purchase-fanout.service.spec.ts
2026-10-04T02:46:24.9611789Z [33m[Nest] 3688  - [39m10/04/2026, 2:46:24 AM [33m   WARN[39m [38;5;3m[SchedulingProviderRegistry] [39m[33mgoogle_calendar requested but GOOGLE_CALENDAR_ENABLED is not "true" — falling back to stub adapter[39m
2026-10-04T02:46:24.9625306Z [33m[Nest] 3688  - [39m10/04/2026, 2:46:24 AM [33m   WARN[39m [38;5;3m[SchedulingProviderRegistry] [39m[33mzoom requested but ZOOM_ENABLED is not "true" — falling back to stub adapter[39m
2026-10-04T02:46:24.9628234Z [33m[Nest] 3688  - [39m10/04/2026, 2:46:24 AM [33m   WARN[39m [38;5;3m[SchedulingProviderRegistry] [39m[33mgoogle_meet requested but GOOGLE_MEET_ENABLED is not "true" — falling back to stub adapter[39m
2026-10-04T02:46:24.9645555Z [95m[Nest] 3682  - [39m10/04/2026, 2:46:24 AM [95m  DEBUG[39m [38;5;3m[PurchaseFanoutService] [39m[95mfanout: skipping drop seed for purchase=pur-1 (no engine tables on tx)[39m
2026-10-04T02:46:24.9666045Z [95m[Nest] 3682  - [39m10/04/2026, 2:46:24 AM [95m  DEBUG[39m [38;5;3m[PurchaseFanoutService] [39m[95mfanout: skipping drop seed for purchase=pur-1 (no engine tables on tx)[39m
2026-10-04T02:46:24.9668943Z [95m[Nest] 3682  - [39m10/04/2026, 2:46:24 AM [95m  DEBUG[39m [38;5;3m[PurchaseFanoutService] [39m[95mfanout: skipping drop seed for purchase=pur-1 (no engine tables on tx)[39m
2026-10-04T02:46:24.9671757Z [95m[Nest] 3682  - [39m10/04/2026, 2:46:24 AM [95m  DEBUG[39m [38;5;3m[PurchaseFanoutService] [39m[95mfanout: skipping drop seed for purchase=pur-2 (no engine tables on tx)[39m
2026-10-04T02:46:24.9674842Z [95m[Nest] 3682  - [39m10/04/2026, 2:46:24 AM [95m  DEBUG[39m [38;5;3m[PurchaseFanoutService] [39m[95mfanout: skipping drop seed for purchase=pur-a (no engine tables on tx)[39m
2026-10-04T02:46:24.9677694Z [95m[Nest] 3682  - [39m10/04/2026, 2:46:24 AM [95m  DEBUG[39m [38;5;3m[PurchaseFanoutService] [39m[95mfanout: skipping drop seed for purchase=pur-b (no engine tables on tx)[39m
2026-10-04T02:46:25.1158230Z PASS test/coach-practice-type.service.spec.ts
2026-10-04T02:46:25.3201671Z PASS test/ai-gateway.config.spec.ts
2026-10-04T02:46:25.4344966Z PASS test/admin-audit.spec.ts
2026-10-04T02:46:25.4839610Z PASS test/http-exception.filter.spec.ts
2026-10-04T02:46:25.7256662Z PASS test/macros-current-self.spec.ts
2026-10-04T02:46:25.7336967Z PASS test/leaderboard.controller.spec.ts
2026-10-04T02:46:25.7429752Z PASS test/invariants/locked_defaults.spec.ts
2026-10-04T02:46:25.9395110Z PASS test/scout/reconstruct/scout-reconstruct.flag.spec.ts
2026-10-04T02:46:26.3639115Z PASS test/coach-new-purchase-prefs-routing.spec.ts
2026-10-04T02:46:26.3640744Z PASS test/dunning-v2-lockout-privacy-exact.spec.ts
2026-10-04T02:46:26.3976801Z PASS test/exercise-catalog.controller.spec.ts
2026-10-04T02:46:26.6195361Z PASS test/scout/roster/scout-roster.flag.spec.ts
2026-10-04T02:46:26.6267096Z PASS test/ai-capability-materialiser-registry.spec.ts
2026-10-04T02:46:26.7207090Z [33m[Nest] 3688  - [39m10/04/2026, 2:46:26 AM [33m   WARN[39m [38;5;3m[CapabilityMaterializerRegistry] [39m[33mDuplicate CapabilityMaterializer registered for capability=draft.coach_message; first one wins.[39m
2026-10-04T02:46:26.7813245Z PASS test/scout/entities/scout-entities.flag.spec.ts
2026-10-04T02:46:26.8448563Z PASS test/community/notifications/push-preference-defaults.spec.ts
2026-10-04T02:46:26.8743418Z PASS test/seed-coach-session-types.spec.ts
2026-10-04T02:46:27.0005992Z PASS test/community/events/community-event-link.spec.ts
2026-10-04T02:46:27.0765290Z PASS src/community/voice/__tests__/voice-forbidden-cast-scan.spec.ts
2026-10-04T02:46:27.1394876Z PASS test/nudge-v1-quiet-hours.spec.ts
2026-10-04T02:46:27.3746525Z [31m[Nest] 3682  - [39m10/04/2026, 2:46:27 AM [31m  ERROR[39m [38;5;3m[AuditService] [39m[31mAudit write failed for action=test.event: connection refused[39m
2026-10-04T02:46:27.3775513Z PASS src/roman/voice/__tests__/voice-policy-empty-notifications.spec.ts
2026-10-04T02:46:27.4036395Z PASS test/audit.service.spec.ts
2026-10-04T02:46:27.5199485Z PASS test/community/challenges/community-challenges-param-validation.spec.ts
2026-10-04T02:46:27.5353016Z PASS test/account-deletion/program-copies-erasure.spec.ts
2026-10-04T02:46:27.7707691Z PASS test/private-context.service.spec.ts
2026-10-04T02:46:27.8796683Z PASS test/landing-pages.crm-controller.spec.ts
2026-10-04T02:46:28.0766245Z PASS src/talent-marketplace/__tests__/portfolio-showcase.spec.ts
2026-10-04T02:46:28.1525071Z PASS test/connect-env-gate.spec.ts
2026-10-04T02:46:28.2217777Z PASS test/data-export-bucket-verifier-wiring.spec.ts
2026-10-04T02:46:28.4516360Z PASS test/scout/induction/contract.spec.ts
2026-10-04T02:46:28.4957661Z [31m[Nest] 3688  - [39m10/04/2026, 2:46:28 AM [31m  ERROR[39m [38;5;3m[GdprScrubScheduler] [39m[31mGDPR scrub cron tick: fatal error: database is on fire[39m
2026-10-04T02:46:28.5164610Z PASS test/gdpr-scrub.scheduler.spec.ts
2026-10-04T02:46:28.5789354Z [32m[Nest] 3688  - [39m10/04/2026, 2:46:28 AM [32m    LOG[39m [38;5;3m[GdprScrubScheduler] [39m[32mGDPR scrub cron tick: starting daily run[39m
2026-10-04T02:46:28.5815283Z [32m[Nest] 3688  - [39m10/04/2026, 2:46:28 AM [32m    LOG[39m [38;5;3m[GdprScrubScheduler] [39m[32mGDPR scrub cron tick: completed; scrubbed=2 considered=2 errors=0[39m
2026-10-04T02:46:28.5845502Z [32m[Nest] 3688  - [39m10/04/2026, 2:46:28 AM [32m    LOG[39m [38;5;3m[GdprScrubScheduler] [39m[32mGDPR scrub cron tick: starting daily run[39m
2026-10-04T02:46:29.1774875Z PASS test/account-deletion/controller-roles.spec.ts
2026-10-04T02:46:29.2999282Z [31m[Nest] 3688  - [39m10/04/2026, 2:46:29 AM [31m  ERROR[39m [38;5;3m[HealthController] [39mObject(2) {
2026-10-04T02:46:29.3054549Z   event: [32m'readiness_database_unavailable'[39m,
2026-10-04T02:46:29.3084733Z   operation: [32m'health.readiness'[39m
2026-10-04T02:46:29.3144044Z }
2026-10-04T02:46:29.3454373Z PASS test/health.controller.spec.ts
2026-10-04T02:46:29.6125224Z PASS src/talent-marketplace/anti-bot/__tests__/marketplace-abuse-signal-rls-migration.spec.ts
2026-10-04T02:46:30.5734669Z PASS test/helmet.middleware.spec.ts
2026-10-04T02:46:30.9681960Z PASS test/ci/fly-readiness.spec.ts
2026-10-04T02:46:31.4120145Z PASS test/expo-sdk-v6-smoke.spec.ts
2026-10-04T02:46:31.7344806Z PASS test/sprint-b-macros.service.spec.ts
2026-10-04T02:46:32.6994739Z PASS test/community/ai-triage/ai-triage-flag.guard.spec.ts
2026-10-04T02:46:32.7696205Z [32m[Nest] 3688  - [39m10/04/2026, 2:46:32 AM [32m    LOG[39m [38;5;3m[AiTriageFeatureFlagGuard] [39m[32mai-triage endpoint short-circuited reason=flag_off_disabled caller=coach-1[39m
2026-10-04T02:46:32.9718486Z [32m[Nest] 3681  - [39m10/04/2026, 2:46:32 AM [32m    LOG[39m [38;5;3m[PtmScheduler] [39m[32mPTM scoring disabled by env flag[39m
2026-10-04T02:46:32.9775316Z [32m[Nest] 3681  - [39m10/04/2026, 2:46:32 AM [32m    LOG[39m [38;5;3m[PtmScheduler] [39m[32mPTM recompute cron tick: starting nightly run[39m
2026-10-04T02:46:32.9805557Z [32m[Nest] 3681  - [39m10/04/2026, 2:46:32 AM [32m    LOG[39m [38;5;3m[PtmScheduler] [39m[32mPTM recompute cron tick: completed; considered=5 recomputed=5 errors=0[39m
2026-10-04T02:46:33.0317604Z [31m[Nest] 3681  - [39m10/04/2026, 2:46:33 AM [31m  ERROR[39m [38;5;3m[PtmScheduler] [39m[31mPTM recompute cron tick: fatal error: database is on fire[39m
2026-10-04T02:46:33.1038130Z PASS test/ptm-scheduler.spec.ts
2026-10-04T02:46:33.1215571Z [32m[Nest] 3681  - [39m10/04/2026, 2:46:33 AM [32m    LOG[39m [38;5;3m[PtmScheduler] [39m[32mPTM recompute cron tick: starting nightly run[39m
2026-10-04T02:46:33.1887478Z PASS test/sub-coach.dto.spec.ts
2026-10-04T02:46:33.4012378Z PASS src/notifications/__tests__/first-payment-refund-retention.spec.ts
2026-10-04T02:46:33.6381508Z PASS test/diagnostic-prompt-doctrine.spec.ts
2026-10-04T02:46:33.8237977Z [31m[Nest] 3682  - [39m10/04/2026, 2:46:33 AM [31m  ERROR[39m [38;5;3m[CoachEffectivenessScheduler] [39m[31mCoach effectiveness recompute failed (coach=c2): boom[39m
2026-10-04T02:46:33.8344394Z PASS test/coach-effectiveness.scheduler.spec.ts
2026-10-04T02:46:33.8627016Z PASS test/food-density.spec.ts
2026-10-04T02:46:33.8953956Z [32m[Nest] 3682  - [39m10/04/2026, 2:46:33 AM [32m    LOG[39m [38;5;3m[CoachEffectivenessScheduler] [39m[32mCoach effectiveness scoring disabled by env flag[39m
2026-10-04T02:46:34.1200697Z PASS test/coach-build-week.controller.spec.ts
2026-10-04T02:46:34.2057750Z PASS test/community/challenges/community-challenges-flag.guard.spec.ts
2026-10-04T02:46:34.3579541Z PASS test/invite-grant-bindings-migration.spec.ts
2026-10-04T02:46:34.3825185Z PASS test/community/dm-enabled-resolver.spec.ts
2026-10-04T02:46:34.3866532Z PASS test/cross-pillar-practice.guard.spec.ts
2026-10-04T02:46:34.6632473Z PASS test/reports-csv.spec.ts
2026-10-04T02:46:34.6740194Z PASS test/check-ins.dto.spec.ts
2026-10-04T02:46:35.0306752Z PASS test/ai-redaction.service.spec.ts
2026-10-04T02:46:35.0690421Z PASS test/coach-messaging-roles.spec.ts
2026-10-04T02:46:35.2538271Z PASS test/program-writer-client-id.spec.ts
2026-10-04T02:46:35.6843961Z PASS src/regimes/__tests__/regimes-throttle-metadata.spec.ts
2026-10-04T02:46:35.7946024Z PASS test/system.controller.spec.ts
2026-10-04T02:46:35.8481957Z PASS test/admin-federation-smoke.helpers.spec.ts
2026-10-04T02:46:36.4596160Z PASS test/sprint-b-workout-builder-guard.spec.ts
2026-10-04T02:46:36.6645060Z PASS test/auth-forgot-password-throttle.spec.ts
2026-10-04T02:46:36.8124457Z [32m[Nest] 3688  - [39m10/04/2026, 2:46:36 AM [32m    LOG[39m [38;5;3m[LeadRateLimiterService] [39m[32mREDIS_URL unset — using in-memory lead rate limiter[39m
2026-10-04T02:46:36.8127732Z [32m[Nest] 3688  - [39m10/04/2026, 2:46:36 AM [32m    LOG[39m [38;5;3m[LeadRateLimiterService] [39m[32mREDIS_URL unset — using in-memory lead rate limiter[39m
2026-10-04T02:46:36.8132877Z [32m[Nest] 3688  - [39m10/04/2026, 2:46:36 AM [32m    LOG[39m [38;5;3m[LeadRateLimiterService] [39m[32mREDIS_URL unset — using in-memory lead rate limiter[39m
2026-10-04T02:46:36.8135919Z [32m[Nest] 3688  - [39m10/04/2026, 2:46:36 AM [32m    LOG[39m [38;5;3m[LeadRateLimiterService] [39m[32mREDIS_URL unset — using in-memory lead rate limiter[39m
2026-10-04T02:46:36.8138615Z [32m[Nest] 3688  - [39m10/04/2026, 2:46:36 AM [32m    LOG[39m [38;5;3m[LeadRateLimiterService] [39m[32mREDIS_URL unset — using in-memory lead rate limiter[39m
2026-10-04T02:46:36.8165624Z PASS test/landing-pages.rate-limit.spec.ts
2026-10-04T02:46:36.8259972Z PASS src/extension-pair/__tests__/extension-pair.controller.spec.ts
2026-10-04T02:46:36.9907599Z PASS src/talent-marketplace/__tests__/admin-applications.pipes.spec.ts
2026-10-04T02:46:37.1670878Z PASS src/community/voice/__tests__/community-voice.dto.spec.ts
2026-10-04T02:46:37.2650027Z PASS test/community/cohorts/community-cohort-members.repository.spec.ts
2026-10-04T02:46:37.4904895Z PASS test/google-feature-flag.spec.ts
2026-10-04T02:46:37.7808929Z PASS test/community.service.spec.ts
2026-10-04T02:46:37.8396185Z PASS test/invite-codes.controller.spec.ts
2026-10-04T02:46:37.8890805Z PASS test/federation-inbound-constant-time.spec.ts
2026-10-04T02:46:38.0242531Z PASS test/billing-throttle-metadata.spec.ts
2026-10-04T02:46:38.1300116Z PASS test/lessons.service.spec.ts
2026-10-04T02:46:38.2420848Z PASS test/sprint-b-bulk-invite.spec.ts
2026-10-04T02:46:38.4782229Z PASS test/pr14-interval-guard.spec.ts
2026-10-04T02:46:38.5200599Z PASS test/start-subscription.dto.spec.ts
2026-10-04T02:46:38.5390348Z PASS test/habits.service.spec.ts
2026-10-04T02:46:38.6722086Z PASS test/sprint-b-seed-catalog.spec.ts
2026-10-04T02:46:38.8434722Z PASS test/cors-config.spec.ts
2026-10-04T02:46:39.0694885Z PASS test/community/safety/community-content-filter.spec.ts
2026-10-04T02:46:39.2564991Z PASS src/extension-pair/__tests__/coach-guard-role.spec.ts
2026-10-04T02:46:39.2774710Z PASS test/roman-coach-reviewed-feature.spec.ts
2026-10-04T02:46:39.4365064Z PASS src/talent-marketplace/__tests__/application-status.spec.ts
2026-10-04T02:46:39.7597200Z PASS test/scout/g2-ledger-target.spec.ts
2026-10-04T02:46:40.0484603Z PASS test/cname-prisma-client.spec.ts
2026-10-04T02:46:40.7244616Z PASS test/scout/g2-tq0-db-guard.spec.ts
2026-10-04T02:46:41.8234772Z PASS test/ai-egress/ai-egress-policy-copy.spec.ts
2026-10-04T02:46:43.0414588Z PASS test/exercise-catalog-seed.spec.ts
2026-10-04T02:46:43.1414721Z PASS src/regimes/__tests__/regimes-roles-pin.spec.ts
2026-10-04T02:46:44.2125323Z PASS src/talent-marketplace/__tests__/saved-search.spec.ts
2026-10-04T02:46:44.4866417Z PASS test/dunning-v2-feature-flag.spec.ts
2026-10-04T02:46:44.5447857Z PASS test/account-deletion/drip-fence.spec.ts
2026-10-04T02:46:44.6998248Z PASS test/throttler.module.spec.ts (5.257 s)
2026-10-04T02:46:46.0195112Z PASS test/observability/sentry-incoming-request.spec.ts
2026-10-04T02:46:46.7076231Z A worker process has failed to exit gracefully and has been force exited. This is likely caused by tests leaking due to improper teardown. Try running with --detectOpenHandles to find leaks. Active timers can also cause this, ensure that .unref() was called on them.
2026-10-04T02:46:46.7107583Z 
2026-10-04T02:46:46.7124719Z Test Suites: 23 skipped, 713 passed, 713 of 736 total
2026-10-04T02:46:46.7125559Z Tests:       239 skipped, 5 todo, 12310 passed, 12554 total
2026-10-04T02:46:46.7126206Z Snapshots:   6 passed, 6 total
2026-10-04T02:46:46.7126657Z Time:        353.926 s
2026-10-04T02:46:46.7127051Z Ran all test suites.
2026-10-04T02:46:46.7320845Z ##[group]Run node -e "require('./dist/common/env-validation').assertEnv()"
2026-10-04T02:46:46.7321391Z [36;1mnode -e "require('./dist/common/env-validation').assertEnv()"[0m
2026-10-04T02:46:46.7449361Z shell: /usr/bin/bash -e {0}
2026-10-04T02:46:46.7449633Z env:
2026-10-04T02:46:46.7449828Z   NODE_ENV: production
2026-10-04T02:46:46.7450085Z   DATABASE_URL: postgres://ci/ci
2026-10-04T02:46:46.7450382Z   DIRECT_URL: postgres://ci-direct/ci
2026-10-04T02:46:46.7450705Z   SUPABASE_URL: https://ci.supabase.co
2026-10-04T02:46:46.7451007Z   SUPABASE_SERVICE_ROLE_KEY: ci-srk
2026-10-04T02:46:46.7451337Z   PUBLIC_INVITE_BASE_URL: https://app.example.com/join
2026-10-04T02:46:46.7451718Z   PUBLIC_WEB_SIGNUP_URL: https://app.example.com/signup
2026-10-04T02:46:46.7452088Z   APP_STORE_URL: https://apps.apple.com/app/id0
2026-10-04T02:46:46.7452496Z   PLAY_STORE_URL: https://play.google.com/store/apps/details?id=ci
2026-10-04T02:46:46.7452921Z   CORS_ORIGINS: https://console.example.com
2026-10-04T02:46:46.7453224Z   STRIPE_SECRET_KEY: sk_test_ci
2026-10-04T02:46:46.7453622Z   STRIPE_WEBHOOK_SECRET: whsec_ci
2026-10-04T02:46:46.7453911Z   STRIPE_PRICE_ID_FITNESS: price_ci
2026-10-04T02:46:46.7454197Z   SENTRY_DSN: https://ci@sentry.io/1
2026-10-04T02:46:46.7454493Z   REDIS_URL: redis://ci.example.com:6379
2026-10-04T02:46:46.7454780Z   USDA_API_KEY: ci-usda-key
2026-10-04T02:46:46.7455239Z   STRIPE_CHECKOUT_SUCCESS_URL: https://app.example.com/checkout/success?session_id={CHECKOUT_SESSION_ID}
2026-10-04T02:46:46.7456008Z   STRIPE_CHECKOUT_CANCEL_URL: https://app.example.com/checkout/cancel
2026-10-04T02:46:46.7456392Z   ANTHROPIC_API_KEY: sk-ant-ci-test
2026-10-04T02:46:46.7456724Z   RECENT_AUTH_SECRET: ci-recent-auth-secret-32chars-padding
2026-10-04T02:46:46.7457079Z   RECENT_AUTH_TTL_MS: 900000
2026-10-04T02:46:46.7457400Z   GUEST_CHECKOUT_PII_SALT: ci-pii-salt-32chars-minimum-padding
2026-10-04T02:46:46.7457759Z   STRIPE_PUBLISHABLE_KEY: pk_test_ci
2026-10-04T02:46:46.7458080Z   STOREFRONT_BASE_URL: https://storefront.example.com
2026-10-04T02:46:46.7458494Z   RESEND_FROM_EMAIL: Growth Project <welcome@trygrowthproject.com>
2026-10-04T02:46:46.7458848Z   APPLE_TEAM_ID: TEAMID1234
2026-10-04T02:46:46.7459306Z   ANDROID_CERT_SHA256_FINGERPRINTS: AA:BB:CC:DD:EE:FF:00:11:22:33:44:55:66:77:88:99:AA:BB:CC:DD:EE:FF:00:11:22:33:44:55:66:77:88:99
2026-10-04T02:46:46.7459903Z   KMS_MASTER_KEY: dGVzdC1rZXktMzItYnl0ZXMtZm9yLXVuaXQtdGVzdGluZw==
2026-10-04T02:46:46.7460392Z   LANDING_VIEW_HASH_SECRET: ci-landing-view-hash-secret-32chars-padding
2026-10-04T02:46:46.7460914Z   CHECKOUT_RECOVERY_SECRET: ci-checkout-recovery-secret-43chars-base64url-pad
2026-10-04T02:46:46.7461332Z   COACH_AI_MAX_ACTUAL_CENTS: 4000
2026-10-04T02:46:46.7461598Z   COACH_AI_VALUE_MULTIPLIER: 3.125
2026-10-04T02:46:46.7461849Z ##[endgroup]
2026-10-04T02:46:46.8973805Z [33m[Nest] 24255  - [39m10/04/2026, 2:46:46 AM [33m   WARN[39m [38;5;3m[EnvValidation] [39m[33mFeature-tier env vars missing — related features are disabled or return 4xx at call time (NODE_ENV=production): APPLE_AUDIENCES, GOOGLE_CLIENT_ID, GOOGLE_CLIENT_IDS, APPLE_SIGNIN_KEY_ID, APPLE_SIGNIN_PRIVATE_KEY, ANDROID_SHA256_FINGERPRINT, RESEND_API_KEY, EXERCISEDB_API_KEY, COACH_BRIEF_ENABLED, COACH_BRIEF_NOTIFICATIONS_ENABLED, COACH_BRIEF_RETENTION_DAYS, ADMIN_SERVICE_TOKEN, SUPABASE_ANON_KEY, EMAIL_TRANSPORT, EMAIL_FROM_ADDRESS, DATA_EXPORT_TOKEN_SECRET, METRICS_AUTH_TOKEN, STRIPE_CONNECT_REFRESH_URL, STRIPE_CONNECT_RETURN_URL, MUX_TOKEN_ID, MUX_TOKEN_SECRET, MUX_WEBHOOK_SECRET[39m
2026-10-04T02:46:46.8979436Z [33m[Nest] 24255  - [39m10/04/2026, 2:46:46 AM [33m   WARN[39m [38;5;3m[EnvValidation] [39m[33mGoogle recent-auth disabled — neither GOOGLE_CLIENT_ID nor GOOGLE_CLIENT_IDS is set. /auth/signup-policy will omit "google" from providers and Google OAuth users cannot complete sensitive actions (e.g. account deletion). Set at least one to enable. (NODE_ENV=production)[39m
2026-10-04T02:46:46.9024354Z [33m[Nest] 24255  - [39m10/04/2026, 2:46:46 AM [33m   WARN[39m [38;5;3m[EnvValidation] [39m[33mOptional env vars missing (related features will be disabled or return errors at call time): STRIPE_WEBHOOK_SECRET_NEXT, POSTHOG_KEY, PERPLEXITY_API_KEY, CRON_COACH_AI_INSIGHT, COACH_CODE_GATE_ENABLED, BILLING_ENFORCEMENT, STRIPE_PRICE_ID_FINANCE, STRIPE_BILLING_PORTAL_RETURN_URL, STRIPE_CUSTOMER_PORTAL_LOGIN_URL, FINANCE_API_BASE_URL, FINANCE_SERVICE_TOKEN, FINANCE_SERVICE_TOKEN_NEXT, FINANCE_FEDERATION_TIMEOUT_MS, ALLOW_SELF_SERVICE_BECOME_COACH, GDPR_SCRUB_DRY_RUN, GDPR_SCRUB_BATCH_LIMIT, WEARABLE_PROCESSED_EVENT_RETENTION_DAYS, PTM_SCORING_ENABLED, PTM_SCORING_CRON, PTM_RECOMPUTE_BATCH_LIMIT, PTM_WEIGHTED_ACTIVATION_OUTCOMES, PTM_RISK_BOARD_PAGE_SIZE, DIAGNOSTIC_AI_ENABLED, DIAGNOSTIC_RATE_LIMIT_PER_HOUR, COACH_EFFECTIVENESS_ENABLED, COACH_EFFECTIVENESS_CRON, COACH_ALERT_RED_TRANSITION_ENABLED, COACH_ALERT_BATCH_LIMIT, BUILD_WEEK_ENABLED, BUILD_WEEK_AUTO_START_ON_SIGNUP, VOICE_NOTE_MAX_DURATION_SEC, VOICE_NOTE_MAX_SIZE_MB, SUPABASE_VOICE_BUCKET, DELETION_RECEIPT_SECRET, DELETION_RECEIPT_SECRET_PREVIOUS, COACH_ONBOARDING_AUTO_START, LOG_LEVEL, LOG_FORMAT, METRICS_ENABLED, SENTRY_TRACES_SAMPLE_RATE, PROFILE_ENABLED, RATELIMIT_ENABLED, RATELIMIT_AUTHED_PER_MIN, PUBLIC_READS_PER_MIN, RATELIMIT_ANON_PER_MIN, AUTH_LOGIN_PER_MIN, AUTH_LOGIN_PER_HOUR, AUTH_OAUTH_PER_MIN, AUTH_OAUTH_PER_HOUR, AUTH_LOGIN_ACCOUNT_FAILURES, AUTH_OAUTH_COACH_SIGNUP_PER_HOUR, SIGNUP_ROLE_CHOICE_ENABLED, AUTH_SIGNUP_WITH_CODE_PER_HOUR, AUTH_PWD_RESET_PER_HOUR, COACH_MESSAGES_PER_MIN, NOTIF_PREFS_PER_MIN, BLOODWORK_WRITE_PER_MIN, COACH_CMD_CENTER_PER_MIN, APPLE_SIGNIN_CLIENT_ID, YMOVE_API_KEY, MUSCLEWIKI_API_KEY, EXERCISEDB_API_HOST, COACH_BRIEF_CRON, BOOTSTRAP_SECRET, APPLE_NONCE_REQUIRED, SUPABASE_REDIRECT_URL, JWT_SECRET, AI_GATEWAY_ENABLED, AI_GATEWAY_PROVIDER, AI_GATEWAY_CAPABILITIES, AI_GATEWAY_REQUIRE_APPROVAL, OPENAI_API_KEY, COACH_AI_BUDGET_ROLLOVER_CRON, COACH_AI_BUDGET_ROLLOVER_ENABLED, COACH_AI_DORMANCY_UNREAD_THRESHOLD, COACH_AI_PACK_SUCCESS_URL, COACH_AI_PACK_CANCEL_URL, COACH_AI_CREDIT_PACK_CHECKOUT_PER_MIN, APP_URL, CONSOLE_URL, PUBLIC_APP_BASE_URL, BILLING_PORTAL_URL, IOS_BUNDLE_ID, ANDROID_PACKAGE_NAME, LANDING_CNAME_TARGET, COMMUNITY_EVENT_LINK_HOSTS, SENDGRID_API_KEY, POSTMARK_SERVER_TOKEN, EMAIL_DIGEST_CLIENT_ENABLED, EMAIL_DIGEST_COACH_ENABLED, CLIENT_DAILY_CRON, COACH_DAILY_CRON, WEEKLY_DIGEST_CRON, NUDGE_DETECTION_CRON, NUDGE_ENABLED, BOOKING_REMINDER_1H_CRON, BOOKING_REMINDER_24H_CRON, BOOKING_REMINDERS_ENABLED, COACH_WELCOME_SCHEDULER_ENABLED, WORKOUT_REMINDERS_ENABLED, DELETION_FINALIZE_CRON, LEADERBOARD_ENABLED, LEADERBOARD_RECOMPUTE_CRON, BLOODWORK_STALE_DISABLED, BLOODWORK_STALE_AFTER_DAYS, CHECKOUT_RECEIPT_DISABLED, LEGACY_PDF_RECEIPT_ENABLED, CHECKOUT_RECONCILE_DISABLED, CRM_LEAD_SYNC_DISABLED, DRIP_DISPATCHER_ENABLED, AUDIT_LOGGING_ENABLED, DATA_EXPORT_EXPIRY_DAYS, DATA_EXPORT_RATE_LIMIT_HRS, DATA_EXPORT_FS_DIR, DATA_EXPORT_STORAGE, DATA_EXPORT_DOWNLOAD_LINK_TTL_SECONDS, DATA_EXPORT_STALE_RUN_MINUTES, DATA_EXPORT_DOWNLOAD_SECRET, DATA_EXPORT_BUCKET, DELETION_GRACE_DAYS, DELETION_TOKEN_TTL_HOURS, RECEIPT_FS_DIR, DUNNING_CADENCE_DAYS, DUNNING_GRACE_DAYS, DUNNING_MAX_FAILURES, DUNNING_MAX_SEND_RETRIES, DUNNING_RETRY_BACKOFF_MS, CONSULT_CONSENT_COPY_VERSIONS, FEATURE_AI_CONSENT_LEDGER_ENABLED, MEDIA_SIGNED_URL_TTL_SEC, VOICE_SIGNED_URL_TTL_SEC, VOICE_KEY_SIGNING_SECRET, VOICE_NOTE_MAX_BYTES, VOICE_NOTE_MAX_DURATION_MS, COMMUNITY_SEARCH_PAGE_SIZE, COMMUNITY_ACK_SLA_SOFT_MS, COMMUNITY_ACK_SLA_HARD_MS, MARKETPLACE_IDEMPOTENCY_CLAIM_TTL_MS, PAIR_CODE_TTL_SECONDS, PAIR_REDEEM_PER_MIN, SCOUT_RUN_DEADLINE_MS, STRIPE_API_TIMEOUT_MS, CHECKOUT_MINT_PER_HOUR, STOREFRONT_JOIN_IP_PER_MIN, COMMUNITY_MESSAGES_PER_MIN, COMMUNITY_MSG_EDIT_PER_MIN, COMMUNITY_POSTS_PER_MIN, COMMUNITY_COMMENTS_PER_MIN, COMMUNITY_DM_PER_MIN, COMMUNITY_REACTIONS_PER_MIN, COMMUNITY_REPORTS_PER_5MIN, COMMUNITY_EVENTS_PER_MIN, COMMUNITY_EVENT_RSVP_PER_MIN, COMMUNITY_READS_PER_MIN, TM_ANTIBOT_IP_LIMIT, TM_ANTIBOT_IP_WINDOW_SEC, TM_ANTIBOT_IDENTITY_LIMIT, TM_ANTIBOT_DEVICE_FANOUT, TM_ANTIBOT_IDENTITY_IP_FANOUT, TM_ANTIBOT_SIGNAL_TTL_DAYS, KMS_KEY_ALIAS, KMS_KEY_VERSION, MWB_AUTOSAVE_LOCK_TOKEN_SECRET, PUBLIC_LISTING_CURSOR_SECRET, SCHEDULING_WEBHOOK_SECRET, PORT, GIT_SHA, RELEASE_VERSION, SENTRY_RELEASE, LAST_SECURITY_DEPLOY_AT, ENABLE_API_DOCS, POSTHOG_HOST, FLY_APP_NAME, FLY_PRIMARY_REGION, PRIMARY_REGION, FLY_API_TOKEN, STRIPE_PRICE_GROWTH, STRIPE_PRICE_PRO, STRIPE_PRICE_ENTERPRISE, STRIPE_PRICE_STAFF_SEAT, MUX_SIGNING_KEY_ID, MUX_SIGNING_KEY_PRIVATE, SUPABASE_BLOODWORK_BUCKET, SUPABASE_MEDIA_BUCKET, GOOGLE_OAUTH_CLIENT_ID, GOOGLE_OAUTH_CLIENT_SECRET, GOOGLE_OAUTH_REDIRECT_URI, GOOGLE_OAUTH_SCOPES, FEATURE_GOOGLE_CALENDAR_SYNC, GOOGLE_CALENDAR_ENABLED, GOOGLE_CALENDAR_WATCH_CHANNELS_ENABLED, GOOGLE_CALENDAR_WEBHOOK_PUBLIC_BASE_URL, GOOGLE_CALENDAR_WEBHOOK_TOKEN, GOOGLE_MEET_ENABLED, ZOOM_ENABLED, CONTRACT_PDF_BUCKET, CONTRACT_PDF_URL_SECRET, HELLOSIGN_API_KEY, HELLOSIGN_CLIENT_ID, HELLOSIGN_TEST_MODE, FEATURE_CONTRACTS_ENABLED, FEATURE_CONTRACTS_DOCUSIGN_PROVIDER, FEATURE_CONTRACTS_NATIVE_CANVAS, FEATURE_BANK_PAYOUTS_V2, FEATURE_STRIPE_TREASURY_PAYOUTS, FEATURE_DUNNING_V2, FEATURE_COMMUNITY_SCHEMA, FEATURE_COMMUNITY_API, FEATURE_COMMUNITY_API_ALLOWLIST, FEATURE_COMMUNITY_MESSAGES, FEATURE_COMMUNITY_POSTS, FEATURE_COMMUNITY_DM, FEATURE_COMMUNITY_PUSH, FEATURE_COMMUNITY_REALTIME, FEATURE_COMMUNITY_TELEMETRY, FEATURE_COMMUNITY_PLAN_TAGS, FEATURE_COMMUNITY_ACKS, FEATURE_COMMUNITY_AI_TRIAGE, FEATURE_COMMUNITY_CHALLENGES, FEATURE_COMMUNITY_CLASSROOM_POSTS, FEATURE_COMMUNITY_EVENTS, FEATURE_COMMUNITY_SEARCH, FEATURE_COMMUNITY_VOICE_NOTES, FEATURE_COMMUNITY_VOICE_NOTES_REQUIRE_ENTITLEMENT, FEATURE_COMMUNITY_WEARABLE_PROMPTS, FEATURE_MWB_AI_LIVE_CREATE, FEATURE_MWB_AUTOSAVE_UNDO, FEATURE_MWB_TEMPLATES, FEATURE_NAMED_REGIMES, FEATURE_ROMAN_CHAT_ENABLED, FEATURE_ROMAN_COACH_REVIEWED_AT, FEATURE_ROMAN_COPY_V2, FEATURE_ROMAN_FIRST_PAYMENT, FEATURE_ROMAN_THREE_ARC_COUNTS, FEATURE_SCOUT_INGEST, FEATURE_SCOUT_RECONSTRUCT, FEATURE_SCOUT_PILOT_COACH_IDS, FEATURE_EXTENSION_PAIRING, FEATURE_WEARABLES_INGEST_POST, FEATURE_WEARABLES_CLOUD_CONNECTORS, WEARABLES_OAUTH_REDIRECT_BASE_URL, FITBIT_CLIENT_ID, FITBIT_CLIENT_SECRET, FITBIT_REDIRECT_URI, FITBIT_VERIFICATION_CODE, GARMIN_CLIENT_ID, GARMIN_CLIENT_SECRET, GARMIN_REDIRECT_URI, GARMIN_PUSH_TOKEN, GARMIN_WEBHOOK_SALT, OURA_CLIENT_ID, OURA_CLIENT_SECRET, OURA_REDIRECT_URI, OURA_VERIFICATION_TOKEN, POLAR_CLIENT_ID, POLAR_CLIENT_SECRET, POLAR_REDIRECT_URI, POLAR_WEBHOOK_SECRET, STRAVA_CLIENT_ID, STRAVA_CLIENT_SECRET, STRAVA_REDIRECT_URI, STRAVA_WEBHOOK_ALLOWED_IPS, STRAVA_WEBHOOK_SUBSCRIPTION_ID, STRAVA_WEBHOOK_VERIFY_TOKEN, WAHOO_CLIENT_ID, WAHOO_CLIENT_SECRET, WAHOO_REDIRECT_URI, WAHOO_WEBHOOK_SECRET, WAHOO_WEBHOOK_TOKEN, WHOOP_CLIENT_ID, WHOOP_CLIENT_SECRET, WHOOP_REDIRECT_URI, WHOOP_WEBHOOK_SALT, WHOOP_WEBHOOK_SECRET, WITHINGS_CLIENT_ID, WITHINGS_CLIENT_SECRET, WITHINGS_REDIRECT_URI, WITHINGS_VERIFICATION_TOKEN, WITHINGS_WEBHOOK_SECRET[39m
2026-10-04T02:46:46.9049430Z [32m[Nest] 24255  - [39m10/04/2026, 2:46:46 AM [32m    LOG[39m [38;5;3m[EnvValidation] [39m[32mEnv validation passed for NODE_ENV=production. 32 of 333 rules satisfied.[39m
2026-10-04T02:46:46.9128662Z Post job cleanup.
2026-10-04T02:46:47.0309242Z Cache hit occurred on the primary key node-cache-Linux-x64-npm-07f78abbac5e2cbfcef112b8b919e298f8da38fa5e6aaf98a3625ef672bd5b12, not saving cache.
2026-10-04T02:46:47.0453366Z Post job cleanup.
2026-10-04T02:46:47.1389203Z [command]/usr/bin/git version
2026-10-04T02:46:47.1431126Z git version 2.55.0
2026-10-04T02:46:47.1470082Z Temporarily overriding HOME='/home/runner/work/_temp/b99f10c6-7f72-4ad6-8309-f846a1807936' before making global git config changes
2026-10-04T02:46:47.1471915Z Adding repository directory to the temporary git global config as a safe directory
2026-10-04T02:46:47.1475608Z [command]/usr/bin/git config --global --add safe.directory /home/runner/work/growth-project-backend/growth-project-backend
2026-10-04T02:46:47.1507864Z Removing SSH command configuration
2026-10-04T02:46:47.1515233Z [command]/usr/bin/git config --local --name-only --get-regexp core\.sshCommand
2026-10-04T02:46:47.1551692Z [command]/usr/bin/git submodule foreach --recursive sh -c "git config --local --name-only --get-regexp 'core\.sshCommand' && git config --local --unset-all 'core.sshCommand' || :"
2026-10-04T02:46:47.1813966Z Removing HTTP extra header
2026-10-04T02:46:47.1820122Z [command]/usr/bin/git config --local --name-only --get-regexp http\.https\:\/\/github\.com\/\.extraheader
2026-10-04T02:46:47.1852645Z [command]/usr/bin/git submodule foreach --recursive sh -c "git config --local --name-only --get-regexp 'http\.https\:\/\/github\.com\/\.extraheader' && git config --local --unset-all 'http.https://github.com/.extraheader' || :"
2026-10-04T02:46:47.2077666Z Removing includeIf entries pointing to credentials config files
2026-10-04T02:46:47.2084051Z [command]/usr/bin/git config --local --name-only --get-regexp ^includeIf\.gitdir:
2026-10-04T02:46:47.2110786Z includeif.gitdir:/home/runner/work/growth-project-backend/growth-project-backend/.git.path
2026-10-04T02:46:47.2112625Z includeif.gitdir:/home/runner/work/growth-project-backend/growth-project-backend/.git/worktrees/*.path
2026-10-04T02:46:47.2114188Z includeif.gitdir:/github/workspace/.git.path
2026-10-04T02:46:47.2115019Z includeif.gitdir:/github/workspace/.git/worktrees/*.path
2026-10-04T02:46:47.2121552Z [command]/usr/bin/git config --local --get-all includeif.gitdir:/home/runner/work/growth-project-backend/growth-project-backend/.git.path
2026-10-04T02:46:47.2151073Z /home/runner/work/_temp/git-credentials-3624b157-4d40-4f33-9612-ec9aa9e605fe.config
2026-10-04T02:46:47.2161708Z [command]/usr/bin/git config --local --unset includeif.gitdir:/home/runner/work/growth-project-backend/growth-project-backend/.git.path /home/runner/work/_temp/git-credentials-3624b157-4d40-4f33-9612-ec9aa9e605fe.config
2026-10-04T02:46:47.2201571Z [command]/usr/bin/git config --local --get-all includeif.gitdir:/home/runner/work/growth-project-backend/growth-project-backend/.git/worktrees/*.path
2026-10-04T02:46:47.2225667Z /home/runner/work/_temp/git-credentials-3624b157-4d40-4f33-9612-ec9aa9e605fe.config
2026-10-04T02:46:47.2238584Z [command]/usr/bin/git config --local --unset includeif.gitdir:/home/runner/work/growth-project-backend/growth-project-backend/.git/worktrees/*.path /home/runner/work/_temp/git-credentials-3624b157-4d40-4f33-9612-ec9aa9e605fe.config
2026-10-04T02:46:47.2274666Z [command]/usr/bin/git config --local --get-all includeif.gitdir:/github/workspace/.git.path
2026-10-04T02:46:47.2299135Z /github/runner_temp/git-credentials-3624b157-4d40-4f33-9612-ec9aa9e605fe.config
2026-10-04T02:46:47.2307132Z [command]/usr/bin/git config --local --unset includeif.gitdir:/github/workspace/.git.path /github/runner_temp/git-credentials-3624b157-4d40-4f33-9612-ec9aa9e605fe.config
2026-10-04T02:46:47.2339708Z [command]/usr/bin/git config --local --get-all includeif.gitdir:/github/workspace/.git/worktrees/*.path
2026-10-04T02:46:47.2359776Z /github/runner_temp/git-credentials-3624b157-4d40-4f33-9612-ec9aa9e605fe.config
2026-10-04T02:46:47.2370647Z [command]/usr/bin/git config --local --unset includeif.gitdir:/github/workspace/.git/worktrees/*.path /github/runner_temp/git-credentials-3624b157-4d40-4f33-9612-ec9aa9e605fe.config
2026-10-04T02:46:47.2403328Z [command]/usr/bin/git submodule foreach --recursive git config --local --show-origin --name-only --get-regexp remote.origin.url
2026-10-04T02:46:47.2625260Z Removing credentials config '/home/runner/work/_temp/git-credentials-3624b157-4d40-4f33-9612-ec9aa9e605fe.config'
2026-10-04T02:46:47.2749853Z Print service container logs: bc4b14f08e8e4f05b3553b3fc9d92402_redis7alpine_91ca42
2026-10-04T02:46:47.2754723Z ##[command]/usr/bin/docker logs --details 51ab6131a9b41c234f80c05b23db6371ad628111748dc9045a458beb2f45c546
2026-10-04T02:46:47.2890160Z  1:C 04 Oct 2026 02:38:37.414 # WARNING Memory overcommit must be enabled! Without it, a background save or replication may fail under low memory condition. Being disabled, it can also cause failures without low memory condition, see https://github.com/jemalloc/jemalloc/issues/1328. To fix this issue add 'vm.overcommit_memory = 1' to /etc/sysctl.conf and then reboot or run the command 'sysctl vm.overcommit_memory=1' for this to take effect.
2026-10-04T02:46:47.2893283Z  1:C 04 Oct 2026 02:38:37.414 * oO0OoO0OoO0Oo Redis is starting oO0OoO0OoO0Oo
2026-10-04T02:46:47.2894674Z  1:C 04 Oct 2026 02:38:37.414 * Redis version=7.4.11, bits=64, commit=00000000, modified=0, pid=1, just started
2026-10-04T02:46:47.2896417Z  1:C 04 Oct 2026 02:38:37.414 # Warning: no config file specified, using the default config. In order to specify a config file use redis-server /path/to/redis.conf
2026-10-04T02:46:47.2897944Z  1:M 04 Oct 2026 02:38:37.415 * monotonic clock: POSIX clock_gettime
2026-10-04T02:46:47.2898819Z  1:M 04 Oct 2026 02:38:37.415 * Running mode=standalone, port=6379.
2026-10-04T02:46:47.2899569Z  1:M 04 Oct 2026 02:38:37.416 * Server initialized
2026-10-04T02:46:47.2900305Z  1:M 04 Oct 2026 02:38:37.416 * Ready to accept connections tcp
2026-10-04T02:46:47.2901148Z  1:M 04 Oct 2026 02:43:38.041 * 100 changes in 300 seconds. Saving...
2026-10-04T02:46:47.2901984Z  1:M 04 Oct 2026 02:43:38.041 * Background saving started by pid 366
2026-10-04T02:46:47.2902780Z  366:C 04 Oct 2026 02:43:38.049 * DB saved on disk
2026-10-04T02:46:47.2903903Z  366:C 04 Oct 2026 02:43:38.050 * Fork CoW for RDB: current 0 MB, peak 0 MB, average 0 MB
2026-10-04T02:46:47.2904943Z  1:M 04 Oct 2026 02:43:38.142 * Background saving terminated with success
2026-10-04T02:46:47.2914592Z Stop and remove container: bc4b14f08e8e4f05b3553b3fc9d92402_redis7alpine_91ca42
2026-10-04T02:46:47.2919941Z ##[command]/usr/bin/docker rm --force 51ab6131a9b41c234f80c05b23db6371ad628111748dc9045a458beb2f45c546
2026-10-04T02:46:47.4144403Z 51ab6131a9b41c234f80c05b23db6371ad628111748dc9045a458beb2f45c546
2026-10-04T02:46:47.4170421Z Remove container network: github_network_4aace281b44f467cab9f35d14a725373
2026-10-04T02:46:47.4175261Z ##[command]/usr/bin/docker network rm github_network_4aace281b44f467cab9f35d14a725373
2026-10-04T02:46:47.5088711Z github_network_4aace281b44f467cab9f35d14a725373
2026-10-04T02:46:47.5156744Z Cleaning up orphan processes
